data,hora,natureza_acidente,situacao,bairro,endereco,numero,detalhe_endereco_acidente,complemento,endereco_cruzamento,numero_cruzamento,referencia_cruzamento,bairro_cruzamento,num_semaforo,sentido_via,tipo,descricao,auto,moto,ciclom,ciclista,pedestre,onibus,caminhao,viatura,outros,vitimas,vitimasfatais,acidente_verificado,tempo_clima,situacao_semaforo,sinalizacao,condicao_via,conservacao_via,ponto_controle,situacao_placa,velocidade_max_via,mao_direcao,divisao_via1,divisao_via2,divisao_via3
2019-01-05,13:19:00,COM VÍTIMA,FINALIZADA,SANTO AMARO,AV CRUZ CABUGA,341,RUA DR JOAO VIEIRA DE MENEZES,PRÉDIO DIÁRIO DE PERNAMBUCO  FACULDADE FAMA,AV CRUZ CABUGA,341,PRÉDIO DIÁRIO DE PERNAMBUCO  FACULDADE FAMA,SANTO AMARO,,SUBURBIO,ABALROAMENTO TRANSVERSAL,COLISÃO ENVOLVENDO SAVEIRO (CTTU) E MOTOCICLETA - COM VÍTIMA,1,1,,,,,,,,1,,Cruzamento,Bom,Sem defeito,Perfeito estado,Seca,Perfeito estado,,R-6a,,Dupla,Faixa contínua,Faixa seccionada,
2019-01-05,15:25:00,SEM VÍTIMA,FINALIZADA,VÁRZEA,RUA SIRIJI,98,,E/F A PEDRO RAÇOES,RUA SIRIJI,98,E/F A PEDRO RAÇOES,VÁRZEA,,CIDADE,ABALROAMENTO LONGITUDINAL,COLISAO ENTRE ONIBUS E AUTO S/V,1,,,,,1,,,,0,,Longo da via,Bom,Não existe,Ilegível,Seca,Perfeito estado,Não existe,Não há placas,,Dupla,Não existe,,
2019-01-05,15:59:00,SEM VÍTIMA,FINALIZADA,APIPUCOS,RUA DOIS IRMAOS,,,SOB O SEMÁFORO Nº 416,RUA DOIS IRMAOS,,SOB O SEMÁFORO Nº 416,APIPUCOS,416,,ABALROAMENTO LONGITUDINAL,AUTO E MOTO S/V,1,1,,,,,,,,0,,Cruzamento,Bom,Sem defeito,Perfeito estado,Seca,Perfeito estado,Não existe,Outras,,Dupla,Faixa contínua,,
2019-01-05,16:50:00,SEM VÍTIMA,FINALIZADA,SAN MARTIN,AV GENERAL SAN MARTIN,2022,,,AV GENERAL SAN MARTIN,2022,,SAN MARTIN,,SUBURBIO,COLISÃO TRASEIRA,COLISAO ENTRE AUTO E MOTO S/V,1,1,,,,,,,,0,,Longo da via,Bom,Não existe,Perfeito estado,Seca,Perfeito estado,Faixa de pedestre,Outras,40 km/h,Dupla,Faixa contínua,,
2019-01-05,17:17:00,SEM VÍTIMA,CANCELADA,DERBY,RUA JENER DE SOUZA,,,PROX. AO QUARTEL DA PM,RUA JENER DE SOUZA,,PROX. AO QUARTEL DA PM,DERBY,,,COLISÃO,COLISÃO SEM VITIMAS,2,,,,,,,,,0,,,,,,,,,,,,,,
2019-01-05,18:19:00,SEM VÍTIMA,FINALIZADA,ARRUDA,RUA ZEFERINO AGRA,,RUA BOM CONSELHO,CRUZAMENTO DAS RUAS,RUA ZEFERINO AGRA,,CRUZAMENTO DAS RUAS,ARRUDA,,,ABALROAMENTO LONGITUDINAL,CLASSIC X AUTO,2,,,,,,,,,0,,Cruzamento,Bom,Não existe,Não existente,Seca,Perfeito estado,Não existe,Não há placas,,Dupla,Não existe,,
2019-01-05,19:01:00,SEM VÍTIMA,FINALIZADA,TAMARINEIRA,EST VELHA DE AGUA FRIA,,,DNOCS,EST VELHA DE AGUA FRIA,,DNOCS,TAMARINEIRA,,CIDADE,COLISÃO TRASEIRA,ENTRE 2 AUTOS  S/V,2,,,,,,,,,0,,Longo da via,Bom,Sem defeito,Perfeito estado,Seca,Perfeito estado,Faixa de pedestre,Outras,,Dupla,Faixa contínua,,
2019-01-06,02:16:00,SEM VÍTIMA,FINALIZADA,BAIRRO DO RECIFE,AV MARQUES DE OLINDA,,RUA MADRE DEUS,,AV MARQUES DE OLINDA,,,BAIRRO DO RECIFE,20,SUBURBIO,ABALROAMENTO TRANSVERSAL,COLISÃO ENTRE DOIS AUTOS  SEM VÍTIMAS,2,,,,,,,,,0,,Cruzamento,Bom,Intermitente,Perfeito estado,Seca,Perfeito estado,Faixa de pedestre,R-6a,30 km/h,Única,Faixa contínua,Faixa seccionada,
2019-01-06,02:40:00,SEM VÍTIMA,FINALIZADA,MADALENA,EST DOS REMEDIOS,,AV ENGENHEIRO ABDIAS DE CARVALHO,,EST DOS REMEDIOS,,,MADALENA,52,CIDADE,ABALROAMENTO LONGITUDINAL,COLISÃO ENTRE CAMINHÃO E AUTO S/V,2,,,,,,,,,0,,Cruzamento,Bom,Sem defeito,Perfeito estado,Seca,Perfeito estado,Faixa de pedestre,Não há placas,60 km/h,Única,Não existe,,
2019-01-06,06:06:00,SEM VÍTIMA,FINALIZADA,BOA VIAGEM,AV ENGENHEIRO DOMINGOS FERREIRA,50,,APOS A IGREJA DO PINA EM FRENTE AO POSTO DE GASOLINA TOTAL,AV ENGENHEIRO DOMINGOS FERREIRA,50,APOS A IGREJA DO PINA EM FRENTE AO POSTO DE GASOLINA TOTAL,BOA VIAGEM,,SUBURBIO,ABALROAMENTO TRANSVERSAL,COLISÃO EM SEGUIDA CHOQUE CONDUTOR COLIDIU EM ONIBUS EM SEGUIDA BATEU CONTRA UM POSTE SEM VITIMA,1,,,,,1,,,,0,,Longo da via,Chuvoso,Não existe,,Molhada,Perfeito estado,Outros,Outras,,Única,Faixa contínua,,
2019-01-06,12:18:00,SEM VÍTIMA,FINALIZADA,GUABIRABA,EST DOS MACACOS,,,SOB PASSARELA DA BR 101,EST DOS MACACOS,,SOB PASSARELA DA BR 101,GUABIRABA,,SUBURBIO,COLISÃO FRONTAL,COLISÃO SEM VÍTIMA,1,1,,,,,,,,0,,Não informado,Bom,Não existe,Não existente,Seca,Mal conservada,Não existe,Não há placas,,Dupla,Não existe,,
2019-01-06,18:02:00,SEM VÍTIMA,FINALIZADA,AFOGADOS,AV SUL,,,,AV SUL,,,AFOGADOS,320,CIDADE,COLISÃO TRASEIRA,ENTRE 2 AUTOS. S/V,2,,,,,,,,,0,,Longo da via,Chuvoso,Sem defeito,Perfeito estado,Molhada,Perfeito estado,Não existe,Não há placas,,Única,Blocos,,
2019-01-06,18:10:00,SEM VÍTIMA,FINALIZADA,IBURA,LAD DA COHAB,,,EM FRENTE AO Nº 80,LAD DA COHAB,,EM FRENTE AO Nº 80,IBURA,,SUBURBIO,COLISÃO FRONTAL,ENTRE ÕNIBUS E AUTO PASSEIO. S/V,1,,,,,1,,,,0,,Longo da via,Chuvoso,Não existe,Perfeito estado,Molhada,Perfeito estado,,Não há placas,40 km/h,Dupla,Faixa contínua,,
2019-01-06,18:29:00,COM VÍTIMA,FINALIZADA,BOA VIAGEM,AV ENGENHEIRO DOMINGOS FERREIRA,2784,RUA PADRE BERNADINO PESSOA,SEMÁFORO 144 / PRÓX AO CARREFOUR  SNT PIEDADE,AV ENGENHEIRO DOMINGOS FERREIRA,2784,SEMÁFORO 144 / PRÓX AO CARREFOUR  SNT PIEDADE,BOA VIAGEM,144,SUBURBIO,COLISÃO TRASEIRA,ÕNIBUS E MOTO. C/V,,1,,,,1,,,,2,,Longo da via,Bom,Sem defeito,Perfeito estado,Seca,Perfeito estado,Não existe,Não há placas,,Única,Canteiro central,,
2019-01-06,20:17:00,SEM VÍTIMA,FINALIZADA,IPUTINGA,AV CAXANGA,,RUA DR VIRGINIO MARQUES,E/F A IGREJA CATÓLICA DA IPUTINGA E AO LADO DO VIADUTO / APÓS O POSTO BR / PRÓX AO SUBWAY E HOSPITAL BARÃO DE LUCENA. SNT BR,AV CAXANGA,,E/F A IGREJA CATÓLICA DA IPUTINGA E AO LADO DO VIADUTO / APÓS O POSTO BR / PRÓX AO SUBWAY E HOSPITAL BARÃO DE LUCENA. SNT BR,IPUTINGA,,SUBURBIO,ABALROAMENTO LONGITUDINAL,VT E AUTO PASSEIO. S/V,1,1,,,,,,1,,0,,Longo da via,Bom,Não existe,Perfeito estado,Seca,Perfeito estado,Não existe,Não há placas,,Única,Faixa seccionada,Canteiro central,
2019-01-06,20:48:00,SEM VÍTIMA,CANCELADA,MACAXEIRA,RUA TEREZA CARNEIRO,4,,E/F A BARRACA DO SPORT / PRÓX AO POSTO DE SÁUDE DE EUCALIPTO,RUA TEREZA CARNEIRO,4,E/F A BARRACA DO SPORT / PRÓX AO POSTO DE SÁUDE DE EUCALIPTO,MACAXEIRA,,,COLISÃO,ENTRE ÕNIBUS E MOTO. S/V,,1,,,,1,,,,0,,,,,,,,,,,,,,
2019-01-07,02:13:00,SEM VÍTIMA,FINALIZADA,BOA VIAGEM,AV CONSELHEIRO AGUIAR,,RUA PADRE BERNADINO PESSOA,,AV CONSELHEIRO AGUIAR,,,BOA VIAGEM,125,CIDADE,ABALROAMENTO TRANSVERSAL,COLISÃO ENTRE DOIS AUTOS S/V,2,,,,,,,,,0,,Cruzamento,Chuvoso,Sem defeito,Perfeito estado,Molhada,Perfeito estado,Faixa de pedestre,Outras,60 km/h,Única,Faixa contínua,Faixa seccionada,
2019-01-07,06:03:00,COM VÍTIMA,FINALIZADA,SANTO ANTÔNIO,PTE SEIS DE MARCO,308,RUA DR JOSE MARIANO,PONTE VELHA,PTE SEIS DE MARCO,308,PONTE VELHA,SANTO ANTÔNIO,209,CIDADE,TOMBAMENTO,QUEDA,,1,,,,,,,,1,,Ponte,Chuvoso,Sem defeito,Perfeito estado,Molhada,Perfeito estado,Faixa de pedestre,Outras,,Única,Faixa,,
2019-01-07,08:19:00,SEM VÍTIMA,FINALIZADA,MADALENA,AV JOSE GONCALVES DE MEDEIROS,,RUA COMENDADOR BENTO AGUIAR,,AV JOSE GONCALVES DE MEDEIROS,,,MADALENA,,CIDADE,CHOQUE OBJETO FIXO,VEÍCULO CHOCOU-SE COM O MURO DA CLINICA,1,,,,,,,,,0,,Longo da via,Chuvoso,Não existe,Perfeito estado,Molhada,Perfeito estado,Outros,Outras,,Dupla,Faixa seccionada,,
2019-01-07,08:19:00,SEM VÍTIMA,FINALIZADA,BOA VIAGEM,RUA VISCONDE DE JEQUITINHONHA,336,,POUSADA DIPLOMATA,RUA VISCONDE DE JEQUITINHONHA,336,POUSADA DIPLOMATA,BOA VIAGEM,,SUBURBIO,ABALROAMENTO TRANSVERSAL,DOIS AUTOS,2,,,,,,,,,0,,Longo da via,Bom,Não existe,Perfeito estado,Seca,Perfeito estado,Não existe,Não há placas,60 km/h,Única,Faixa seccionada,Canteiro central,
2019-01-07,08:30:00,COM VÍTIMA,FINALIZADA,BOA VIAGEM,RUA VISCONDE DE JEQUITINHONHA,,RUA BALTAZAR PASSOS,AO LADO DO EDF. HILSON DE AZEVEDO MOTA,RUA VISCONDE DE JEQUITINHONHA,,AO LADO DO EDF. HILSON DE AZEVEDO MOTA,BOA VIAGEM,154,SUBURBIO,ABALROAMENTO LONGITUDINAL,AUTO E MOTO,1,1,,,,,,,,1,,Cruzamento,Bom,Sem defeito,Incompleta,Seca,Perfeito estado,Faixa de pedestre,Outras,,Única,Canteiro central,,
2019-01-07,08:37:00,SEM VÍTIMA,FINALIZADA,TORRE,AV BEIRA RIO,,RUA JOSE OSORIO,EM FRENTE AO EDF DUAS NAÇOES,AV BEIRA RIO,,EM FRENTE AO EDF DUAS NAÇOES,TORRE,630,TORRE,COLISÃO,SEM VITIMA,2,,,,,,,,,0,,,,,,,,,,,,,,
2019-01-07,09:37:00,SEM VÍTIMA,FINALIZADA,DERBY,PRC DO DERBY,,RUA JENER DE SOUZA,,PRC DO DERBY,,,DERBY,418,CIDADE,ABALROAMENTO LONGITUDINAL,COLISÃO SEM VITIMAS,1,1,,,,,,,,0,,Longo da via,Bom,Sem defeito,Perfeito estado,Seca,Perfeito estado,Faixa de pedestre,R-6a,50 km/h,Dupla,Blocos,,
2019-01-07,10:44:00,COM VÍTIMA,FINALIZADA,PONTO DE PARADA,AV BEBERIBE,,RUA MEM DE SA,EM FRENTE A ANTIGA PADARIA DO INDIO,AV BEBERIBE,,EM FRENTE A ANTIGA PADARIA DO INDIO,PONTO DE PARADA,63,CIDADE,ABALROAMENTO TRANSVERSAL,colisão com duas VITIMAS aguardando samu,,3,,,,,,,,2,,Cruzamento,Bom,Sem defeito,Perfeito estado,Seca,Perfeito estado,Faixa de pedestre,Outras,50 km/h,Dupla,Faixa,,
2019-01-07,10:48:00,COM VÍTIMA,FINALIZADA,CAXANGÁ,AV CAXANGA,3210,,ELEVADO BRT  EM FRENTE À FARMÁCIA PERMANENTE,AV CAXANGA,3210,ELEVADO BRT  EM FRENTE À FARMÁCIA PERMANENTE,,,SUBURBIO,ATROPELAMENTO,ATROPELAMENTO ENVOLVENDO PEDESTRE E VIATURA POLÍCIA CIVIL,,,,,1,,,1,,1,,Longo da via,Chuvoso,Não existe,Perfeito estado,Molhada,Perfeito estado,Outros,Não há placas,,Dupla,Faixa contínua,Canteiro central,
2019-01-07,11:18:00,COM VÍTIMA,FINALIZADA,AFOGADOS,EST DOS REMEDIOS,S/N,,MERCADO DE AFOGADOS,EST DOS REMEDIOS,S/N,MERCADO DE AFOGADOS,AFOGADOS,,SUBURBIO,ABALROAMENTO LONGITUDINAL,COLISÃO ENVOLVENDO AUTO E MOTOCICLETA COM VÍTIMA,1,1,,,,,,,,1,,Longo da via,Bom,Sem defeito,Perfeito estado,Seca,Perfeito estado,Não existe,R-6a,,Dupla,Não existe,,
2019-01-07,12:02:00,SEM VÍTIMA,FINALIZADA,MADALENA,RUA JANUARIO BARBOSA,862,,EM FRENTE AO POSTE BO 47385,RUA JANUARIO BARBOSA,862,EM FRENTE AO POSTE BO 47385,MADALENA,,SUBURBIO,ABALROAMENTO LONGITUDINAL,COLISÃO SEM VÍTIMA,1,1,,,,,,,,0,,Longo da via,Bom,Não existe,Perfeito estado,Seca,Perfeito estado,Não existe,,,Dupla,Não existe,,
2019-01-07,12:05:00,SEM VÍTIMA,FINALIZADA,BOA VIAGEM,RUA VISCONDE DE JEQUITINHONHA,,RUA BALTAZAR PASSOS,,RUA VISCONDE DE JEQUITINHONHA,,,BOA VIAGEM,154,SUBURBIO,ABALROAMENTO LONGITUDINAL,COLISÃO SEM VÍTIMA,2,,,,,,,,,0,,Cruzamento,Bom,Sem defeito,Incompleta,Seca,Perfeito estado,Faixa de pedestre,Não há placas,60 km/h,Única,Faixa seccionada,Canteiro central,
2019-01-07,12:08:00,COM VÍTIMA,CANCELADA,ESPINHEIRO,RUA DA HORA,906,,EM FRENTE AO LABORATORIO DO HOSPITAL DOS SERVIDORES,RUA DA HORA,906,EM FRENTE AO LABORATORIO DO HOSPITAL DOS SERVIDORES,ESPINHEIRO,,,COLISÃO,COLISÃO COM VÍTIMA,1,1,,,,,,,,1,,,,,,,,,,,,,,
2019-01-07,12:15:00,SEM VÍTIMA,FINALIZADA,SANTO ANTÔNIO,AV MARTINS DE BARROS,,,PONTE BUARQUE DE MACEDO,AV MARTINS DE BARROS,,PONTE BUARQUE DE MACEDO,SANTO ANTÔNIO,164,,ABALROAMENTO TRANSVERSAL,COLISÃO SEM VÍTIMA,2,,,,,,,,,0,,Cruzamento,Bom,Sem defeito,Perfeito estado,Seca,Perfeito estado,Faixa de pedestre,Não há placas,60 km/h,Única,Não existe,,
2019-01-07,12:18:00,SEM VÍTIMA,FINALIZADA,IMBIRIBEIRA,AV MARECHAL MASCARENHAS DE MORAES,6333,,LADO OPOSTO A ANAC,AV MARECHAL MASCARENHAS DE MORAES,6333,LADO OPOSTO A ANAC,IMBIRIBEIRA,625,SUBURBIO,COLISÃO TRASEIRA,COLISÃO SEM VÍTIMA,1,,,,,,,,1,0,,Longo da via,Bom,Sem defeito,Perfeito estado,Seca,Mal conservada,Faixa de pedestre,Outras,,Dupla,Canteiro central,,
2019-01-07,12:23:00,SEM VÍTIMA,FINALIZADA,DOIS UNIDOS,AV HILDEBRANDO DE VASCONCELOS,113,AV BEIRA RIO,T&A MODA SURF,AV HILDEBRANDO DE VASCONCELOS,113,T&A MODA SURF,DOIS UNIDOS,,CIDADE,ABALROAMENTO LONGITUDINAL,COLISÃO SEM VÍTIMA,1,,,,,1,,,,0,,Não informado,Bom,Não existe,Incompleta,Seca,Perfeito estado,Não existe,Outras,,Dupla,Não existe,,
2019-01-07,12:44:00,SEM VÍTIMA,FINALIZADA,ESPINHEIRO,RUA CONS PORTELA,,RUA QUARENTA E OITO,,RUA CONS PORTELA,,,ESPINHEIRO,11,,ABALROAMENTO LONGITUDINAL,COLISAO ENTRE DOIS AUTOS S/V,2,,,,,,,,,0,,Cruzamento,Bom,Sem defeito,Perfeito estado,Seca,Perfeito estado,Faixa de pedestre,Outras,,Única,Faixa seccionada,,
2019-01-07,13:24:00,SEM VÍTIMA,FINALIZADA,BOA VISTA,RUA BARAO DE SAO BORJA,,RUA VISCONDE DE GOIANA,,RUA BARAO DE SAO BORJA,,,BOA VISTA,,SUBURBIO,COLISÃO FRONTAL,COLISÃO SEM VÍTIMA,2,,,,,,,,,0,,Cruzamento,Bom,Não existe,Ilegível,Seca,Perfeito estado,,Placas Pare,,Única,Não existe,,
2019-01-07,14:21:00,SEM VÍTIMA,FINALIZADA,MADALENA,RUA BENFICA,,RUA ARLINDO GOUVEIA,,RUA BENFICA,,,MADALENA,629,SUBURBIO,ABALROAMENTO LONGITUDINAL,,1,,,,,,,,,0,,Cruzamento,Bom,Sem defeito,Perfeito estado,Seca,Perfeito estado,Faixa de retenção,Não há placas,,Única,Faixa seccionada,,
2019-01-07,14:25:00,SEM VÍTIMA,FINALIZADA,,RUA JOAO FERNANDES VIEIRA,,,AO LADO DO SUPERMERCADO WALMART DE Nº 34,RUA JOAO FERNANDES VIEIRA,,AO LADO DO SUPERMERCADO WALMART DE Nº 34,,,CIDADE,ABALROAMENTO LONGITUDINAL,COLISÃO SEM VÍTIMA,1,,,,,,,,1,0,,Longo da via,Bom,Não existe,Não existente,Seca,Mal conservada,Não existe,,,Dupla,Canteiro central,,
2019-01-07,14:34:00,COM VÍTIMA,FINALIZADA,BAIRRO DO RECIFE,AV MILITAR,,,PROX. A PREFEITURA  EM FRENTE À ESTAÇÃO DO BRUM,AV MILITAR,,PROX. A PREFEITURA  EM FRENTE À ESTAÇÃO DO BRUM,BAIRRO DO RECIFE,,SUBURBIO,CHOQUE OBJETO FIXO,CONDUTOR PERDEU OO CONTROLE DO VEICULO SUBINDO A CALÇADA   RETORNOU PARA A VIA PERDEU O PNEU...,1,,,,,,,,,1,,Longo da via,Bom,Não existe,Perfeito estado,Seca,Perfeito estado,,,,Única,Faixa contínua,,
2019-01-07,14:39:00,SEM VÍTIMA,FINALIZADA,IPSEP,RUA HELIO BRANDAO,,RUA ADERBAL DE MELO,,RUA HELIO BRANDAO,,,IPSEP,,SUBURBIO,ABALROAMENTO TRANSVERSAL,COLISÃO SEM VÍTIMA,1,1,,,,,,,,0,,Longo da via,Bom,Não existe,Perfeito estado,Seca,Perfeito estado,Não existe,Placas Dê a preferência,,Dupla,Não existe,,
2019-01-07,14:39:00,SEM VÍTIMA,FINALIZADA,SANTO AMARO,RUA DO POMBAL,235,RUA FREI CASSIMIRO,,RUA DO POMBAL,235,,SANTO AMARO,,,ABALROAMENTO TRANSVERSAL,COLISAO ENTRE DOIS AUTOS S/V,2,,,,,,,,,0,,Cruzamento,Bom,Não existe,Perfeito estado,Seca,Perfeito estado,Não existe,Não há placas,,Dupla,Faixa contínua,,
2019-01-07,15:04:00,SEM VÍTIMA,FINALIZADA,,AV GOVERNADOR AGAMENON MAGALHAES,,,EM FRENTE AO SEMÁFORO 173 SENTIDO OLINDA / BOA VIAGEM,AV GOVERNADOR AGAMENON MAGALHAES,,EM FRENTE AO SEMÁFORO 173 SENTIDO OLINDA / BOA VIAGEM,,,,ABALROAMENTO LONGITUDINAL,COLISÃO SEM VÍTIMA,2,,,,,,,,,0,,Ponte,Bom,Sem defeito,Perfeito estado,Seca,Perfeito estado,,,60 km/h,Dupla,Faixa contínua,,
2019-01-07,15:08:00,SEM VÍTIMA,CANCELADA,SAN MARTIN,AV GENERAL SAN MARTIN,,,EM FRENTE A CAVALARIA,AV GENERAL SAN MARTIN,,EM FRENTE A CAVALARIA,SAN MARTIN,,,COLISÃO,COLISÃO SEM VÍTIMA,1,1,,,,,,,,0,,,,,,,,,,,,,,
2019-01-07,15:22:00,SEM VÍTIMA,FINALIZADA,CAMPINA DO BARRETO,RUA DOS CRAVEIROS,281,RUA NORDESTE,PRÓXIMO AO DEPÓSITO DE BEVIDAS MÚCIO,RUA DOS CRAVEIROS,281,PRÓXIMO AO DEPÓSITO DE BEVIDAS MÚCIO,CAMPINA DO BARRETO,,CIDADE,ABALROAMENTO LONGITUDINAL,COLISAO ENTRE VT DA POLICIA E ONIBUS S/V,1,,,,,,,1,,0,,Longo da via,Bom,Não existe,Perfeito estado,Seca,Perfeito estado,Não existe,,30 km/h,Única,Não existe,,
2019-01-05,10:45:00,COM VÍTIMA,FINALIZADA,ARRUDA,AV PROFESSOR JOSE DOS ANJOS,,RUA PETRONILA BOTELHO,,AV PROFESSOR JOSE DOS ANJOS,,,ARRUDA,554,SUBURBIO,ABALROAMENTO TRANSVERSAL,,1,1,,,,,,,,1,,Cruzamento,Bom,Sem defeito,Perfeito estado,Seca,Perfeito estado,Outros,Não há placas,40 km/h,Dupla,Faixa seccionada,,
2019-01-07,15:24:00,SEM VÍTIMA,FINALIZADA,CORDEIRO,AV CAXANGA,,AV GENERAL SAN MARTIN,SOB O SEMÁFORO 080,AV CAXANGA,,SOB O SEMÁFORO 080,CORDEIRO,80,SUBURBIO,ABALROAMENTO TRANSVERSAL,COLISÃO SEM VITIMA,1,,,,,,,,1,0,,Longo da via,Bom,Sem defeito,Perfeito estado,Seca,Perfeito estado,,,40 km/h,Dupla,Canteiro central,,
2019-01-07,15:41:00,SEM VÍTIMA,FINALIZADA,TORREÃO,AV NORTE,2157,,EM FRENTE A AUTO PEÇA FIDEL,AV NORTE,2157,EM FRENTE A AUTO PEÇA FIDEL,TORREÃO,665,CIDADE,COLISÃO TRASEIRA,COLISÃO SEM VITIMA,1,,,,,,,1,,0,,Longo da via,Bom,Sem defeito,Perfeito estado,Seca,Perfeito estado,Agente,R-6a,60 km/h,Dupla,Canteiro central,,
2019-01-07,16:03:00,SEM VÍTIMA,FINALIZADA,BOA VIAGEM,RUA VISCONDE DE JEQUITINHONHA,1503,,E/F AO POSTO SHELL,RUA VISCONDE DE JEQUITINHONHA,1503,E/F AO POSTO SHELL,BOA VIAGEM,,SUBURBIO,ABALROAMENTO TRANSVERSAL,COLISAO ENTRE AUTO E MOTOS S/V,1,1,,,,,,,,0,,Longo da via,Bom,Não existe,Perfeito estado,Seca,Perfeito estado,Não existe,Não há placas,60 km/h,Única,Canteiro central,,
2019-01-07,16:20:00,COM VÍTIMA,FINALIZADA,TAMARINEIRA,EST VELHA DE AGUA FRIA,,RUA JOSE DE VASCONCELOS,E/F AO RESTAURANTE BEERGRIL,EST VELHA DE AGUA FRIA,,E/F AO RESTAURANTE BEERGRIL,TAMARINEIRA,,CIDADE,ABALROAMENTO TRANSVERSAL,COLISAO ENTRE AUTO E MOTO COM UMA VITIMA,1,1,,,,,,,,1,,Cruzamento,Bom,Não existe,Perfeito estado,Seca,Perfeito estado,Não existe,Outras,,Dupla,,Faixa contínua,
2019-01-07,16:40:00,SEM VÍTIMA,FINALIZADA,AFOGADOS,RUA MOTOCOLOMBO,184,,,RUA MOTOCOLOMBO,184,,AFOGADOS,,SUBURBIO,COLISÃO TRASEIRA,SEM VÍTIMA,3,,,,,,1,,,0,,Longo da via,Bom,Não existe,Perfeito estado,Seca,Perfeito estado,Não existe,R-6a,,Única,Faixa seccionada,,
2019-01-07,16:41:00,SEM VÍTIMA,FINALIZADA,BOA VIAGEM,AV CONSELHEIRO AGUIAR,,,NA FRENTE DA GALERIA RECIFE TREDY CENTER,AV CONSELHEIRO AGUIAR,,NA FRENTE DA GALERIA RECIFE TREDY CENTER,BOA VIAGEM,,CIDADE,COLISÃO TRASEIRA,COLISÃO SEM VITIMA,2,,,,,,,,,0,,Longo da via,Bom,Não existe,Perfeito estado,Seca,Perfeito estado,Não existe,R-6b,,Única,Faixa seccionada,,
2019-01-07,17:28:00,SEM VÍTIMA,FINALIZADA,DERBY,AV GOVERNADOR AGAMENON MAGALHAES,,,E/F AO HOSPITAL DA RESTAURAÇAO S/T BOA VIAGEM,AV GOVERNADOR AGAMENON MAGALHAES,,E/F AO HOSPITAL DA RESTAURAÇAO S/T BOA VIAGEM,DERBY,,SUBURBIO,COLISÃO TRASEIRA,COLISAO ENTRE DUAS VT DA POLICIA S/V,,,,,,,,2,,0,,Longo da via,Bom,Não existe,Perfeito estado,Seca,Perfeito estado,Não existe,Outras,60 km/h,Dupla,Canal,,
2019-01-07,17:57:00,SEM VÍTIMA,FINALIZADA,BOA VIAGEM,RUA VISCONDE DE JEQUITINHONHA,,,POSTO DE COMBUSTÍVEL CANAL 01,RUA VISCONDE DE JEQUITINHONHA,,POSTO DE COMBUSTÍVEL CANAL 01,BOA VIAGEM,,,COLISÃO,COLISÃO SEM VITIMA,1,1,,,,,,,,0,,,,,,,,,,,,,,
2019-01-07,21:35:00,COM VÍTIMA,FINALIZADA,ALTO JOSÉ BONIFÁCIO,RUA CORREGO DO EUCLIDES,765,,PROX AO AMARELINHO JATO DEPOIS DA ASSEMBLEIA DE DEUS,RUA CORREGO DO EUCLIDES,765,PROX AO AMARELINHO JATO DEPOIS DA ASSEMBLEIA DE DEUS,ALTO JOSÉ BONIFÁCIO,,SUBURBIO,ABALROAMENTO TRANSVERSAL,SANDERO X MOTO,1,1,,,,,,,,1,,Longo da via,Bom,Não existe,Incompleta,Seca,Perfeito estado,Não existe,Outras,,Dupla,Faixa seccionada,,
2019-01-07,21:42:00,SEM VÍTIMA,FINALIZADA,BOA VIAGEM,RUA BARAO DE SOUZA LEAO,514,,ED SAN SEBASTIAN,RUA BARAO DE SOUZA LEAO,514,ED SAN SEBASTIAN,BOA VIAGEM,,,ABALROAMENTO TRANSVERSAL,DOIS AUTOS CHOCOU-SE COM O PORTAO DA CAGAREM EDF.SAN SEBASTIAN,2,,,,,,,,,0,,Longo da via,Bom,Não existe,Perfeito estado,Seca,Perfeito estado,Não existe,Outras,,Única,Faixa seccionada,,
2019-01-07,22:01:00,SEM VÍTIMA,FINALIZADA,DOIS UNIDOS,AV HILDEBRANDO DE VASCONCELOS,1016,,PROX ANTIGA FABRICA DA MINEVA,AV HILDEBRANDO DE VASCONCELOS,1016,PROX ANTIGA FABRICA DA MINEVA,DOIS UNIDOS,,SUBURBIO,COLISÃO FRONTAL,VOYAGE X HONDA FIT,2,,,,,,,,,0,,Longo da via,Bom,Não existe,Não existente,Seca,Mal iluminada,Não existe,Não há placas,,Dupla,Não existe,,
2019-01-08,06:25:00,SEM VÍTIMA,FINALIZADA,SÃO JOSÉ,RUA DO PEIXOTO,,RUA DO MUNIZ,EM FRENTE A IGREJA MUNIZ DO BAIRRO DE SÃO JOSÉ,RUA DO PEIXOTO,,EM FRENTE A IGREJA MUNIZ DO BAIRRO DE SÃO JOSÉ,SÃO JOSÉ,207,SUBURBIO,ABALROAMENTO LONGITUDINAL,ONIBUS E AUTO,1,,,,,1,,,,0,,Cruzamento,Bom,Sem defeito,Incompleta,Seca,Perfeito estado,,Não há placas,40 km/h,Única,Não existe,,