data,hora,natureza_acidente,situacao,bairro,endereco,numero,detalhe_endereco_acidente,complemento,endereco_cruzamento,numero_cruzamento,referencia_cruzamento,bairro_cruzamento,num_semaforo,sentido_via,tipo,descricao,auto,moto,ciclom,ciclista,pedestre,onibus,caminhao,viatura,outros,vitimas,vitimasfatais,acidente_verificado,tempo_clima,situacao_semaforo,sinalizacao,condicao_via,conservacao_via,ponto_controle,situacao_placa,velocidade_max_via,mao_direcao,divisao_via1,divisao_via2,divisao_via3
2019-01-11,14:51:00,SEM VÍTIMA,FINALIZADA,IPSEP,AV RECIFE,2330,AV DOM HELDER CAMARA,E/F A CASA DAS BATERIAS,AV RECIFE,2330,E/F A CASA DAS BATERIAS,IPSEP,16,,COLISÃO TRASEIRA,COLISAO ENTRE DOIS AUTOS S/V,2,,,,,,,,,0,,Longo da via,Bom,Sem defeito,Perfeito estado,Seca,Perfeito estado,Agente,Não há placas,,Dupla,Canteiro central,,
2019-01-11,15:33:00,SEM VÍTIMA,FINALIZADA,IPUTINGA,RUA BOM PASTOR,64,,EM FRENTE A GS AUTOMOTIVO,RUA BOM PASTOR,64,EM FRENTE A GS AUTOMOTIVO,IPUTINGA,8,CIDADE,ABALROAMENTO LONGITUDINAL,COLISAO ENTRE CAMINHAO E AUTO S/V,1,,,,,,1,,,0,,Longo da via,Bom,Sem defeito,Perfeito estado,Seca,Perfeito estado,Faixa de pedestre,R-6a,,Única,Não existe,,
2019-01-11,15:33:00,SEM VÍTIMA,FINALIZADA,IMBIRIBEIRA,AV MARECHAL MASCARENHAS DE MORAES,4831,,,AV MARECHAL MASCARENHAS DE MORAES,4831,,IMBIRIBEIRA,,CIDADE,COLISÃO TRASEIRA,COLISÃO SEM VITIMAS,2,,,,,,,,,0,,Longo da via,Bom,Sem defeito,Perfeito estado,Seca,Perfeito estado,Faixa de pedestre,Outras,,Dupla,Canteiro central,,
2019-01-11,15:50:00,SEM VÍTIMA,FINALIZADA,IMBIRIBEIRA,AV MARECHAL MASCARENHAS DE MORAES,,,AO LADO DA FORD   GRANVIA E AGRILLO  APOS A BREMMER S/T CID,AV MARECHAL MASCARENHAS DE MORAES,,AO LADO DA FORD   GRANVIA E AGRILLO  APOS A BREMMER S/T CID,IMBIRIBEIRA,,,COLISÃO,COLISAO ENTRE DOIS AUTOS S/V,2,,,,,,,,,0,,,,,,,,,,,,,,
2019-01-11,16:17:00,COM VÍTIMA,FINALIZADA,ALTO JOSÉ DO PINHO,COR DO BARTOLOMEU,133,RUA VALERIANO LOBO,NA FRENTE DA PADARIA ANDREA,COR DO BARTOLOMEU,133,NA FRENTE DA PADARIA ANDREA,ALTO JOSÉ DO PINHO,,SUBURBIO,ABALROAMENTO LONGITUDINAL,COLISÃO COM VITIMAS,1,1,,,,,,,,2,,Esquina,Bom,Não existe,Perfeito estado,Seca,Perfeito estado,Não existe,Placas Pare,,Dupla,Faixa seccionada,,
2019-01-11,16:42:00,COM VÍTIMA,FINALIZADA,JAQUEIRA,RUA DO FUTURO,999,,E/F A LIVRARIA JAQUEIRA,RUA DO FUTURO,999,E/F A LIVRARIA JAQUEIRA,JAQUEIRA,,CIDADE,COLISÃO TRASEIRA,COLISAO ENTRE DOIS AUTOS COM UMA VÍTIMA,2,,,,,,,,,1,,Longo da via,Bom,Não existe,Perfeito estado,Seca,Perfeito estado,Não existe,Outras,30 km/h,Única,Não existe,,
2019-01-11,16:53:00,SEM VÍTIMA,FINALIZADA,,RUA EXP FRANCISCO VITORIANO,,,TREVO SUPERMERCADO,RUA EXP FRANCISCO VITORIANO,,TREVO SUPERMERCADO,,,SUBURBIO,COLISÃO TRASEIRA,COLISAO ENTRE ONIBUS E AUTOS S/V,1,,,,,1,,,,0,,Longo da via,Bom,Não existe,Incompleta,Seca,Perfeito estado,Não existe,Não há placas,,Dupla,Faixa seccionada,,
2019-01-11,17:06:00,SEM VÍTIMA,FINALIZADA,IMBIRIBEIRA,AV RECIFE,,,EM CIMA DO VIADUTO TANCREDO NEVES,AV RECIFE,,EM CIMA DO VIADUTO TANCREDO NEVES,IMBIRIBEIRA,,SUBURBIO,COLISÃO TRASEIRA,COLISAO ENTRE DOIS AUTOS SE UMA MOTO S/V,2,,,,,,,,,0,,Longo da via,Bom,Não existe,Perfeito estado,Seca,Perfeito estado,,Não há placas,,Única,Não existe,,
2019-01-11,17:16:00,ENTRADA E SAÍDA,FINALIZADA,JAQUEIRA,RUA HOEL SETTE,1847,,EM FRENTE A PRAÇA DA JAQUEIRA,RUA HOEL SETTE,1847,EM FRENTE A PRAÇA DA JAQUEIRA,JAQUEIRA,,,SUBURBIO,ENTRADA E SAÍDA,1,,,,,,,,,,,,,,,,,,,,,,,
2019-01-11,18:07:00,SEM VÍTIMA,FINALIZADA,ESPINHEIRO,AV GOVERNADOR AGAMENON MAGALHAES,,RUA DR LEOPOLDO LINS,CAIXA ECONÔMICA FEDERAL,AV GOVERNADOR AGAMENON MAGALHAES,,CAIXA ECONÔMICA FEDERAL,ESPINHEIRO,78,SUBURBIO,COLISÃO TRASEIRA,COLISÃO SEM VITIMAS,3,,,,,,,,,0,,Cruzamento,Bom,Sem defeito,Perfeito estado,Seca,Perfeito estado,Faixa de pedestre,Não há placas,60 km/h,Única,Faixa seccionada,,
2019-01-11,18:10:00,SEM VÍTIMA,CANCELADA,IBURA,AV DOIS RIOS,,,PRÓX AO CAMPO DA FREVO E AUTO ESWCOLA ARCO IRIS / AO LADO DO POSTO MAIS,AV DOIS RIOS,,PRÓX AO CAMPO DA FREVO E AUTO ESWCOLA ARCO IRIS / AO LADO DO POSTO MAIS,IBURA,,,COLISÃO,ENTRE AUTO E CAMINHÃO. S/V,1,,,,,,1,,,0,,,,,,,,,,,,,,
2019-01-11,18:23:00,SEM VÍTIMA,CANCELADA,BEBERIBE,AV BEBERIBE,2442,RUA SAO JOAQUIM DO MONTE,ENF AO PAGODE DA PRESSAO // SENTIDO FUNDAO,AV BEBERIBE,2442,ENF AO PAGODE DA PRESSAO // SENTIDO FUNDAO,BEBERIBE,153,,COLISÃO,CELTA X CAMINHONETA DO GAS,1,,,,,,1,,,0,,,,,,,,,,,,,,
2019-01-11,18:55:00,SEM VÍTIMA,FINALIZADA,JIQUIÁ,AV RECIFE,5835,AV GENERAL SAN MARTIN,E/F AO CERPE,AV RECIFE,5835,E/F AO CERPE,JIQUIÁ,259,SUBURBIO,ABALROAMENTO LONGITUDINAL,ENTRE AUTO E CAMINHÃO. S/V,1,,,,,,1,,,0,,Longo da via,Bom,Sem defeito,,Seca,,Faixa de pedestre,Outras,,Única,Faixa seccionada,,
2019-01-11,20:24:00,COM VÍTIMA,FINALIZADA,AREIAS,AV DR JOSE RUFINO,,RUA JOSE NATARIO,ENF AO POSTO SHELL E MINI SHOPPING,AV DR JOSE RUFINO,,ENF AO POSTO SHELL E MINI SHOPPING,AREIAS,44,SUBURBIO,COLISÃO FRONTAL,MOTO X I 30,1,1,,,,,,,,1,,Cruzamento,Bom,Sem defeito,Perfeito estado,Seca,Perfeito estado,Faixa de pedestre,Não há placas,60 km/h,Dupla,Faixa contínua,Faixa seccionada,
2019-01-12,00:58:00,COM VÍTIMA,FINALIZADA,CAMPO GRANDE,AV GOVERNADOR AGAMENON MAGALHAES,,RUA ODORICO MENDES,EM FRENTE AO CAMPO DO ONZE // EM FRENTE A CENTRAL DE FLAGRANTES,AV GOVERNADOR AGAMENON MAGALHAES,,EM FRENTE AO CAMPO DO ONZE // EM FRENTE A CENTRAL DE FLAGRANTES,CAMPO GRANDE,49,SUBURBIO,ABALROAMENTO TRANSVERSAL,COLISÃO ENTRE DOIS AUTOS  COM VÍTIMAS.,2,,,,,,,,,2,,Cruzamento,Bom,Sem defeito,Perfeito estado,Seca,Perfeito estado,,R-19,60 km/h,Dupla,Faixa contínua,Canteiro central,
2019-01-12,01:37:00,SEM VÍTIMA,FINALIZADA,MADALENA,AV VISCONDE DE ALBUQUERQUE,,,,AV VISCONDE DE ALBUQUERQUE,,,MADALENA,,CIDADE,CHOQUE VEÍCULO PARADO,COLISÃO ENTRE AUTO E MOTO  SEM VÍTIMAS.,1,1,,,,,,,,0,,Longo da via,Bom,Não existe,Perfeito estado,Seca,Perfeito estado,,Outras,60 km/h,Única,Faixa seccionada,,
2019-01-12,06:48:00,SEM VÍTIMA,FINALIZADA,AREIAS,AV RECIFE,,,EM FRENTE A FARMACIA PAGUE MENOS,AV RECIFE,,EM FRENTE A FARMACIA PAGUE MENOS,AREIAS,59,CIDADE,COLISÃO TRASEIRA,COLISÃO SEM VITIMAS,2,,,,,,,,,0,,Longo da via,Chuvoso,Sem defeito,Perfeito estado,Molhada,Perfeito estado,Faixa de pedestre,Não há placas,,Dupla,Canteiro central,,
2019-01-12,06:58:00,SEM VÍTIMA,FINALIZADA,IMBIRIBEIRA,AV MARECHAL MASCARENHAS DE MORAES,,,EM FRENTE A LOCADORA MOVIDA,AV MARECHAL MASCARENHAS DE MORAES,,EM FRENTE A LOCADORA MOVIDA,IMBIRIBEIRA,,CIDADE,ABALROAMENTO LONGITUDINAL,SEM VITIMAS,1,,,,,1,,,,0,,Viaduto,Chuvoso,Não existe,Perfeito estado,Molhada,Perfeito estado,Outros,Não há placas,,Dupla,Canteiro central,,
2019-01-12,08:03:00,COM VÍTIMA,FINALIZADA,JIQUIÁ,AV RECIFE,,,APOS A ENTRADA DE JARDIM SAO PAULO PROX AO VIADUTO S/T CAXANGA,AV RECIFE,,APOS A ENTRADA DE JARDIM SAO PAULO PROX AO VIADUTO S/T CAXANGA,JIQUIÁ,,CAXANGÁ,COLISÃO TRASEIRA,COLISAO ENTRE DOIS AUTOS /V,2,,,,,,,,,2,,Longo da via,Chuvoso,Não existe,Perfeito estado,Molhada,Perfeito estado,Não existe,Não há placas,,Dupla,Canteiro central,,
2019-01-12,09:25:00,SEM VÍTIMA,FINALIZADA,TORRE,RUA JOSE BONIFACIO,,,HONDA RECIFE,RUA JOSE BONIFACIO,,HONDA RECIFE,TORRE,,SUBURBIO,ABALROAMENTO LONGITUDINAL,COLISÃO SEM VITIMAS,1,,,,,,1,,,0,,Longo da via,,,Perfeito estado,Seca,Perfeito estado,Não existe,Outras,,Única,Faixa contínua,,
2019-01-12,09:53:00,COM VÍTIMA,FINALIZADA,IMBIRIBEIRA,AV MARECHAL MASCARENHAS DE MORAES,5905,,EM FRENTE A MOVIDA,AV MARECHAL MASCARENHAS DE MORAES,5905,EM FRENTE A MOVIDA,IMBIRIBEIRA,,CIDADE,ABALROAMENTO LONGITUDINAL,COM VÍTIMA,,2,,,,,,,,2,,Longo da via,Chuvoso,Não existe,,Molhada,Perfeito estado,Não existe,R-6c,,Única,Não existe,,
2019-01-12,,SEM VÍTIMA,CANCELADA,SAN MARTIN,RUA COMENDADOR FRANCO FERREIRA,490,RUA DUARTE FILHO,PRIMEIRA RUA A ESQUERDA APÓS A LOMBADA ELETRONICA ,RUA COMENDADOR FRANCO FERREIRA,490,PRIMEIRA RUA A ESQUERDA APÓS A LOMBADA ELETRONICA ,SAN MARTIN,,,COLISÃO,SEM VITIMAS,1,,,,,,1,,,0,,,,,,,,,,,,,,
2019-01-12,10:34:00,SEM VÍTIMA,FINALIZADA,,RUA BENFICA,,EST DOS REMEDIOS,,RUA BENFICA,,,,51,CIDADE,COLISÃO TRASEIRA,SEM VÍTIMAS,2,,,,,,,,,0,,Cruzamento,Chuvoso,Sem defeito,Perfeito estado,Molhada,Perfeito estado,Faixa de pedestre,Outras,,Dupla,Faixa contínua,,
2019-01-12,11:26:00,SEM VÍTIMA,CANCELADA,AREIAS,AV RECIFE,,,EM FRENTE AO MACRO,AV RECIFE,,EM FRENTE AO MACRO,AREIAS,,CAXANGA,COLISÃO,COLISÃO SEM VITIMAS,3,,,,,,,,,0,,,,,,,,,,,,,,
2019-01-12,11:43:00,COM VÍTIMA,FINALIZADA,ESTÂNCIA,AV RECIFE,758,RUA CAPITAO ESTEVAO FERNANDES,EM FRENTE A CONCESSIONARIA V 8,AV RECIFE,758,EM FRENTE A CONCESSIONARIA V 8,ESTÂNCIA,59,SUBURBIO,ABALROAMENTO LONGITUDINAL,COM DUAS VITIMAS  SAMU NO LOCAL,1,1,,,,,,,,2,,Longo da via,Chuvoso,,Perfeito estado,Molhada,Perfeito estado,Não existe,R-6a,60 km/h,Dupla,Canteiro central,,
2019-01-12,11:45:00,SEM VÍTIMA,CANCELADA,VÁRZEA,AV PROFESSOR MORAES REGO,447,RUA MARECHAL MANOEL LUIS OSORIO,E/F AO EDF. PRAÇA DAS BEGONIAS,AV PROFESSOR MORAES REGO,447,E/F AO EDF. PRAÇA DAS BEGONIAS,VÁRZEA,,,COLISÃO,SEM VÍTIMAS,2,,,,,,,,,0,,,,,,,,,,,,,,
2019-01-12,13:08:00,SEM VÍTIMA,FINALIZADA,VÁRZEA,RUA MARECHAL MANOEL LUIS OSORIO,495,RUA PROFESSOR ANTONIO COELHO,COLÉGIO PONTUAL,RUA MARECHAL MANOEL LUIS OSORIO,495,COLÉGIO PONTUAL,VÁRZEA,,,ABALROAMENTO TRANSVERSAL,SEM VÍTIMAS,2,,,,,,,,,0,,Cruzamento,Chuvoso,Não existe,Não existente,Molhada,Perfeito estado,Faixa de pedestre,Não há placas,40 km/h,Dupla,Faixa contínua,,
2019-01-12,13:33:00,SEM VÍTIMA,FINALIZADA,BOA VIAGEM,AV CONSELHEIRO AGUIAR,3355,,,AV CONSELHEIRO AGUIAR,3355,,BOA VIAGEM,,CIDADE,ABALROAMENTO LONGITUDINAL,DOIS AUTOS,2,,,,,,,,,0,,Longo da via,Chuvoso,Não existe,Perfeito estado,Molhada,Perfeito estado,,R-6a,60 km/h,Única,Faixa seccionada,,
2019-01-12,14:08:00,SEM VÍTIMA,FINALIZADA,CAXANGÁ,AV CAXANGA,,AV PROFESSOR JOAQUIM CAVALCANTI,EM BAIXO DO VIADUTO DA CAXANGA SENT DETRAN,AV CAXANGA,,EM BAIXO DO VIADUTO DA CAXANGA SENT DETRAN,CAXANGÁ,,,COLISÃO,ONIBUS E AUTO PASSAEIO,1,,,,,1,,,,0,,,,,,,,,,,,,,
2019-01-12,14:11:00,SEM VÍTIMA,FINALIZADA,SÃO JOSÉ,AV SUL,,,EM FRENTE AO SEMÁFORO 311,AV SUL,,EM FRENTE AO SEMÁFORO 311,SÃO JOSÉ,311,CIDADE,COLISÃO TRASEIRA,DOIS AUTOS,2,,,,,,,,1,0,,Longo da via,Chuvoso,Com defeito,Perfeito estado,Molhada,Perfeito estado,Faixa de retenção,,,Única,Faixa seccionada,Canteiro central,
2019-01-12,14:33:00,COM VÍTIMA,FINALIZADA,IMBIRIBEIRA,AV MARECHAL MASCARENHAS DE MORAES,,,EM FRENTE AO ARMAZEM CORAL,AV MARECHAL MASCARENHAS DE MORAES,,EM FRENTE AO ARMAZEM CORAL,IMBIRIBEIRA,286,CIDADE,ABALROAMENTO LONGITUDINAL,MOTO E AUTO,1,1,,,,,,,,1,,Longo da via,Chuvoso,Sem defeito,Perfeito estado,Molhada,Perfeito estado,Faixa de pedestre,Não há placas,,Dupla,Canteiro central,,
2019-01-12,15:03:00,SEM VÍTIMA,FINALIZADA,IMBIRIBEIRA,RUA BARAO DE AGUA BRANCA,,RUA DUQUE ESTRADA,,RUA BARAO DE AGUA BRANCA,,,IMBIRIBEIRA,,,ABALROAMENTO TRANSVERSAL,COLISÃO SEM VÍTIMA,2,,,,,,,,,0,,Cruzamento,Bom,Não existe,Não existente,Molhada,Perfeito estado,Não existe,Não há placas,,Dupla,Não existe,,
2019-01-12,15:20:00,SEM VÍTIMA,FINALIZADA,,AV BARAO DE BONITO,88,RUA EMILIANO BRAGA,,AV BARAO DE BONITO,88,,,,CIDADE,ABALROAMENTO TRANSVERSAL,AUTO E CAMINHAO S/V,1,,,,,,1,,1,0,,Cruzamento,Chuvoso,Não existe,Não existente,Molhada,Perfeito estado,Não existe,Não há placas,,Dupla,Não existe,,
2019-01-12,15:20:00,SEM VÍTIMA,FINALIZADA,CORDEIRO,RUA CLAUDIO BROTHERHOOD,697,RUA DR MIGUEL VIEIRA FERREIRA,,RUA CLAUDIO BROTHERHOOD,697,,CORDEIRO,,SUBURBIO,ABALROAMENTO TRANSVERSAL,DOIS AUTOS S/V,2,,,,,,,,,0,,Cruzamento,Chuvoso,Não existe,Não existente,Molhada,Perfeito estado,Não existe,Não há placas,40 km/h,Dupla,Não existe,,
2019-01-12,15:35:00,COM VÍTIMA,FINALIZADA,CASA AMARELA,RUA CORREGO DO EUCLIDES,114,,AO LADO DA MERCEARIA PREÇO BOM.,RUA CORREGO DO EUCLIDES,114,AO LADO DA MERCEARIA PREÇO BOM.,CASA AMARELA,,SUBURBIO,COLISÃO COM CICLISTA,COLISÃO ENTRE MOTOCICLETA E CICLISTA.,,1,,1,,,,,,1,,Longo da via,Chuvoso,Não existe,Incompleta,Molhada,Perfeito estado,Outros,Outras,,Dupla,Faixa seccionada,,
2019-01-12,15:49:00,COM VÍTIMA,FINALIZADA,MADALENA,RUA ERNANI BRAGA,,RUA DR JOAO COIMBRA,PROX. AO MERCADO DA MADALENA,RUA ERNANI BRAGA,,PROX. AO MERCADO DA MADALENA,MADALENA,,,ABALROAMENTO LONGITUDINAL,MOTO E AUTO,1,1,,,,,,,,1,,Cruzamento,Chuvoso,Não existe,Perfeito estado,Molhada,,,R-6a,,Única,Faixa contínua,,
2019-01-12,15:58:00,SEM VÍTIMA,FINALIZADA,IBURA,AV RECIFE,,,POSTO DE COMBUSTÍVEL SHELL V POWER,AV RECIFE,,POSTO DE COMBUSTÍVEL SHELL V POWER,IBURA,55,SUBURBIO,ABALROAMENTO LONGITUDINAL,COLISÃO SEM VÍTIMA,2,,,,,,,,,0,,Longo da via,Chuvoso,Com defeito,Perfeito estado,Molhada,Perfeito estado,Faixa de pedestre,Outras,60 km/h,Única,Faixa contínua,Faixa seccionada,Canteiro central
2019-01-12,16:00:00,SEM VÍTIMA,DUPLICIDADE,VÁRZEA,AV BARAO DE BONITO,88,RUA EMILIANO BRAGA,PROX. A IGREJA UNIVERSAL DO REINO DE DEUS,AV BARAO DE BONITO,88,PROX. A IGREJA UNIVERSAL DO REINO DE DEUS,VÁRZEA,,,COLISÃO,AUTO E CAMINHÃO,1,,,,,,1,,,0,,,,,,,,,,,,,,
2019-01-12,17:37:00,SEM VÍTIMA,FINALIZADA,AFOGADOS,RUA SERTAOZINHO,75B,,,RUA SERTAOZINHO,75B,,AFOGADOS,,,CHOQUE VEÍCULO PARADO,DOIS AUTOS,2,,,,,,,,,0,,Longo da via,Chuvoso,Não existe,Perfeito estado,Molhada,Perfeito estado,Não existe,Não há placas,,Dupla,Não existe,,
2019-01-12,17:51:00,COM VÍTIMA,FINALIZADA,SÃO JOSÉ,AV SUL,,,POR BAIXO DO VIADUTO CAP TEMUDO  AO LADO DO POSTO BR,AV SUL,,POR BAIXO DO VIADUTO CAP TEMUDO  AO LADO DO POSTO BR,SÃO JOSÉ,,CIDADE,COLISÃO COM CICLISTA,ENTRE AUTO E CICLISTA. C/V,1,,,1,,,,,,1,,Longo da via,Chuvoso,Não existe,Perfeito estado,Molhada,Mal iluminada,Outros,Outras,,Única,Faixa seccionada,,
2019-01-12,18:30:00,COM VÍTIMA,FINALIZADA,PINA,AV HERCULANO BANDEIRA,825,,POR BAIXO DA PASSARELA DA HERCULANO / PRÓX A IGREJINHA / SNT BV,AV HERCULANO BANDEIRA,825,POR BAIXO DA PASSARELA DA HERCULANO / PRÓX A IGREJINHA / SNT BV,PINA,,SUBURBIO,ABALROAMENTO LONGITUDINAL,ENTRE AUTO E MOTO. C/V,1,1,,,,,,,,1,,Longo da via,Chuvoso,Não existe,Perfeito estado,Molhada,Perfeito estado,Não existe,R-6a,,Única,Faixa seccionada,,
2019-01-12,18:57:00,SEM VÍTIMA,FINALIZADA,ROSARINHO,AV NORTE,,AV SANTOS DUMONT,SEMÁFORO Nº 081,AV NORTE,,SEMÁFORO Nº 081,ROSARINHO,81,CIDADE,CHOQUE OBJETO FIXO,O CONDUTOR BATEU COM O VEÍCULO NO CANTEIRO,1,,,,,,,,,0,,Longo da via,Chuvoso,Sem defeito,Perfeito estado,Molhada,Perfeito estado,Faixa de pedestre,Não há placas,,Única,Faixa seccionada,Canteiro central,
2019-01-12,19:02:00,SEM VÍTIMA,FINALIZADA,BOA VISTA,RUA DOM BOSCO,,AV CONDE DA BOA VISTA,NA ESQUINA DO POSTO BR  SENTIDO CENTRO,RUA DOM BOSCO,,NA ESQUINA DO POSTO BR  SENTIDO CENTRO,BOA VISTA,,,COLISÃO,COLISÃO SEM VITIMAS/ INFORMADO QUE UMA DAS PARTES ESTA ALCOOLIZADA,2,,,,,,,,,0,,,,,,,,,,,,,,
2019-01-13,02:55:00,SEM VÍTIMA,FINALIZADA,DERBY,AV GOVERNADOR AGAMENON MAGALHAES,,RUA HENRIQUE DIAS,SEMÁFORO 068,AV GOVERNADOR AGAMENON MAGALHAES,,SEMÁFORO 068,DERBY,,,ABALROAMENTO TRANSVERSAL,SEM VITIMAS,2,,,,,,,,,0,,Cruzamento,Chuvoso,Sem defeito,Perfeito estado,Molhada,,Faixa de pedestre,Outras,,Dupla,Canal,,
2019-01-13,05:36:00,COM VÍTIMA,FINALIZADA,IBURA,AV DOIS RIOS,423,,PROXIMO A IGREJA DOS MÓRMONS,AV DOIS RIOS,423,PROXIMO A IGREJA DOS MÓRMONS,IBURA,,SUBURBIO,ABALROAMENTO LONGITUDINAL,COLISÃO COM VITIMA,1,1,,,,,,,,1,,Longo da via,Chuvoso,Não existe,Perfeito estado,Molhada,Perfeito estado,Não existe,Não há placas,,Dupla,Faixa contínua,,
2019-01-13,07:21:00,SEM VÍTIMA,FINALIZADA,BOA VIAGEM,AV BOA VIAGEM,2080,,SEMÁFORO 117,AV BOA VIAGEM,2080,SEMÁFORO 117,BOA VIAGEM,117,,ABALROAMENTO LONGITUDINAL,SEM VITIMAS,2,,,,,,,,,0,,Longo da via,Bom,Sem defeito,Perfeito estado,Seca,Perfeito estado,Faixa de pedestre,R-6a,60 km/h,Única,Faixa seccionada,,
2019-01-13,09:43:00,SEM VÍTIMA,FINALIZADA,SANTO ANTÔNIO,RUA IMPERADOR PEDRO SEGUNDO,25,RUA PRIMEIRO DE MARCO,EM FRENTE AO BANCO ITAU,RUA IMPERADOR PEDRO SEGUNDO,25,EM FRENTE AO BANCO ITAU,SANTO ANTÔNIO,18,CIDADE,ABALROAMENTO LONGITUDINAL,COLISÃO SEM VITIMAS,2,,,,,,,,,0,,Cruzamento,Bom,Sem defeito,Perfeito estado,Seca,Perfeito estado,Faixa de pedestre,Não há placas,,Única,Não existe,,
2019-01-13,13:10:00,SEM VÍTIMA,FINALIZADA,IPUTINGA,AV CAXANGA,,RUA PAUL HARRIS,RESTAURANTE BOI BRASA E O HOSP. SANTA TERESINHA,AV CAXANGA,,RESTAURANTE BOI BRASA E O HOSP. SANTA TERESINHA,,230,SUBURBIO,ABALROAMENTO LONGITUDINAL,COLISÃO SEM VITIMAS,2,,,,,,,,,0,,Cruzamento,Bom,Sem defeito,Perfeito estado,Seca,Perfeito estado,Faixa de pedestre,R-6a,60 km/h,Única,Canteiro central,,
2019-01-13,14:12:00,SEM VÍTIMA,FINALIZADA,AREIAS,AV RECIFE,3585,,,AV RECIFE,3585,,AREIAS,,SUBURBIO,COLISÃO TRASEIRA,COLISÃO SEM VÍTIMA,2,,,,,,,,,0,,Longo da via,Bom,Não existe,Perfeito estado,Seca,Perfeito estado,Não existe,Outras,60 km/h,Dupla,Canteiro central,,
2019-01-13,17:18:00,SEM VÍTIMA,FINALIZADA,TORREÃO,RUA AUGUSTO RODRIGUES,1726,AV NORTE,,RUA AUGUSTO RODRIGUES,1726,,TORREÃO,376,CIDADE,ABALROAMENTO TRANSVERSAL,COLISÃO SEM VITIMA,2,,,,,,,,,0,,,,,,,,,,,,,,
2019-01-13,18:53:00,SEM VÍTIMA,FINALIZADA,VÁRZEA,AV PROFESSOR LUIZ FREIRE,,,7º REGIÃO MILITAR,AV PROFESSOR LUIZ FREIRE,,7º REGIÃO MILITAR,VÁRZEA,,,COLISÃO TRASEIRA,HB 20 X GOL,2,,,,,,,,,0,,Longo da via,Bom,Não existe,Incompleta,Seca,Mal iluminada,Não existe,Outras,,Dupla,Outros,,
2019-01-13,19:25:00,COM VÍTIMA,FINALIZADA,DERBY,RUA PAISSANDU,,AV GOVERNADOR AGAMENON MAGALHAES,AO LADO DO HOSP PORTUGUES,RUA PAISSANDU,,AO LADO DO HOSP PORTUGUES,DERBY,69,CIDADE,CHOQUE OBJETO FIXO,COLISÃO COM VITIMA,1,1,,,,,,,,1,,Cruzamento,Bom,Sem defeito,Perfeito estado,Seca,Perfeito estado,Faixa de pedestre,R-4a,30 km/h,Dupla,,,
2019-01-13,20:10:00,COM VÍTIMA,FINALIZADA,IMBIRIBEIRA,AV MARECHAL MASCARENHAS DE MORAES,,RUA ITACARI,AO LADO DO BANCO ITAU,AV MARECHAL MASCARENHAS DE MORAES,,AO LADO DO BANCO ITAU,IMBIRIBEIRA,225,SUBURBIO,COLISÃO COM CICLISTA,CICLISTA ESTA NO CHÃO AGUARDANDO ATENDIMENTO,1,,,1,,,,,,2,,Cruzamento,Bom,Sem defeito,Perfeito estado,Seca,Perfeito estado,Faixa de pedestre,R-6a,,Dupla,Faixa contínua,Faixa seccionada,Canteiro central
2019-01-13,21:09:00,SEM VÍTIMA,CANCELADA,BOA VIAGEM,RUA VISCONDE DE JEQUITINHONHA,,,ENTRE A RUA ARMINDO MOURA E RUA PADRE LEANDRO CAMELO // POR TRAS DA AERONAUTICA,RUA VISCONDE DE JEQUITINHONHA,,ENTRE A RUA ARMINDO MOURA E RUA PADRE LEANDRO CAMELO // POR TRAS DA AERONAUTICA,BOA VIAGEM,,SUBURBIO,COLISÃO,HB 20 X FORDE K,2,,,,,,,,,0,,,,,,,,,,,,,,
2019-01-13,21:25:00,COM VÍTIMA,FINALIZADA,BOA VIAGEM,AV BOA VIAGEM,2434,RUA DONA BENVINDA DE FARIAS,ENF AO EDF ANDALUCIA,AV BOA VIAGEM,2434,ENF AO EDF ANDALUCIA,BOA VIAGEM,123,CIDADE,COLISÃO TRASEIRA,GRAND SIENA X MOTO,1,1,,,,,,,,1,,Longo da via,Chuvoso,Sem defeito,Perfeito estado,Molhada,Perfeito estado,Faixa de pedestre,Outras,,Única,Faixa contínua,,
2019-01-14,05:43:00,SEM VÍTIMA,CANCELADA,BOA VIAGEM,RUA JOSE MARIA DE MIRANDA,,,EM FRENTE A PAULO MIRANDA IMÓVEIS // EM FRENTE AO BAR DE PAULINHO,RUA JOSE MARIA DE MIRANDA,,EM FRENTE A PAULO MIRANDA IMÓVEIS // EM FRENTE AO BAR DE PAULINHO,BOA VIAGEM,,,COLISÃO,COLISÃO ENTRE DOIS AUTOS  SEM VÍTIMAS,2,,,,,,,,,0,,,,,,,,,,,,,,
2019-01-14,07:00:00,SEM VÍTIMA,CANCELADA,SAN MARTIN,RUA VINTE E UM DE ABRIL,2341,RUA COMENDADOR FRANCO FERREIRA,PRÓX AO GIRADOURO // JP CASA NOVA CONSTRUÇÕES,RUA VINTE E UM DE ABRIL,2341,PRÓX AO GIRADOURO // JP CASA NOVA CONSTRUÇÕES,SAN MARTIN,,SUBURBIO,COLISÃO,ENTRE AUTOS S/V.,2,,,,,,,,,0,,,,,,,,,,,,,,