data,hora,natureza_acidente,situacao,bairro,endereco,numero,detalhe_endereco_acidente,complemento,endereco_cruzamento,numero_cruzamento,referencia_cruzamento,bairro_cruzamento,num_semaforo,sentido_via,tipo,descricao,auto,moto,ciclom,ciclista,pedestre,onibus,caminhao,viatura,outros,vitimas,vitimasfatais,acidente_verificado,tempo_clima,situacao_semaforo,sinalizacao,condicao_via,conservacao_via,ponto_controle,situacao_placa,velocidade_max_via,mao_direcao,divisao_via1,divisao_via2,divisao_via3
2019-01-14,08:06:00,SEM VÍTIMA,FINALIZADA,DERBY,RUA JENER DE SOUZA,,PRC DO DERBY,ENTRE OS POSTES Nº B009309 E B 009479,RUA JENER DE SOUZA,,ENTRE OS POSTES Nº B009309 E B 009479,DERBY,,,ABALROAMENTO LONGITUDINAL,ONIBUS E AUTO ,1,,,,,1,,,,0,,Longo da via,Bom,Não existe,Perfeito estado,Seca,Perfeito estado,Não existe,Placas Pare,,Dupla,Canteiro central,,
2019-01-14,08:09:00,SEM VÍTIMA,FINALIZADA,IPSEP,AV RECIFE,55,,EM FRENTE À FARMÁCIA EXTRAFARMA,AV RECIFE,55,EM FRENTE À FARMÁCIA EXTRAFARMA,IPSEP,55,SUBURBIO,COLISÃO TRASEIRA,ENTRE AUTOS S/V.,2,,,,,,,,,0,,Longo da via,Bom,Sem defeito,Perfeito estado,Seca,Perfeito estado,Não existe,Não há placas,,Dupla,Canteiro central,,
2019-01-14,08:19:00,COM VÍTIMA,FINALIZADA,BOA VISTA,RUA GERVASIO PIRES,435,,EM FRENTE AO HOTEL MEDITERRÂNEO,RUA GERVASIO PIRES,435,EM FRENTE AO HOTEL MEDITERRÂNEO,BOA VISTA,,,COLISÃO TRASEIRA,AUTO E MOTO,1,1,,,,,,,,1,,Longo da via,Bom,Não existe,,Seca,Perfeito estado,Não existe,,,Única,,,
2019-01-14,08:37:00,COM VÍTIMA,FINALIZADA,PINA,AV ANTONIO DE GOES,,,EM FRENTE À PRF,AV ANTONIO DE GOES,,EM FRENTE À PRF,PINA,,,COLISÃO TRASEIRA,AUTO E MOTO S/V.,1,1,,,,,,,,1,,Longo da via,Bom,Não existe,Perfeito estado,Seca,Perfeito estado,Não existe,Não há placas,60 km/h,Única,Faixa seccionada,,
2019-01-14,08:58:00,SEM VÍTIMA,FINALIZADA,BAIRRO DO RECIFE,AV ALFREDO LISBOA,,,EM FRENTE A SECRETARIA DA FAZENDA,AV ALFREDO LISBOA,,EM FRENTE A SECRETARIA DA FAZENDA,BAIRRO DO RECIFE,,SUBURBIO,COLISÃO TRASEIRA,ENTRE AUTOS S/V.,2,,,,,,,,,0,,Longo da via,Bom,Não existe,Perfeito estado,Seca,Perfeito estado,Faixa de pedestre,Não há placas,40 km/h,Única,Faixa seccionada,,
2019-01-14,09:00:00,SEM VÍTIMA,FINALIZADA,IPSEP,AV DOM HELDER CAMARA,,AV RECIFE,,AV DOM HELDER CAMARA,,,IPSEP,55,CIDADE,COLISÃO TRASEIRA,COLISÃO SEM VITIMAS,2,,,,,,,,,0,,,Bom,Sem defeito,Perfeito estado,Seca,Perfeito estado,Faixa de pedestre,Outras,,Única,Faixa seccionada,,
2019-01-14,09:03:00,SEM VÍTIMA,FINALIZADA,BOA VIAGEM,RUA COSMORAMA,1060,,,RUA COSMORAMA,1060,,BOA VIAGEM,,,ABALROAMENTO LONGITUDINAL,MOTO X ÔNIBUS (BORBOREMA) S/V.,,1,,,,1,,,,0,,Cruzamento,Bom,Não existe,Perfeito estado,Seca,Perfeito estado,Não existe,Não há placas,,Dupla,Não existe,,
2019-01-14,09:20:00,SEM VÍTIMA,FINALIZADA,BOA VISTA,AV CONDE DA BOA VISTA,982,,EM FRENTE AO Nº 982,AV CONDE DA BOA VISTA,982,EM FRENTE AO Nº 982,BOA VISTA,,SUBURBIO,ABALROAMENTO LONGITUDINAL,ENTRE ÔNIBUS S/V.,,,,,,2,,,,0,,Longo da via,Bom,Não existe,Perfeito estado,Seca,Perfeito estado,Não existe,Não há placas,60 km/h,Dupla,Faixa contínua,,
2019-01-14,10:05:00,SEM VÍTIMA,FINALIZADA,MADALENA,RUA JOSE OSORIO,950,,,RUA JOSE OSORIO,950,,MADALENA,,SUBURBIO,ABALROAMENTO TRANSVERSAL,SEM VÍTIMAS.,2,,,,,,,,,0,,Cruzamento,Bom,Não existe,,Seca,Perfeito estado,Não existe,R-6a,,Dupla,Faixa contínua,,
2019-01-14,10:49:00,SEM VÍTIMA,FINALIZADA,MADALENA,AV VISCONDE DE ALBUQUERQUE,103,,,AV VISCONDE DE ALBUQUERQUE,103,,MADALENA,,,ABALROAMENTO TRANSVERSAL,AUTO X CAMINHÃO S/V.,1,,,,,,1,,,0,,Longo da via,Bom,Não existe,Perfeito estado,Seca,Perfeito estado,Não existe,Não há placas,,Única,Faixa contínua,,
2019-01-14,10:54:00,COM VÍTIMA,FINALIZADA,CASA AMARELA,AV NORTE,6430,,EM FRENTE A OFICINA ARRAIAL PEÇAS E SERVIÇOS,AV NORTE,6430,EM FRENTE A OFICINA ARRAIAL PEÇAS E SERVIÇOS,CASA AMARELA,,SUBURBIO,ABALROAMENTO LONGITUDINAL,AUTO PASSEIO E MOTOCICLETA,1,1,,,,,,,,1,,Longo da via,Bom,Não existe,Perfeito estado,Seca,Perfeito estado,Não existe,Não há placas,60 km/h,Dupla,Canteiro central,,
2019-01-14,11:06:00,SEM VÍTIMA,FINALIZADA,ARRUDA,RUA DO MACHADO,,RUA ZEFERINO AGRA,EM FRENTE A IGREJA DE SANTO ANTONIO,RUA DO MACHADO,,EM FRENTE A IGREJA DE SANTO ANTONIO,ARRUDA,,CIDADE,ABALROAMENTO TRANSVERSAL,DOIS AUTOS,2,,,,,,,,,0,,Cruzamento,Bom,Não existe,Perfeito estado,Seca,Perfeito estado,Faixa de retenção,Placas Pare,,Dupla,Faixa seccionada,,
2019-01-14,11:10:00,SEM VÍTIMA,FINALIZADA,SANTO AMARO,RUA ALVARES DE AZEVEDO,,RUA GOUVEIA DE BARROS,SOB O SEMÁFORO 093,RUA ALVARES DE AZEVEDO,,SOB O SEMÁFORO 093,SANTO AMARO,93,SUBURBIO,ABALROAMENTO LONGITUDINAL,COLISÃO SEM VÍTIMAS.,2,,,,,,,,,0,,Longo da via,Bom,Sem defeito,Perfeito estado,Seca,Perfeito estado,Outros,Outras,,Única,Não existe,,
2019-01-14,11:41:00,SEM VÍTIMA,FINALIZADA,TAMARINEIRA,AV NORTE,,RUA GENERAL ABREU E LIMA,EM FRENTE AO RESIDENCIAL SANTA LUZIA,AV NORTE,,EM FRENTE AO RESIDENCIAL SANTA LUZIA,TAMARINEIRA,456,SUBURBIO,COLISÃO TRASEIRA,DOIS AUTOS VT-11 NO LOCAL SUB. SABINO NO LOCAL,2,,,,,,,,,0,,Longo da via,Bom,Sem defeito,Perfeito estado,Seca,Perfeito estado,Faixa de pedestre,R-4b,,Dupla,Canteiro central,,
2019-01-14,12:31:00,SEM VÍTIMA,FINALIZADA,BOA VISTA,AV MANOEL BORBA,330,RUA DO HOSPICIO,E/F A IGREJA DO SANTISSIMO SACRAMENTO NA PRAÇA MACIEL PINHEIRO,AV MANOEL BORBA,330,E/F A IGREJA DO SANTISSIMO SACRAMENTO NA PRAÇA MACIEL PINHEIRO,BOA VISTA,33,SUBURBIO,ABALROAMENTO LONGITUDINAL,COLISAO ENTRE AUTO E CAMINHAO S/V,1,,,,,,1,,,0,,,Bom,Sem defeito,Perfeito estado,Seca,Perfeito estado,Não existe,R-6a,,Única,Não existe,,
2019-01-14,14:12:00,SEM VÍTIMA,FINALIZADA,CASA FORTE,AV DEZESSETE DE AGOSTO,,AV FLOR DE SANTANA,SEMÁFORO 614,AV DEZESSETE DE AGOSTO,,SEMÁFORO 614,CASA FORTE,614,,ABALROAMENTO LONGITUDINAL,COLISÃO SEM VÍTIMA,1,1,,,,,,,,0,,,Bom,Sem defeito,Perfeito estado,Seca,Perfeito estado,Faixa de pedestre,R-6a,,Dupla,Faixa contínua,,
2019-01-14,13:47:00,SEM VÍTIMA,FINALIZADA,IPSEP,RUA PROFESSOR JOSE VICENTE,,RUA SAO SILVESTRE,,RUA PROFESSOR JOSE VICENTE,,,IPSEP,,,COLISÃO FRONTAL,DOIS AUTOS S/V,2,,,,,,,,,0,,Longo da via,Bom,Não existe,Incompleta,Seca,Perfeito estado,Não existe,Placas Pare,,Única,Canteiro central,,
2019-01-14,15:01:00,SEM VÍTIMA,FINALIZADA,DERBY,AV GOVERNADOR AGAMENON MAGALHAES,,,EM FRENTE A RESTAURAÇÃO/ SENTIDO BOA VIAGEM,AV GOVERNADOR AGAMENON MAGALHAES,,EM FRENTE A RESTAURAÇÃO/ SENTIDO BOA VIAGEM,DERBY,174,,COLISÃO TRASEIRA,COLISÃO SEM VÍTIMA,1,,,,,1,,,,0,,Longo da via,Bom,Sem defeito,Perfeito estado,Seca,Perfeito estado,,,60 km/h,Dupla,Canal,,
2019-01-14,15:39:00,SEM VÍTIMA,FINALIZADA,SANTO AMARO,AV DR JAYME DA FONTE,,AV GOVERNADOR AGAMENON MAGALHAES,SEMÁFORO 49,AV DR JAYME DA FONTE,,SEMÁFORO 49,SANTO AMARO,49,CIDADE,COLISÃO TRASEIRA,ENTRE TRES AUTOS PASSEIOS  S/V,3,,,,,,,,,0,,Cruzamento,Bom,Sem defeito,Perfeito estado,Seca,Perfeito estado,Faixa de pedestre,,,Dupla,Canteiro central,,
2019-01-14,15:27:00,SEM VÍTIMA,FINALIZADA,BOA VIAGEM,RUA ANTONIO FALCAO,,RUA MINISTRO NELSON HUNGRIA,POR TRÁS DO BRISTOL RECIFE HOTEL,RUA ANTONIO FALCAO,,POR TRÁS DO BRISTOL RECIFE HOTEL,BOA VIAGEM,,,COLISÃO TRASEIRA,COLISÃO SEM VÍTIMA,2,,,,,,,,,0,,Longo da via,Bom,Não existe,Perfeito estado,Seca,Perfeito estado,Não existe,Placas Pare,,Única,Faixa contínua,,
2019-01-14,16:07:00,SEM VÍTIMA,FINALIZADA,IPSEP,RUA JEAN EMILE FAVRE,,RUA DAVID PERNETA,,RUA JEAN EMILE FAVRE,,,IPSEP,,,ABALROAMENTO TRANSVERSAL,DOIS AUTOS S/V,2,,,,,,,,,0,,Longo da via,Bom,Não existe,Perfeito estado,Seca,Perfeito estado,Não existe,Placas Pare,,Dupla,Faixa contínua,,
2019-01-14,16:18:00,SEM VÍTIMA,FINALIZADA,AREIAS,AV DR JOSE RUFINO,423,,EM FRENTE AO SHOPPING DE AREIAS,AV DR JOSE RUFINO,423,EM FRENTE AO SHOPPING DE AREIAS,AREIAS,,CIDADE,ABALROAMENTO TRANSVERSAL,COLISÃO SEM VÍTIMA,2,,,,,,,,,0,,Longo da via,Bom,Não existe,Perfeito estado,Seca,Perfeito estado,Não existe,Não há placas,,Dupla,Faixa contínua,,
2019-01-14,17:56:00,SEM VÍTIMA,FINALIZADA,BAIRRO DO RECIFE,CAIS DO APOLO,,,EM FRENTE AO FORTE DO BRUM,CAIS DO APOLO,,EM FRENTE AO FORTE DO BRUM,BAIRRO DO RECIFE,,SUBURBIO,ABALROAMENTO LONGITUDINAL,COLISAO ENVOLVENDO DOIS AUTOS SEM VITIMA,2,,,,,,,,,0,,Longo da via,Bom,Não existe,Perfeito estado,Seca,Perfeito estado,Não existe,Outras,40 km/h,Dupla,Canteiro central,,
2019-01-14,18:50:00,SEM VÍTIMA,FINALIZADA,MADALENA,AV VISCONDE DE ALBUQUERQUE,123,RUA LOPES DE CARVALHO,DADÁ VEÍCULOS Nº 434,AV VISCONDE DE ALBUQUERQUE,123,DADÁ VEÍCULOS Nº 434,MADALENA,,SUBURBIO,ABALROAMENTO LONGITUDINAL,COLISÃO SEM VÍTIMA,2,,,,,,,,,0,,Longo da via,Bom,Não existe,Perfeito estado,Seca,Perfeito estado,Não existe,R-6a,,Única,Faixa seccionada,,
2019-01-14,19:08:00,SEM VÍTIMA,FINALIZADA,AFOGADOS,EST DOS REMEDIOS,1238,,SEMÁFORO Nº 394,EST DOS REMEDIOS,1238,SEMÁFORO Nº 394,AFOGADOS,394,SUBURBIO,ABALROAMENTO LONGITUDINAL,COLISÃO SEM VÍTIMA,1,,,,,1,,,,0,,Longo da via,Bom,Sem defeito,Perfeito estado,Seca,Perfeito estado,Faixa de pedestre,Outras,,Única,Faixa seccionada,,
2019-01-14,19:10:00,COM VÍTIMA,FINALIZADA,AREIAS,AV DR JOSE RUFINO,1315,RUA DA CAPIVARA,EM FRENTE A FARMACIA SANTA TEREZINHA  EM FRENTE AO PICANHA DOURADA  PROX DO SUPERMERCADO ARCO-MIX AREIAS,AV DR JOSE RUFINO,1315,EM FRENTE A FARMACIA SANTA TEREZINHA  EM FRENTE AO PICANHA DOURADA  PROX DO SUPERMERCADO ARCO-MIX AREIAS,AREIAS,,,COLISÃO FRONTAL,COLISÃO ENTRE AUTO E MOTO C/V,1,1,,,,,,,,1,,Esquina,Bom,Não existe,Perfeito estado,Seca,Perfeito estado,Não existe,Não há placas,,Dupla,Faixa contínua,,
2019-01-14,20:37:00,SEM VÍTIMA,FINALIZADA,IPSEP,RUA JEAN EMILE FAVRE,862,,EM FENTE AO SUPERMERCADO ARCO-MIX  EM FRENTE A FARMACIA PAGUE MENOS,RUA JEAN EMILE FAVRE,862,EM FENTE AO SUPERMERCADO ARCO-MIX  EM FRENTE A FARMACIA PAGUE MENOS,IPSEP,,SUBURBIO,COLISÃO TRASEIRA,COLISÃO ENTRE TRÊS AUTOS S/V,3,,,,,,,,,0,,Longo da via,Bom,Não existe,Perfeito estado,Seca,Perfeito estado,Não existe,Não há placas,,Dupla,Faixa contínua,Faixa seccionada,
2019-01-14,21:45:00,SEM VÍTIMA,FINALIZADA,CORDEIRO,RUA CAMBUCI,124,,,RUA CAMBUCI,124,,CORDEIRO,,CIDADE,CHOQUE VEÍCULO PARADO,COLISÃO S/V,,1,,,,1,,,,0,,Longo da via,Bom,Não existe,Perfeito estado,Seca,Perfeito estado,Não existe,Não há placas,,Única,Não existe,,
2019-01-14,21:49:00,SEM VÍTIMA,FINALIZADA,CASA AMARELA,RUA SANTA IZABEL,,RUA DO UNIVERSO,,RUA SANTA IZABEL,,,CASA AMARELA,,CIDADE,ABALROAMENTO TRANSVERSAL,COLISÃO ENTRE UM AUTO E MOTO S/V,1,1,,,,,,,,0,,,Bom,Não existe,Perfeito estado,Seca,Perfeito estado,Não existe,Outras,,Única,Faixa seccionada,,
2019-01-14,23:44:00,SEM VÍTIMA,CANCELADA,TORRE,RUA ANAJANOPOLIS,1,RUA JORNALISTA LUIZ TEIXEIRA,EM FRENTE A BARRACA DO NANDO,RUA ANAJANOPOLIS,1,EM FRENTE A BARRACA DO NANDO,TORRE,,,COLISÃO,COLISÃO ENTRE AUTO E MOTO C/V,1,1,,,,,,,,0,,,,,,,,,,,,,,
2019-01-15,04:05:00,SEM VÍTIMA,FINALIZADA,BOA VIAGEM,AV ENGENHEIRO DOMINGOS FERREIRA,,RUA RIBEIRO DE BRITO,SEMÁFORO Nº 155,AV ENGENHEIRO DOMINGOS FERREIRA,,SEMÁFORO Nº 155,BOA VIAGEM,155,SUBURBIO,ABALROAMENTO LONGITUDINAL,COLISÃO ENTRE DOIS AUTOS S/V,2,,,,,,,,,0,,Cruzamento,Bom,Sem defeito,Perfeito estado,Seca,Perfeito estado,Faixa de pedestre,Não há placas,,Única,Faixa contínua,Faixa seccionada,Canteiro central
2019-01-15,06:28:00,SEM VÍTIMA,FINALIZADA,IPSEP,RUA DR RAPOSO PINTO,467,,EM FRENTE AO EDIFICIO PARQUE BOQUEIRÃO,RUA DR RAPOSO PINTO,467,EM FRENTE AO EDIFICIO PARQUE BOQUEIRÃO,IPSEP,,,COLISÃO,COLISÃO SEM VITIMAS,1,,,,,1,,,,0,,,,,,,,,,,,,,
2019-01-15,07:32:00,SEM VÍTIMA,FINALIZADA,BOA VIAGEM,AV BOA VIAGEM,3296,,EM FRENTE AO EDF 14 BIS,AV BOA VIAGEM,3296,EM FRENTE AO EDF 14 BIS,BOA VIAGEM,547,SUBURBIO,COLISÃO TRASEIRA,SEM VITIMAS,2,,,,,,,,,0,,Longo da via,Bom,Sem defeito,Perfeito estado,Seca,Perfeito estado,Faixa de pedestre,Outras,,Única,Faixa seccionada,,
2019-01-15,07:46:00,SEM VÍTIMA,FINALIZADA,PONTO DE PARADA,RUA PROFESSOR JERONIMO GUEIROS,37,RUA MEM DE SA,EM FRENTE FABRICA DA COCA COLA,RUA PROFESSOR JERONIMO GUEIROS,37,EM FRENTE FABRICA DA COCA COLA,PONTO DE PARADA,495,,COLISÃO TRASEIRA,COLISÃO SEM VITIMAS,2,,,,,,,,,0,,Cruzamento,Bom,Sem defeito,Perfeito estado,Seca,Perfeito estado,,Não há placas,,Única,Não existe,,
2019-01-15,08:14:00,SEM VÍTIMA,FINALIZADA,IMBIRIBEIRA,AV MARECHAL MASCARENHAS DE MORAES,7935,,,AV MARECHAL MASCARENHAS DE MORAES,7935,,IMBIRIBEIRA,,CIDADE,ABALROAMENTO TRANSVERSAL,SEM VITIMAS,1,1,,,,,,,,0,,,Nublado,Não existe,Perfeito estado,Seca,Perfeito estado,Não existe,Não há placas,60 km/h,Dupla,Canteiro central,,
2019-01-15,08:31:00,COM VÍTIMA,FINALIZADA,CAXANGÁ,AV CAXANGA,4695,,EM FRENTE AO GOLF CLUB,AV CAXANGA,4695,EM FRENTE AO GOLF CLUB,CAXANGÁ,,CIDADE,ABALROAMENTO LONGITUDINAL,SEM VITIMAS,1,1,,,,,,,,2,,Longo da via,Bom,Não existe,Perfeito estado,Seca,Perfeito estado,Não existe,R-6a,,Dupla,Faixa seccionada,,
2019-01-15,09:11:00,SEM VÍTIMA,FINALIZADA,AFOGADOS,RUA DA PAZ,,,SEMÁFORO Nº 076,RUA DA PAZ,,SEMÁFORO Nº 076,AFOGADOS,,,COLISÃO TRASEIRA,SEM VITIMAS,2,,,,,,,,,0,,Cruzamento,Bom,Sem defeito,Perfeito estado,Seca,Perfeito estado,,Outras,,Única,Faixa contínua,,
2019-01-15,09:53:00,SEM VÍTIMA,CANCELADA,MACAXEIRA,AV JOSE AMERICO DE ALMEIDA,79,,EM FRENTE AO MERCADINHO BELA VISTA,AV JOSE AMERICO DE ALMEIDA,79,EM FRENTE AO MERCADINHO BELA VISTA,MACAXEIRA,,,COLISÃO,COLISÃO SEM VITIMAS,1,,,,,1,,,,0,,,,,,,,,,,,,,
2019-01-15,10:01:00,SEM VÍTIMA,FINALIZADA,ESPINHEIRO,RUA BARAO DE ITAMARACA,379,,CULTURA INGLESA,RUA BARAO DE ITAMARACA,379,CULTURA INGLESA,ESPINHEIRO,,,ABALROAMENTO TRANSVERSAL,COLISÃO SEM VITIMAS,2,,,,,,,,,0,,Longo da via,Bom,Não existe,Não existente,Seca,Perfeito estado,Não existe,Não há placas,,Dupla,Faixa seccionada,,
2019-01-15,10:15:00,SEM VÍTIMA,FINALIZADA,MONTEIRO,AV DEZESSETE DE AGOSTO,2666,,SOB O SEMÁFORO Nº 370,AV DEZESSETE DE AGOSTO,2666,SOB O SEMÁFORO Nº 370,MONTEIRO,370,,COLISÃO TRASEIRA,COLISÃO SEM VITIMAS,2,,,,,,,,,0,,Longo da via,Bom,Sem defeito,Perfeito estado,Seca,Perfeito estado,Faixa de pedestre,Outras,,Dupla,Faixa contínua,,
2019-01-15,10:27:00,SEM VÍTIMA,FINALIZADA,IPSEP,AV DOM HELDER CAMARA,,AV RECIFE,FARMÁCIA EXTRAFARMA,AV DOM HELDER CAMARA,,FARMÁCIA EXTRAFARMA,IPSEP,55,CIDADE,ABALROAMENTO TRANSVERSAL,COLISÃO SEM VITIMAS,2,,,,,,,,,0,,Cruzamento,Bom,Sem defeito,Incompleta,Seca,Perfeito estado,Faixa de pedestre,Não há placas,60 km/h,Dupla,Faixa contínua,,
2019-01-15,10:49:00,SEM VÍTIMA,FINALIZADA,PINA,AV ANTONIO DE GOES,220,,EM FRENTE A CASA DO BOLO,AV ANTONIO DE GOES,220,EM FRENTE A CASA DO BOLO,PINA,,CIDADE,COLISÃO TRASEIRA,SEM VITIMAS,2,,,,,,,,,0,,Longo da via,Bom,Não existe,Perfeito estado,Seca,Perfeito estado,Não existe,Não há placas,60 km/h,Única,Faixa seccionada,,
2019-01-15,11:30:00,SEM VÍTIMA,FINALIZADA,GRAÇAS,AV RUI BARBOSA,829,,EMPÓRIO DA LUZ,AV RUI BARBOSA,829,EMPÓRIO DA LUZ,GRAÇAS,,CIDADE,ABALROAMENTO LONGITUDINAL,COLISÃO SEM VITIMAS,1,,,,,1,,,,0,,Longo da via,Bom,Não existe,Perfeito estado,Seca,Perfeito estado,Não existe,Outras,,Única,Faixa contínua,,
2019-01-15,12:32:00,SEM VÍTIMA,FINALIZADA,SAN MARTIN,AV GENERAL SAN MARTIN,,,AO LADO DO COMPAZ,AV GENERAL SAN MARTIN,,AO LADO DO COMPAZ,SAN MARTIN,,SUBURBIO,COLISÃO TRASEIRA,COLISAO ENTRE DOIS AUTOS S/V,2,,,,,,,,,0,,Longo da via,Bom,Sem defeito,Perfeito estado,Seca,Perfeito estado,,Outras,,Dupla,Faixa contínua,,
2019-01-15,13:11:00,SEM VÍTIMA,CANCELADA,MADALENA,RUA BENFICA,,,E/F AO BOMPREÇO DA BENFICA,RUA BENFICA,,E/F AO BOMPREÇO DA BENFICA,MADALENA,,,COLISÃO,COLISAO ENTRE DOIS AUTOS S/V,2,,,,,,,,,0,,,,,,,,,,,,,,
2019-01-15,13:20:00,SEM VÍTIMA,FINALIZADA,MACAXEIRA,AV NORTE,,,,AV NORTE,,,MACAXEIRA,296,SUBURBIO,COLISÃO TRASEIRA,DOIS AUTOS S/V,2,,,,,,,,,0,,Longo da via,Bom,Sem defeito,Perfeito estado,Seca,Perfeito estado,Faixa de pedestre,Não há placas,60 km/h,Dupla,Faixa seccionada,,
2019-01-15,13:22:00,SEM VÍTIMA,FINALIZADA,CASA AMARELA,AV NORTE,5246,RUA DA HARMONIA,NO SEMÁFORO 312,AV NORTE,5246,NO SEMÁFORO 312,CASA AMARELA,312,SUBURBIO,COLISÃO FRONTAL,COLISÃO SEM VÍTIMA,2,,,,,,,,,0,,Cruzamento,Bom,Sem defeito,Perfeito estado,Seca,Perfeito estado,Faixa de retenção,,60 km/h,Única,Faixa seccionada,,
2019-01-15,15:29:00,SEM VÍTIMA,FINALIZADA,IPSEP,AV RECIFE,2900,,PERNAMBUCO GÁS,AV RECIFE,2900,PERNAMBUCO GÁS,IPSEP,,,COLISÃO TRASEIRA,COLISAO ENTRE ONIBUS E AUTO S/T,1,,,,,1,,,,0,,Longo da via,Bom,Não existe,Perfeito estado,Seca,Perfeito estado,Não existe,R-6a,,Dupla,Canteiro central,,
2019-01-15,16:17:00,SEM VÍTIMA,FINALIZADA,DERBY,AV GOVERNADOR AGAMENON MAGALHAES,,,EM FRENTE AO BRADESCO/ SENTIDO BOA VAIGEM,AV GOVERNADOR AGAMENON MAGALHAES,,EM FRENTE AO BRADESCO/ SENTIDO BOA VAIGEM,DERBY,,,COLISÃO TRASEIRA,COLISÃO SEM VÍTIMA,2,,,,,,,,,0,,Longo da via,Bom,Não existe,,Seca,Perfeito estado,,Não há placas,60 km/h,Única,Faixa seccionada,,
2019-01-15,16:34:00,SEM VÍTIMA,FINALIZADA,MACAXEIRA,AV NORTE,,,ESCOLA MUNICIPAL NADIR COLASSO,AV NORTE,,ESCOLA MUNICIPAL NADIR COLASSO,MACAXEIRA,,,COLISÃO TRASEIRA,COLISÃO SEM VÍTIMA,2,,,,,,,,,0,,Longo da via,Bom,Não existe,Perfeito estado,Seca,Perfeito estado,Não existe,Outras,60 km/h,Dupla,Canteiro central,,
2019-01-15,16:50:00,SEM VÍTIMA,FINALIZADA,CASA AMARELA,AV NORTE,5407,,O CHALÉ BAR E PETISCARIA,AV NORTE,5407,O CHALÉ BAR E PETISCARIA,CASA AMARELA,,CIDADE,COLISÃO TRASEIRA,ENTRE TRES AUTOS S/V,3,,,,,,,,,0,,Longo da via,Bom,Não existe,Perfeito estado,Seca,Perfeito estado,Não existe,Outras,,Dupla,Canteiro central,,
2019-01-15,16:57:00,SEM VÍTIMA,FINALIZADA,BOA VIAGEM,AV DOM JOAO VI,,,EM FRENTE AO POSTE B012536,AV DOM JOAO VI,,EM FRENTE AO POSTE B012536,BOA VIAGEM,,SUBURBIO,CHOQUE OBJETO FIXO,,1,,,,,,,,,0,,Longo da via,Bom,Não existe,Perfeito estado,Seca,Perfeito estado,Não existe,Não há placas,,Única,Faixa seccionada,,
2019-01-15,17:06:00,SEM VÍTIMA,FINALIZADA,IPUTINGA,RUA SAO MATEUS,223,,PROX A PADARIA MASSA PURA DELICATESSEN,RUA SAO MATEUS,223,PROX A PADARIA MASSA PURA DELICATESSEN,IPUTINGA,,CIDADE,ABALROAMENTO LONGITUDINAL,COLISAO ENTRE DOIS AUTOS S/V,2,,,,,,,,,0,,Longo da via,Bom,Não existe,Perfeito estado,Seca,Perfeito estado,Agente,,40 km/h,,Não existe,,
2019-01-15,18:51:00,SEM VÍTIMA,FINALIZADA,ENCRUZILHADA,RUA FERNANDO CESAR,255,RUA AMARO COUTINHO,,RUA FERNANDO CESAR,255,,ENCRUZILHADA,,SUBURBIO,ABALROAMENTO TRANSVERSAL,COLISÃO S/V,2,,,,,,,,,0,,Longo da via,Bom,Não existe,Incompleta,Seca,Perfeito estado,Não existe,Placas Pare,30 km/h,Única,Não existe,,
2019-01-15,22:43:00,SEM VÍTIMA,FINALIZADA,TEJIPIÓ,AV PADRE IBIAPINA,,,CONDOMINIO MONTE VILLE,AV PADRE IBIAPINA,,CONDOMINIO MONTE VILLE,TEJIPIÓ,,CIDADE,COLISÃO FRONTAL,COLISÃO S/V,2,,,,,,,,,0,,Longo da via,Bom,Não existe,Não existente,Seca,Mal iluminada,,Não há placas,40 km/h,Dupla,Não existe,,
2019-01-16,07:16:00,SEM VÍTIMA,FINALIZADA,ENCRUZILHADA,AV JOAO DE BARROS,1890,,LADO OPOSTO AO BRADESCO,AV JOAO DE BARROS,1890,LADO OPOSTO AO BRADESCO,ENCRUZILHADA,43,SUBURBIO,COLISÃO TRASEIRA,DOIS AUTOS S/V,2,,,,,,,,,0,,Longo da via,Bom,Sem defeito,Perfeito estado,Seca,Perfeito estado,Agente,Não há placas,40 km/h,Única,Não existe,,
2019-01-16,08:18:00,SEM VÍTIMA,FINALIZADA,AREIAS,,,RUA DOS PRAZERES,PRÓX AO IGNEZ ANDREAZZA,,,PRÓX AO IGNEZ ANDREAZZA,AREIAS,,SUBURBIO,ABALROAMENTO LONGITUDINAL,AUTO X CAMINHÃO S/V.,1,,,,,,1,,,0,,Longo da via,Bom,Não existe,Incompleta,Seca,Mal conservada,Não existe,Não há placas,,Dupla,Não existe,,
2019-01-16,08:25:00,SEM VÍTIMA,FINALIZADA,TORRE,RUA VITORIANO PALHARES,194,,E/F AO EDF. ITAMARACÁ COLONIAL,RUA VITORIANO PALHARES,194,E/F AO EDF. ITAMARACÁ COLONIAL,TORRE,,,CHOQUE VEÍCULO PARADO,SEM VÍTIMAS,2,,,,,,,,,0,,Longo da via,Bom,Não existe,Não existente,Seca,Perfeito estado,Não existe,Não há placas,,Dupla,Não existe,,