data,hora,natureza_acidente,situacao,bairro,endereco,numero,detalhe_endereco_acidente,complemento,endereco_cruzamento,numero_cruzamento,referencia_cruzamento,bairro_cruzamento,num_semaforo,sentido_via,tipo,descricao,auto,moto,ciclom,ciclista,pedestre,onibus,caminhao,viatura,outros,vitimas,vitimasfatais,acidente_verificado,tempo_clima,situacao_semaforo,sinalizacao,condicao_via,conservacao_via,ponto_controle,situacao_placa,velocidade_max_via,mao_direcao,divisao_via1,divisao_via2,divisao_via3
2019-01-18,11:14:00,SEM VÍTIMA,FINALIZADA,MADALENA,RUA JOAO IVO DA SILVA,,,RUA DO RESTAURANTE ESQUINA DA PICANHA,RUA JOAO IVO DA SILVA,,RUA DO RESTAURANTE ESQUINA DA PICANHA,MADALENA,,CIDADE,ABALROAMENTO LONGITUDINAL,SEM VITIMAS VT18 DA CTTU NO LOCAL,1,,,,,1,,,,0,,Longo da via,Bom,Não existe,Perfeito estado,Seca,Perfeito estado,Não existe,Não há placas,,Única,Canal,,
2019-01-18,11:59:00,SEM VÍTIMA,FINALIZADA,CORDEIRO,AV MARIO ALVARES PEREIRA DE LYRA,319,AV CAMARAO,AO LADO DO CANAL DO CAVOCO,AV MARIO ALVARES PEREIRA DE LYRA,319,AO LADO DO CANAL DO CAVOCO,CORDEIRO,,,COLISÃO,DOIS AUTOS S/V,2,,,,,,,,,0,,,,,,,,,,,,,,
2019-01-18,14:15:00,SEM VÍTIMA,FINALIZADA,MADALENA,RUA PROFESSOR JOSE TORRES PIRES,26,,EM FRENTE AO EDIFICIO SOLAR BEIRA RIO,RUA PROFESSOR JOSE TORRES PIRES,26,EM FRENTE AO EDIFICIO SOLAR BEIRA RIO,MADALENA,,,COLISÃO,COLISÃO SEM VÍTIMA,1,1,,,,,,,,0,,,,,,,,,,,,,,
2019-01-15,09:10:00,COM VÍTIMA,FINALIZADA,DERBY,AV GOVERNADOR AGAMENON MAGALHAES,,AV GOVERNADOR CARLOS DE LIMA CAVALCANTI,,AV GOVERNADOR AGAMENON MAGALHAES,,,DERBY,75,SUBURBIO,ABALROAMENTO TRANSVERSAL,COLISÃO COM UMA VÍTIMA.,,1,,,,,1,,,1,,Cruzamento,Bom,Sem defeito,Perfeito estado,Seca,Perfeito estado,,,,Dupla,,,
2019-01-18,14:54:00,SEM VÍTIMA,FINALIZADA,SAN MARTIN,AV GENERAL SAN MARTIN,,AV ENGENHEIRO ABDIAS DE CARVALHO,AO LADO DO COMPAZ,AV GENERAL SAN MARTIN,,AO LADO DO COMPAZ,SAN MARTIN,,,COLISÃO,COLISAO ENTRE DOIS AUTOS S/V,,,,,,,,,,0,,,,,,,,,,,,,,
2019-01-18,15:03:00,COM VÍTIMA,FINALIZADA,CASA AMARELA,EST DO ARRAIAL,4265,RUA RAIMUNDO FREIXEIRA,APOS O MERCADO DE CASA AMARELA  EM FRENTE A CASA FORTE DIAGNOSTICO,EST DO ARRAIAL,4265,APOS O MERCADO DE CASA AMARELA  EM FRENTE A CASA FORTE DIAGNOSTICO,CASA AMARELA,,SUBURBIO,COLISÃO COM CICLISTA,AUTO E CICLISTA,1,,,1,,,,,,1,,Longo da via,Bom,Sem defeito,Perfeito estado,Seca,Perfeito estado,Não existe,Não há placas,,Única,Faixa seccionada,,
2019-01-18,15:04:00,SEM VÍTIMA,FINALIZADA,BONGI,RUA MARIA AUGUSTA,519,,EM FRENTE A SECRETARIA DE SAUDE  A CELPE,RUA MARIA AUGUSTA,519,EM FRENTE A SECRETARIA DE SAUDE  A CELPE,BONGI,,,COLISÃO,AUTO E MOTO S/V,2,,,,,,,,,0,,,,,,,,,,,,,,
2019-01-18,15:07:00,SEM VÍTIMA,FINALIZADA,JARDIM SÃO PAULO,AV SAO PAULO,,,APÓS O SEMÁFORO 654,AV SAO PAULO,,APÓS O SEMÁFORO 654,JARDIM SÃO PAULO,,SUBURBIO,ABALROAMENTO TRANSVERSAL,COLISAO ENTRE ONIBUS E AUTO S/V,1,,,,,1,,,,0,,Cruzamento,Bom,Sem defeito,Perfeito estado,Seca,Perfeito estado,Outros,Outras,30 km/h,Dupla,Não existe,,
2019-01-18,15:08:00,SEM VÍTIMA,FINALIZADA,ESPINHEIRO,RUA ALFREDO DE CARVALHO,,RUA MARQUES DO PARANA,,RUA ALFREDO DE CARVALHO,,,ESPINHEIRO,,,ABALROAMENTO TRANSVERSAL,DOIS AUTOS,2,,,,,,,,,0,,Cruzamento,Bom,Não existe,Perfeito estado,Seca,Perfeito estado,Não existe,Placas Pare,,Dupla,Não existe,,
2019-01-18,16:59:00,SEM VÍTIMA,FINALIZADA,ROSARINHO,RUA CAIO PEREIRA,800,,EM FRENTE AO EDF SAINT JULIANA,RUA CAIO PEREIRA,800,EM FRENTE AO EDF SAINT JULIANA,ROSARINHO,,SUBURBIO,COLISÃO TRASEIRA,DOIS AUTOS ,2,,,,,,,,,0,,Longo da via,Bom,Não existe,Perfeito estado,Seca,Perfeito estado,Não existe,Placas Pare,,Dupla,Não existe,,
2019-01-18,17:19:00,SEM VÍTIMA,FINALIZADA,SÃO JOSÉ,PTE GIRATORIA,,,,PTE GIRATORIA,,,SÃO JOSÉ,,,COLISÃO,,1,,,,,,1,,,0,,,,,,,,,,,,,,
2019-01-18,19:01:00,COM VÍTIMA,FINALIZADA,SANTO AMARO,AV CRUZ CABUGA,,,EM FRENTE AO HOSP. DO CÂNCER,AV CRUZ CABUGA,,EM FRENTE AO HOSP. DO CÂNCER,SANTO AMARO,,CIDADE,COLISÃO TRASEIRA,COLISÃO COM VÍTIMA,,1,,,,1,,,,1,,Longo da via,Bom,Sem defeito,Perfeito estado,Seca,Perfeito estado,Não existe,Outras,,Dupla,Canteiro central,,
2019-01-18,19:29:00,SEM VÍTIMA,CANCELADA,IMBIRIBEIRA,AV MARECHAL MASCARENHAS DE MORAES,,,EM FRENTE A TOYOTA  APOS O VIADULTO TANCREDO NEVES NO SENTIDO AEROPORTO,AV MARECHAL MASCARENHAS DE MORAES,,EM FRENTE A TOYOTA  APOS O VIADULTO TANCREDO NEVES NO SENTIDO AEROPORTO,IMBIRIBEIRA,,,COLISÃO,COLISÃOO SEM VITIMA,2,,,,,,,,,0,,,,,,,,,,,,,,
2019-01-18,19:29:00,SEM VÍTIMA,FINALIZADA,ESPINHEIRO,AV CONS ROSA E SILVA,,RUA DO ESPINHEIRO,E/F A DALENA E PRÓX AO HOSPITAL DOS SERVIDORES,AV CONS ROSA E SILVA,,E/F A DALENA E PRÓX AO HOSPITAL DOS SERVIDORES,ESPINHEIRO,,SUBURBIO,ABALROAMENTO LONGITUDINAL,ENTRE 2 AUTOS. S/V,2,,,,,,,,,0,,Longo da via,Bom,Não existe,Perfeito estado,Seca,Perfeito estado,Não existe,Não há placas,,Única,Faixa seccionada,,
2019-01-18,23:17:00,COM VÍTIMA,FINALIZADA,SANTO AMARO,AV CRUZ CABUGA,1200,,E/F AO HOSPITAL NAVAL E PRÓX A SETRA  snt recife / PRÓX A ÁREA MILITAR,AV CRUZ CABUGA,1200,E/F AO HOSPITAL NAVAL E PRÓX A SETRA  snt recife / PRÓX A ÁREA MILITAR,SANTO AMARO,,CIDADE,CHOQUE VEÍCULO PARADO,ENTRE CAMINHÃO E MOTO. C/V,,1,,,,,1,,,1,,Longo da via,Bom,Sem defeito,Perfeito estado,Seca,Perfeito estado,Não existe,Não há placas,,Dupla,Faixa seccionada,,
2019-01-19,09:28:00,COM VÍTIMA,CANCELADA,BOA VIAGEM,AV CONSELHEIRO AGUIAR,680,RUA VICENCIA,EM FRENTE A LANCHONETE LINDA LANCHES,AV CONSELHEIRO AGUIAR,680,EM FRENTE A LANCHONETE LINDA LANCHES,BOA VIAGEM,,,COLISÃO,COM UMA VITIMA,1,1,,,,,,,,1,,,,,,,,,,,,,,
2019-01-19,09:42:00,SEM VÍTIMA,CANCELADA,IPUTINGA,RUA BOM PASTOR,,RUA RIBEIRAO,EM FRENTE A CHURRASCARIA CARRETA,RUA BOM PASTOR,,EM FRENTE A CHURRASCARIA CARRETA,IPUTINGA,,,COLISÃO,COLISÃO SEM VITIMAS,2,,,,,,,,,0,,,,,,,,,,,,,,
2019-01-19,10:09:00,COM VÍTIMA,FINALIZADA,PRADO,EST DOS REMEDIOS,,AV ENGENHEIRO ABDIAS DE CARVALHO,EM FRENTE A FARMACIA DROGASIL,EST DOS REMEDIOS,,EM FRENTE A FARMACIA DROGASIL,PRADO,52,SUBURBIO,ABALROAMENTO TRANSVERSAL,COLISÃO COM VITIMA A ESPERA DO SAMU,1,1,,,,,,,,2,,Cruzamento,Bom,Sem defeito,Perfeito estado,Seca,Perfeito estado,Faixa de pedestre,Outras,,Dupla,Canteiro central,,
2019-01-19,11:16:00,SEM VÍTIMA,FINALIZADA,AFOGADOS,RUA GARDENIA,180,RUA TURIACU,PRÓX À TED SORVETERIA.,RUA GARDENIA,180,PRÓX À TED SORVETERIA.,AFOGADOS,,,COLISÃO,AUTO X CAMINHÃO S/V.,1,,,,,,1,,,0,,,,,,,,,,,,,,
2019-01-19,11:46:00,SEM VÍTIMA,FINALIZADA,MADALENA,RUA SPORT CLUBE DO RECIFE,20,AV ENGENHEIRO ABDIAS DE CARVALHO,OPOSTO AO ESTÁDIO DA ILHA DO RETIRO,RUA SPORT CLUBE DO RECIFE,20,OPOSTO AO ESTÁDIO DA ILHA DO RETIRO,MADALENA,355,SUBURBIO,ABALROAMENTO LONGITUDINAL,COLISÃO SEM VITIMAS,2,,,,,,,,,0,,Longo da via,Bom,Sem defeito,Perfeito estado,Seca,Perfeito estado,Outros,R-6a,40 km/h,Única,Não existe,,
2019-01-19,12:14:00,SEM VÍTIMA,FINALIZADA,CORDEIRO,RUA FIDELIS MOLITERNO,277,,APOS A LOCALIZA SEGUNDA A DIREITA,RUA FIDELIS MOLITERNO,277,APOS A LOCALIZA SEGUNDA A DIREITA,CORDEIRO,,,COLISÃO,COLISAO ENTRE DOIS AUTOS S/V,2,,,,,,,,,0,,,,,,,,,,,,,,
2019-01-19,12:36:00,SEM VÍTIMA,FINALIZADA,SAN MARTIN,RUA COMENDADOR FRANCO FERREIRA,,RUA JOSE VELOSO,,RUA COMENDADOR FRANCO FERREIRA,,,SAN MARTIN,,SUBURBIO,ABALROAMENTO TRANSVERSAL,COLISAO ENTRE DOIS AUTOS S/V,2,,,,,,,,,0,,Cruzamento,Bom,Não existe,Incompleta,Seca,Perfeito estado,Não existe,Placas Pare,30 km/h,Dupla,,,
2019-01-19,16:11:00,SEM VÍTIMA,FINALIZADA,JORDÃO,RUA GARIBALDINA,7,,EM FRENTE A SERRALHARIA DO BERG,RUA GARIBALDINA,7,EM FRENTE A SERRALHARIA DO BERG,JORDÃO,,,COLISÃO,COLISÃO SEM VÍTIMA,2,,,,,,1,,,0,,,,,,,,,,,,,,
2019-01-19,16:14:00,COM VÍTIMA,FINALIZADA,ROSARINHO,AV SANTOS DUMONT,815,,ANTES DA PADARIA DO ROSARINHO. EM FRENTE AO EDIFÍCIO PEDRA DO SÍTIO DAS ROSEIRAS.,AV SANTOS DUMONT,815,ANTES DA PADARIA DO ROSARINHO. EM FRENTE AO EDIFÍCIO PEDRA DO SÍTIO DAS ROSEIRAS.,ROSARINHO,,ARRUDA,CHOQUE VEÍCULO PARADO,COLISÃO COM VITIMAS,4,,,,,,,,,1,,Longo da via,Bom,Sem defeito,Perfeito estado,Seca,Perfeito estado,Faixa de pedestre,Não há placas,,Única,Faixa seccionada,,
2019-01-19,16:32:00,SEM VÍTIMA,FINALIZADA,CABANGA,AV SATURNINO DE BRITO,,,,AV SATURNINO DE BRITO,,,CABANGA,661,SUBURBIO,COLISÃO TRASEIRA,,1,1,,,,,,,,0,,Longo da via,Bom,Sem defeito,Perfeito estado,Seca,Perfeito estado,Faixa de pedestre,Não há placas,,Única,Faixa contínua,,
2019-01-19,17:38:00,SEM VÍTIMA,FINALIZADA,PORTO DA MADEIRA,AV BEBERIBE,,,SOB O SEMÁFORO Nº575,AV BEBERIBE,,SOB O SEMÁFORO Nº575,PORTO DA MADEIRA,575,CIDADE,COLISÃO TRASEIRA,COLISÃO SEM VITIMA,3,,,,,,,,,0,,Longo da via,Bom,Sem defeito,Perfeito estado,Seca,Perfeito estado,Faixa de pedestre,Outras,,Dupla,Faixa contínua,,
2019-01-19,18:21:00,SEM VÍTIMA,FINALIZADA,PARNAMIRIM,RUA GOMES COUTINHO,2646,,EMPÓRIO AVIAMENTOS,RUA GOMES COUTINHO,2646,EMPÓRIO AVIAMENTOS,PARNAMIRIM,,SUBURBIO,COLISÃO TRASEIRA,COLISÃO SEM VITIMA,2,,,,,,,,,0,,Longo da via,Bom,Não existe,Perfeito estado,Seca,Perfeito estado,,Placas Pare,,Única,Não existe,,
2019-01-19,18:47:00,COM VÍTIMA,FINALIZADA,ÁGUA FRIA,AV BEBERIBE,,,E/F AO PAGODE DA PRESSÃO,AV BEBERIBE,,E/F AO PAGODE DA PRESSÃO,ÁGUA FRIA,153,CIDADE,COLISÃO FRONTAL,COLISÃO C/V,,2,,,,,,,,1,,Longo da via,Bom,Sem defeito,Perfeito estado,Seca,Perfeito estado,Faixa de pedestre,Não há placas,,Dupla,Faixa contínua,Faixa seccionada,
2019-01-19,19:27:00,SEM VÍTIMA,FINALIZADA,PARNAMIRIM,AV NORTE,3287,,,AV NORTE,3287,,PARNAMIRIM,,CIDADE,COLISÃO TRASEIRA,COLISÃO SEM VITIMA,3,,,,,,,,,0,,Longo da via,Bom,Não existe,Incompleta,Seca,Mal iluminada,Faixa de pedestre,Não há placas,60 km/h,Dupla,Canteiro central,,
2019-01-20,00:21:00,COM VÍTIMA,FINALIZADA,CORDEIRO,AV GENERAL SAN MARTIN,,RUA GOMES TABORDA,PRÓX A DROGASIL // PRÓX AO ATAREJO IDEAL,AV GENERAL SAN MARTIN,,PRÓX A DROGASIL // PRÓX AO ATAREJO IDEAL,CORDEIRO,67,,ABALROAMENTO LONGITUDINAL,COLISÃO ENTRE AUTO E MOTO  SEM VÍTIMAS.,1,1,,,,,,,,1,,Cruzamento,Bom,Sem defeito,Perfeito estado,Seca,Perfeito estado,Faixa de pedestre,Outras,,Dupla,Não existe,,
2019-01-20,02:08:00,SEM VÍTIMA,FINALIZADA,MACAXEIRA,AV NORTE,,,,AV NORTE,,,MACAXEIRA,196,CIDADE,ABALROAMENTO LONGITUDINAL,COLISÃO ENTRE DOIS AUTOS S/V,2,,,,,,,,,0,,Longo da via,Bom,Sem defeito,Perfeito estado,Seca,Mal iluminada,Faixa de pedestre,Não há placas,60 km/h,Única,Faixa seccionada,,
2019-01-20,04:19:00,SEM VÍTIMA,FINALIZADA,BOA VIAGEM,AV ENGENHEIRO DOMINGOS FERREIRA,4060,RUA RIBEIRO DE BRITO,PRÓX AO BLUE TOWER,AV ENGENHEIRO DOMINGOS FERREIRA,4060,PRÓX AO BLUE TOWER,BOA VIAGEM,155,SUBURBIO,ABALROAMENTO TRANSVERSAL,COLISÃO ENTRE DOIS AUTOS  SEM VÍTIMAS.,2,,,,,,,,,0,,Longo da via,Bom,Sem defeito,Perfeito estado,Seca,Perfeito estado,Faixa de pedestre,Outras,,Única,Faixa seccionada,,
2019-01-20,06:56:00,SEM VÍTIMA,FINALIZADA,ESPINHEIRO,RUA CONS PORTELA,504,RUA QUARENTA E OITO,DE ESQUINA COM A FARMACIA PAGUE MENOS,RUA CONS PORTELA,504,DE ESQUINA COM A FARMACIA PAGUE MENOS,ESPINHEIRO,11,SUBURBIO,ABALROAMENTO LONGITUDINAL,DOIS AUTOS,2,,,,,,,,,0,,Cruzamento,Bom,Sem defeito,Perfeito estado,Seca,Perfeito estado,Faixa de pedestre,R-6a,40 km/h,Única,Faixa contínua,,
2019-01-20,07:26:00,SEM VÍTIMA,FINALIZADA,ENGENHO DO MEIO,RUA OSVALDO GUIMARAES,30,,,RUA OSVALDO GUIMARAES,30,,ENGENHO DO MEIO,,SUBURBIO,ABALROAMENTO LONGITUDINAL,SEM VÍTIMAS,1,,,,,1,,,,0,,Longo da via,Bom,Não existe,Perfeito estado,Seca,Perfeito estado,Não existe,Outras,,Única,Não existe,,
2019-01-20,08:05:00,SEM VÍTIMA,FINALIZADA,CAMPO GRANDE,RUA JERONIMO VILELA,,,DE FRENTE AO SEMÁFORO,RUA JERONIMO VILELA,,DE FRENTE AO SEMÁFORO,CAMPO GRANDE,565,SUBURBIO,ABALROAMENTO LONGITUDINAL,ENTRE AUTOS S/V.,2,,,,,,,,,0,,Longo da via,Chuvoso,Sem defeito,Perfeito estado,Molhada,Perfeito estado,Faixa de pedestre,Placas Pare,,Dupla,Faixa seccionada,,
2019-01-20,08:21:00,COM VÍTIMA,FINALIZADA,CABANGA,PTE GOVERNADOR PAULO GUERRA,,,SOBRE A PONTE DO CABANGA  AO LADO DO CABANGA IATE CLUBE,PTE GOVERNADOR PAULO GUERRA,,SOBRE A PONTE DO CABANGA  AO LADO DO CABANGA IATE CLUBE,CABANGA,,JOANA BEZERRA,COLISÃO TRASEIRA,COM UMA VÍTIMA HÁ SER SOCORRIDA PELO SAMU,1,1,,,,,,,,2,,Ponte,Bom,Não existe,Perfeito estado,Seca,Perfeito estado,Outros,Outras,40 km/h,Única,Faixa contínua,Faixa seccionada,
2019-01-20,12:23:00,SEM VÍTIMA,FINALIZADA,BARRO,AV JORNALISTA COSTA PORTO,1065,,,AV JORNALISTA COSTA PORTO,1065,,BARRO,,,COLISÃO,AUTO E MOTO S/V,1,1,,,,,,,,0,,,,,,,,,,,,,,
2019-01-20,13:35:00,SEM VÍTIMA,FINALIZADA,MADALENA,AV CAXANGA,,,PRÓXIMO AO MUSEU DA ABOLIÇÃO,AV CAXANGA,,PRÓXIMO AO MUSEU DA ABOLIÇÃO,MADALENA,,CIDADE,ABALROAMENTO LONGITUDINAL,ENTRE DOIS AUTOS S/V,2,,,,,,,,,0,,Longo da via,Bom,Não existe,Perfeito estado,Seca,Perfeito estado,Não existe,,,Única,Faixa seccionada,,
2019-01-20,14:12:00,COM VÍTIMA,FINALIZADA,ARRUDA,AV BEBERIBE,875,,PROX. AO CAMPO DO ARRUDA  E AO LADO DO LOJAO DO PETROLEO,AV BEBERIBE,875,PROX. AO CAMPO DO ARRUDA  E AO LADO DO LOJAO DO PETROLEO,ARRUDA,,CIDADE,ABALROAMENTO LONGITUDINAL,AUTO E MOTO C/V,1,1,,,,,,,,1,,Longo da via,Bom,Não existe,Perfeito estado,Seca,Perfeito estado,Não existe,R-6a,,Dupla,Faixa contínua,Faixa seccionada,
2019-01-20,15:07:00,COM VÍTIMA,FINALIZADA,ENCRUZILHADA,AV NORTE,,AV JOAO DE BARROS,EM FRENTE AO SANTADER,AV NORTE,,EM FRENTE AO SANTADER,ENCRUZILHADA,43,SUBURBIO,ABALROAMENTO TRANSVERSAL,AUTO E MOTO C/V,1,1,,,,,,,,1,,Cruzamento,Bom,Sem defeito,Perfeito estado,Seca,Perfeito estado,Faixa de pedestre,,60 km/h,Única,Faixa,Canteiro central,
2019-01-20,16:43:00,SEM VÍTIMA,CANCELADA,CAXANGÁ,RUA RIBEIRO PESSOA,,,APÓS O MOTEL TURQUESA E PROXIMO AO MOTEL PARAISO/ SENTIDO DOIS IRMÃOS,RUA RIBEIRO PESSOA,,APÓS O MOTEL TURQUESA E PROXIMO AO MOTEL PARAISO/ SENTIDO DOIS IRMÃOS,CAXANGÁ,,,COLISÃO,COLISÃO SEM VÍTIMA,,,,,,,,,,0,,,,,,,,,,,,,,
2019-01-20,17:06:00,SEM VÍTIMA,FINALIZADA,AFOGADOS,RUA COSME VIANA,545,,EM FRENTE A PEDRAGON,RUA COSME VIANA,545,EM FRENTE A PEDRAGON,AFOGADOS,,CIDADE,ABALROAMENTO LONGITUDINAL,COLISÃO SEM VÍTIMA,2,,,,,,,,,0,,Longo da via,Bom,Com defeito,Perfeito estado,Seca,Perfeito estado,Não existe,Outras,,Única,Faixa contínua,,
2019-01-20,22:35:00,SEM VÍTIMA,FINALIZADA,BOA VIAGEM,RUA BALTAZAR PASSOS,,RUA PROFESSOR AUGUSTO LINS E SILVA,PROX. A PANIFICADORA PAN JOVEM,RUA BALTAZAR PASSOS,,PROX. A PANIFICADORA PAN JOVEM,BOA VIAGEM,,CIDADE,CHOQUE OBJETO FIXO,COLISÃO COM POSTE,1,,,,,,,,,0,,Cruzamento,Bom,Não existe,Perfeito estado,Seca,Perfeito estado,Faixa de pedestre,,,Única,Faixa seccionada,,
2019-01-21,06:39:00,SEM VÍTIMA,CANCELADA,BOA VIAGEM,AV BOA VIAGEM,4298,,EM FRENTE AO EDF RHODS,AV BOA VIAGEM,4298,EM FRENTE AO EDF RHODS,BOA VIAGEM,,,COLISÃO,SEM VITIMAS,1,1,,,,,,,,0,,,,,,,,,,,,,,
2019-01-21,06:47:00,SEM VÍTIMA,FINALIZADA,AREIAS,AV RECIFE,578,AV TAPAJOS,,AV RECIFE,578,,AREIAS,620,SUBURBIO,ABALROAMENTO LONGITUDINAL,SEM VÍTIMAS,1,,,1,,,,,,0,,Cruzamento,Bom,Sem defeito,Perfeito estado,Seca,Perfeito estado,Faixa de pedestre,R-6a,,Dupla,Faixa seccionada,,
2019-01-21,07:04:00,COM VÍTIMA,FINALIZADA,SANTO ANTÔNIO,PTE SEIS DE MARCO,,,SOBRE A PONTE VELHA,PTE SEIS DE MARCO,,SOBRE A PONTE VELHA,SANTO ANTÔNIO,,CIDADE,ABALROAMENTO TRANSVERSAL,COM UMA VITIMA  JA SOCORRIDA PELOS BOMBEIROS CTTU NO LOCAL 11/13 MOTOS,1,1,,,,,,,,1,,Longo da via,Bom,Não existe,Perfeito estado,Seca,Perfeito estado,Não existe,Outras,,Única,Faixa,,
2019-01-21,08:31:00,SEM VÍTIMA,FINALIZADA,SÃO JOSÉ,AV SUL,,,SOB O VIADUTO DAS CINCO PONTAS,AV SUL,,SOB O VIADUTO DAS CINCO PONTAS,SÃO JOSÉ,72,CIDADE,COLISÃO TRASEIRA,DOIS AUTOS,2,,,,,,,,,0,,Longo da via,Bom,Sem defeito,Perfeito estado,Seca,Perfeito estado,Faixa de pedestre,Não há placas,,Única,Faixa seccionada,,
2019-01-21,08:34:00,SEM VÍTIMA,FINALIZADA,BOA VIAGEM,AV DES JOSE NEVES,563,,EM FRENTE A IGREJA UNIVERSAL,AV DES JOSE NEVES,563,EM FRENTE A IGREJA UNIVERSAL,BOA VIAGEM,,CIDADE,COLISÃO TRASEIRA,COLISÃO SEM VITIMAS,3,,,,,,,,,0,,Longo da via,Bom,Não existe,Perfeito estado,Seca,Perfeito estado,Não existe,Não há placas,,Dupla,Faixa seccionada,Canal,
2019-01-21,08:39:00,SEM VÍTIMA,FINALIZADA,DERBY,RUA JENER DE SOUZA,,,E/F A ANTIGA ESCOLA DE MEDICINA DA UFPE.,RUA JENER DE SOUZA,,E/F A ANTIGA ESCOLA DE MEDICINA DA UFPE.,DERBY,412,CIDADE,COLISÃO TRASEIRA,SEM VÍTIMAS. BATEDORES NO LOCAL.,2,,,,,,,,,0,,Longo da via,Bom,Sem defeito,Perfeito estado,Seca,Perfeito estado,Faixa de pedestre,Não há placas,40 km/h,Dupla,Canteiro central,,
2019-01-21,08:42:00,COM VÍTIMA,FINALIZADA,APIPUCOS,AV DEZESSETE DE AGOSTO,685,,LAGOA DE APIPUCOS.,AV DEZESSETE DE AGOSTO,685,LAGOA DE APIPUCOS.,APIPUCOS,,SUBURBIO,ABALROAMENTO LONGITUDINAL,AUTO E MOTO,1,1,,,,,,,,1,,Longo da via,Bom,Não existe,Perfeito estado,Seca,Perfeito estado,Não existe,R-6a,,Dupla,Faixa contínua,,
2019-01-21,08:44:00,SEM VÍTIMA,FINALIZADA,BOA VIAGEM,RUA AMAZONAS,1177,AV CONSELHEIRO AGUIAR,ESQUINA COM A N. SA DO LORETO,RUA AMAZONAS,1177,ESQUINA COM A N. SA DO LORETO,BOA VIAGEM,,CIDADE,ABALROAMENTO LONGITUDINAL,COLISÃO SEM VITIMAS,2,,,,,,,,,0,,Longo da via,Bom,Não existe,Perfeito estado,Seca,Perfeito estado,Não existe,Placas Pare,,Única,Não existe,,
2019-01-21,09:26:00,COM VÍTIMA,FINALIZADA,SANTO ANTÔNIO,AV MARTINS DE BARROS,,PRC DA REPUBLICA,EM FRENTE A SECRETARIA DA FAZENDA ESTADUAL,AV MARTINS DE BARROS,,EM FRENTE A SECRETARIA DA FAZENDA ESTADUAL,SANTO ANTÔNIO,,SUBURBIO,COLISÃO TRASEIRA,COLISÃO SEM VITIMAS,2,,,,,1,,,,1,,Longo da via,Bom,Sem defeito,Perfeito estado,Seca,Perfeito estado,Faixa de pedestre,,,Única,Faixa,,
2019-01-21,09:37:00,SEM VÍTIMA,FINALIZADA,PINA,AV CONSELHEIRO AGUIAR,,AV HERCULANO BANDEIRA,EM FRENTE AO RESTAURANTE PIZZA CLOCK,AV CONSELHEIRO AGUIAR,,EM FRENTE AO RESTAURANTE PIZZA CLOCK,PINA,138,CIDADE,ABALROAMENTO LONGITUDINAL,COLISÃO SEM VITIMAS,2,,,,,,,,,0,,Longo da via,Bom,Sem defeito,Perfeito estado,Seca,Perfeito estado,Agente,Não há placas,60 km/h,Única,Faixa seccionada,,
2019-01-21,09:37:00,SEM VÍTIMA,FINALIZADA,DOIS IRMÃOS,RUA MANUEL DE MEDEIROS,314,,,RUA MANUEL DE MEDEIROS,314,,DOIS IRMÃOS,,SUBURBIO,COLISÃO TRASEIRA,DOIS AUTOS,2,,,,,,,,,0,,Longo da via,Bom,Não existe,Perfeito estado,Seca,Perfeito estado,Não existe,Não há placas,60 km/h,Dupla,Faixa contínua,,
2019-01-21,10:08:00,SEM VÍTIMA,CANCELADA,SÃO JOSÉ,AV SUL,,,PROXIMO AO VIATUDO,AV SUL,,PROXIMO AO VIATUDO,SÃO JOSÉ,,CIDADE,COLISÃO,COLISÃO SEM VITIMA,1,,,,,,1,,,0,,,,,,,,,,,,,,
2019-01-21,10:25:00,COM VÍTIMA,FINALIZADA,PRADO,RUA PADRE TEOFILO TWORZ,295,RUA SANTA EDWIRGES,EM FRENTE A IGREJA PREBISTERIANA DO PRADO,RUA PADRE TEOFILO TWORZ,295,EM FRENTE A IGREJA PREBISTERIANA DO PRADO,PRADO,,CIDADE,ABALROAMENTO TRANSVERSAL,COLISÃO COM VITIMA SOCORRIDO PELO SAMU,2,1,,,,,,,,1,,Cruzamento,Bom,Não existe,Incompleta,Seca,Perfeito estado,Não existe,Não há placas,,Dupla,Não existe,,
2019-01-21,10:31:00,COM VÍTIMA,FINALIZADA,APIPUCOS,RUA DE APIPUCOS,,,PARQUE APIPUCOS.,RUA DE APIPUCOS,,PARQUE APIPUCOS.,APIPUCOS,,CIDADE,COLISÃO TRASEIRA,COM UMA VITIMA  SAMU NO LOCAL VT 13 CTTU NO LOCAL,1,1,,,,,,,,1,,Longo da via,Bom,Não existe,Perfeito estado,Seca,Perfeito estado,Não existe,Outras,60 km/h,Dupla,Faixa,,
2019-01-21,10:53:00,SEM VÍTIMA,FINALIZADA,CASA AMARELA,RUA PADRE LEMOS,150,,CASA VALÉRIA,RUA PADRE LEMOS,150,CASA VALÉRIA,CASA AMARELA,,SUBURBIO,COLISÃO TRASEIRA,COLISÃO SEM VITIMAS,2,,,,,,,,,0,,Longo da via,Bom,Não existe,Perfeito estado,Seca,Perfeito estado,Não existe,Outras,,Dupla,Faixa contínua,,
2019-01-21,11:05:00,COM VÍTIMA,FINALIZADA,SANTO AMARO,AV DR JAYME DA FONTE,,,NA CURVA AO LADO DO HOSPITAL NAVAL/SENTIDO OLINDA,AV DR JAYME DA FONTE,,NA CURVA AO LADO DO HOSPITAL NAVAL/SENTIDO OLINDA,SANTO AMARO,343,SUBURBIO,COLISÃO COM CICLISTA,SAMU NO LOCAL,1,,,1,,,,,,1,,Longo da via,Bom,Sem defeito,Perfeito estado,Seca,Perfeito estado,Não existe,Não há placas,60 km/h,Dupla,Faixa seccionada,Canteiro central,