data,hora,natureza_acidente,situacao,bairro,endereco,numero,detalhe_endereco_acidente,complemento,endereco_cruzamento,numero_cruzamento,referencia_cruzamento,bairro_cruzamento,num_semaforo,sentido_via,tipo,descricao,auto,moto,ciclom,ciclista,pedestre,onibus,caminhao,viatura,outros,vitimas,vitimasfatais,acidente_verificado,tempo_clima,situacao_semaforo,sinalizacao,condicao_via,conservacao_via,ponto_controle,situacao_placa,velocidade_max_via,mao_direcao,divisao_via1,divisao_via2,divisao_via3
2019-01-21,11:06:00,SEM VÍTIMA,FINALIZADA,TEJIPIÓ,RUA GENERAL MANUEL RABELO,338,,,RUA GENERAL MANUEL RABELO,338,,TEJIPIÓ,,SUBURBIO,COLISÃO TRASEIRA,SEM VÍTIMAS.,2,,,,,,,,,0,,Longo da via,Bom,Não existe,Perfeito estado,Seca,Perfeito estado,Não existe,,,Dupla,Faixa contínua,,
2019-01-21,11:12:00,SEM VÍTIMA,FINALIZADA,BOA VISTA,AV GOVERNADOR AGAMENON MAGALHAES,,RUA JOAO FERNANDES VIEIRA,,AV GOVERNADOR AGAMENON MAGALHAES,,,BOA VISTA,37,,ABALROAMENTO LONGITUDINAL,COLISÃO SEM VITIMAS,1,,,,,1,,,,0,,,Bom,Sem defeito,Perfeito estado,Seca,Perfeito estado,Outros,Outras,60 km/h,Única,Outros,,
2019-01-21,11:40:00,SEM VÍTIMA,FINALIZADA,BOA VIAGEM,AV ENGENHEIRO DOMINGOS FERREIRA,,,EM FRENTE A FAMÍLIA JULIANO/ LADO OPOSTO AO Nº 4023,AV ENGENHEIRO DOMINGOS FERREIRA,,EM FRENTE A FAMÍLIA JULIANO/ LADO OPOSTO AO Nº 4023,BOA VIAGEM,,SUBURBIO,COLISÃO TRASEIRA,4 AUTOS,4,,,,,,,,,0,,Longo da via,Bom,Sem defeito,Perfeito estado,Seca,Perfeito estado,Não existe,Não há placas,60 km/h,Única,Canteiro central,,
2019-01-21,11:52:00,SEM VÍTIMA,CANCELADA,CASA FORTE,AV DEZESSETE DE AGOSTO,976,,E/F AO EDF. CARMEL PARK,AV DEZESSETE DE AGOSTO,976,E/F AO EDF. CARMEL PARK,CASA FORTE,389,,COLISÃO,SE MVÍTIMAS,2,,,,,,,,,0,,,,,,,,,,,,,,
2019-01-21,12:12:00,SEM VÍTIMA,FINALIZADA,IMBIRIBEIRA,VIADUTO TANCREDO NEVES,,,EM CIMA DO VIADUTO,VIADUTO TANCREDO NEVES,,EM CIMA DO VIADUTO,IMBIRIBEIRA,,,ABALROAMENTO LONGITUDINAL,COLISAO ENTRE CAMINHAO E AUTO S/V,1,,,,,,1,,,0,,Viaduto,Bom,Não existe,Não existente,Seca,Perfeito estado,Não existe,Não há placas,,Dupla,Faixa seccionada,,
2019-01-21,12:20:00,SEM VÍTIMA,FINALIZADA,BOA VIAGEM,RUA MARIA CAROLINA,387,,EDF MAISON GAUDI,RUA MARIA CAROLINA,387,EDF MAISON GAUDI,BOA VIAGEM,,CIDADE,ABALROAMENTO LONGITUDINAL,DOIS AUTOS S/V,2,,,,,,,,,0,,Longo da via,Bom,Não existe,Perfeito estado,Seca,Perfeito estado,Não existe,Não há placas,30 km/h,Única,Não existe,,
2019-01-21,13:17:00,SEM VÍTIMA,FINALIZADA,AFOGADOS,RUA DA PAZ,94,,AO LADO DA IGREJA MATRIZ DE AFOGADOS,RUA DA PAZ,94,AO LADO DA IGREJA MATRIZ DE AFOGADOS,AFOGADOS,,SUBURBIO,ABALROAMENTO LONGITUDINAL,COLISAO ENTRE ONIBUS E AUTO S/V,1,,,,,1,,,,0,,Longo da via,Bom,Sem defeito,Perfeito estado,Seca,Perfeito estado,Faixa de pedestre,Outras,,,,,
2019-01-21,14:14:00,COM VÍTIMA,CANCELADA,MANGUEIRA,RUA VINTE E UM DE ABRIL,1321,,EM FRENTE A PIZZARIA ROCKY PIZZAS,RUA VINTE E UM DE ABRIL,1321,EM FRENTE A PIZZARIA ROCKY PIZZAS,MANGUEIRA,,,COLISÃO,AUTO E MOTO C/V,1,1,,,,,,,,1,,,,,,,,,,,,,,
2019-01-21,14:22:00,SEM VÍTIMA,FINALIZADA,ESPINHEIRO,RUA BARAO DE ITAMARACA,,RUA CONS PORTELA,CRUZAMENTO DAS RUAS,RUA BARAO DE ITAMARACA,,CRUZAMENTO DAS RUAS,ESPINHEIRO,464,SUBURBIO,ABALROAMENTO LONGITUDINAL,COLISÃO SEM VÍTIMA,2,,,,,,,,,0,,Cruzamento,Bom,Sem defeito,Perfeito estado,Seca,Perfeito estado,Faixa de pedestre,Outras,,Dupla,Faixa contínua,,
2019-01-21,14:23:00,SEM VÍTIMA,FINALIZADA,SÃO JOSÉ,RUA FLORIANO PEIXOTO,,RUA DO PEIXOTO,,RUA FLORIANO PEIXOTO,,,SÃO JOSÉ,,SUBURBIO,ABALROAMENTO LONGITUDINAL,COLISAO ENTRE ONIBUS E MOTO S/V,,1,,,,1,,,,0,,Cruzamento,Bom,Não existe,Incompleta,Seca,Perfeito estado,Não existe,Não há placas,,Única,Não existe,,
2019-01-21,14:44:00,SEM VÍTIMA,FINALIZADA,PINA,AV CONSELHEIRO AGUIAR,355,,,AV CONSELHEIRO AGUIAR,355,,PINA,,CIDADE,ABALROAMENTO LONGITUDINAL,COLISAO ENTRE AUTO E MOTO S/V,1,1,,,,,,,,0,,Longo da via,Bom,Não existe,Perfeito estado,Seca,Perfeito estado,Outros,Outras,60 km/h,Única,Faixa contínua,Faixa seccionada,
2019-01-21,15:07:00,SEM VÍTIMA,FINALIZADA,PINA,AV CONSELHEIRO AGUIAR,138,,,AV CONSELHEIRO AGUIAR,138,,PINA,,,COLISÃO TRASEIRA,COLISAO ENTRE DOIS AUTOS S/V,2,,,,,,,,,0,,Longo da via,Bom,Não existe,Perfeito estado,Seca,Perfeito estado,Não existe,R-6b,,Única,Faixa seccionada,,
2019-01-21,15:31:00,SEM VÍTIMA,FINALIZADA,CASA AMARELA,RUA PAULA BATISTA,,,LADO OPOSTO A AGENCIA NACIONAL DE MINERAÇÃO,RUA PAULA BATISTA,,LADO OPOSTO A AGENCIA NACIONAL DE MINERAÇÃO,CASA AMARELA,,SUBURBIO,COLISÃO TRASEIRA,COLISÃO SEM VÍTIMA,2,,,,,,,,,0,,Longo da via,Bom,Não existe,Incompleta,Seca,Perfeito estado,Não existe,Outras,,Dupla,Não existe,,
2019-01-21,16:50:00,VÍTIMA FATAL,FINALIZADA,TORRE,RUA COMPOSITOR JOAO SANTIAGO,6,,III DISTRITO SANITÁRIO,RUA COMPOSITOR JOAO SANTIAGO,6,III DISTRITO SANITÁRIO,TORRE,,,ATROPELAMENTO,AUTO E PEDESTRE,1,,,,2,,,,,1,1,Longo da via,Bom,Não existe,Perfeito estado,Seca,Perfeito estado,Não existe,Não há placas,,Dupla,Não existe,,
2019-01-21,17:08:00,SEM VÍTIMA,FINALIZADA,BAIRRO DO RECIFE,,,,SOBRE A PONTE 12 DE SETEMBRO,,,SOBRE A PONTE 12 DE SETEMBRO,BAIRRO DO RECIFE,,SUBURBIO,ABALROAMENTO LONGITUDINAL,COLISÃO SEM VÍTIMA,1,,,,,1,,,,0,,Ponte,Bom,Não existe,Perfeito estado,Seca,Perfeito estado,Não existe,Não há placas,,Única,Faixa seccionada,Canteiro central,
2019-01-21,17:28:00,SEM VÍTIMA,CANCELADA,CAMPO GRANDE,EST DE BELEM,100,,E/F AO BAR O PORTAL,EST DE BELEM,100,E/F AO BAR O PORTAL,CAMPO GRANDE,,,COLISÃO,COLISAO ENTRE TRES AUTOS S/V,3,,,,,,,,,0,,,,,,,,,,,,,,
2019-01-21,17:39:00,SEM VÍTIMA,FINALIZADA,BOA VIAGEM,AV CONSELHEIRO AGUIAR,,RUA RIBEIRO DE BRITO,EM FRENTE AO POSTO BR,AV CONSELHEIRO AGUIAR,,EM FRENTE AO POSTO BR,BOA VIAGEM,147,,COLISÃO,AUTO E ONIBUS DA VERA CRUZ,1,,,,,1,,,,0,,,,,,,,,,,,,,
2019-01-21,17:47:00,COM VÍTIMA,FINALIZADA,ÁGUA FRIA,AV BEBERIBE,2491,,EM FRENTE AO POSTO BR,AV BEBERIBE,2491,EM FRENTE AO POSTO BR,ÁGUA FRIA,,,ABALROAMENTO LONGITUDINAL,AUTO E MOTO C/V,1,1,,,,,,,,1,,Longo da via,Bom,Não existe,Perfeito estado,Seca,Perfeito estado,Não existe,Outras,,Dupla,Faixa seccionada,,
2019-01-21,17:55:00,SEM VÍTIMA,FINALIZADA,MANGUEIRA,AV DR JOSE RUFINO,1312,,EM FRENTE AO RESTAURANTE BODE DO NÔ,AV DR JOSE RUFINO,1312,EM FRENTE AO RESTAURANTE BODE DO NÔ,MANGUEIRA,392,CIDADE,ABALROAMENTO LONGITUDINAL,COLISÃO SEM VITIMA,2,,,,,,,,,0,,Longo da via,Bom,Sem defeito,Perfeito estado,Seca,Perfeito estado,Faixa de pedestre,Não há placas,,Dupla,Faixa contínua,,
2019-01-21,18:25:00,SEM VÍTIMA,CANCELADA,DERBY,AV GOVERNADOR AGAMENON MAGALHAES,,,ESQUINA COM O HR,AV GOVERNADOR AGAMENON MAGALHAES,,ESQUINA COM O HR,DERBY,,,COLISÃO,COLISÃO S/V GUARDAS NO LOCAL,2,,,,,,,,,0,,,,,,,,,,,,,,
2019-01-21,20:40:00,SEM VÍTIMA,FINALIZADA,CASA AMARELA,RUA DA HARMONIA,,RUA CONS NABUCO,E/F A FARMÁCIA INDEPENDENTE,RUA DA HARMONIA,,E/F A FARMÁCIA INDEPENDENTE,CASA AMARELA,,SUBURBIO,ABALROAMENTO TRANSVERSAL,ENTRE 2 AUTOS. S/V,2,,,,,,,,,0,,Cruzamento,Bom,Não existe,Perfeito estado,Seca,Perfeito estado,Faixa de pedestre,,,Dupla,Faixa contínua,,
2019-01-21,19:25:00,SEM VÍTIMA,CANCELADA,CAXANGÁ,AV CAXANGA,350,,MARTELINHO DE OURO/,AV CAXANGA,350,MARTELINHO DE OURO/,CAXANGÁ,,,COLISÃO,COLISÃO SEM VITIMA/ IDOSA NO VEICULO,1,,,,,1,,,,0,,,,,,,,,,,,,,
2019-01-31,18:15:00,COM VÍTIMA,FINALIZADA,CORDEIRO,AV INACIO MONTEIRO,,RUA DR MIGUEL VIEIRA FERREIRA,SEMAFORO 566/ DROGARIA CORDEIRO,AV INACIO MONTEIRO,,SEMAFORO 566/ DROGARIA CORDEIRO,CORDEIRO,566,SUBURBIO,COLISÃO FRONTAL,COLISÃO COM VITIMA,1,1,,,,,,,,1,,Cruzamento,Bom,Sem defeito,Perfeito estado,Seca,,Faixa de pedestre,,40 km/h,Dupla,Faixa,,
2019-01-21,20:07:00,SEM VÍTIMA,CANCELADA,TORRÕES,RUA ILEXUINA,,,TERMINAL DE RODA DE FOGO,RUA ILEXUINA,,TERMINAL DE RODA DE FOGO,TORRÕES,,,COLISÃO,COLISÃO S/V,2,,,,,,,,,0,,,,,,,,,,,,,,
2019-01-22,07:09:00,SEM VÍTIMA,FINALIZADA,IBURA,AV DOIS RIOS,612,,E/F ACESSE EMPREENDIMENTOS  SENTIDO BR 101,AV DOIS RIOS,612,E/F ACESSE EMPREENDIMENTOS  SENTIDO BR 101,IBURA,325,,COLISÃO,SEM VÍTIMAS,2,,,,,,,,,0,,,,,,,,,,,,,,
2019-01-22,08:26:00,SEM VÍTIMA,FINALIZADA,ESPINHEIRO,RUA SAO SALVADOR,,,AO LADO DO Nº 3188,RUA SAO SALVADOR,,AO LADO DO Nº 3188,ESPINHEIRO,,,ABALROAMENTO LONGITUDINAL,ENTRE AUTOS S/V.,3,,,,,,,,,0,,Longo da via,Chuvoso,Não existe,Perfeito estado,Molhada,Perfeito estado,Não existe,Não há placas,,Única,Não existe,,
2019-01-22,08:42:00,SEM VÍTIMA,FINALIZADA,DERBY,AV GOVERNADOR AGAMENON MAGALHAES,,RUA HENRIQUE DIAS,FARMACIA PAGUE MENOS,AV GOVERNADOR AGAMENON MAGALHAES,,FARMACIA PAGUE MENOS,DERBY,68,CIDADE,COLISÃO TRASEIRA,SEM VITIMAS,2,1,,,,,,,,0,,Cruzamento,Chuvoso,Sem defeito,Perfeito estado,Molhada,Perfeito estado,Faixa de pedestre,Outras,60 km/h,Única,Faixa seccionada,,
2019-01-22,08:43:00,SEM VÍTIMA,FINALIZADA,IPSEP,AV RECIFE,,,APÓS O SEMÁFORO 055- DEFRONTE PARA O POSTO SHELL COMBUSTÍVEL,AV RECIFE,,APÓS O SEMÁFORO 055- DEFRONTE PARA O POSTO SHELL COMBUSTÍVEL,IPSEP,,,COLISÃO TRASEIRA,TRES AUTOS,3,,,,,,,,,0,,Longo da via,Chuvoso,Sem defeito,Incompleta,Molhada,Perfeito estado,Agente,Não há placas,50 km/h,Dupla,Canteiro central,,
2019-01-22,08:55:00,SEM VÍTIMA,FINALIZADA,SANTO AMARO,AV CRUZ CABUGA,,,HOSPITAL NAVAL,AV CRUZ CABUGA,,HOSPITAL NAVAL,SANTO AMARO,,CIDADE,ABALROAMENTO LONGITUDINAL,DOOIS AUTOS,2,,,,,,,,,0,,Longo da via,Chuvoso,Sem defeito,Perfeito estado,Molhada,Perfeito estado,,R-6a,,Dupla,Faixa contínua,,
2019-01-22,09:08:00,SEM VÍTIMA,FINALIZADA,JARDIM SÃO PAULO,AV RECIFE,,,APÓS O SEMÁFORO 261,AV RECIFE,,APÓS O SEMÁFORO 261,JARDIM SÃO PAULO,,SUBURBIO,ABALROAMENTO LONGITUDINAL,COM UMA VÍTIMA EM ATENDIMENTO PELO SAMU,1,1,,,,,,,,0,,Longo da via,Chuvoso,Sem defeito,Perfeito estado,Molhada,Perfeito estado,Faixa de pedestre,Outras,60 km/h,Única,Faixa seccionada,Canteiro central,
2019-01-22,09:10:00,SEM VÍTIMA,FINALIZADA,MONTEIRO,AV DR EURICO CHAVES,,,AO LADO DO Nº 5036,AV DR EURICO CHAVES,,AO LADO DO Nº 5036,MONTEIRO,,,CHOQUE VEÍCULO PARADO,SEM VITIMAS,2,,,,,,,,,0,,Longo da via,Chuvoso,Não existe,Não existente,Molhada,Perfeito estado,Não existe,R-6a,30 km/h,Dupla,Não existe,,
2019-01-22,09:13:00,SEM VÍTIMA,FINALIZADA,TORRE,RUA FLORIANO FRANCISCO DE OLIVEIRA,320,,,RUA FLORIANO FRANCISCO DE OLIVEIRA,320,,TORRE,,SUBURBIO,ABALROAMENTO TRANSVERSAL,DOIS AUTOS,2,,,,,,,,,0,,,Chuvoso,Não existe,Ilegível,Molhada,Perfeito estado,Não existe,Não há placas,,Dupla,Não existe,,
2019-01-22,09:27:00,SEM VÍTIMA,FINALIZADA,BAIRRO DO RECIFE,CAIS DO APOLO,,,SOB O SEMÁFORO 430,CAIS DO APOLO,,SOB O SEMÁFORO 430,BAIRRO DO RECIFE,436,CIDADE,COLISÃO TRASEIRA,DOIS AUTOS,2,,,,,,,,,0,,Longo da via,Chuvoso,Sem defeito,Perfeito estado,Molhada,Perfeito estado,Faixa de pedestre,Outras,,Dupla,Faixa contínua,,
2019-01-22,09:39:00,SEM VÍTIMA,FINALIZADA,ILHA JOANA BEZERRA,AV GOVERNADOR AGAMENON MAGALHAES,,,ANTES DA SUBIDA DA PONTE JOSÉ DE BARROS LIMA,AV GOVERNADOR AGAMENON MAGALHAES,,ANTES DA SUBIDA DA PONTE JOSÉ DE BARROS LIMA,ILHA JOANA BEZERRA,,CIDADE,COLISÃO TRASEIRA,DOIS AUTOS,2,1,,,,,,,,0,,Longo da via,Chuvoso,Não existe,Não existente,Molhada,Perfeito estado,Não existe,Outras,60 km/h,Única,,,
2019-01-22,09:48:00,SEM VÍTIMA,FINALIZADA,IMBIRIBEIRA,RUA ITACARI,162,RUA ITAJAI,,RUA ITACARI,162,,IMBIRIBEIRA,,SUBURBIO,ABALROAMENTO TRANSVERSAL,ENTRE AUTOS S/V.,2,,,,,,,,,0,,Cruzamento,Chuvoso,Sem defeito,Perfeito estado,Molhada,Perfeito estado,Faixa de pedestre,Placas Pare,,Única,Faixa seccionada,,
2019-01-22,10:00:00,SEM VÍTIMA,FINALIZADA,ESPINHEIRO,AV JOAO DE BARROS,1187,,EM FRENTE A CONFRARIA DA BELEZA,AV JOAO DE BARROS,1187,EM FRENTE A CONFRARIA DA BELEZA,ESPINHEIRO,,SUBURBIO,ABALROAMENTO LONGITUDINAL,DOIS AUTOS,2,,,,,,,,,0,,Longo da via,Chuvoso,Sem defeito,Perfeito estado,Molhada,Perfeito estado,Não existe,Não há placas,,Única,Faixa seccionada,,
2019-01-22,10:11:00,COM VÍTIMA,FINALIZADA,SANTO AMARO,RUA DO POMBAL,,RUA TUPINIQUINS,,RUA DO POMBAL,,,SANTO AMARO,,indefinido,ABALROAMENTO TRANSVERSAL,,2,,,,,,,,,1,,Cruzamento,Chuvoso,Não existe,Perfeito estado,Molhada,Perfeito estado,Não existe,Não há placas,30 km/h,Dupla,Faixa seccionada,,
2019-01-22,10:26:00,SEM VÍTIMA,FINALIZADA,CASA AMARELA,AV NORTE,4861,,,AV NORTE,4861,,CASA AMARELA,,CIDADE,COLISÃO TRASEIRA,ENTRE AUTOS X MOTO S/V,2,1,,,,,,,,0,,Longo da via,Chuvoso,Não existe,Perfeito estado,Molhada,Perfeito estado,Não existe,Não há placas,,Dupla,Canteiro central,,
2019-01-22,10:59:00,SEM VÍTIMA,DUPLICIDADE,BOA VIAGEM,AV BOA VIAGEM,3232,,EM FRENTE AO ACAIACA,AV BOA VIAGEM,3232,EM FRENTE AO ACAIACA,BOA VIAGEM,,,COLISÃO,ENTRE AUTOS S/V.,2,,,,,,,,,0,,,,,,,,,,,,,,
2019-01-22,11:01:00,SEM VÍTIMA,FINALIZADA,BOA VIAGEM,AV BOA VIAGEM,3278,,EDF ACAIACA,AV BOA VIAGEM,3278,EDF ACAIACA,BOA VIAGEM,,CIDADE,ABALROAMENTO LONGITUDINAL,SEM VÍTIMAS,2,,,,,,,,,0,,Longo da via,Chuvoso,Não existe,Perfeito estado,Molhada,Perfeito estado,Não existe,Não há placas,,Única,Faixa seccionada,,
2019-01-22,11:04:00,SEM VÍTIMA,FINALIZADA,BOA VIAGEM,AVENIDA CELSO FURTADO (VIA MANGUE),,,VIA MANGUE AO LADO DO POSTO H019601,AVENIDA CELSO FURTADO (VIA MANGUE),,VIA MANGUE AO LADO DO POSTO H019601,BOA VIAGEM,,,COLISÃO TRASEIRA,DOIS AUTOS,2,,,,,,,,,0,,Longo da via,Chuvoso,Não existe,Perfeito estado,Molhada,Perfeito estado,Outros,Não há placas,,,,,
2019-01-22,11:36:00,SEM VÍTIMA,FINALIZADA,CASA FORTE,EST DO ENCANAMENTO,1284,RUA PROFESSOR ALVARO LIMA,,EST DO ENCANAMENTO,1284,,CASA FORTE,,CIDADE,ABALROAMENTO LONGITUDINAL,SEM VITIMAS,1,,,,,,1,,,0,,Cruzamento,Chuvoso,Sem defeito,Perfeito estado,Molhada,Perfeito estado,Não existe,Placas Pare,,Única,Faixa seccionada,,
2019-01-22,12:26:00,SEM VÍTIMA,CANCELADA,BOA VIAGEM,RUA VISCONDE DE JEQUITINHONHA,,RUA BARAO DE SOUZA LEAO,EM FRENTE AO HOSPITAL N.S DAS GRAÇAS,RUA VISCONDE DE JEQUITINHONHA,,EM FRENTE AO HOSPITAL N.S DAS GRAÇAS,BOA VIAGEM,129,,COLISÃO,DOIS AUTOS S/V,2,,,,,,,,,0,,,,,,,,,,,,,,
2019-01-22,12:26:00,SEM VÍTIMA,FINALIZADA,MANGUEIRA,RUA SAO MIGUEL,1452,RUA VEREADOR FRANCISCO DE PAULA SANTANA CHICO DA MANOLA,,RUA SAO MIGUEL,1452,,MANGUEIRA,392,SUBURBIO,ABALROAMENTO TRANSVERSAL,COLISÃO SEM VÍTIMA,2,,,,,,,,,0,,Cruzamento,Chuvoso,Sem defeito,Perfeito estado,Molhada,Perfeito estado,Faixa de pedestre,Outras,60 km/h,Dupla,Faixa contínua,Faixa seccionada,
2019-01-22,12:35:00,SEM VÍTIMA,FINALIZADA,IMBIRIBEIRA,RUA SARGENTO SILVIO DELMAR HOLLEMBACH,64,,E/F A OFICINA TECNICA DISEL,RUA SARGENTO SILVIO DELMAR HOLLEMBACH,64,E/F A OFICINA TECNICA DISEL,IMBIRIBEIRA,,,COLISÃO,COLISAO ENTRE DOIS AUTOS S/V,2,,,,,,,,,0,,,,,,,,,,,,,,
2019-01-22,13:50:00,COM VÍTIMA,FINALIZADA,CORDEIRO,AV CAXANGA,,,EM FRENTE A IGREJA SÃO SEBASTIÃO/ SENTIDO SUBURBIO,AV CAXANGA,,EM FRENTE A IGREJA SÃO SEBASTIÃO/ SENTIDO SUBURBIO,CORDEIRO,236,SUBURBIO,ABALROAMENTO LONGITUDINAL,COLISÃO COM VÍTIMA,1,1,,,,,,,,1,,Longo da via,Chuvoso,Sem defeito,Perfeito estado,Molhada,Perfeito estado,Não existe,,,Dupla,Canteiro central,,
2019-01-22,14:09:00,SEM VÍTIMA,FINALIZADA,TORRE,RUA PADRE ANCHIETA,,RUA REAL DA TORRE,,RUA PADRE ANCHIETA,,,TORRE,,,COLISÃO,,3,,,,,,,,,0,,,,,,,,,,,,,,
2019-01-22,14:17:00,SEM VÍTIMA,FINALIZADA,IMBIRIBEIRA,AV MARECHAL MASCARENHAS DE MORAES,,,EM FRENTE A UNIVERSO,AV MARECHAL MASCARENHAS DE MORAES,,EM FRENTE A UNIVERSO,IMBIRIBEIRA,501,CIDADE,COLISÃO TRASEIRA,COLISAO ENTRE AUTOS E MOTO S/V,1,1,,,,,,,,0,,Longo da via,Bom,Sem defeito,Perfeito estado,Seca,Perfeito estado,Faixa de pedestre,Outras,60 km/h,Única,Faixa contínua,Faixa seccionada,Canteiro central
2019-01-22,14:26:00,SEM VÍTIMA,CANCELADA,CAMPO GRANDE,RUA PROFESSOR FRANCISCO DA TRINDADE,,RUA HERMILIO GOMES,DUAS RUAS ANTES DO CLUBE DAS PAS  SENTIDO CENTRO DE CONVENÇOES,RUA PROFESSOR FRANCISCO DA TRINDADE,,DUAS RUAS ANTES DO CLUBE DAS PAS  SENTIDO CENTRO DE CONVENÇOES,CAMPO GRANDE,,,COLISÃO,AUTO E O ONIBUS S/V,1,,,,,1,,,,0,,,,,,,,,,,,,,
2019-01-22,14:35:00,SEM VÍTIMA,FINALIZADA,SANTO AMARO,RUA DOS PALMARES,,,AO LADO DO RECIFE MERCANTIL E DA GUARDA MUNICIPAL,RUA DOS PALMARES,,AO LADO DO RECIFE MERCANTIL E DA GUARDA MUNICIPAL,SANTO AMARO,,CIDADE,COLISÃO,COLISÃO SEM VÍTIMAS,2,,,,,,,,,0,,,,,,,,,,,,,,
2019-01-22,14:58:00,SEM VÍTIMA,FINALIZADA,DERBY,AV GOVERNADOR AGAMENON MAGALHAES,1114,,EM FRENTE AO TRE,AV GOVERNADOR AGAMENON MAGALHAES,1114,EM FRENTE AO TRE,DERBY,,,COLISÃO TRASEIRA,DOIS AUTOS S/V,2,,,,,,,,,0,,Longo da via,Bom,Sem defeito,Perfeito estado,Seca,Perfeito estado,Não existe,R-6a,60 km/h,Dupla,Faixa seccionada,,
2019-01-22,14:58:00,SEM VÍTIMA,FINALIZADA,BOA VIAGEM,RUA DOS NAVEGANTES,1213,,LADO OPOSTO AO Nº 1213,RUA DOS NAVEGANTES,1213,LADO OPOSTO AO Nº 1213,BOA VIAGEM,160,SUBURBIO,COLISÃO TRASEIRA,,1,,,,,,1,,,0,,Longo da via,Bom,Sem defeito,Perfeito estado,Seca,Perfeito estado,Faixa de pedestre,Outras,,Única,Faixa contínua,,
2019-01-22,15:09:00,SEM VÍTIMA,CANCELADA,AFOGADOS,EST DO BONGI,129,,EM FRENTE A RETIFICA DE ROBERTO,EST DO BONGI,129,EM FRENTE A RETIFICA DE ROBERTO,AFOGADOS,,,COLISÃO,DOIS AUTOS E UMA MOTO S/V,2,1,,,,,,,,0,,,,,,,,,,,,,,
2019-01-22,15:15:00,COM VÍTIMA,FINALIZADA,IPUTINGA,RUA GASPAR PEREZ,465,,EM FRENTE A PAN GOLDEN E AO PREDIO DA OI,RUA GASPAR PEREZ,465,EM FRENTE A PAN GOLDEN E AO PREDIO DA OI,IPUTINGA,,CIDADE,COLISÃO TRASEIRA,COLISÃO COM VÍTIMA,1,1,,,,,,,,1,,Longo da via,Bom,Não existe,Incompleta,Seca,Perfeito estado,Não existe,Não há placas,,Dupla,Não existe,,
2019-01-22,15:18:00,SEM VÍTIMA,FINALIZADA,BOA VIAGEM,RUA DOS NAVEGANTES,2371,,,RUA DOS NAVEGANTES,2371,,BOA VIAGEM,,,COLISÃO TRASEIRA,PAJERO X VT 30,2,,,,,,,,,0,,Longo da via,Bom,Não existe,Perfeito estado,Seca,Perfeito estado,Não existe,Não há placas,,Única,Não existe,,
2019-01-22,16:41:00,SEM VÍTIMA,FINALIZADA,POÇO DA PANELA,RUA OLIVEIRA GOES,,RUA JOAO CAUAS,,RUA OLIVEIRA GOES,,,POÇO DA PANELA,,,ABALROAMENTO LONGITUDINAL,COLISÃO SEM VÍTIMA,2,,,,,,,,,0,,,Bom,Não existe,,Seca,Perfeito estado,,R-6a,,Dupla,,,
2019-01-22,16:46:00,SEM VÍTIMA,FINALIZADA,MADALENA,RUA BENFICA,,,E/F AO BATALHAO DE CHOQUE,RUA BENFICA,,E/F AO BATALHAO DE CHOQUE,MADALENA,,CIDADE,ABALROAMENTO LONGITUDINAL,COLISAO ENTRE DOIS AUTOS S/V,2,,,,,,,,,0,,Longo da via,Bom,Não existe,Perfeito estado,Seca,Perfeito estado,Outros,Outras,,Única,Faixa seccionada,,
2019-01-22,17:01:00,SEM VÍTIMA,FINALIZADA,IBURA,LAD DA COHAB,83,,,LAD DA COHAB,83,,IBURA,,,ABALROAMENTO LONGITUDINAL,ENTRE AUTO E MOTO,1,1,,,,,,,,0,,Longo da via,Chuvoso,Não existe,Incompleta,Seca,Perfeito estado,,Não há placas,,Dupla,Faixa contínua,,
2019-01-22,17:38:00,COM VÍTIMA,FINALIZADA,ENGENHO DO MEIO,RUA ANTONIO CURADO,,,AO LADO DO CLUBE DA SUDENE.,RUA ANTONIO CURADO,,AO LADO DO CLUBE DA SUDENE.,ENGENHO DO MEIO,395,SUBURBIO,ABALROAMENTO TRANSVERSAL,,,1,,,,,1,,,1,,Cruzamento,Chuvoso,Sem defeito,Não existente,Molhada,Perfeito estado,Faixa de pedestre,Não há placas,,Dupla,Não existe,,
2019-01-22,18:08:00,COM VÍTIMA,FINALIZADA,MADALENA,AV ENGENHEIRO ABDIAS DE CARVALHO,,,APOS A HABIBS. LADO OPOSTO A ENGEFRIO.,AV ENGENHEIRO ABDIAS DE CARVALHO,,APOS A HABIBS. LADO OPOSTO A ENGEFRIO.,MADALENA,,SUBURBIO,COLISÃO TRASEIRA,COLISÃO S/V,1,1,,,,,,,,2,,Longo da via,Bom,Sem defeito,Perfeito estado,Seca,Perfeito estado,Não existe,R-6a,,Dupla,Canteiro central,,
2019-01-22,18:24:00,SEM VÍTIMA,FINALIZADA,TORRE,RUA JOSE BONIFACIO,,,EM FRENTE A HONDA,RUA JOSE BONIFACIO,,EM FRENTE A HONDA,TORRE,,SUBURBIO,ABALROAMENTO LONGITUDINAL,,2,,,,,,,,,0,,Longo da via,Bom,Não existe,Perfeito estado,Seca,Perfeito estado,Não existe,Não há placas,,Única,Faixa seccionada,,