data,hora,natureza_acidente,situacao,bairro,endereco,numero,detalhe_endereco_acidente,complemento,endereco_cruzamento,numero_cruzamento,referencia_cruzamento,bairro_cruzamento,num_semaforo,sentido_via,tipo,descricao,auto,moto,ciclom,ciclista,pedestre,onibus,caminhao,viatura,outros,vitimas,vitimasfatais,acidente_verificado,tempo_clima,situacao_semaforo,sinalizacao,condicao_via,conservacao_via,ponto_controle,situacao_placa,velocidade_max_via,mao_direcao,divisao_via1,divisao_via2,divisao_via3
2019-01-25,10:06:00,SEM VÍTIMA,CANCELADA,BEBERIBE,AV BEBERIBE,,RUA DA REGENERACAO,EM FRENTE AO POSTO DE GASOLINA BR,AV BEBERIBE,,EM FRENTE AO POSTO DE GASOLINA BR,BEBERIBE,,,COLISÃO,COLISÃO SEM VITIMAS,2,,,,,,,,,0,,,,,,,,,,,,,,
2019-01-25,11:04:00,SEM VÍTIMA,FINALIZADA,SANTO AMARO,RUA TREZE DE MAIO,21,AV VISCONDE DE SUASSUNA,EM FRENTE AO LP CRED,RUA TREZE DE MAIO,21,EM FRENTE AO LP CRED,SANTO AMARO,,SUBURBIO,ABALROAMENTO LONGITUDINAL,SEM VITIMAS,2,,,,,,,,,0,,Longo da via,Bom,Sem defeito,Perfeito estado,Seca,Perfeito estado,Faixa de pedestre,Outras,,Dupla,Faixa contínua,,
2019-01-25,12:07:00,SEM VÍTIMA,FINALIZADA,ESTÂNCIA,AV RECIFE,,,APOS O MAKRO S/T CEASA,AV RECIFE,,APOS O MAKRO S/T CEASA,ESTÂNCIA,,,ABALROAMENTO LONGITUDINAL,COLISÃO SEM VÍTIMA,1,,,,,,,1,,0,,Longo da via,Bom,Não existe,Perfeito estado,Seca,Perfeito estado,,Outras,,Dupla,Blocos,,
2019-01-25,12:16:00,COM VÍTIMA,FINALIZADA,BAIRRO DO RECIFE,AV ALFREDO LISBOA,,1 TRV JUSTICA E PAZ,EM FRENTE A RECEITA FEDERAL,AV ALFREDO LISBOA,,EM FRENTE A RECEITA FEDERAL,BAIRRO DO RECIFE,,,ABALROAMENTO LONGITUDINAL,,,1,,,,,,,,1,,Longo da via,Bom,Não existe,Perfeito estado,Seca,Perfeito estado,Não existe,Outras,,Única,Faixa seccionada,,
2019-01-25,12:27:00,SEM VÍTIMA,FINALIZADA,DOIS IRMÃOS,RUA DOIS IRMAOS,420,,,RUA DOIS IRMAOS,420,,DOIS IRMÃOS,,SUBURBIO,COLISÃO TRASEIRA,COLISÃO SEM VÍTIMA,1,1,,,,,,,,0,,Longo da via,Bom,Não existe,Perfeito estado,Seca,Perfeito estado,Não existe,Não há placas,60 km/h,Dupla,Faixa contínua,,
2019-01-25,12:43:00,SEM VÍTIMA,FINALIZADA,BOA VIAGEM,AV BOA VIAGEM,,,E/F AO HOSPITAL DA AERONAULTIICA,AV BOA VIAGEM,,E/F AO HOSPITAL DA AERONAULTIICA,BOA VIAGEM,,,COLISÃO,COLISÃO SEM VÍTIMA,,,,,,,,,,0,,,,,,,,,,,,,,
2019-01-25,13:52:00,SEM VÍTIMA,FINALIZADA,BOA VIAGEM,AV ENGENHEIRO DOMINGOS FERREIRA,2142,,EM FRENTE AO COLEGIO NUCLEO,AV ENGENHEIRO DOMINGOS FERREIRA,2142,EM FRENTE AO COLEGIO NUCLEO,BOA VIAGEM,,,COLISÃO,COLISÃO SEM VÍTIMAS,2,,,,,,,,,0,,,,,,,,,,,,,,
2019-01-25,14:52:00,SEM VÍTIMA,PENDENTE,ESTÂNCIA,AV RECIFE,,,APOS O RECIPÃO  RESERVATORIO DA COMPESA SENTIDO BOA VIAGEM,AV RECIFE,,APOS O RECIPÃO  RESERVATORIO DA COMPESA SENTIDO BOA VIAGEM,ESTÂNCIA,,,COLISÃO,COLISÃO SEM VITIMA,1,1,,,,,,,,0,,,,,,,,,,,,,,
2019-01-25,15:20:00,SEM VÍTIMA,FINALIZADA,PINA,AV REPUBLICA ARABE UNIDA,,,EM FRENTE AO RIOMAR,AV REPUBLICA ARABE UNIDA,,EM FRENTE AO RIOMAR,PINA,,SUBURBIO,COLISÃO TRASEIRA,COLISÃO SEM VITIMAS,3,,,,,,,,,0,,Longo da via,Bom,Não existe,Perfeito estado,Seca,Perfeito estado,Outros,Outras,60 km/h,Dupla,Canteiro central,,
2019-01-25,15:22:00,SEM VÍTIMA,FINALIZADA,PRADO,RUA RODRIGUES DE MENDONCA,31,,,RUA RODRIGUES DE MENDONCA,31,,PRADO,,SUBURBIO,COLISÃO TRASEIRA,,1,,,,,1,,,,0,,Longo da via,Bom,Não existe,Perfeito estado,Seca,Perfeito estado,Não existe,R-6c,30 km/h,Única,Não existe,,
2019-01-25,15:30:00,SEM VÍTIMA,FINALIZADA,ARRUDA,RUA DR RAIMUNDO CAVALCANTI UCHOA,,RUA PETRONILA BOTELHO,,RUA DR RAIMUNDO CAVALCANTI UCHOA,,,ARRUDA,,SUBURBIO,ABALROAMENTO LONGITUDINAL,COLISÃO SEM VÍTIMA,1,,,,,,1,,,0,,Longo da via,Bom,Não existe,Incompleta,Seca,Perfeito estado,,Não há placas,30 km/h,Dupla,,,
2019-01-25,16:11:00,SEM VÍTIMA,FINALIZADA,SANTO AMARO,AV NORTE,,,,AV NORTE,,,SANTO AMARO,243,CIDADE,ABALROAMENTO LONGITUDINAL,COLISÃO SEM VÍTIMA,2,,,,,,,,,0,,Longo da via,Bom,Sem defeito,Perfeito estado,Seca,Perfeito estado,,,,Dupla,Canteiro central,,
2019-01-25,16:19:00,SEM VÍTIMA,FINALIZADA,TORRÕES,AV NORTE,,,LADO OPOSTO A PEDRAGON VEÍCULOS,AV NORTE,,LADO OPOSTO A PEDRAGON VEÍCULOS,TORRÕES,376,SUBURBIO,COLISÃO TRASEIRA,COLISAO ENTRE DOIS AUTOS S/V,2,,,,,,,,,0,,Longo da via,Bom,Sem defeito,Perfeito estado,Seca,Perfeito estado,Faixa de pedestre,R-6a,,Dupla,Canteiro central,,
2019-01-25,17:04:00,SEM VÍTIMA,FINALIZADA,SANTO AMARO,AV NORTE,,RUA SEVERINA SANTANA PEDROSA,,AV NORTE,,,SANTO AMARO,,SUBURBIO,ABALROAMENTO LONGITUDINAL,COLISÃO SEM VITIMAS,2,,,,,,,,,0,,,Bom,Não existe,Perfeito estado,Seca,Perfeito estado,Não existe,Não há placas,,Dupla,Canteiro central,,
2019-01-25,17:10:00,SEM VÍTIMA,FINALIZADA,IPSEP,RUA ITAJAI,,RUA ITACARI,,RUA ITAJAI,,,IPSEP,,SUBURBIO,ABALROAMENTO LONGITUDINAL,COLSAO ENTRE AUTO E MOTO S/V,1,1,,,,,,,,0,,Cruzamento,Bom,Não existe,,Seca,Perfeito estado,Faixa de pedestre,Placas Pare,,Única,Faixa seccionada,,
2019-01-25,17:43:00,SEM VÍTIMA,FINALIZADA,IMBIRIBEIRA,AV MARECHAL MASCARENHAS DE MORAES,2384,,EM FRENTE AO MADECENTER,AV MARECHAL MASCARENHAS DE MORAES,2384,EM FRENTE AO MADECENTER,IMBIRIBEIRA,,SUBURBIO,COLISÃO TRASEIRA,COLISÃO SEM VITIMAS,1,2,,,,,,,,0,,Longo da via,Bom,Sem defeito,Perfeito estado,Seca,Perfeito estado,Faixa de pedestre,Não há placas,,Dupla,Canteiro central,,
2019-01-25,17:44:00,COM VÍTIMA,FINALIZADA,BOA VISTA,AV CONDE DA BOA VISTA,,,ANTES DO SHOPPING BOA VISTA E/F A FIGUEIRAS CALÇADOS S/T SUB,AV CONDE DA BOA VISTA,,ANTES DO SHOPPING BOA VISTA E/F A FIGUEIRAS CALÇADOS S/T SUB,BOA VISTA,,SUBURBIO,ATROPELAMENTO,ONIBUS A TROPELOU UM PEDESTRE,,,,,1,1,,,,1,,Longo da via,Bom,Não existe,Perfeito estado,Seca,Perfeito estado,Não existe,Outras,40 km/h,Dupla,Canteiro central,,
2019-01-25,17:50:00,SEM VÍTIMA,FINALIZADA,AFOGADOS,RUA SAO MIGUEL,166,RUA JOAQUIM DE VASCONCELOS PEREIRA,ESQUINA COM COLÉGIO,RUA SAO MIGUEL,166,ESQUINA COM COLÉGIO,AFOGADOS,,SUBURBIO,ABALROAMENTO TRANSVERSAL,COLISÃO SEM VÍTIMA,1,1,,,,,,,,0,,Cruzamento,Bom,Não existe,Perfeito estado,Seca,Perfeito estado,Não existe,Não há placas,,Dupla,Faixa seccionada,,
2019-01-25,18:27:00,SEM VÍTIMA,FINALIZADA,AFLITOS,RUA EDGAR D'AMORIM,901,,AO LADO DA HABIBS,RUA EDGAR D'AMORIM,901,AO LADO DA HABIBS,AFLITOS,,SUBURBIO,ABALROAMENTO TRANSVERSAL,COLISÃO SEM VITIMA,1,,,,,1,,,,0,,Longo da via,Bom,Não existe,Perfeito estado,Seca,Perfeito estado,Outros,Outras,,Única,Faixa contínua,,
2019-01-25,18:39:00,COM VÍTIMA,FINALIZADA,APIPUCOS,RUA DE APIPUCOS,452,,EM FRENTE AO ARCADIA,RUA DE APIPUCOS,452,EM FRENTE AO ARCADIA,APIPUCOS,,,ABALROAMENTO TRANSVERSAL,COLISÃO COM VITIMA,1,1,,,,,,,,1,,Longo da via,Bom,Não existe,Perfeito estado,Seca,Perfeito estado,Não existe,Não há placas,,Dupla,Faixa contínua,,
2019-01-25,18:48:00,COM VÍTIMA,FINALIZADA,DERBY,AV GOVERNADOR AGAMENON MAGALHAES,,,E/F AO HOSPITAL MEMORIAL. VIA PRINCPAL . ESTAC. SANPARK,AV GOVERNADOR AGAMENON MAGALHAES,,E/F AO HOSPITAL MEMORIAL. VIA PRINCPAL . ESTAC. SANPARK,DERBY,,CIDADE,COLISÃO TRASEIRA,COLISÃO C/V,3,,,,,,,,,3,,Longo da via,Bom,Sem defeito,Perfeito estado,Seca,Perfeito estado,Não existe,Outras,,Dupla,Faixa,Canteiro central,
2019-01-25,18:50:00,COM VÍTIMA,FINALIZADA,BOA VIAGEM,AV ENGENHEIRO DOMINGOS FERREIRA,107,,RESTAURANTE LAÇA BURGUE E A FARMACIA DROGASIL,AV ENGENHEIRO DOMINGOS FERREIRA,107,RESTAURANTE LAÇA BURGUE E A FARMACIA DROGASIL,BOA VIAGEM,,SUBURBIO,ABALROAMENTO LONGITUDINAL,COLISÃO COM VITIMA,1,1,,,,,,,,1,,Longo da via,Bom,Não existe,Perfeito estado,Seca,Perfeito estado,Não existe,,60 km/h,Única,Canteiro central,,
2019-01-25,18:54:00,COM VÍTIMA,CANCELADA,MONTEIRO,AV DEZESSETE DE AGOSTO,,,PROX. ARCÁDIA RECEPCOES,AV DEZESSETE DE AGOSTO,,PROX. ARCÁDIA RECEPCOES,MONTEIRO,,,COLISÃO,COLISÃO CO/V,1,1,,,,,,,,1,,,,,,,,,,,,,,
2019-01-25,20:27:00,SEM VÍTIMA,FINALIZADA,ESTÂNCIA,AV RECIFE,5705,,,AV RECIFE,5705,,ESTÂNCIA,,SUBURBIO,ABALROAMENTO LONGITUDINAL,COLISÃO S/V,1,,,,,,1,,,0,,Longo da via,Bom,Não existe,Ilegível,Seca,Mal iluminada,Não existe,Não há placas,60 km/h,Única,Não existe,,
2019-01-25,22:13:00,COM VÍTIMA,FINALIZADA,SANTO ANTÔNIO,AV MARTINS DE BARROS,,,PRAÇA DA REPUBLICA/PONTE BUARQUE DE MACEDO.,AV MARTINS DE BARROS,,PRAÇA DA REPUBLICA/PONTE BUARQUE DE MACEDO.,SANTO ANTÔNIO,164,SUBURBIO,COLISÃO COM CICLISTA,COLISÃO C/V,,1,,1,,,,,,1,,Cruzamento,Bom,Sem defeito,Perfeito estado,Seca,Perfeito estado,Outros,Outras,,Única,Faixa contínua,,
2019-01-26,02:46:00,SEM VÍTIMA,FINALIZADA,DERBY,RUA DA BAIXA VERDE,,RUA FELICIANO GOMES,AO LADO DA CAPELA DE SANTA TEREZINHA  PROX DA HAPVIDA,RUA DA BAIXA VERDE,,AO LADO DA CAPELA DE SANTA TEREZINHA  PROX DA HAPVIDA,DERBY,,,ABALROAMENTO TRANSVERSAL,COLISÃO ENTRE DOIS AUTOS S/V,2,,,,,,,,,0,,Cruzamento,Bom,Não existe,Perfeito estado,Seca,Perfeito estado,Faixa de retenção,Placas Pare,30 km/h,Única,,,
2019-01-26,03:12:00,COM VÍTIMA,FINALIZADA,IMBIRIBEIRA,RUA PAMPULHA,,RUA ITAJAI,PRÓX A CONCESSIONÁRIA RENAULT // EM FRENTE A PANIFICADORA VALO DO RIO DOCE,RUA PAMPULHA,,PRÓX A CONCESSIONÁRIA RENAULT // EM FRENTE A PANIFICADORA VALO DO RIO DOCE,IMBIRIBEIRA,,,ABALROAMENTO TRANSVERSAL,COLISÃO ENTRE DOIS AUTOS ONDE UM DOS VEÍCULOS VEIO A CAPOTAR  COM VÍTIMAS,2,,,,,,,,,1,,Cruzamento,Bom,Não existe,Ilegível,Seca,Mal iluminada,,Placas Pare,,Única,Faixa,,
2019-01-26,04:18:00,SEM VÍTIMA,FINALIZADA,BOA VIAGEM,RUA MINISTRO SALGADO FILHO,122,,PROX DA EMBRAEM  PROX DO JC EXPRESS,RUA MINISTRO SALGADO FILHO,122,PROX DA EMBRAEM  PROX DO JC EXPRESS,BOA VIAGEM,,,CHOQUE,CHOQUE COM AUTO QUE ESTAVA ESTACIONADO  S/V,2,,,,,,,,,0,,,,,,,,,,,,,,
2019-01-26,07:08:00,SEM VÍTIMA,CANCELADA,ÁGUA FRIA,AV BEBERIBE,2018,,EM FRENTE AO MERCADO PUBLICO,AV BEBERIBE,2018,EM FRENTE AO MERCADO PUBLICO,ÁGUA FRIA,,,COLISÃO,ONIBUS E AUTO,1,,,,,1,,,,0,,,,,,,,,,,,,,
2019-01-26,07:38:00,COM VÍTIMA,FINALIZADA,JORDÃO,RUA REMIGIO,,,NA SAÍDA DO TUNEL FELIPE CAMARÃO  SENTIDO AEROPORTO.,RUA REMIGIO,,NA SAÍDA DO TUNEL FELIPE CAMARÃO  SENTIDO AEROPORTO.,JORDÃO,,CIDADE,ABALROAMENTO LONGITUDINAL,COM UMA VÍTIMA. UMA DAS PARTES EVADIU-SE DO LOCAL  POREM  O VEÍCULO QUE PERMANECE NO LOCAL ESTÁ IMPOSSIBILITADO DE SER RETIRADO DO MEIO DA VIA.,2,,,,,,,,,2,,Outros,Bom,Não existe,Não existente,Seca,Perfeito estado,Não existe,Não há placas,,Única,Não existe,,
2019-01-26,07:38:00,COM VÍTIMA,FINALIZADA,MACAXEIRA,AV NORTE,8227,,NO INCIO DA AV NORTE PROX A INTEGRAÇÃO DA MACAXEIRA,AV NORTE,8227,NO INCIO DA AV NORTE PROX A INTEGRAÇÃO DA MACAXEIRA,MACAXEIRA,,CIDADE,COLISÃO TRASEIRA,COLISÃO COM VITIMA SOCORRIDA PELA SAMU,1,1,,,,,1,,,1,,Longo da via,Bom,Não existe,Perfeito estado,Seca,Perfeito estado,Não existe,R-19,60 km/h,Dupla,Canteiro central,,
2019-01-26,08:09:00,SEM VÍTIMA,FINALIZADA,CURADO,RUA MINISTRO MARIO ANDREAZZA,155,AV PREFEITO ANTONIO PEREIRA,,RUA MINISTRO MARIO ANDREAZZA,155,,CURADO,,,COLISÃO TRASEIRA,DOIS AUTOS,2,,,,,,,,,0,,Cruzamento,Bom,Não existe,Incompleta,Seca,Perfeito estado,Não existe,Placas Pare,,Dupla,,,
2019-01-26,08:27:00,SEM VÍTIMA,FINALIZADA,BOA VIAGEM,AV ENGENHEIRO DOMINGOS FERREIRA,,,APÓS O WALMART,AV ENGENHEIRO DOMINGOS FERREIRA,,APÓS O WALMART,BOA VIAGEM,,SUBURBIO,ABALROAMENTO TRANSVERSAL,COLISÃO SEM VITIMAS,1,,,,,1,,,,0,,,Bom,Sem defeito,Perfeito estado,Seca,Perfeito estado,Faixa de pedestre,Outras,60 km/h,Única,Faixa contínua,Faixa seccionada,Canteiro central
2019-01-26,10:34:00,SEM VÍTIMA,FINALIZADA,BOA VISTA,AV GOVERNADOR AGAMENON MAGALHAES,2805,,E/F A O EDF. HENRIQUE DIAS  SENTIDO OLINDA,AV GOVERNADOR AGAMENON MAGALHAES,2805,E/F A O EDF. HENRIQUE DIAS  SENTIDO OLINDA,BOA VISTA,,,ABALROAMENTO LONGITUDINAL,SEM VÍTIMAS,1,1,,,,,,,,0,,Longo da via,Bom,Não existe,Perfeito estado,Seca,Perfeito estado,Outros,Outras,,Dupla,Faixa seccionada,Canteiro central,
2019-01-26,10:55:00,COM VÍTIMA,FINALIZADA,MADALENA,RUA REAL DA TORRE,682,,PRÓX À LOJA DO CONDOMÍNIO,RUA REAL DA TORRE,682,PRÓX À LOJA DO CONDOMÍNIO,MADALENA,,CIDADE,ABALROAMENTO TRANSVERSAL,AUTO X MOTO C/V,1,1,,,,,,,,2,,Longo da via,Bom,,Perfeito estado,Seca,Perfeito estado,Não existe,,,Única,Faixa contínua,,
2019-01-26,13:06:00,COM VÍTIMA,FINALIZADA,ESTÂNCIA,AV RECIFE,,,EM FRENTE AO MAKRO/ SENTIDO BR,AV RECIFE,,EM FRENTE AO MAKRO/ SENTIDO BR,ESTÂNCIA,621,CIDADE,ABALROAMENTO LONGITUDINAL,COLISÃO COM VÍTIMA,2,1,,,,,,,,1,,Outros,Bom,Sem defeito,Perfeito estado,Seca,Perfeito estado,Faixa de pedestre,Não há placas,,Única,Faixa contínua,Faixa seccionada,
2019-01-26,13:42:00,SEM VÍTIMA,FINALIZADA,IPSEP,RUA ARISTIDES LOBO,271,RUA PROFESSOR JOSE VICENTE,,RUA ARISTIDES LOBO,271,,IPSEP,,SUBURBIO,ABALROAMENTO LONGITUDINAL,COLISAO ENTRE DOIS AUTOS S/V,2,,,,,,1,,,0,,Cruzamento,Bom,Não existe,Perfeito estado,Seca,Perfeito estado,Não existe,Não há placas,,Dupla,Não existe,,
2019-01-26,15:22:00,SEM VÍTIMA,FINALIZADA,SÃO JOSÉ,RUA IMPERIAL,,TRV PADRE AZEVEDO,,RUA IMPERIAL,,,SÃO JOSÉ,511,,COLISÃO,COLISA0 ENTRE AUTO E MOTO S/V,1,1,,,,,,,,0,,,,,,,,,,,,,,
2019-01-26,15:54:00,COM VÍTIMA,FINALIZADA,PINA,AV BOA VIAGEM,360,,EM FRENTE AO EDIFÍCIO MAR DO PORTO.,AV BOA VIAGEM,360,EM FRENTE AO EDIFÍCIO MAR DO PORTO.,PINA,119,CIDADE,ATROPELAMENTO,COM VÍTIMA,,,,,1,,1,,,1,,Longo da via,Bom,Sem defeito,Perfeito estado,Seca,Perfeito estado,Não existe,R-6b,60 km/h,Única,Faixa seccionada,,
2019-01-26,17:26:00,SEM VÍTIMA,FINALIZADA,ESPINHEIRO,AV GOVERNADOR AGAMENON MAGALHAES,,,SOB O SEMÁFORO Nº 173,AV GOVERNADOR AGAMENON MAGALHAES,,SOB O SEMÁFORO Nº 173,ESPINHEIRO,173,SUBURBIO,COLISÃO TRASEIRA,COLISAO ENTRE DOIS AUTOS S/V VT 32 NO LOCAL,2,,,,,,,,,0,,Longo da via,Bom,Sem defeito,Perfeito estado,Seca,Perfeito estado,Não existe,Outras,60 km/h,Dupla,Faixa seccionada,,
2019-01-26,18:24:00,SEM VÍTIMA,CANCELADA,BOMBA DO HEMETÉRIO,RUA BOMBA DO HEMETERIO,,,PROX AO LARGO DA BOMBA,RUA BOMBA DO HEMETERIO,,PROX AO LARGO DA BOMBA,BOMBA DO HEMETÉRIO,,,COLISÃO,COLISÃO S/V,1,,,,,1,,,,0,,,,,,,,,,,,,,
2019-01-26,19:27:00,SEM VÍTIMA,FINALIZADA,ARRUDA,AV PROFESSOR JOSE DOS ANJOS,,,SOB O SEMÁFORO 131,AV PROFESSOR JOSE DOS ANJOS,,SOB O SEMÁFORO 131,ARRUDA,131,,ABALROAMENTO LONGITUDINAL,COLISÃO S/V,1,,,,,,1,,,0,,Longo da via,Bom,Sem defeito,Perfeito estado,Seca,Mal iluminada,Faixa de pedestre,,,Dupla,Canal,,
2019-01-26,20:58:00,SEM VÍTIMA,FINALIZADA,DOIS UNIDOS,AV HILDEBRANDO DE VASCONCELOS,781,,TERMINAL DE ÔNIBUS,AV HILDEBRANDO DE VASCONCELOS,781,TERMINAL DE ÔNIBUS,DOIS UNIDOS,,SUBURBIO,ABALROAMENTO TRANSVERSAL,COLISÃO S/V,1,1,,,,,,,,0,,Longo da via,Bom,Não existe,,Seca,Perfeito estado,Não existe,Não há placas,30 km/h,Dupla,Não existe,,
2019-01-26,22:23:00,SEM VÍTIMA,CANCELADA,GRAÇAS,AV RUI BARBOSA,,RUA DAS CREOULAS,PROX. AO EMPORIO HD E O BANCO ITAU,AV RUI BARBOSA,,PROX. AO EMPORIO HD E O BANCO ITAU,GRAÇAS,,,COLISÃO,COLISÃO SEM VITIMAS,2,,,,,,,,,0,,,,,,,,,,,,,,
2019-01-26,21:57:00,SEM VÍTIMA,FINALIZADA,ILHA DO LEITE,RUA FRANCISCO ALVES,,PRC MIGUEL DE CERVANTES,SEMÁFORO 508,RUA FRANCISCO ALVES,,SEMÁFORO 508,ILHA DO LEITE,508,SUBURBIO,ABALROAMENTO LONGITUDINAL,COLISÃO SEM VITIMAS,1,,,,,1,,,,0,,Cruzamento,Bom,Sem defeito,Perfeito estado,Seca,Perfeito estado,Faixa de pedestre,Não há placas,,Dupla,Faixa contínua,,
2019-01-27,03:04:00,SEM VÍTIMA,CANCELADA,BOA VIAGEM,AV HELIO FALCAO,575,,EM FRENTE A JAMBEIRO PETISCARIA  PROX DO CLUBE RAFFABEER,AV HELIO FALCAO,575,EM FRENTE A JAMBEIRO PETISCARIA  PROX DO CLUBE RAFFABEER,BOA VIAGEM,,,COLISÃO,COLISÃO ENTRE DOIS AUTOS  S/V,2,,,,,,,,,0,,,,,,,,,,,,,,
2019-01-27,08:50:00,SEM VÍTIMA,FINALIZADA,SANTO ANTÔNIO,AV MARTINS DE BARROS,,AV N S DO CARMO,SOB O SEMÁFORO Nº 204,AV MARTINS DE BARROS,,SOB O SEMÁFORO Nº 204,SANTO ANTÔNIO,204,,COLISÃO TRASEIRA,COLISÃO SEM VITIMAS,2,,,,,,,,,0,,,Bom,Sem defeito,Perfeito estado,Seca,Perfeito estado,Faixa de pedestre,,,Única,Faixa contínua,,
2019-01-27,09:53:00,SEM VÍTIMA,CANCELADA,JORDÃO,AV BEIRA RIO,31 A,,NA RUA DO CANAL EM FRENTE A ASSEMBLEIA DE DEUS,AV BEIRA RIO,31 A,NA RUA DO CANAL EM FRENTE A ASSEMBLEIA DE DEUS,JORDÃO,,,COLISÃO,COLISÃO SEM VITIMAS,2,,,,,,,,,0,,,,,,,,,,,,,,
2019-01-27,10:36:00,SEM VÍTIMA,FINALIZADA,DERBY,AV GOVERNADOR AGAMENON MAGALHAES,,,,AV GOVERNADOR AGAMENON MAGALHAES,,,DERBY,173,CIDADE,ABALROAMENTO LONGITUDINAL,COLISÃO EM SEGUINDA DE CHOQUE CONDUTOR BATEU CONTRA POSTE,2,,,,,,,,,0,,Cruzamento,Bom,Sem defeito,Perfeito estado,Seca,Perfeito estado,,Outras,,Dupla,Faixa contínua,Faixa seccionada,Canteiro central
2019-01-27,11:34:00,COM VÍTIMA,FINALIZADA,ILHA JOANA BEZERRA,VIADUTO CAPITAO TEMUDO,S/N,,FÓRUM JOANA BEZERRA,VIADUTO CAPITAO TEMUDO,S/N,FÓRUM JOANA BEZERRA,ILHA JOANA BEZERRA,,,COLISÃO,,,,,,,,,,,1,,,,,,,,,,,,,,
2019-01-27,12:11:00,SEM VÍTIMA,CANCELADA,BOA VIAGEM,RUA VISCONDE DE JEQUITINHONHA,200,,EM FRENTE AO EDIFICIO ANA MARIA,RUA VISCONDE DE JEQUITINHONHA,200,EM FRENTE AO EDIFICIO ANA MARIA,BOA VIAGEM,,,COLISÃO,COLISÃO SEM VÍTIMA,2,,,,,,,,,0,,,,,,,,,,,,,,
2019-01-27,13:10:00,SEM VÍTIMA,FINALIZADA,JORDÃO,AV MARIA IRENE,113,,PROX. A BASE AEREA,AV MARIA IRENE,113,PROX. A BASE AEREA,JORDÃO,,,COLISÃO,ENTRE AUTO E MOTO S/V,1,1,,,,,,,,0,,,,,,,,,,,,,,
2019-01-27,15:39:00,SEM VÍTIMA,FINALIZADA,VASCO DA GAMA,RUA VASCO DA GAMA,,,EM FRENTE AO TREZE DO VASCO,RUA VASCO DA GAMA,,EM FRENTE AO TREZE DO VASCO,VASCO DA GAMA,,SUBURBIO,ABALROAMENTO LONGITUDINAL,COLISÃO SEM VÍTIMA,1,1,,,,,,,,0,,Longo da via,Bom,Não existe,Perfeito estado,Seca,Perfeito estado,Não existe,R-6a,,Dupla,Não existe,,
2019-01-27,15:52:00,SEM VÍTIMA,FINALIZADA,BOA VIAGEM,AV ENGENHEIRO DOMINGOS FERREIRA,3465,RUA PADRE CARAPUCEIRO,IGREJA UNIVERSAL,AV ENGENHEIRO DOMINGOS FERREIRA,3465,IGREJA UNIVERSAL,BOA VIAGEM,216,SUBURBIO,ABALROAMENTO TRANSVERSAL,COLISÃO SEM VÍTIMA,2,,,,,,,,,0,,Cruzamento,Bom,Sem defeito,Perfeito estado,Seca,Perfeito estado,Faixa de pedestre,Não há placas,,Única,Faixa contínua,Faixa seccionada,Canteiro central
2019-01-27,16:44:00,COM VÍTIMA,FINALIZADA,VÁRZEA,RUA VALE DO SIRIJI,,,EM FRENTE A ESCOLA MUNICIPAL JOÃO FRANCISCO DE SOUZA,RUA VALE DO SIRIJI,,EM FRENTE A ESCOLA MUNICIPAL JOÃO FRANCISCO DE SOUZA,VÁRZEA,324,SUBURBIO,COLISÃO FRONTAL,COLISÃO COM VÍTIMA,1,1,,,,,,,,1,,Longo da via,Bom,Não existe,Incompleta,Seca,Perfeito estado,Não existe,R-6a,,Dupla,Faixa seccionada,,
2019-01-27,20:05:00,COM VÍTIMA,FINALIZADA,CASA FORTE,,,,COLEGIO SILVA JARDIM,,,COLEGIO SILVA JARDIM,CASA FORTE,370,CIDADE,ATROPELAMENTO,COLISÃO COM VITIMA,,1,,,1,,,,,2,,Longo da via,Bom,Sem defeito,Perfeito estado,Seca,Perfeito estado,Faixa de pedestre,Outras,,Dupla,Faixa contínua,Faixa seccionada,
2019-01-27,21:22:00,COM VÍTIMA,FINALIZADA,BOA VIAGEM,RUA RIBEIRO DE BRITO,,RUA TENENTE DOMINGOS DE BRITO,ESQUINA COM A FARMMACIA DROGASIL / SEMÁFORO 331,RUA RIBEIRO DE BRITO,,ESQUINA COM A FARMMACIA DROGASIL / SEMÁFORO 331,BOA VIAGEM,331,SUBURBIO,ABALROAMENTO LONGITUDINAL,ENTRE AUTO E MOTO. C/V,1,1,,,,,,,,1,,Cruzamento,Bom,Sem defeito,Perfeito estado,Seca,Perfeito estado,Faixa de pedestre,R-6a,40 km/h,Única,,,
2019-01-27,21:49:00,COM VÍTIMA,FINALIZADA,CORDEIRO,AV GENERAL SAN MARTIN,,,E/F AO HOSPITAL GETULIO VARGAS  NA ENTRADA DELE.,AV GENERAL SAN MARTIN,,E/F AO HOSPITAL GETULIO VARGAS  NA ENTRADA DELE.,CORDEIRO,,,ABALROAMENTO TRANSVERSAL,ENTRE MOTO E AMBULÂNCIA. C/V,1,1,,,,,,,,1,,Longo da via,Bom,Não existe,Perfeito estado,Seca,Mal iluminada,Não existe,Outras,,Dupla,Faixa contínua,,
2019-01-27,23:14:00,SEM VÍTIMA,FINALIZADA,JAQUEIRA,AV RUI BARBOSA,1541,AV DR MALAQUIAS,E/F AO HOSPITAL DE ORTOPEDIA,AV RUI BARBOSA,1541,E/F AO HOSPITAL DE ORTOPEDIA,JAQUEIRA,292,CIDADE,ABALROAMENTO LONGITUDINAL,ENTRE ÔNIBUS E AUTO PASSEIO. S/V,1,,,,,1,,,,0,,Longo da via,Chuvoso,Não existe,Ilegível,Molhada,Mal iluminada,Não existe,Não há placas,60 km/h,Única,Faixa seccionada,,