data,hora,natureza_acidente,situacao,bairro,endereco,numero,detalhe_endereco_acidente,complemento,endereco_cruzamento,numero_cruzamento,referencia_cruzamento,bairro_cruzamento,num_semaforo,sentido_via,tipo,descricao,auto,moto,ciclom,ciclista,pedestre,onibus,caminhao,viatura,outros,vitimas,vitimasfatais,acidente_verificado,tempo_clima,situacao_semaforo,sinalizacao,condicao_via,conservacao_via,ponto_controle,situacao_placa,velocidade_max_via,mao_direcao,divisao_via1,divisao_via2,divisao_via3
2019-01-31,14:56:00,SEM VÍTIMA,FINALIZADA,ESPINHEIRO,RUA CONS PORTELA,,RUA QUARENTA E OITO,SEMÁFORO 011,RUA CONS PORTELA,,SEMÁFORO 011,ESPINHEIRO,11,SUBURBIO,ABALROAMENTO LONGITUDINAL,COLISÃO SEM VITIMAS,1,,,,,1,,,,0,,Cruzamento,Bom,Sem defeito,Perfeito estado,Seca,Perfeito estado,Faixa de pedestre,R-6a,,Única,,,
2019-01-31,15:42:00,SEM VÍTIMA,CANCELADA,BOA VISTA,RUA DA AURORA,49,,ANTES DO CINEMA SÃO LUIZ,RUA DA AURORA,49,ANTES DO CINEMA SÃO LUIZ,BOA VISTA,,,COLISÃO,COLISÃO SEM VÍTIMA,1,1,,,,,,,,0,,,,,,,,,,,,,,
2019-01-31,16:13:00,COM VÍTIMA,FINALIZADA,IPSEP,AV PRESIDENTE DUTRA,,,EM FRENTE AO POSTO BR/ SENTIDO IPSEP,AV PRESIDENTE DUTRA,,EM FRENTE AO POSTO BR/ SENTIDO IPSEP,IPSEP,393,CIDADE,COLISÃO TRASEIRA,COLISÃO SEM VÍTIMA,1,1,,,,,,,,1,,Longo da via,Bom,Sem defeito,Perfeito estado,Seca,Perfeito estado,Faixa de pedestre,Não há placas,,Dupla,Canteiro central,,
2019-01-31,16:43:00,SEM VÍTIMA,FINALIZADA,SÃO JOSÉ,C SANTA RITA,,,OPOSTO AO 540,C SANTA RITA,,OPOSTO AO 540,SÃO JOSÉ,,CIDADE,ABALROAMENTO LONGITUDINAL,COLISÃO SEM VITIMAS,1,1,,,,,,,,0,,Longo da via,Bom,Não existe,Não existente,Seca,Perfeito estado,Não existe,Não há placas,40 km/h,Única,Não existe,,
2019-01-31,17:04:00,SEM VÍTIMA,FINALIZADA,BARRO,AV DR JOSE RUFINO,2221,,,AV DR JOSE RUFINO,2221,,BARRO,,SUBURBIO,ABALROAMENTO LONGITUDINAL,COLISAO ENTRE AUTO CAMINHAO S/V,1,,,,,,1,,,0,,Longo da via,Bom,Não existe,Perfeito estado,Seca,Perfeito estado,Não existe,R-6a,40 km/h,Dupla,Faixa seccionada,,
2019-01-31,17:18:00,SEM VÍTIMA,FINALIZADA,BOMBA DO HEMETÉRIO,RUA BOMBA DO HEMETERIO,1293,EST VELHA DE AGUA FRIA,POSTO NORTEBRAS,RUA BOMBA DO HEMETERIO,1293,POSTO NORTEBRAS,BOMBA DO HEMETÉRIO,,SUBURBIO,ABALROAMENTO LONGITUDINAL,COLISAO ENTRE ONIBUS E AUTOS S/V,1,,,,,1,,,,0,,,Bom,Sem defeito,Perfeito estado,Seca,Perfeito estado,Não existe,Não há placas,60 km/h,Dupla,Faixa seccionada,,
2019-01-31,17:26:00,SEM VÍTIMA,FINALIZADA,IPUTINGA,EST DO BARBALHO,,,,EST DO BARBALHO,,,IPUTINGA,533,CIDADE,COLISÃO TRASEIRA,COLISÃO SEM VÍTIMA,2,,,,,,,,,0,,Longo da via,Bom,Sem defeito,Perfeito estado,Seca,Perfeito estado,Faixa de pedestre,R-6a,,Única,Não existe,,
2019-01-31,17:31:00,SEM VÍTIMA,FINALIZADA,CORDEIRO,AV CAXANGA,,,EM FRENTE UNIDAS SEMINOVOS,AV CAXANGA,,EM FRENTE UNIDAS SEMINOVOS,CORDEIRO,,CIDADE,ABALROAMENTO LONGITUDINAL,COLISÃO SEM VITIMAS/ AS PARTES ENVOLVIDAS FORAM: UM AUTO  MOTO E UM CICLISTA,1,1,,1,,,,,,0,,Longo da via,Bom,Não existe,Perfeito estado,Seca,Perfeito estado,Não existe,R-6a,,Dupla,Faixa seccionada,Canteiro central,
2019-01-31,18:34:00,COM VÍTIMA,FINALIZADA,MADALENA,RUA PROFESSOR BENEDITO MONTEIRO,,,EM FRENTE A ILHA DO RETIRO E AO LADO DA JURANDIR PIRES,RUA PROFESSOR BENEDITO MONTEIRO,,EM FRENTE A ILHA DO RETIRO E AO LADO DA JURANDIR PIRES,MADALENA,481,CIDADE,ABALROAMENTO LONGITUDINAL,COLISÃO COM VITIMA/ VITIMA JA FOI SOCORRIDA,1,1,,,,,,,,1,,Longo da via,Bom,,Perfeito estado,Seca,Perfeito estado,Faixa de pedestre,Não há placas,,Dupla,Faixa contínua,,
2019-01-31,20:08:00,SEM VÍTIMA,FINALIZADA,CORDEIRO,AV CAXANGA,,AV GENERAL SAN MARTIN,TERMINAL INTEGRAÇÃO ZEZITO GUIMARÃES MELO ( VEREADOR),AV CAXANGA,,TERMINAL INTEGRAÇÃO ZEZITO GUIMARÃES MELO ( VEREADOR),CORDEIRO,80,CIDADE,ABALROAMENTO LONGITUDINAL,COLISÃO SEM VITIMA,1,1,,,,,,,,0,,Cruzamento,Bom,Sem defeito,Perfeito estado,Seca,Perfeito estado,Faixa de retenção,R-6a,40 km/h,Dupla,Canteiro central,,
2019-01-31,20:49:00,SEM VÍTIMA,FINALIZADA,CAXANGÁ,AV CAXANGA,,RUA PAUL HARRIS,,AV CAXANGA,,,CAXANGÁ,230,SUBURBIO,COLISÃO TRASEIRA,COLISÃO S/V,2,,,,,,,,,0,,Longo da via,Bom,Sem defeito,Perfeito estado,Seca,Perfeito estado,Faixa de pedestre,Não há placas,,Única,Faixa contínua,Faixa seccionada,
2019-01-31,21:03:00,SEM VÍTIMA,FINALIZADA,CASA AMARELA,RUA ESTRELA DALVA,10,,EM FRENTE AO IMÓVEL Nº 10,RUA ESTRELA DALVA,10,EM FRENTE AO IMÓVEL Nº 10,CASA AMARELA,,SUBURBIO,CHOQUE OBJETO FIXO,VEICULO COLIDIU COM POSTE S/V,1,,,,,,,,,0,,Longo da via,Bom,Não existe,Não existente,Seca,Perfeito estado,,Não há placas,20 km/h,Dupla,Não existe,,
2019-01-31,21:04:00,SEM VÍTIMA,FINALIZADA,BOA VIAGEM,AV CONSELHEIRO AGUIAR,,,,AV CONSELHEIRO AGUIAR,,,BOA VIAGEM,127,,COLISÃO TRASEIRA,COLISÃO SEM VÍTIMA  O SOLICITANTE INFORMA QUE O OUTRO CONDUTOR ENCONTRA-SE ALCOOLIZADO,2,,,,,,,,,0,,Longo da via,Bom,Sem defeito,Perfeito estado,Seca,Perfeito estado,Faixa de pedestre,Outras,,Única,Faixa seccionada,,
2019-01-31,22:32:00,SEM VÍTIMA,FINALIZADA,AFLITOS,RUA QUARENTA E OITO,,,NA PRAÇA FEB,RUA QUARENTA E OITO,,NA PRAÇA FEB,AFLITOS,,CIDADE,ABALROAMENTO LONGITUDINAL,COLISÃO S/V,2,,,,,,,,,0,,Longo da via,Bom,Não existe,Não existente,Seca,Perfeito estado,Não existe,Não há placas,,Única,Não existe,,
2019-01-31,23:13:00,SEM VÍTIMA,CANCELADA,TAMARINEIRA,RUA SEBASTIAO ALVES,,,EM FRENTE AO RESTAURANTE FACA BOTECO,RUA SEBASTIAO ALVES,,EM FRENTE AO RESTAURANTE FACA BOTECO,TAMARINEIRA,,,COLISÃO,COLISÃO SEM VITIMAS,2,,,,,,,,,0,,,,,,,,,,,,,,
2019-02-01,00:04:00,SEM VÍTIMA,CANCELADA,POÇO DA PANELA,RUA LUIZ GUIMARAES,95,,PROX DO PITACO- COMEDORIA DE QUINTAL  PROX BAR DO CHICO,RUA LUIZ GUIMARAES,95,PROX DO PITACO- COMEDORIA DE QUINTAL  PROX BAR DO CHICO,POÇO DA PANELA,,,COLISÃO,COLISÃO ENTRE DOIS AUTOS S/V,2,,,,,,,,,0,,,,,,,,,,,,,,
2019-02-01,00:15:00,SEM VÍTIMA,FINALIZADA,TORRE,RUA JOSE BONIFACIO,,RUA PADRE ANCHIETA,SEMÁFORO 193,RUA JOSE BONIFACIO,,SEMÁFORO 193,TORRE,193,SUBURBIO,ABALROAMENTO LONGITUDINAL,COLISÃO ENTRE DOIS AUTOS S/V,2,,,,,,,,,0,,Cruzamento,Chuvoso,Sem defeito,Perfeito estado,Molhada,Mal conservada,Faixa de pedestre,R-6a,40 km/h,Única,,,
2019-02-01,06:19:00,SEM VÍTIMA,FINALIZADA,JOANA BEZERRA,VDO PAPA JOAO PAULO II,,,PRÓX AO FÓRUM DE JOANA BEZERRA // SENTIDO OLINDA,VDO PAPA JOAO PAULO II,,PRÓX AO FÓRUM DE JOANA BEZERRA // SENTIDO OLINDA,JOANA BEZERRA,,SUBURBIO,COLISÃO TRASEIRA,AUTO X VIATURA POLICIAL S/V,2,,,,,,,,,0,,Viaduto,Bom,Não existe,Perfeito estado,Seca,Perfeito estado,Não existe,Não há placas,60 km/h,Única,Faixa seccionada,,
2019-02-01,08:59:00,SEM VÍTIMA,FINALIZADA,JORDÃO,RUA GONCALVES DIAS,124,,EM FRENTE AO SUPERMERCADO KI PREÇO,RUA GONCALVES DIAS,124,EM FRENTE AO SUPERMERCADO KI PREÇO,JORDÃO,,,COLISÃO,COLISÃO SEM VITIMAS,,1,,,,,1,,,0,,,,,,,,,,,,,,
2019-02-01,09:03:00,SEM VÍTIMA,FINALIZADA,ARRUDA,AV PROFESSOR JOSE DOS ANJOS,,AV BEBERIBE,EM FRENTE AO SEMÁFORO 131,AV PROFESSOR JOSE DOS ANJOS,,EM FRENTE AO SEMÁFORO 131,ARRUDA,131,,COLISÃO TRASEIRA,AUTO X CAMINHÃO S/V,1,,,,,,1,,,0,,Cruzamento,Bom,Sem defeito,Perfeito estado,Seca,Perfeito estado,Faixa de pedestre,Não há placas,,Única,Não existe,,
2019-02-01,09:11:00,COM VÍTIMA,CANCELADA,IMBIRIBEIRA,AV MARECHAL MASCARENHAS DE MORAES,2028,,PROX. A ITALIANA SENT. JABOATÃO,AV MARECHAL MASCARENHAS DE MORAES,2028,PROX. A ITALIANA SENT. JABOATÃO,IMBIRIBEIRA,,,COLISÃO,AUTO E MOTO,1,1,,,,,,,,1,,,,,,,,,,,,,,
2019-02-01,09:37:00,SEM VÍTIMA,FINALIZADA,TEJIPIÓ,AV DR JOSE RUFINO,,,SAÍDA DO VIADUTO DO BARRO,AV DR JOSE RUFINO,,SAÍDA DO VIADUTO DO BARRO,TEJIPIÓ,,SUBURBIO,ABALROAMENTO TRANSVERSAL,COLISÃO SEM VITIMAS,2,,,,,,,,,0,,Longo da via,Bom,Não existe,Perfeito estado,Seca,Perfeito estado,Não existe,Outras,,Dupla,Faixa contínua,Faixa seccionada,
2019-02-01,09:42:00,SEM VÍTIMA,FINALIZADA,AFOGADOS,AV SUL,,,EM FRENTE AO TERMINAL LARGO DA PAZ,AV SUL,,EM FRENTE AO TERMINAL LARGO DA PAZ,AFOGADOS,,CIDADE,ABALROAMENTO LONGITUDINAL,,1,,,,,,1,,,0,,Longo da via,Bom,Não existe,Perfeito estado,Seca,Perfeito estado,Outros,Outras,,Única,Faixa seccionada,,
2019-02-01,10:26:00,COM VÍTIMA,FINALIZADA,CASA AMARELA,EST DO ARRAIAL,3491,,EM FRENTE AO INSS,EST DO ARRAIAL,3491,EM FRENTE AO INSS,CASA AMARELA,,SUBURBIO,ABALROAMENTO LONGITUDINAL,,1,1,,,,,,,,2,,Longo da via,Bom,Sem defeito,Incompleta,Seca,Perfeito estado,Faixa de pedestre,Outras,,Única,Faixa seccionada,,
2019-02-01,10:51:00,SEM VÍTIMA,FINALIZADA,IMBIRIBEIRA,AV MARECHAL MASCARENHAS DE MORAES,,,EM FRENTE A LOCALIZA,AV MARECHAL MASCARENHAS DE MORAES,,EM FRENTE A LOCALIZA,IMBIRIBEIRA,218,CIDADE,COLISÃO TRASEIRA,COLISÃO SEM VITIMAS,1,1,,,,,,,,0,,Longo da via,Bom,Sem defeito,Perfeito estado,Seca,Perfeito estado,Faixa de pedestre,Não há placas,60 km/h,Dupla,Canteiro central,,
2019-02-01,11:22:00,SEM VÍTIMA,FINALIZADA,SANTO AMARO,AV GOVERNADOR AGAMENON MAGALHAES,,,EM FRENTE AO POSTO DISLUB,AV GOVERNADOR AGAMENON MAGALHAES,,EM FRENTE AO POSTO DISLUB,SANTO AMARO,,SUBURBIO,COLISÃO TRASEIRA,AUTO X MOTO S/V,1,1,,,,,,,,0,,Longo da via,Bom,Não existe,Perfeito estado,Seca,Perfeito estado,Outros,Outras,60 km/h,,Faixa seccionada,,
2019-02-01,12:02:00,SEM VÍTIMA,FINALIZADA,SÃO JOSÉ,C SANTA RITA,,,NA SUBIDA DA PONTE GIRATORIA,C SANTA RITA,,NA SUBIDA DA PONTE GIRATORIA,SÃO JOSÉ,,CIDADE,COLISÃO,AUTO E CAMINHAO S/V,1,,,,,,1,,,0,,,,,,,,,,,,,,
2019-02-01,12:35:00,SEM VÍTIMA,FINALIZADA,SANTO AMARO,RUA DO PRINCIPE,466,,E/F AO HOSPITAL DO EXERCITO,RUA DO PRINCIPE,466,E/F AO HOSPITAL DO EXERCITO,SANTO AMARO,466,CIDADE,COLISÃO TRASEIRA,COLISAO ENTRE DOIS AUTOS S/V,2,,,,,,,,,0,,Longo da via,Bom,Com defeito,Perfeito estado,Seca,Perfeito estado,Faixa de pedestre,R-6a,,Única,Faixa contínua,Faixa seccionada,
2019-02-01,12:35:00,SEM VÍTIMA,FINALIZADA,DERBY,PRC DO DERBY,,,EM FRENTE A PRAÇA DO DERBY,PRC DO DERBY,,EM FRENTE A PRAÇA DO DERBY,DERBY,,CIDADE,ABALROAMENTO LONGITUDINAL,COLISÃO SEM VÍTIMA,2,,,,,,,,,0,,Longo da via,Bom,Sem defeito,Perfeito estado,Seca,Perfeito estado,Não existe,,,,Canteiro central,,
2019-02-01,12:45:00,SEM VÍTIMA,FINALIZADA,PINA,AV ANTONIO DE GOES,449,,EM FRENTE AO EMPRESARIAL NEWTON MELO,AV ANTONIO DE GOES,449,EM FRENTE AO EMPRESARIAL NEWTON MELO,PINA,277,CIDADE,COLISÃO TRASEIRA,SEM VÍTIMA,4,,,,,,,,,0,,Longo da via,Bom,Sem defeito,Perfeito estado,Seca,Perfeito estado,Não existe,Outras,,Única,Canteiro central,,
2019-02-01,13:29:00,SEM VÍTIMA,FINALIZADA,TAMARINEIRA,RUA CONEGO BARATA,,,EM FRENTE AO SEMÁFORO DE Nº 062,RUA CONEGO BARATA,,EM FRENTE AO SEMÁFORO DE Nº 062,TAMARINEIRA,62,,COLISÃO TRASEIRA,COLISÃO SEM VÍTIMA,1,,,,,,,,1,0,,Longo da via,Bom,Sem defeito,Perfeito estado,Seca,Perfeito estado,Faixa de pedestre,R-6a,,Dupla,Faixa seccionada,Canteiro central,Blocos
2019-02-01,14:06:00,SEM VÍTIMA,FINALIZADA,CASA FORTE,RUA LEONARDO BEZERRA CAVALCANTE,540,,EM FRENTE A SEDATEX TECIDOS,RUA LEONARDO BEZERRA CAVALCANTE,540,EM FRENTE A SEDATEX TECIDOS,CASA FORTE,,SUBURBIO,ABALROAMENTO LONGITUDINAL,COLISÃO SEM VÍTIMA,2,,,,,,,,,0,,Longo da via,Bom,Não existe,Perfeito estado,Seca,Perfeito estado,Não existe,R-6a,,Única,Faixa seccionada,,
2019-02-01,14:18:00,SEM VÍTIMA,FINALIZADA,BOA VIAGEM,AV DES JOSE NEVES,907,,,AV DES JOSE NEVES,907,,BOA VIAGEM,580,SUBURBIO,COLISÃO TRASEIRA,COLISÃO SEM VÍTIMA,1,1,,,,,,,,0,,Longo da via,Bom,Sem defeito,Perfeito estado,Seca,Perfeito estado,Faixa de pedestre,,,Dupla,Canal,,
2019-02-01,15:00:00,SEM VÍTIMA,FINALIZADA,SAN MARTIN,RUA QUINZE DE MARCO,594,,,RUA QUINZE DE MARCO,594,,SAN MARTIN,,,ABALROAMENTO LONGITUDINAL,COLISAO ENTRE DOIS AUTOS S/V,2,,,,,,,,,0,,Longo da via,Bom,Não existe,Perfeito estado,Seca,Perfeito estado,Não existe,Não há placas,,Dupla,Não existe,,
2019-02-01,15:06:00,SEM VÍTIMA,FINALIZADA,BOA VIAGEM,AV ENGENHEIRO DOMINGOS FERREIRA,1000,,,AV ENGENHEIRO DOMINGOS FERREIRA,1000,,BOA VIAGEM,,SUBURBIO,COLISÃO TRASEIRA,SEM VÍTIMA,4,1,,,,1,,,1,0,,Longo da via,Bom,Não existe,Perfeito estado,Seca,Perfeito estado,,Não há placas,60 km/h,Dupla,,,
2019-02-01,15:58:00,SEM VÍTIMA,FINALIZADA,ENCRUZILHADA,RUA VINTE E QUATRO DE JUNHO,279,,EDF TEOFANES GONÇALVES,RUA VINTE E QUATRO DE JUNHO,279,EDF TEOFANES GONÇALVES,ENCRUZILHADA,,SUBURBIO,ABALROAMENTO TRANSVERSAL,AUTO E CAMINHAO S/V,1,,,,,,1,,,0,,Longo da via,Bom,Não existe,Perfeito estado,Seca,Perfeito estado,Não existe,R-4b,30 km/h,Única,Não existe,,
2019-02-01,16:13:00,SEM VÍTIMA,FINALIZADA,BOA VIAGEM,RUA DOS NAVEGANTES,768,,APOS O HOTEL GRAND MERCURE E/F AO EDF TIRADENTES,RUA DOS NAVEGANTES,768,APOS O HOTEL GRAND MERCURE E/F AO EDF TIRADENTES,BOA VIAGEM,,,COLISÃO,COLISAO ENTRE DOIS AUTOS S/V,1,1,,,,,,,,0,,,,,,,,,,,,,,
2019-02-01,16:17:00,SEM VÍTIMA,FINALIZADA,ARRUDA,AV BEBERIBE,1744,,EM FRENTE AO COLEGIO E HOTELZINHO QI,AV BEBERIBE,1744,EM FRENTE AO COLEGIO E HOTELZINHO QI,ARRUDA,,,COLISÃO,COLISÃO SEM VÍTIMA,1,1,,,,,,,,0,,,,,,,,,,,,,,
2019-02-01,16:35:00,COM VÍTIMA,FINALIZADA,LINHA DO TIRO,RUA URIEL DE HOLANDA,1650,,PROX AO ARMAZEM OLIVEIRA.,RUA URIEL DE HOLANDA,1650,PROX AO ARMAZEM OLIVEIRA.,LINHA DO TIRO,,SUBURBIO,COLISÃO COM CICLISTA,COLISAO ENTRE AUTO E CICLISTA,1,,,1,,,,,,1,,Longo da via,Bom,Não existe,Não existente,Seca,Perfeito estado,Não existe,Não há placas,,Dupla,Não existe,,
2019-02-01,16:44:00,COM VÍTIMA,FINALIZADA,ROSARINHO,AV NORTE,3630,EST VELHA DE AGUA FRIA,E/F AO DISTRIBUIDORA ALARM CENTER,AV NORTE,3630,E/F AO DISTRIBUIDORA ALARM CENTER,ROSARINHO,,CIDADE,COLISÃO TRASEIRA,COLISAO ENTRE ONIBUS E MOTO COM UMA VITIMA,,1,,,,1,,,,1,,Longo da via,Bom,Sem defeito,Perfeito estado,Seca,Perfeito estado,Não existe,R-6a,,Dupla,Faixa,Canteiro central,
2019-02-01,17:21:00,SEM VÍTIMA,FINALIZADA,SÃO JOSÉ,AV SUL,502,,PROX A PRAÇA SERGIO LORETO E/F AO POSTO BR,AV SUL,502,PROX A PRAÇA SERGIO LORETO E/F AO POSTO BR,SÃO JOSÉ,,,COLISÃO TRASEIRA,COLISAO ENTRE DOIS AUTOS S/V,2,,,,,,,,,0,,Longo da via,Bom,Sem defeito,Perfeito estado,Seca,Perfeito estado,Não existe,Não há placas,,Única,Canteiro central,,
2019-02-01,17:29:00,SEM VÍTIMA,FINALIZADA,SÃO JOSÉ,AV DANTAS BARRETO,198,,DANTAS BARRETO,AV DANTAS BARRETO,198,DANTAS BARRETO,SÃO JOSÉ,35,SUBURBIO,ABALROAMENTO LONGITUDINAL,AUTO E ONIBUS S/V,1,,,,,1,,,,0,,Longo da via,Bom,Sem defeito,Perfeito estado,Seca,Perfeito estado,Faixa de pedestre,Não há placas,,Única,Faixa contínua,,
2019-02-01,17:45:00,SEM VÍTIMA,FINALIZADA,IPUTINGA,RUA SAO MATEUS,,,PRÓXIMO A DELICATESSEM MASSA PURA,RUA SAO MATEUS,,PRÓXIMO A DELICATESSEM MASSA PURA,IPUTINGA,,SUBURBIO,COLISÃO TRASEIRA,COLISÃO SEM VÍTIMA,2,,,,,,,,,0,,Longo da via,Bom,Não existe,Não existente,Seca,Perfeito estado,Não existe,Não há placas,,Dupla,Não existe,,
2019-02-01,17:52:00,SEM VÍTIMA,FINALIZADA,IMBIRIBEIRA,AV MARECHAL MASCARENHAS DE MORAES,,,PRÓXIMO AO VIADUTO TANCREDO NEVES,AV MARECHAL MASCARENHAS DE MORAES,,PRÓXIMO AO VIADUTO TANCREDO NEVES,IMBIRIBEIRA,,CIDADE,COLISÃO TRASEIRA,DOIS AUTOS S/V,2,,,,,,,,,0,,Longo da via,Bom,Não existe,Incompleta,Seca,Perfeito estado,Não existe,Não há placas,,Dupla,Canteiro central,,
2019-02-01,18:11:00,SEM VÍTIMA,FINALIZADA,BOA VIAGEM,RUA PADRE CABRAL,,,EM FRENTE AO LAB. GILSON SIDRIN,RUA PADRE CABRAL,,EM FRENTE AO LAB. GILSON SIDRIN,BOA VIAGEM,,SUBURBIO,ABALROAMENTO TRANSVERSAL,COLISÃO SEM VÍTIMA,2,,,,,,,,,0,,Longo da via,Bom,Não existe,Perfeito estado,Seca,Perfeito estado,,Placas Pare,20 km/h,Dupla,Faixa contínua,,
2019-02-01,18:43:00,SEM VÍTIMA,FINALIZADA,DOIS IRMÃOS,RUA MANUEL DE MEDEIROS,S/N,,UFRPE,RUA MANUEL DE MEDEIROS,S/N,UFRPE,DOIS IRMÃOS,224,SUBURBIO,COLISÃO TRASEIRA,COLSÃO SEM VITIMAS,2,,,,,,,,,0,,,Bom,Sem defeito,Incompleta,Seca,Perfeito estado,,Não há placas,,Dupla,Não existe,,
2019-02-01,19:07:00,SEM VÍTIMA,FINALIZADA,BARRO,RUA PADRE DIOGO RODRIGUES,,RUA PADRE NOBREGA,,RUA PADRE DIOGO RODRIGUES,,,BARRO,,CIDADE,ABALROAMENTO TRANSVERSAL,COLISÃO SEM VÍTIMA,1,1,,,,,,,,0,,Cruzamento,Bom,Não existe,Não existente,Seca,Perfeito estado,Não existe,Não há placas,,Dupla,Faixa contínua,,
2019-02-01,19:50:00,SEM VÍTIMA,CANCELADA,BONGI,RUA HERCULES FLORENCE,,RUA OSCAR BERARDO,CASA DA FARINHA,RUA HERCULES FLORENCE,,CASA DA FARINHA,BONGI,,,ACID. DE PERCURSO,FALTA DE SINALIZAÇÃO EM OBRA DA COMPESA   CAMINHÃO COLIDIU COM POSTE NÃO DAR PRA VER A PLACA DO VEICULO POR FALTA DE ENERGIA NO LOCAL,,,,,,,,,,0,,,,,,,,,,,,,,
2019-02-01,19:56:00,COM VÍTIMA,CANCELADA,BONGI,AV ENGENHEIRO ABDIAS DE CARVALHO,,,E/F A FARMACIA SANTA MARIA,AV ENGENHEIRO ABDIAS DE CARVALHO,,E/F A FARMACIA SANTA MARIA,BONGI,422,,COLISÃO,COLISÃO COM VITIMA,1,1,,,,,,,,1,,,,,,,,,,,,,,
2019-02-01,20:00:00,SEM VÍTIMA,FINALIZADA,DOIS IRMÃOS,RUA MANUEL DE MEDEIROS,,,EM FRENTE A FARMÁCIA LAFEPE,RUA MANUEL DE MEDEIROS,,EM FRENTE A FARMÁCIA LAFEPE,DOIS IRMÃOS,,SUBURBIO,ABALROAMENTO LONGITUDINAL,VITIMA S/V,2,,,,,,,,,0,,Longo da via,Bom,Não existe,Incompleta,Seca,Mal conservada,Não existe,R-6a,,Dupla,Não existe,,
2019-02-01,21:02:00,SEM VÍTIMA,FINALIZADA,ILHA DO LEITE,AV GOVERNADOR AGAMENON MAGALHAES,,,AO LADO DO REAL HOSPITAL PORTUGUÊS,AV GOVERNADOR AGAMENON MAGALHAES,,AO LADO DO REAL HOSPITAL PORTUGUÊS,ILHA DO LEITE,,SUBURBIO,ABALROAMENTO LONGITUDINAL,,1,1,,,,,,,,0,,Longo da via,Bom,Não existe,Perfeito estado,Seca,Perfeito estado,Não existe,Não há placas,,Única,Faixa seccionada,Canteiro central,
2019-02-01,21:04:00,COM VÍTIMA,FINALIZADA,ESPINHEIRO,RUA CONS PORTELA,,RUA QUARENTA E OITO,E/F A FARMACIA PAGUE MENOS,RUA CONS PORTELA,,E/F A FARMACIA PAGUE MENOS,ESPINHEIRO,11,,ATROPELAMENTO,COM VITIMA,1,,,,1,,,,,1,,Cruzamento,Bom,Sem defeito,Perfeito estado,Seca,Perfeito estado,Faixa de pedestre,,,Única,Faixa contínua,Faixa seccionada,
2019-02-01,23:38:00,COM VÍTIMA,FINALIZADA,IMBIRIBEIRA,RUA ARQUITETO LUIZ NUNES,201,RUA ENGENHEIRO JOSE BRANDAO CAVALCANTE,EM FRENTE AO EDIF. PINHEIROS,RUA ARQUITETO LUIZ NUNES,201,EM FRENTE AO EDIF. PINHEIROS,IMBIRIBEIRA,,CIDADE,ABALROAMENTO TRANSVERSAL,COLISÃO COM VITIMA  SOLICITANTE TRATA-SE DE UM PARENTE (GENRO),,2,,,,,,,,1,,Cruzamento,Bom,Não existe,Perfeito estado,Seca,Perfeito estado,Não existe,Outras,,Dupla,Faixa contínua,Faixa seccionada,
2019-02-02,00:08:00,COM VÍTIMA,FINALIZADA,BREJO DA GUABIRABA,AV VEREADOR OTACILIO AZEVEDO,,,EM FRENTE AO CLUBE DA FAZENDA  EM FRENTE AO GINASIO DO MARRETÃO,AV VEREADOR OTACILIO AZEVEDO,,EM FRENTE AO CLUBE DA FAZENDA  EM FRENTE AO GINASIO DO MARRETÃO,BREJO DA GUABIRABA,,CIDADE,ABALROAMENTO LONGITUDINAL,COLISÃO ENTRE DUAS MOTOS  C/V,,2,,,,,,,,3,,Longo da via,Bom,Não existe,Perfeito estado,Molhada,Perfeito estado,Não existe,Não há placas,,Única,Faixa seccionada,,
2019-02-02,00:45:00,COM VÍTIMA,FINALIZADA,CASA FORTE,AV DEZESSETE DE AGOSTO,2187,,EM FRENTE AO MUSEU DO HOMEM DO NORDESTE  EM FRENTE A CEF.,AV DEZESSETE DE AGOSTO,2187,EM FRENTE AO MUSEU DO HOMEM DO NORDESTE  EM FRENTE A CEF.,CASA FORTE,,SUBURBIO,ABALROAMENTO TRANSVERSAL,COLISÃO ENTREAUTO E MOTO C/V,1,1,,,,,,,,1,,Longo da via,Bom,Não existe,Perfeito estado,Seca,Perfeito estado,Faixa de pedestre,Não há placas,,Dupla,Faixa contínua,Faixa seccionada,
2019-02-02,06:46:00,SEM VÍTIMA,FINALIZADA,PRADO,AV ENGENHEIRO ABDIAS DE CARVALHO,,,EM FRENTE A BIG CAR,AV ENGENHEIRO ABDIAS DE CARVALHO,,EM FRENTE A BIG CAR,PRADO,,CIDADE,ABALROAMENTO LONGITUDINAL,DOIS AUTOS E MOTO,2,1,,,,,,,,0,,Longo da via,Bom,Sem defeito,Perfeito estado,Seca,Perfeito estado,,Outras,,Dupla,Canteiro central,,
2019-02-02,07:11:00,SEM VÍTIMA,CANCELADA,JARDIM SÃO PAULO,AV RECIFE,6165,,EM FRENTE A DISTRIBUIDORA TUDO EM INOX,AV RECIFE,6165,EM FRENTE A DISTRIBUIDORA TUDO EM INOX,JARDIM SÃO PAULO,,BOA VIAGEM,COLISÃO,SEM VITIMAS,1,,,,,,1,,,0,,,,,,,,,,,,,,