data,hora,natureza_acidente,situacao,bairro,endereco,numero,detalhe_endereco_acidente,complemento,endereco_cruzamento,numero_cruzamento,referencia_cruzamento,bairro_cruzamento,num_semaforo,sentido_via,tipo,descricao,auto,moto,ciclom,ciclista,pedestre,onibus,caminhao,viatura,outros,vitimas,vitimasfatais,acidente_verificado,tempo_clima,situacao_semaforo,sinalizacao,condicao_via,conservacao_via,ponto_controle,situacao_placa,velocidade_max_via,mao_direcao,divisao_via1,divisao_via2,divisao_via3
2019-02-02,07:18:00,COM VÍTIMA,FINALIZADA,ILHA DO LEITE,AV FREI MATIAS TEVES,,RUA SENADOR JOSE HENRIQUE,EM FRENTE AO HOSPITAL ALBERT SABIM,AV FREI MATIAS TEVES,,EM FRENTE AO HOSPITAL ALBERT SABIM,ILHA DO LEITE,,SUBURBIO,ABALROAMENTO TRANSVERSAL,COLISÃO COM VITIMA,3,1,,,,,,,,1,,Cruzamento,Bom,Não existe,Perfeito estado,Seca,Perfeito estado,Faixa de pedestre,Placas Pare,40 km/h,Única,Faixa seccionada,,
2019-02-02,07:36:00,SEM VÍTIMA,CANCELADA,TAMARINEIRA,AV NORTE,,,APÓS A CONEGO BARATA,AV NORTE,,APÓS A CONEGO BARATA,TAMARINEIRA,,,COLISÃO,COLISÃO COM VITIMA,,,,,,,,,,0,,,,,,,,,,,,,,
2019-02-02,08:33:00,SEM VÍTIMA,FINALIZADA,PRADO,RUA SANTA EDWIRGES,182,RUA PINTO JUNIOR,,RUA SANTA EDWIRGES,182,,PRADO,,CIDADE,ABALROAMENTO TRANSVERSAL,SEM VÍTIMAS,2,,,,,,,,,0,,Longo da via,Bom,Não existe,Perfeito estado,Seca,Perfeito estado,Não existe,R-6a,,Única,Não existe,,
2019-02-02,08:44:00,SEM VÍTIMA,CANCELADA,CASA AMARELA,RUA SANTA IZABEL,282,,EM FRENTE À IGREJA CATOLICA,RUA SANTA IZABEL,282,EM FRENTE À IGREJA CATOLICA,CASA AMARELA,,,COLISÃO,COLISÃO ENTRE DOIS AUTOS SEM VÍTIMAS,2,,,,,,,,,0,,,,,,,,,,,,,,
2019-02-02,08:46:00,SEM VÍTIMA,FINALIZADA,BOA VIAGEM,AV ENGENHEIRO DOMINGOS FERREIRA,3704,,EM FRENTE AO INSTITUTO GASTRONÔMICO DAS AMÉRICAS,AV ENGENHEIRO DOMINGOS FERREIRA,3704,EM FRENTE AO INSTITUTO GASTRONÔMICO DAS AMÉRICAS,BOA VIAGEM,,SUBURBIO,ABALROAMENTO LONGITUDINAL,ONIBUS E AUTO,1,,,,,1,,,,0,,Longo da via,Bom,Não existe,Perfeito estado,Seca,Perfeito estado,Outros,Outras,60 km/h,Única,Canteiro central,,
2019-02-02,09:57:00,SEM VÍTIMA,FINALIZADA,IMBIRIBEIRA,AV MARECHAL MASCARENHAS DE MORAES,7935,,EM FRENTE A LOJA MP MULTIMARCAS,AV MARECHAL MASCARENHAS DE MORAES,7935,EM FRENTE A LOJA MP MULTIMARCAS,IMBIRIBEIRA,,CIDADE,COLISÃO TRASEIRA,COLISÃO SEM VITIMAS VT 26 QTH,2,,,,,,,,,0,,Longo da via,Chuvoso,Sem defeito,Perfeito estado,Molhada,Perfeito estado,Não existe,Não há placas,,Dupla,Canteiro central,,
2019-02-02,10:18:00,SEM VÍTIMA,FINALIZADA,APIPUCOS,RUA DE APIPUCOS,1222,,AO LADO DO 11º BPM,RUA DE APIPUCOS,1222,AO LADO DO 11º BPM,APIPUCOS,248,CIDADE,CHOQUE OBJETO FIXO,CONDUTOR COLIDIU CONTRA POSTE SEM VITIMAS,,,,,,1,,,,0,,Longo da via,Bom,Sem defeito,Perfeito estado,Seca,Perfeito estado,Faixa de pedestre,Outras,,Dupla,Faixa contínua,,
2019-02-02,11:27:00,SEM VÍTIMA,CANCELADA,VÁRZEA,RUA VALE DO SIRIJI,,,NO MEIO DA LADEIRA DO UR7,RUA VALE DO SIRIJI,,NO MEIO DA LADEIRA DO UR7,VÁRZEA,,,COLISÃO,SEM VITIMAS,2,,,,,,,,,0,,,,,,,,,,,,,,
2019-02-02,14:20:00,SEM VÍTIMA,FINALIZADA,IMBIRIBEIRA,RUA BARAO DE AGUA BRANCA,,RUA DUQUE ESTRADA,,RUA BARAO DE AGUA BRANCA,,,IMBIRIBEIRA,,,ABALROAMENTO TRANSVERSAL,COLISAO ENTRE DOIS AUTOS S/V,2,,,,,,,,,0,,Cruzamento,Bom,Não existe,Perfeito estado,Seca,Perfeito estado,Não existe,Placas Pare,,Dupla,Não existe,,
2019-02-02,14:30:00,SEM VÍTIMA,CANCELADA,BOA VISTA,RUA DA AURORA,,,EM FRENTE AO CINEMA SAO LUIZ,RUA DA AURORA,,EM FRENTE AO CINEMA SAO LUIZ,BOA VISTA,,,COLISÃO,COLISAO ENVOLVENDO AUTO E ONIBUS,1,,,,,1,,,,0,,,,,,,,,,,,,,
2019-02-02,14:44:00,SEM VÍTIMA,FINALIZADA,ILHA DO RETIRO,RUA TABAIARES,297,,LADO OPOSTO AO SEBRAE,RUA TABAIARES,297,LADO OPOSTO AO SEBRAE,ILHA DO RETIRO,,CIDADE,ABALROAMENTO TRANSVERSAL,COLISÃO ENVOLVENDO DOIS AUTOS (INCLUINDO  UMA VT DA GCMR- PATRIMÔNIO),1,,,,,,,1,,0,,Longo da via,Bom,Não existe,Não existente,Seca,Perfeito estado,Não existe,Não há placas,,Dupla,Não existe,,
2019-02-02,15:23:00,SEM VÍTIMA,FINALIZADA,BOA VIAGEM,AV FERNANDO SIMOES BARBOSA,,RUA BRUNO VELOSO,SEMÁFORO 335,AV FERNANDO SIMOES BARBOSA,,SEMÁFORO 335,BOA VIAGEM,335,CIDADE,ABALROAMENTO TRANSVERSAL,COLISÃO SEM VÍTIMA,2,,,,,,,,,0,,Cruzamento,Bom,Sem defeito,Perfeito estado,Seca,Perfeito estado,Faixa de pedestre,,,Única,,,
2019-02-02,15:57:00,SEM VÍTIMA,CANCELADA,AREIAS,RUA ERNESTO NAZARETH,516,,EM FRENTE AO BODE DOS IRMAOS,RUA ERNESTO NAZARETH,516,EM FRENTE AO BODE DOS IRMAOS,AREIAS,,,COLISÃO,AUTO E MOTO S/V,1,1,,,,,,,,0,,,,,,,,,,,,,,
2019-02-02,16:35:00,SEM VÍTIMA,FINALIZADA,MADALENA,AV BEIRA RIO,,,AO LADO DA ACADEMIA DA CIDADE  PRÓXIMO À PONTE DA TORRE.,AV BEIRA RIO,,AO LADO DA ACADEMIA DA CIDADE  PRÓXIMO À PONTE DA TORRE.,MADALENA,77,,COLISÃO,COLISAO ENTRE DOIS AUTOS S/V,2,,,,,,,,,0,,,,,,,,,,,,,,
2019-02-02,17:41:00,COM VÍTIMA,FINALIZADA,DERBY,RUA JENER DE SOUZA,,PRC DO DERBY,EM FRENTE AO QUARTEL,RUA JENER DE SOUZA,,EM FRENTE AO QUARTEL,DERBY,,SUBURBIO,COLISÃO,COLISÃO COM VÍTIMA,1,,1,,,,,,,1,,Cruzamento,Bom,Não existe,Perfeito estado,Seca,Perfeito estado,Faixa de retenção,Não há placas,,Dupla,Canteiro central,,
2019-02-02,19:40:00,COM VÍTIMA,FINALIZADA,BARRO,AV DR JOSE RUFINO,2060,,E/F AO EDF PORTO DAS PALMEIRAS / PRÓX AO IMPERIO / SNT JABOATÃO,AV DR JOSE RUFINO,2060,E/F AO EDF PORTO DAS PALMEIRAS / PRÓX AO IMPERIO / SNT JABOATÃO,BARRO,213,CIDADE,ABALROAMENTO TRANSVERSAL,ENTRE AUTO E MOYO. C/V,1,1,,,,,,,,1,,Longo da via,Bom,Sem defeito,Perfeito estado,Seca,Perfeito estado,Faixa de pedestre,Não há placas,,Dupla,Faixa contínua,,
2019-02-02,20:13:00,SEM VÍTIMA,FINALIZADA,TAMARINEIRA,RUA CONEGO BARATA,,,E/F AO ARMAZÉM FERREIRA COSTA / AO LADO DO HOSPITAL HELENA MOURA,RUA CONEGO BARATA,,E/F AO ARMAZÉM FERREIRA COSTA / AO LADO DO HOSPITAL HELENA MOURA,TAMARINEIRA,,,COLISÃO,ENTRE 2 AUTOS. S/V,2,,,,,,,,,0,,,,,,,,,,,,,,
2019-02-02,21:35:00,SEM VÍTIMA,FINALIZADA,ESTÂNCIA,AV DR JOSE RUFINO,790,,E/F AO BRINK KIDS / PRÓX AO VIADUTO E CORREIOS,AV DR JOSE RUFINO,790,E/F AO BRINK KIDS / PRÓX AO VIADUTO E CORREIOS,ESTÂNCIA,,SUBURBIO,COLISÃO FRONTAL,ENTRE KOMBI E AUTO. S/V,2,,,,,,,,,0,,Longo da via,Bom,Não existe,Perfeito estado,Seca,Perfeito estado,Não existe,Não há placas,,Dupla,Faixa contínua,Faixa seccionada,
2019-02-03,02:26:00,SEM VÍTIMA,FINALIZADA,AFOGADOS,AV MARECHAL MASCARENHAS DE MORAES,,,PONTE MOTOCOLOMBÓ,AV MARECHAL MASCARENHAS DE MORAES,,PONTE MOTOCOLOMBÓ,AFOGADOS,39,CIDADE,CHOQUE OBJETO FIXO,CONDUTOR PERDEU O CONTROLE DO VEÍCULO E CHOCOU-SE CONTRA O SEMÁFORO DE NÚMERO 39,1,,,,,,,,,0,,Longo da via,Bom,Sem defeito,Perfeito estado,Seca,Perfeito estado,,,,Dupla,Canteiro central,,
2019-02-03,10:35:00,SEM VÍTIMA,CANCELADA,VÁRZEA,AV AFONSO OLINDENSE,3841,,E/F A A PRAÇA PINTO DAMÁSIO,AV AFONSO OLINDENSE,3841,E/F A A PRAÇA PINTO DAMÁSIO,VÁRZEA,,,COLISÃO,SEM VÍTIMAS,2,,,,,,,,,0,,,,,,,,,,,,,,
2019-02-03,12:58:00,SEM VÍTIMA,FINALIZADA,TEJIPIÓ,AV DR JOSE RUFINO,,RUA ITANHENGA,SOB O SEMÁFORO 208,AV DR JOSE RUFINO,,SOB O SEMÁFORO 208,TEJIPIÓ,208,SUBURBIO,COLISÃO TRASEIRA,ENTRE DOIS AUTOS S/V,2,,,,,,,,,0,,Longo da via,Chuvoso,Sem defeito,Perfeito estado,Seca,Perfeito estado,Faixa de pedestre,R-6a,40 km/h,Dupla,,,
2019-02-03,13:44:00,COM VÍTIMA,FINALIZADA,IPUTINGA,RUA N S DA SAUDE,385,RUA JOAO ROSENDO,AO LADO DO TERMINAL DA TORRE,RUA N S DA SAUDE,385,AO LADO DO TERMINAL DA TORRE,IPUTINGA,,,ABALROAMENTO TRANSVERSAL,ENTRE DUAS MOTOS C/V,,2,,,,,,,,2,,Cruzamento,Bom,Não existe,Perfeito estado,Seca,Perfeito estado,Não existe,Não há placas,,Dupla,Faixa contínua,,
2019-02-03,13:46:00,SEM VÍTIMA,FINALIZADA,BOA VIAGEM,RUA PADRE BERNADINO PESSOA,663,RUA MINISTRO NELSON HUNGRIA,,RUA PADRE BERNADINO PESSOA,663,,BOA VIAGEM,,SUBURBIO,ABALROAMENTO TRANSVERSAL,ENTRE DOIS AUTOS S/V,2,,,,,,,,,0,,Cruzamento,Chuvoso,Não existe,Perfeito estado,Molhada,Perfeito estado,Outros,Outras,,Única,,,
2019-02-03,15:01:00,SEM VÍTIMA,CANCELADA,GRAÇAS,AV RUI BARBOSA,550,,EM FRENTE A PIZZARIA ATLANTICO,AV RUI BARBOSA,550,EM FRENTE A PIZZARIA ATLANTICO,GRAÇAS,,,COLISÃO,ENTRE DOIS AUTOS,2,,,,,,,,,0,,,,,,,,,,,,,,
2019-02-03,15:53:00,SEM VÍTIMA,FINALIZADA,ILHA DO RETIRO,RUA TABAIARES,403,,AO LADO DO SPORT,RUA TABAIARES,403,AO LADO DO SPORT,ILHA DO RETIRO,,CIDADE,COLISÃO TRASEIRA,COLISÃO SEM VÍTIMA,2,,,,,,,,,0,,Cruzamento,Chuvoso,Não existe,Não existente,Molhada,Mal conservada,Não existe,Não há placas,,Dupla,Não existe,,
2019-02-03,16:33:00,SEM VÍTIMA,FINALIZADA,IMBIRIBEIRA,AV MARECHAL MASCARENHAS DE MORAES,,,AO LADO DO BANCO DA CAIXA,AV MARECHAL MASCARENHAS DE MORAES,,AO LADO DO BANCO DA CAIXA,IMBIRIBEIRA,,,ABALROAMENTO LONGITUDINAL,DOIS AUTOS S/V,2,,,,,,,,,0,,Longo da via,Chuvoso,Não existe,Perfeito estado,Molhada,Perfeito estado,Não existe,R-6c,,Dupla,Canteiro central,,
2019-02-03,17:25:00,COM VÍTIMA,FINALIZADA,AFOGADOS,RUA VINTE E UM DE ABRIL,,,EM FRENTE A JR. SUCATA,RUA VINTE E UM DE ABRIL,,EM FRENTE A JR. SUCATA,AFOGADOS,,,CHOQUE OBJETO FIXO,COM VÍTIMA/ A VÍTIMA FOI SOCORRIDA PELO SAMU E O RESPONSAVEL DA MOTO ESTA NO LOCAL,,1,,,,,,,,1,,Longo da via,Chuvoso,Não existe,Perfeito estado,Molhada,Perfeito estado,Faixa de pedestre,R-6a,,Única,Não existe,,
2019-02-03,22:11:00,COM VÍTIMA,FINALIZADA,PARNAMIRIM,EST DO ENCANAMENTO,,RUA FERREIRA LOPES,,EST DO ENCANAMENTO,,,PARNAMIRIM,462,CIDADE,ABALROAMENTO LONGITUDINAL,COLISÃO COM VÍTIMA,1,1,,,,,,,,1,,Cruzamento,Chuvoso,Sem defeito,Perfeito estado,Molhada,Perfeito estado,Outros,R-6a,,Única,Faixa seccionada,,
2019-02-03,22:17:00,SEM VÍTIMA,FINALIZADA,IBURA,AV DOIS RIOS,1399,,EMBAIXO DO VIADUTO,AV DOIS RIOS,1399,EMBAIXO DO VIADUTO,IBURA,,SUBURBIO,CHOQUE VEÍCULO PARADO,COLISÃO S/V,1,1,,,,,,,,0,,Longo da via,Chuvoso,Não existe,Incompleta,Molhada,Mal iluminada,,Não há placas,,Dupla,Faixa contínua,,
2019-02-04,06:13:00,COM VÍTIMA,FINALIZADA,CASA FORTE,EST DO ENCANAMENTO,277,,EM FRENTE À ESCOLA JOSÉ VILELA,EST DO ENCANAMENTO,277,EM FRENTE À ESCOLA JOSÉ VILELA,CASA FORTE,462,,COLISÃO,ÔNIBUS X MOTO C/V.,,1,,,,1,,,,2,,,,,,,,,,,,,,
2019-02-04,07:02:00,SEM VÍTIMA,FINALIZADA,VÁRZEA,AV BARAO DE BONITO,,RUA ENGENHEIRO VASCONCELOS BITTENCOURT,EM FRENTE A PADARIA SEMPRE VIVA,AV BARAO DE BONITO,,EM FRENTE A PADARIA SEMPRE VIVA,VÁRZEA,,CIDADE,ABALROAMENTO LONGITUDINAL,SEM VITIMAS,1,,,,,,1,,,0,,Cruzamento,Chuvoso,Não existe,Perfeito estado,Molhada,Perfeito estado,Não existe,Não há placas,,Dupla,Não existe,,
2019-02-04,07:15:00,SEM VÍTIMA,FINALIZADA,,AV BARAO DE BONITO,,RUA ENGENHEIRO VASCONCELOS BITTENCOURT,EM FRENTE A PADARIA SEMPRE VIVA,AV BARAO DE BONITO,,EM FRENTE A PADARIA SEMPRE VIVA,,,SUBURBIO,ABALROAMENTO TRANSVERSAL,DOIS AUTOS,2,,,,,,,,,0,,Cruzamento,Chuvoso,Não existe,Não existente,,Perfeito estado,Não existe,Não há placas,,Dupla,Não existe,,
2019-02-04,07:23:00,COM VÍTIMA,FINALIZADA,SÃO JOSÉ,RUA IMPERIAL,981,TRV DO RAPOSO,EM FRENTE A CARDIF,RUA IMPERIAL,981,EM FRENTE A CARDIF,SÃO JOSÉ,510,SUBURBIO,ABALROAMENTO TRANSVERSAL,COLISÃO ENTRE AUTO E MOTO,1,1,,,,,,,,1,,Cruzamento,Chuvoso,Sem defeito,Perfeito estado,Molhada,Perfeito estado,Faixa de pedestre,Outras,60 km/h,Única,Faixa contínua,,
2019-02-04,07:42:00,SEM VÍTIMA,FINALIZADA,BOA VIAGEM,RUA VISCONDE DE JEQUITINHONHA,,,PRÓXIMO AO SEMÁFORO 258,RUA VISCONDE DE JEQUITINHONHA,,PRÓXIMO AO SEMÁFORO 258,BOA VIAGEM,,SUBURBIO,COLISÃO TRASEIRA,SEM VÍTIMAS,2,,,,,,,,,0,,Longo da via,Chuvoso,Sem defeito,Perfeito estado,Molhada,Perfeito estado,Faixa de pedestre,Não há placas,,Dupla,Canal,,
2019-02-04,07:55:00,SEM VÍTIMA,FINALIZADA,BOA VIAGEM,RUA PROFESSOR JOSE BRANDAO,135,,PRÓX AO HOTEL JULIETA,RUA PROFESSOR JOSE BRANDAO,135,PRÓX AO HOTEL JULIETA,BOA VIAGEM,,,COLISÃO,ENTRE AUTOS S/V.,2,,,,,,,,,0,,,,,,,,,,,,,,
2019-02-04,08:15:00,SEM VÍTIMA,FINALIZADA,IBURA,RUA RIO XINGU,,,AO LADO DA ECO ESTACÃO,RUA RIO XINGU,,AO LADO DA ECO ESTACÃO,IBURA,,SUB/CID,ABALROAMENTO LONGITUDINAL,SEM VITIMAS,1,,,,,,1,,,0,,Longo da via,Chuvoso,Não existe,Não existente,Molhada,Mal conservada,Outros,Outras,,Dupla,Faixa,,
2019-02-04,08:36:00,SEM VÍTIMA,FINALIZADA,VÁRZEA,AV CAXANGA,,,EM FRENTE A UPA,AV CAXANGA,,EM FRENTE A UPA,VÁRZEA,281,SUBURBIO,ABALROAMENTO LONGITUDINAL,DOIS AUTOS VT- 29 SUB. PAULINO NO LOCAL,2,,,,,,,,,0,,Cruzamento,Chuvoso,Sem defeito,Perfeito estado,Molhada,Perfeito estado,Faixa de pedestre,Não há placas,,Dupla,Canteiro central,,
2019-02-04,09:13:00,SEM VÍTIMA,FINALIZADA,IMBIRIBEIRA,RUA MANOEL SERAFIM DO COUTO,65,,PRÓX À ESTAÇÃO DA IMBIRIBEIRA // EM FRENTE AO CENTRO SOCIAL AFRANIO GODOY,RUA MANOEL SERAFIM DO COUTO,65,PRÓX À ESTAÇÃO DA IMBIRIBEIRA // EM FRENTE AO CENTRO SOCIAL AFRANIO GODOY,IMBIRIBEIRA,,SUBURBIO,CHOQUE VEÍCULO PARADO,AUTO X CAMINHÃO S/V,2,,,,,,,,,0,,Longo da via,Chuvoso,Não existe,Não existente,Molhada,Mal iluminada,Não existe,Não há placas,,Dupla,Não existe,,
2019-02-04,10:04:00,SEM VÍTIMA,FINALIZADA,NOVA DESCOBERTA,RUA ALTO DO RESERVATORIO,951,,,RUA ALTO DO RESERVATORIO,951,,NOVA DESCOBERTA,,,ABALROAMENTO LONGITUDINAL,,1,,,,,,1,,,0,,Longo da via,Chuvoso,Não existe,Não existente,Seca,Perfeito estado,Não existe,Não há placas,,Dupla,Não existe,,
2019-02-04,10:58:00,SEM VÍTIMA,FINALIZADA,BOA VIAGEM,RUA FRANCISCO DA CUNHA,293,RUA PROFESSOR EDUARDO WANDERLEY FILHO,EM FRENTE AO COLEGIO BOA VIAGEM,RUA FRANCISCO DA CUNHA,293,EM FRENTE AO COLEGIO BOA VIAGEM,BOA VIAGEM,,,COLISÃO,SEM VITIMAS CRIANÇA DE UM ANO E QUATRO MESES NO VEÍCULO,2,,,,,,,,,0,,,,,,,,,,,,,,
2019-02-04,11:12:00,SEM VÍTIMA,FINALIZADA,CORDEIRO,AV GENERAL SAN MARTIN,,RUA GOMES TABORDA,,AV GENERAL SAN MARTIN,,,CORDEIRO,67,SUBURBIO,ABALROAMENTO LONGITUDINAL,SEM VITIMAS.CTTU NO LOCAL VT24,2,,,,,,,,,0,,Cruzamento,Bom,Sem defeito,Perfeito estado,Seca,Perfeito estado,Faixa de pedestre,R-6a,,Dupla,Faixa seccionada,,
2019-02-04,11:35:00,COM VÍTIMA,FINALIZADA,IMBIRIBEIRA,AV MARECHAL MASCARENHAS DE MORAES,4741,RUA JOAO PEDRO DA SILVA,LADO OPOSTO AO HOTEL AEROPORTO,AV MARECHAL MASCARENHAS DE MORAES,4741,LADO OPOSTO AO HOTEL AEROPORTO,IMBIRIBEIRA,,CIDADE,ABALROAMENTO LONGITUDINAL,COLISÃO ENTRE AUTO E MOTO.,1,1,,,,,,,,1,,Longo da via,Chuvoso,Não existe,Perfeito estado,Molhada,Perfeito estado,,Não há placas,60 km/h,Única,Canteiro central,,
2019-02-04,12:52:00,COM VÍTIMA,FINALIZADA,BOA VIAGEM,AV VINTE DE JANEIRO,1156,,EM FRENTE AO COLEGIO DOURADO. POSTE B012063,AV VINTE DE JANEIRO,1156,EM FRENTE AO COLEGIO DOURADO. POSTE B012063,BOA VIAGEM,,CIDADE,COLISÃO FRONTAL,COLISÃO ENTRE AUTO E MOTO.,1,1,,,,,,,,1,,Cruzamento,Bom,Não existe,Incompleta,Seca,Mal conservada,Não existe,Placas Pare,,Dupla,Não existe,,
2019-02-04,13:31:00,COM VÍTIMA,FINALIZADA,PINA,AV ANTONIO DE GOES,275,,APOS O JCPM,AV ANTONIO DE GOES,275,APOS O JCPM,PINA,,CIDADE,COLISÃO TRASEIRA,COLISAO ENTRE MOTO E CAMINHAO C/V,,1,,,,,1,,,1,,Longo da via,Bom,Não existe,Perfeito estado,Seca,Perfeito estado,Outros,,60 km/h,Única,Faixa seccionada,,
2019-02-04,14:41:00,COM VÍTIMA,FINALIZADA,TOTÓ,RUA ONZE DE AGOSTO,,RUA MARIA AUGUSTA VILA CHAN,E/F A COMPESA,RUA ONZE DE AGOSTO,,E/F A COMPESA,TOTÓ,,SUBURBIO,ABALROAMENTO LONGITUDINAL,COLISAO ENTRE AUTO E MOTO.,1,1,,,,,,,,1,,Longo da via,Bom,Não existe,Não existente,Seca,Perfeito estado,Não existe,Não há placas,,Dupla,Não existe,,
2019-02-04,15:06:00,SEM VÍTIMA,CANCELADA,BOA VIAGEM,RUA PROF PEDRO AUGUSTO CARNEIRO LEAO,,,POR TRAS DO SHOPPING RECIFE AO LADO DA FACULDADE DO COLEGIO MOTIVO,RUA PROF PEDRO AUGUSTO CARNEIRO LEAO,,POR TRAS DO SHOPPING RECIFE AO LADO DA FACULDADE DO COLEGIO MOTIVO,BOA VIAGEM,,,COLISÃO,COLISAO ENTRE DOIS AUTOS S/V,2,,,,,,,,,0,,,,,,,,,,,,,,
2019-02-04,15:12:00,SEM VÍTIMA,CANCELADA,IMBIRIBEIRA,RUA ARTUR MOURA,77,,POR TRAZ DA FAC. UNIVERSO E A LINHA DO TREM,RUA ARTUR MOURA,77,POR TRAZ DA FAC. UNIVERSO E A LINHA DO TREM,IMBIRIBEIRA,,,COLISÃO,COLISÃO SEM VITIMAS,1,,,,,,1,,,0,,,,,,,,,,,,,,
2019-02-04,15:12:00,SEM VÍTIMA,FINALIZADA,AFOGADOS,RUA SAO MIGUEL,113,RUA PEDRO CABRAL DE OLIVEIRA,TEMPERO DO CAMPO,RUA SAO MIGUEL,113,TEMPERO DO CAMPO,AFOGADOS,,CIDADE,ABALROAMENTO TRANSVERSAL,COLISAO ENTRE ONIBUS E AUTO S/V,1,,,,,1,,,,0,,Cruzamento,Bom,Não existe,Perfeito estado,Seca,Perfeito estado,Não existe,Outras,,Dupla,Faixa contínua,,
2019-02-04,15:21:00,SEM VÍTIMA,FINALIZADA,VÁRZEA,AV AFONSO OLINDENSE,1764,,PRÓXIMO A PRAÇA DA VARZEA,AV AFONSO OLINDENSE,1764,PRÓXIMO A PRAÇA DA VARZEA,VÁRZEA,,CIDADE,ABALROAMENTO LONGITUDINAL,DOIS AUTOS,2,,,,,,,,,0,,Longo da via,Bom,Não existe,Perfeito estado,Seca,Perfeito estado,,Outras,,Dupla,Faixa contínua,,
2019-02-04,15:21:00,SEM VÍTIMA,CANCELADA,BOA VIAGEM,AV DOM JOAO VI,,,SAIDA DO RESIDENCIAL BOA VIAGEM  AO LADO DO SHOPPING CENTER RECIFE,AV DOM JOAO VI,,SAIDA DO RESIDENCIAL BOA VIAGEM  AO LADO DO SHOPPING CENTER RECIFE,BOA VIAGEM,639,,COLISÃO,COLISÃO SEM VITIMAS,2,,,,,,,,,0,,,,,,,,,,,,,,
2019-02-04,16:03:00,COM VÍTIMA,CANCELADA,DERBY,RUA JENER DE SOUZA,,,EM FRENTE AO QUARTEL DO DERBY SENTIDO CENTRO,RUA JENER DE SOUZA,,EM FRENTE AO QUARTEL DO DERBY SENTIDO CENTRO,DERBY,,,COLISÃO,COLISAO ENVOLVENDO DUAS MOTOS COM VITIMA,,2,,,,,,,,1,,,,,,,,,,,,,,
2019-02-04,16:32:00,COM VÍTIMA,FINALIZADA,CAMPO GRANDE,EST DE BELEM,,RUA BARAO DE VERA CRUZ,,EST DE BELEM,,,CAMPO GRANDE,,CIDADE,ABALROAMENTO TRANSVERSAL,COLISAO ENTRE AUTO E MOTO COM UMA VITIMA VT 10 NO LOCAL,1,1,,,,,,,,1,,Cruzamento,Bom,Não existe,Perfeito estado,Seca,Perfeito estado,Faixa de pedestre,,,Dupla,,,
2019-02-04,18:09:00,COM VÍTIMA,FINALIZADA,BOA VIAGEM,AV DOM JOAO VI,,,,AV DOM JOAO VI,,,BOA VIAGEM,639,SUBURBIO,COLISÃO TRASEIRA,COLISÃO COM VITIMA,3,,,,,,,,,1,,,,,,,,,,,,,,
2019-02-04,18:28:00,SEM VÍTIMA,FINALIZADA,IPSEP,RUA SAO NICOLAU,,RUA HELIO BRANDAO,,RUA SAO NICOLAU,,,IPSEP,505,,ABALROAMENTO LONGITUDINAL,ENTRE AUTO E ÔNIBUS. S/V,1,,,,,1,,,,0,,,Bom,Sem defeito,Perfeito estado,Seca,Perfeito estado,,Não há placas,,Única,Não existe,,
2019-02-04,18:40:00,SEM VÍTIMA,CANCELADA,PORTO DA MADEIRA,AV BEBERIBE,,,E/F AO POSTO SIVINI/ ARENA IBIZA CLUB,AV BEBERIBE,,E/F AO POSTO SIVINI/ ARENA IBIZA CLUB,PORTO DA MADEIRA,,,COLISÃO,COLISÃO S/V,2,,,,,,,,,0,,,,,,,,,,,,,,
2019-02-04,18:52:00,COM VÍTIMA,FINALIZADA,CAXANGÁ,AV CAXANGA,,,E/F AO T.I CAXAGÁ,AV CAXANGA,,E/F AO T.I CAXAGÁ,CAXANGÁ,,,ATROPELAMENTO,COLISÃO COM VITIMA,,1,,,,,,,,2,,,,,,,,,,,,,,
2019-02-04,18:54:00,SEM VÍTIMA,FINALIZADA,CORDEIRO,RUA SOUZA BANDEIRA,,,CENTRO EDUCACIONAL HELENA LUBIENSKA,RUA SOUZA BANDEIRA,,CENTRO EDUCACIONAL HELENA LUBIENSKA,CORDEIRO,,SUBURBIO,COLISÃO TRASEIRA,ENTRE 2 AUTOS  S/V,3,,,,,,,,,0,,Longo da via,Bom,Sem defeito,Perfeito estado,Seca,Perfeito estado,,R-6a,30 km/h,Única,,,
2019-02-04,19:23:00,COM VÍTIMA,FINALIZADA,AFOGADOS,RUA SAO MIGUEL,,,PROX AO CORREIOS/IGREJA DA FÉ DO BRASIL,RUA SAO MIGUEL,,PROX AO CORREIOS/IGREJA DA FÉ DO BRASIL,AFOGADOS,,,COLISÃO,,1,1,,,,,,,,1,,,,,,,,,,,,,,
2019-02-04,19:27:00,SEM VÍTIMA,FINALIZADA,CASA AMARELA,EST DO ARRAIAL,,,EM FRENTE A ESCOLA DOM VITAL,EST DO ARRAIAL,,EM FRENTE A ESCOLA DOM VITAL,CASA AMARELA,,SUBURBIO,ABALROAMENTO LONGITUDINAL,ENTRE 2 AUTOS S/V,2,,,,,,,,,0,,Longo da via,Bom,Não existe,Perfeito estado,Seca,Perfeito estado,Outros,Outras,,Única,Faixa contínua,,
2019-02-04,20:11:00,SEM VÍTIMA,FINALIZADA,CASA FORTE,RUA LEONARDO BEZERRA CAVALCANTE,672,,AO LADO DO MERCADO WALLMART / E/F AO BOI VERDE,RUA LEONARDO BEZERRA CAVALCANTE,672,AO LADO DO MERCADO WALLMART / E/F AO BOI VERDE,CASA FORTE,,SUBURBIO,ABALROAMENTO LONGITUDINAL,ENTRE ÔNIBUS DE TURISMO E AUTO PASSEIO. S/V,1,,,,,1,,,,0,,Longo da via,Bom,Sem defeito,Perfeito estado,Seca,Perfeito estado,Faixa de pedestre,Outras,,Única,Faixa seccionada,,