data,hora,natureza_acidente,situacao,bairro,endereco,numero,detalhe_endereco_acidente,complemento,endereco_cruzamento,numero_cruzamento,referencia_cruzamento,bairro_cruzamento,num_semaforo,sentido_via,tipo,descricao,auto,moto,ciclom,ciclista,pedestre,onibus,caminhao,viatura,outros,vitimas,vitimasfatais,acidente_verificado,tempo_clima,situacao_semaforo,sinalizacao,condicao_via,conservacao_via,ponto_controle,situacao_placa,velocidade_max_via,mao_direcao,divisao_via1,divisao_via2,divisao_via3
2019-02-06,10:06:00,SEM VÍTIMA,CANCELADA,BOA VIAGEM,RUA BARAO DE SOUZA LEAO,,AV DES JOSE NEVES,EM FRENTE A O SUPERMERCADO TREVO,RUA BARAO DE SOUZA LEAO,,EM FRENTE A O SUPERMERCADO TREVO,BOA VIAGEM,,,COLISÃO,SEM VITIMAS,2,,,,,,,,,0,,,,,,,,,,,,,,
2019-02-06,10:35:00,SEM VÍTIMA,FINALIZADA,IMBIRIBEIRA,AV MARECHAL MASCARENHAS DE MORAES,,RUA ITACARI,EM FRENTE AO BANCO ITAU,AV MARECHAL MASCARENHAS DE MORAES,,EM FRENTE AO BANCO ITAU,IMBIRIBEIRA,225,SUBURBIO,COLISÃO TRASEIRA,SEM VITIMAS,2,,,,,,,,,0,,Longo da via,Chuvoso,Sem defeito,Perfeito estado,Molhada,Perfeito estado,Faixa de retenção,Não há placas,60 km/h,Dupla,Canteiro central,,
2019-02-06,10:59:00,SEM VÍTIMA,CANCELADA,DERBY,AV GOVERNADOR AGAMENON MAGALHAES,,RUA SAO SALVADOR,EM FRENTE AO UNIMED PISTA LOCAL,AV GOVERNADOR AGAMENON MAGALHAES,,EM FRENTE AO UNIMED PISTA LOCAL,DERBY,,BOA VIAGEM,COLISÃO,SEM VITIMAS,2,,,,,,,,,0,,,,,,,,,,,,,,
2019-02-06,12:33:00,SEM VÍTIMA,FINALIZADA,PINA,AV ANTONIO DE GOES,,RUA MANOEL DE BRITO,,AV ANTONIO DE GOES,,,PINA,103,,COLISÃO TRASEIRA,COLISÃO SEM VÍTIMA,2,,,,,,,,,0,,Cruzamento,Nublado,Sem defeito,Perfeito estado,Seca,Perfeito estado,Agente,Outras,60 km/h,Única,Faixa seccionada,Canteiro central,
2019-02-06,13:14:00,SEM VÍTIMA,FINALIZADA,CASA AMARELA,AV NORTE,,,POSTO DE COMBUSTÍVEL PETROBRAS E A ESCOLA CLOTILDE DE OLIVEIRA,AV NORTE,,POSTO DE COMBUSTÍVEL PETROBRAS E A ESCOLA CLOTILDE DE OLIVEIRA,CASA AMARELA,,,COLISÃO,COLISÃO SEM VITIMAS,2,,,,,,,,,0,,,,,,,,,,,,,,
2019-02-06,14:44:00,SEM VÍTIMA,FINALIZADA,JORDÃO,AV MARIA IRENE,15,,PROX EDIFICIO COSTA DOURADA E/F AO ARAMAZEM SAO JOSE,AV MARIA IRENE,15,,JORDÃO,,,COLISÃO,COLISAO ENTRE DOIS AUTOS S/V,2,,,,,,,,,0,,,,,,,,,,,,,,
2019-02-06,15:35:00,COM VÍTIMA,FINALIZADA,JORDÃO,AV MARIA IRENE,865,,AO LADO DO POSTO TOTAL.,AV MARIA IRENE,865,AO LADO DO POSTO TOTAL.,JORDÃO,,SUBURBIO,ABALROAMENTO LONGITUDINAL,COLISÃO ENTRE AUTO E MOTO.,1,1,,,,,,,,1,,Longo da via,Chuvoso,Não existe,Incompleta,Molhada,Mal conservada,Não existe,Não há placas,60 km/h,Dupla,Não existe,,
2019-02-06,15:39:00,SEM VÍTIMA,FINALIZADA,CASA FORTE,RUA EDSON ALVARES,115,RUA DR SAMUEL LINS,AO LADO DO Nº 115,RUA EDSON ALVARES,115,AO LADO DO Nº 115,CASA FORTE,,,ABALROAMENTO LONGITUDINAL,COLISAO ENTRE AUTO E CAMINHAO S/V,1,,,,,,1,,,0,,,Chuvoso,Não existe,Incompleta,Molhada,Perfeito estado,Não existe,Outras,,Dupla,Não existe,,
2019-02-06,15:41:00,SEM VÍTIMA,FINALIZADA,TAMARINEIRA,EST VELHA DE AGUA FRIA,,,EM FRENTE DNOCS,EST VELHA DE AGUA FRIA,,EM FRENTE DNOCS,TAMARINEIRA,306,SUBURBIO,ABALROAMENTO TRANSVERSAL,COLISÃO SEM VÍTIMA,1,1,,,,,,,,0,,Longo da via,Bom,Sem defeito,Perfeito estado,Seca,Perfeito estado,,Outras,,Única,Faixa contínua,,
2019-02-06,16:34:00,SEM VÍTIMA,FINALIZADA,IMBIRIBEIRA,RUA JALISCO,53,,AO LADO DO GERALDÃO,RUA JALISCO,53,AO LADO DO GERALDÃO,IMBIRIBEIRA,,,ABALROAMENTO LONGITUDINAL,COLISÃO SEM VÍTIMA,1,,,,,,1,,,0,,Longo da via,Bom,Não existe,Perfeito estado,Seca,Perfeito estado,Não existe,Não há placas,,Dupla,Não existe,,
2019-02-06,17:05:00,SEM VÍTIMA,FINALIZADA,ZUMBI,RUA GOMES TABORDA,890,,EM FRENTE A ANDRE DO GALETO,RUA GOMES TABORDA,890,EM FRENTE A ANDRE DO GALETO,ZUMBI,,SUBURBIO,COLISÃO TRASEIRA,COLISÃO SEM VÍTIMA,2,,,,,,,,,0,,Longo da via,Bom,Não existe,Perfeito estado,Seca,Perfeito estado,Não existe,Outras,,Dupla,Faixa seccionada,,
2019-02-06,17:14:00,COM VÍTIMA,FINALIZADA,BAIRRO DO RECIFE,CAIS DO APOLO,302,RUA ALVARES CABRAL,E/F AO DELTA CAFÉ. EDF. MAURÍCIO DE NASSAU.,CAIS DO APOLO,302,E/F AO DELTA CAFÉ. EDF. MAURÍCIO DE NASSAU.,BAIRRO DO RECIFE,,SUBURBIO,ATROPELAMENTO,ATROPELAMENTO ENVOLVENDO ÔNIBUS E PEDESTRE.,,,,,1,1,,,,1,,Longo da via,Chuvoso,Sem defeito,Perfeito estado,Molhada,Perfeito estado,Outros,R-6c,30 km/h,Única,Faixa,,
2019-02-06,17:34:00,SEM VÍTIMA,FINALIZADA,CASA AMARELA,EST DO ARRAIAL,3107,RUA FERNANDO LOPES,AMÉRICA FUTEBOL CLUBE,EST DO ARRAIAL,3107,AMÉRICA FUTEBOL CLUBE,CASA AMARELA,,,COLISÃO TRASEIRA,COLISÃO SEM VÍTIMA,2,,,,,,,,,0,,Longo da via,Bom,Não existe,Perfeito estado,Seca,Perfeito estado,Não existe,Outras,,Única,Faixa seccionada,,
2019-02-06,17:58:00,SEM VÍTIMA,FINALIZADA,MADALENA,RUA BENFICA,140,,,RUA BENFICA,140,,MADALENA,,CIDADE,ABALROAMENTO LONGITUDINAL,COLISÃO SEM VÍTIMA,1,,,,,1,,,,0,,Longo da via,Bom,Não existe,Perfeito estado,Seca,Perfeito estado,Não existe,Não há placas,40 km/h,Única,Faixa seccionada,,
2019-02-06,18:21:00,SEM VÍTIMA,CANCELADA,BOA VIAGEM,AV BOA VIAGEM,,,EM FRENTE AO HOTEL VILA RICA,AV BOA VIAGEM,,EM FRENTE AO HOTEL VILA RICA,BOA VIAGEM,,,COLISÃO,COLISÃO SEM VITIMAS,1,,,,,1,,,,0,,,,,,,,,,,,,,
2019-02-06,18:38:00,COM VÍTIMA,FINALIZADA,BOA VIAGEM,AV CONSELHEIRO AGUIAR,,RUA CARLOS PEREIRA FALCAO,EXTRA SUPERMERCADO/ BANCO SANTANDER,AV CONSELHEIRO AGUIAR,,EXTRA SUPERMERCADO/ BANCO SANTANDER,BOA VIAGEM,,CIDADE,ABALROAMENTO TRANSVERSAL,COLISÃO ENTRE CAMINHÃO E MOTOCICLETA.,,1,,,,,1,,,1,,Longo da via,Bom,Não existe,Perfeito estado,Seca,Perfeito estado,Não existe,Outras,,Única,Faixa contínua,,
2019-02-06,18:44:00,COM VÍTIMA,FINALIZADA,BOA VISTA,RUA JOSE DE ALENCAR,264,RUA BARAO DE SAO BORJA,SHOPPING BOA VISTA,RUA JOSE DE ALENCAR,264,SHOPPING BOA VISTA,BOA VISTA,,SUBURBIO,ABALROAMENTO TRANSVERSAL,COLISÃO ENTRE DOIS AUTOS.,2,,,,,,,,,1,,Cruzamento,Bom,Não existe,Perfeito estado,Seca,Perfeito estado,Faixa de retenção,Placas Pare,,Única,Não existe,,
2019-02-06,19:02:00,COM VÍTIMA,CANCELADA,BOA VIAGEM,AV CONSELHEIRO AGUIAR,,,EM FRENTE AO SUPERMERCADO EXTRA,AV CONSELHEIRO AGUIAR,,EM FRENTE AO SUPERMERCADO EXTRA,BOA VIAGEM,,,COLISÃO,COLISAO ENVOLVENDO CAMINHÃO E MOTO COM VITIMA,,1,,,,,1,,,1,,,,,,,,,,,,,,
2019-02-06,19:55:00,COM VÍTIMA,FINALIZADA,GRAÇAS,RUA JOAQUIM NABUCO,,,EM FRENTE AO HOSPITAL SANTA JOANA,RUA JOAQUIM NABUCO,,EM FRENTE AO HOSPITAL SANTA JOANA,GRAÇAS,,SUBURBIO,ABALROAMENTO LONGITUDINAL,COLISÃO ENTRE DOIS AUTOS E UMA MOTONETA.,2,,1,,,,,,,1,,Longo da via,Bom,Sem defeito,Perfeito estado,Seca,,Não existe,Não há placas,,Única,Faixa seccionada,,
2019-02-06,23:35:00,SEM VÍTIMA,FINALIZADA,CAXANGÁ,AV CAXANGA,,EST DO BARBALHO,,AV CAXANGA,,,CAXANGÁ,553,CIDADE,ABALROAMENTO LONGITUDINAL,COLISÃO S/V,2,,,,,1,,,,0,,Longo da via,Bom,Sem defeito,Perfeito estado,Seca,Perfeito estado,Faixa de pedestre,Não há placas,60 km/h,Única,Faixa contínua,,
2019-02-07,02:59:00,SEM VÍTIMA,FINALIZADA,JOANA BEZERRA,AV GOVERNADOR AGAMENON MAGALHAES,,,DEPOIS DO CLUBE PORTUGUÊS  APÓS O POSTO DA PM // EM CIMA DO VIADUTO JOANA BEZERRA  SENTIDO BOA VIAGEM,AV GOVERNADOR AGAMENON MAGALHAES,,DEPOIS DO CLUBE PORTUGUÊS  APÓS O POSTO DA PM // EM CIMA DO VIADUTO JOANA BEZERRA  SENTIDO BOA VIAGEM,JOANA BEZERRA,,,CHOQUE OBJETO FIXO,CONDUTOR PERDEU O CONTROLE DO VEÍCULO  CHOCOU-SE CONTRA O GELO-BAIANO E AVADIU-SE DO LOCAL,1,,,,,,,,,0,,,,,,,,,,,,,,
2019-02-07,07:15:00,SEM VÍTIMA,FINALIZADA,CAÇOTE,AV RECIFE,,,LADO GASHI TEMAKERIA,AV RECIFE,,LADO GASHI TEMAKERIA,CAÇOTE,336,CIDADE,COLISÃO TRASEIRA,DOIS AUTOS,2,,,,,,,,,0,,Longo da via,Bom,Sem defeito,Perfeito estado,Seca,Perfeito estado,Faixa de pedestre,Outras,60 km/h,Única,Faixa contínua,Canteiro central,
2019-02-07,07:36:00,SEM VÍTIMA,FINALIZADA,JORDÃO,RUA DR ALVARO FERRAZ,D48,,,RUA DR ALVARO FERRAZ,D48,,JORDÃO,,,COLISÃO TRASEIRA,SEM VÍTIMAS,2,,,,,,,,,0,,Longo da via,Bom,Não existe,Não existente,Seca,,Não existe,Não há placas,,Única,Não existe,,
2019-02-07,08:21:00,SEM VÍTIMA,FINALIZADA,BOA VISTA,RUA JOAO LIRA,,,EM FRENTE AO 13 DE MAIO,RUA JOAO LIRA,,EM FRENTE AO 13 DE MAIO,BOA VISTA,,SUBURBIO,ABALROAMENTO LONGITUDINAL,SEM VÍTIMAS,2,,,,,,,,,0,,Longo da via,Bom,Não existe,Perfeito estado,Seca,Perfeito estado,Faixa de pedestre,Não há placas,,Única,Faixa contínua,,
2019-02-07,08:47:00,SEM VÍTIMA,FINALIZADA,SÃO JOSÉ,VDO DAS CINCO PONTAS,,,LADO OPOSTO AO FORTE DAS CINCO PONTAS,VDO DAS CINCO PONTAS,,LADO OPOSTO AO FORTE DAS CINCO PONTAS,SÃO JOSÉ,199,SUBURBIO,ABALROAMENTO LONGITUDINAL,DOIS AUTOS,2,,,,,,,,,0,,Longo da via,Bom,Sem defeito,Perfeito estado,Seca,Perfeito estado,Faixa de pedestre,Outras,,Única,Faixa contínua,,
2019-02-07,08:59:00,SEM VÍTIMA,FINALIZADA,SÃO JOSÉ,RUA SAO JOAO,,RUA DO FORTE,PRÓX AO FORTE DAS CINCO PONTAS,RUA SAO JOAO,,PRÓX AO FORTE DAS CINCO PONTAS,SÃO JOSÉ,,,COLISÃO,ENTRE AUTOS S/V,2,,,,,,,,,0,,,,,,,,,,,,,,
2019-02-07,10:14:00,SEM VÍTIMA,FINALIZADA,CORDEIRO,AV CAXANGA,1715,RUA FIRMINO DE BARROS,,AV CAXANGA,1715,,CORDEIRO,,CIDADE,ABALROAMENTO LONGITUDINAL,COLISÃO SEM VITIMAS,2,,,,,,,,,0,,,Bom,Não existe,Perfeito estado,Seca,Perfeito estado,Não existe,R-6a,,Dupla,Canteiro central,,
2019-02-07,10:26:00,SEM VÍTIMA,FINALIZADA,ÁGUA FRIA,AV BEBERIBE,,,LADO OPOSTO POSTO IPIRANGA,AV BEBERIBE,,LADO OPOSTO POSTO IPIRANGA,ÁGUA FRIA,622,SUBURBIO,ABALROAMENTO LONGITUDINAL,SEM VÍTIMAS,1,,,,,,1,,,0,,Longo da via,Bom,Sem defeito,Perfeito estado,Seca,Perfeito estado,Outros,Outras,,Única,Faixa seccionada,,
2019-02-07,10:48:00,SEM VÍTIMA,FINALIZADA,CAÇOTE,AV RECIFE,712,,EM FRENTE AO CONJUNTO HABITACIONAL INÊS ANDREAZA,AV RECIFE,712,EM FRENTE AO CONJUNTO HABITACIONAL INÊS ANDREAZA,CAÇOTE,,CIDADE,ABALROAMENTO LONGITUDINAL,COLISÃO SEM VITIMAS,1,1,,,,,,,,0,,Longo da via,Bom,Sem defeito,Perfeito estado,Seca,Perfeito estado,Faixa de pedestre,Outras,60 km/h,Única,Faixa contínua,Faixa seccionada,Canteiro central
2019-02-07,11:15:00,SEM VÍTIMA,FINALIZADA,ENCRUZILHADA,AV BEBERIBE,,,EM FRENTE AO SEMÁFORO 186,AV BEBERIBE,,EM FRENTE AO SEMÁFORO 186,ENCRUZILHADA,186,SUBURBIO,COLISÃO TRASEIRA,DOIS AUTOS,2,,,,,,,,,0,,Longo da via,Bom,Sem defeito,Perfeito estado,Seca,Perfeito estado,Faixa de pedestre,R-6a,,Dupla,Faixa contínua,Faixa seccionada,
2019-02-07,11:16:00,SEM VÍTIMA,DUPLICIDADE,ENCRUZILHADA,AV BEBERIBE,286,,E/F AS LOJA AMERICANAS  SENTIDO CASA AMARELA.,AV BEBERIBE,286,E/F AS LOJA AMERICANAS  SENTIDO CASA AMARELA.,ENCRUZILHADA,,,COLISÃO,SE MVÍTIMAS,2,,,,,,,,,0,,,,,,,,,,,,,,
2019-02-07,11:22:00,SEM VÍTIMA,FINALIZADA,IMBIRIBEIRA,AV MARECHAL MASCARENHAS DE MORAES,2028,,AO LADO DA ITALIANA,AV MARECHAL MASCARENHAS DE MORAES,2028,AO LADO DA ITALIANA,IMBIRIBEIRA,,SUBURBIO,ABALROAMENTO LONGITUDINAL,COLISÃO SEM VITIMAS,2,,,,,,,,,0,,Longo da via,Bom,Não existe,Perfeito estado,Seca,Perfeito estado,Não existe,R-6a,,Dupla,Canteiro central,,
2019-02-07,11:31:00,SEM VÍTIMA,FINALIZADA,TEJIPIÓ,RUA FALCAO DE LACERDA,381,,,RUA FALCAO DE LACERDA,381,,TEJIPIÓ,,SUBURBIO,CHOQUE VEÍCULO PARADO,ONIBUS E AUTO,2,,,,,,,,,0,,Longo da via,Bom,Não existe,Perfeito estado,Seca,Perfeito estado,Não existe,Não há placas,,Dupla,Faixa seccionada,,
2019-02-07,11:33:00,SEM VÍTIMA,FINALIZADA,BONGI,EST DO BONGI,947,,PRÓX À DELEGACIA DO BONGI,EST DO BONGI,947,PRÓX À DELEGACIA DO BONGI,BONGI,,CIDADE,COLISÃO TRASEIRA,,3,,,,,,,,,0,,Longo da via,Bom,,Perfeito estado,Seca,Perfeito estado,Outros,Outras,60 km/h,Dupla,Faixa contínua,Faixa seccionada,
2019-02-07,11:51:00,SEM VÍTIMA,DUPLICIDADE,BONGI,EST DO BONGI,931,,PROX. A IGREJA BATISTA DO BONGI,EST DO BONGI,931,PROX. A IGREJA BATISTA DO BONGI,BONGI,,,COLISÃO,TRES AUTOS,3,,,,,,,,,0,,,,,,,,,,,,,,
2019-02-07,12:15:00,SEM VÍTIMA,FINALIZADA,SANTO AMARO,AV GOVERNADOR AGAMENON MAGALHAES,,,EM FRENTE AO CIRCULO MILITAR,AV GOVERNADOR AGAMENON MAGALHAES,,EM FRENTE AO CIRCULO MILITAR,SANTO AMARO,,,COLISÃO TRASEIRA,COLISÃO SEM VÍTIMA,3,,,,,,,,,0,,Longo da via,Bom,,Perfeito estado,Seca,Perfeito estado,Não existe,Outras,60 km/h,Dupla,Canteiro central,,
2019-02-07,12:37:00,SEM VÍTIMA,FINALIZADA,CASA AMARELA,RUA PADRE LEMOS,,AV NORTE,SEMÁFORO 066,RUA PADRE LEMOS,,SEMÁFORO 066,CASA AMARELA,66,SUBURBIO,ABALROAMENTO LONGITUDINAL,COLISAO ENTRE AUTO E CAMINHAO,1,,,,,,1,,,0,,Cruzamento,Bom,Sem defeito,Perfeito estado,Seca,Perfeito estado,Faixa de pedestre,R-6a,60 km/h,Dupla,Canteiro central,,
2019-02-07,13:05:00,SEM VÍTIMA,FINALIZADA,AREIAS,AV RECIFE,150,,EM FRENTE A EMBREPAR,AV RECIFE,150,EM FRENTE A EMBREPAR,AREIAS,621,,COLISÃO FRONTAL,COLISÃO SEM VÍTIMA,3,,,,,,,,,0,,Longo da via,Bom,Sem defeito,Perfeito estado,Seca,Perfeito estado,Faixa de pedestre,Não há placas,60 km/h,Única,Canteiro central,,
2019-02-07,13:19:00,SEM VÍTIMA,FINALIZADA,ARRUDA,AV BEBERIBE,1418,,EM FRENTE MARIAS SALÃO E ESTÉTICA UNISSEX,AV BEBERIBE,1418,EM FRENTE MARIAS SALÃO E ESTÉTICA UNISSEX,ARRUDA,492,SUBURBIO,ABALROAMENTO LONGITUDINAL,COLISÃO SEM VÍTIMA,1,,,,,1,,,,0,,Longo da via,Bom,Sem defeito,Perfeito estado,Seca,Perfeito estado,Outros,R-6a,,Dupla,Faixa contínua,Faixa seccionada,
2019-02-07,13:36:00,SEM VÍTIMA,FINALIZADA,TORRE,RUA JOSE BONIFACIO,,RUA MARCOS ANDRE,EM FRENTE A OFICINA BIU DA TORRE  NA ESQUINA DO CARREFOUR,RUA JOSE BONIFACIO,,EM FRENTE A OFICINA BIU DA TORRE  NA ESQUINA DO CARREFOUR,TORRE,487,SUBURBIO,ABALROAMENTO LONGITUDINAL,,2,,,,,,,,,0,,Cruzamento,Bom,Sem defeito,Incompleta,Seca,Perfeito estado,Não existe,Não há placas,,Única,Não existe,,
2019-02-07,13:58:00,SEM VÍTIMA,FINALIZADA,ENCRUZILHADA,RUA JOSE DE SA CARNEIRO,2160,AV NORTE,AO LADO DA RENAULT,RUA JOSE DE SA CARNEIRO,2160,AO LADO DA RENAULT,ENCRUZILHADA,665,SUBURBIO,COLISÃO TRASEIRA,AUTO E MOTO S/V,1,1,,,,,,,,0,,Longo da via,Bom,Sem defeito,Perfeito estado,Seca,Perfeito estado,Agente,R-6a,30 km/h,Única,Faixa seccionada,,
2019-02-07,14:09:00,SEM VÍTIMA,FINALIZADA,ESTÂNCIA,AV RECIFE,5516,,EM FRENTE A IMPERIAL EQUIPAMENTOS,AV RECIFE,5516,EM FRENTE A IMPERIAL EQUIPAMENTOS,ESTÂNCIA,,SUBURBIO,COLISÃO TRASEIRA,COLISAO ENTRE VIATURA DA POLICIA CIVIL E AUTO S/V,2,,,,,,,,,0,,Longo da via,Bom,Não existe,Perfeito estado,Seca,Perfeito estado,Não existe,Não há placas,,Única,Faixa seccionada,,
2019-02-07,15:00:00,SEM VÍTIMA,FINALIZADA,SÃO JOSÉ,AV SUL,1487,,OFICINA CABELEREIRA,AV SUL,1487,OFICINA CABELEREIRA,SÃO JOSÉ,205,CIDADE,COLISÃO TRASEIRA,DOIS AUTOS S/V,2,,,,,,,,,0,,Longo da via,Bom,Sem defeito,Perfeito estado,Seca,Perfeito estado,Não existe,Outras,,Dupla,Canteiro central,,
2019-02-07,15:41:00,SEM VÍTIMA,FINALIZADA,BOA VIAGEM,RUA PROFESSOR AUGUSTO LINS E SILVA,,RUA DR LUIZ INACIO PESSOA DE MELO,,RUA PROFESSOR AUGUSTO LINS E SILVA,,,BOA VIAGEM,,,ABALROAMENTO TRANSVERSAL,COLISAO ENTRE DOIS AUTOS S/V,2,,,,,,,,,0,,Cruzamento,Bom,Não existe,Perfeito estado,Seca,Perfeito estado,,,40 km/h,Dupla,,,
2019-02-07,16:00:00,COM VÍTIMA,FINALIZADA,SANTO AMARO,RUA CAPITAO LIMA,420,,EM FRENTE A UBER,RUA CAPITAO LIMA,420,EM FRENTE A UBER,SANTO AMARO,,CIDADE,CHOQUE VEÍCULO PARADO,AUTO E MOTO,1,1,,,,,,,,1,,,Bom,Não existe,Perfeito estado,Seca,Perfeito estado,Não existe,Não há placas,,,,,
2019-02-07,16:22:00,SEM VÍTIMA,FINALIZADA,CASA AMARELA,RUA CASA AMARELA,102,,PROX. A PADARIA PAM CENTRAL,RUA CASA AMARELA,102,PROX. A PADARIA PAM CENTRAL,CASA AMARELA,,,COLISÃO,DOIS AUTOS E UMA MOTO S/V,2,1,,,,,,,,0,,,,,,,,,,,,,,
2019-02-07,16:31:00,SEM VÍTIMA,FINALIZADA,IBURA,AV DOIS RIOS,250,,NO FINAL DO ANTIGO MOTEL LOVE,AV DOIS RIOS,250,NO FINAL DO ANTIGO MOTEL LOVE,IBURA,,,COLISÃO,COLISAO ENTRE DOIS AUTOS/V,2,,,,,,,,,0,,,,,,,,,,,,,,
2019-02-07,16:34:00,SEM VÍTIMA,FINALIZADA,ENCRUZILHADA,AV NORTE,2160,,EM FRENTE A RENAULT,AV NORTE,2160,EM FRENTE A RENAULT,ENCRUZILHADA,665,SUBURBIO,ABALROAMENTO LONGITUDINAL,COLISÃO SEM VÍTIMA,1,,,,,,1,,,0,,Longo da via,Bom,Sem defeito,Perfeito estado,Seca,Perfeito estado,Faixa de pedestre,R-6a,60 km/h,Dupla,Canteiro central,,
2019-02-07,17:03:00,SEM VÍTIMA,FINALIZADA,CORDEIRO,RUA MAURICIO DE NASSAU,,,,RUA MAURICIO DE NASSAU,,,CORDEIRO,,CIDADE,COLISÃO TRASEIRA,COLISAO ENTRE DOIS AUTOS S/V,2,,,,,,,,,0,,Longo da via,Bom,Sem defeito,Perfeito estado,Seca,Perfeito estado,Não existe,,,Dupla,Faixa seccionada,,
2019-02-07,17:14:00,SEM VÍTIMA,CANCELADA,ILHA DO RETIRO,RUA SPORT CLUBE DO RECIFE,,,NA DESCIDA DA PONTE  NO GIRADOURO  EM FRENTE AO CLUBE,RUA SPORT CLUBE DO RECIFE,,NA DESCIDA DA PONTE  NO GIRADOURO  EM FRENTE AO CLUBE,ILHA DO RETIRO,,,COLISÃO,ENTRE DOIS AUTOS S/V,2,,,,,,,,,0,,,,,,,,,,,,,,
2019-02-07,17:18:00,SEM VÍTIMA,FINALIZADA,SANTO AMARO,AV NORTE,,RUA TREZE DE MAIO,EM FRENTE A FEMATEC CONSTRUÇÕES,AV NORTE,,EM FRENTE A FEMATEC CONSTRUÇÕES,SANTO AMARO,36,SUBURBIO,ABALROAMENTO LONGITUDINAL,COLISAO ENVOLVENDO AUTO E ONIBUS,1,,,,,1,,,,0,,,Bom,Sem defeito,Perfeito estado,Seca,Perfeito estado,Faixa de pedestre,Não há placas,,Dupla,Faixa seccionada,,
2019-02-07,17:39:00,COM VÍTIMA,FINALIZADA,MADALENA,RUA PADRE ANCHIETA,,RUA JOSE BONIFACIO,E/F A IGREJA METODISTA,RUA PADRE ANCHIETA,,E/F A IGREJA METODISTA,MADALENA,,SUBURBIO,ATROPELAMENTO,MOTO ATROPELOU UM PEDESTRE,,1,,,1,,,,,1,,Longo da via,Bom,Sem defeito,Perfeito estado,Seca,Perfeito estado,Não existe,Não há placas,,Única,Faixa contínua,,
2019-02-07,17:57:00,SEM VÍTIMA,FINALIZADA,IPSEP,RUA JEAN EMILE FAVRE,355,,EM FRENTE A FBV,RUA JEAN EMILE FAVRE,355,EM FRENTE A FBV,IPSEP,,,COLISÃO,COLISÃO SEM VÍTIMA,2,,,,,,,,,0,,,,,,,,,,,,,,
2019-02-07,18:00:00,SEM VÍTIMA,FINALIZADA,IMBIRIBEIRA,AV MARECHAL MASCARENHAS DE MORAES,,,LADO OPOSTO DESEMBAQUE SUL DO AEROPORTO,AV MARECHAL MASCARENHAS DE MORAES,,LADO OPOSTO DESEMBAQUE SUL DO AEROPORTO,IMBIRIBEIRA,,CID/SUB,ABALROAMENTO LONGITUDINAL,AUTO E ONIBUS DA VERA CRUZ,1,,,,,1,,,,0,,Longo da via,Bom,Não existe,Perfeito estado,Seca,Perfeito estado,Agente,,20 km/h,,Canteiro central,,
2019-02-07,18:06:00,SEM VÍTIMA,CANCELADA,BOA VISTA,RUA DO HOSPICIO,,,EM FRENTE AO HOSPITAL DO EXERCITO,RUA DO HOSPICIO,,EM FRENTE AO HOSPITAL DO EXERCITO,BOA VISTA,,,COLISÃO,COLISÃO SEM VÍTIMA,2,,,,,,,,,0,,,,,,,,,,,,,,
2019-02-07,18:15:00,SEM VÍTIMA,FINALIZADA,IMBIRIBEIRA,AV MARECHAL MASCARENHAS DE MORAES,1776,,LASER ELETRO,AV MARECHAL MASCARENHAS DE MORAES,1776,LASER ELETRO,IMBIRIBEIRA,,CIDADE,COLISÃO TRASEIRA,ENTRE AUTO E MOTO S/V,1,1,,,,,,,,0,,Longo da via,Bom,Não existe,Perfeito estado,Seca,Perfeito estado,Não existe,Não há placas,60 km/h,Dupla,Canteiro central,,
2019-02-07,18:24:00,SEM VÍTIMA,FINALIZADA,COELHOS,RUA DOS COELHOS,361,,EM FRENTE AO IMIP,RUA DOS COELHOS,361,EM FRENTE AO IMIP,COELHOS,359,CIDADE,ABALROAMENTO LONGITUDINAL,COLISÃO SEM VÍTIMA,1,,,,,1,,,,0,,Longo da via,Bom,Sem defeito,Perfeito estado,Seca,Perfeito estado,Faixa de pedestre,Outras,30 km/h,Dupla,Faixa contínua,Faixa seccionada,
2019-02-07,18:28:00,SEM VÍTIMA,EQUIPE EM DESLOCAMENTO,TORRE,RUA MARCOS ANDRE,459,,AO LADO DO CARREFOUR,RUA MARCOS ANDRE,459,AO LADO DO CARREFOUR,TORRE,,,COLISÃO,COLISÃO SEM VÍTIMA,1,,,,,,1,,,0,,,,,,,,,,,,,,
2019-02-07,18:37:00,COM VÍTIMA,FINALIZADA,BOA VISTA,RUA JOAO FERNANDES VIEIRA,356,,,RUA JOAO FERNANDES VIEIRA,356,,BOA VISTA,,,ATROPELAMENTO,HONDA FIT EIZ6287,1,,,,1,,,,,1,,Longo da via,Bom,Sem defeito,Perfeito estado,Seca,Perfeito estado,Faixa de pedestre,Outras,40 km/h,Única,Faixa seccionada,,
2019-02-07,19:03:00,COM VÍTIMA,CANCELADA,SANTO AMARO,AV DR JAYME DA FONTE,,,SUPERMERCADO MAIS VOCÊ/VAREJO SANTO AMARO,AV DR JAYME DA FONTE,,SUPERMERCADO MAIS VOCÊ/VAREJO SANTO AMARO,SANTO AMARO,,,COLISÃO,COLISÃO COM VITIMA,1,1,,,,,,,,1,,,,,,,,,,,,,,
2019-02-07,19:20:00,COM VÍTIMA,CANCELADA,ESPINHEIRO,AV GOVERNADOR AGAMENON MAGALHAES,,,E/F A JEEP,AV GOVERNADOR AGAMENON MAGALHAES,,E/F A JEEP,ESPINHEIRO,,,COLISÃO,COLISÃO COM VITIMA,1,1,,,,,,,,1,,,,,,,,,,,,,,