data,hora,natureza_acidente,situacao,bairro,endereco,numero,detalhe_endereco_acidente,complemento,endereco_cruzamento,numero_cruzamento,referencia_cruzamento,bairro_cruzamento,num_semaforo,sentido_via,tipo,descricao,auto,moto,ciclom,ciclista,pedestre,onibus,caminhao,viatura,outros,vitimas,vitimasfatais,acidente_verificado,tempo_clima,situacao_semaforo,sinalizacao,condicao_via,conservacao_via,ponto_controle,situacao_placa,velocidade_max_via,mao_direcao,divisao_via1,divisao_via2,divisao_via3
2019-02-12,18:47:00,SEM VÍTIMA,FINALIZADA,TORRÕES,RUA ANTONIO VALDEVINO COSTA,839,RUA ANGELICA,,RUA ANTONIO VALDEVINO COSTA,839,,TORRÕES,,SUBURBIO,CHOQUE VEÍCULO PARADO,COLISÃO S/V,1,,,,,,,,1,0,,Longo da via,Bom,Não existe,Perfeito estado,Seca,Perfeito estado,Não existe,Não há placas,,Dupla,Não existe,,
2019-02-12,19:29:00,SEM VÍTIMA,FINALIZADA,MADALENA,AV CAXANGA,,RUA JOAO IVO DA SILVA,MUSEU DA ABOLIÇÃO,AV CAXANGA,,MUSEU DA ABOLIÇÃO,MADALENA,257,CIDADE,ABALROAMENTO LONGITUDINAL,COLISÃO S/V,1,1,,,,,,,,0,,Longo da via,Bom,Sem defeito,Perfeito estado,Seca,Perfeito estado,Faixa de pedestre,R-6a,,Dupla,Faixa contínua,Faixa seccionada,
2019-02-12,19:57:00,SEM VÍTIMA,FINALIZADA,BEBERIBE,RUA DA REGENERACAO,,,POSTO IPIRANGA,RUA DA REGENERACAO,,POSTO IPIRANGA,BEBERIBE,622,SUBURBIO,ABALROAMENTO LONGITUDINAL,COLISÃO S/V,2,,,,,,,,,0,,Longo da via,Chuvoso,Sem defeito,Perfeito estado,Molhada,Perfeito estado,,,,Única,,,
2019-02-12,20:12:00,COM VÍTIMA,FINALIZADA,BOA VIAGEM,RUA DR LUIZ CORREA DE OLIVEIRA,111,,PROX. AO ATACADÃO E GED - GRUPO EXECUTIVO DIGITAL,RUA DR LUIZ CORREA DE OLIVEIRA,111,PROX. AO ATACADÃO E GED - GRUPO EXECUTIVO DIGITAL,BOA VIAGEM,,SUBURBIO,ABALROAMENTO LONGITUDINAL,COLISÃO COM VÍTIMA/ AGUARDANDO ATENDIMENTO DO SAMU NO LOCAL,1,1,,,,,,,,2,,Longo da via,Bom,Não existe,Perfeito estado,Seca,Perfeito estado,Não existe,Placas Pare,,Dupla,Não existe,,
2019-02-12,20:23:00,COM VÍTIMA,FINALIZADA,ILHA DO LEITE,AV FREI MATIAS TEVES,,RUA SENADOR JOSE HENRIQUE,ESQUINA DO ALBERT SABIN,AV FREI MATIAS TEVES,,ESQUINA DO ALBERT SABIN,ILHA DO LEITE,,SUBURBIO,ABALROAMENTO TRANSVERSAL,COLISÃO ENVOLVENDO AUTO E MOTO.,1,1,,,,,,,,1,,Cruzamento,Bom,Não existe,Perfeito estado,Seca,Perfeito estado,,,,Única,,,
2019-02-12,20:34:00,SEM VÍTIMA,FINALIZADA,JORDÃO,RUA DR ANDRADE LYRA,728,RUA DES EVANDRO NETTO,,RUA DR ANDRADE LYRA,728,,JORDÃO,,CIDADE,ABALROAMENTO TRANSVERSAL,COLISÃO SEM VÍTIMAS,2,,,,,,,,,0,,Cruzamento,Bom,Não existe,Perfeito estado,Seca,Perfeito estado,,Placas Pare,,Única,Não existe,,
2019-02-12,21:29:00,COM VÍTIMA,FINALIZADA,IBURA,AV DOIS RIOS,,,PROX. A POLICLÍNICA  MAIS OU MENOS 300 METROS DA UNIDADE DE SAÚDE,AV DOIS RIOS,,PROX. A POLICLÍNICA  MAIS OU MENOS 300 METROS DA UNIDADE DE SAÚDE,IBURA,,,ABALROAMENTO TRANSVERSAL,COLISÃO ENVOLVENDO AUTO E MOTO.,1,1,,,,,,,,1,,Outros,Chuvoso,Não existe,Perfeito estado,Seca,Perfeito estado,Agente,,,,,,
2019-02-13,06:52:00,SEM VÍTIMA,FINALIZADA,TAMARINEIRA,RUA SILVEIRA LIRA,127,,,RUA SILVEIRA LIRA,127,,TAMARINEIRA,,CIDADE,ABALROAMENTO LONGITUDINAL,DOIS AUTOS,2,,,,,,,,,0,,Longo da via,Chuvoso,Não existe,Perfeito estado,Seca,Perfeito estado,Não existe,Placas Pare,,Dupla,,,
2019-02-13,07:06:00,SEM VÍTIMA,FINALIZADA,AFOGADOS,AV SUL,,,POSTE DE ILUMINAÇÃO PÚBLICA Nº B073641,AV SUL,,POSTE DE ILUMINAÇÃO PÚBLICA Nº B073641,AFOGADOS,,CIDADE,COLISÃO TRASEIRA,SEM VÍTIMAS,1,1,,,,,,,,0,,Longo da via,Bom,Não existe,Perfeito estado,Molhada,Perfeito estado,Não existe,Não há placas,,Única,Faixa seccionada,,
2019-02-13,07:20:00,SEM VÍTIMA,FINALIZADA,PINA,AV ANTONIO DE GOES,,RUA MANOEL DE BRITO,LADO OPOSTO AO DNIT,AV ANTONIO DE GOES,,LADO OPOSTO AO DNIT,PINA,103,CIDADE,COLISÃO TRASEIRA,COLISÃO SEM VITIMAS,,,,,,,,,,0,,Cruzamento,Chuvoso,Sem defeito,Perfeito estado,Molhada,Perfeito estado,Agente,Não há placas,60 km/h,Única,Canteiro central,,
2019-02-13,08:23:00,SEM VÍTIMA,FINALIZADA,PINA,PTE GOVERNADOR PAULO GUERRA,,,PONTE GOVERNADOR PAULO GUERRA,PTE GOVERNADOR PAULO GUERRA,,PONTE GOVERNADOR PAULO GUERRA,PINA,,CID/SUB,ABALROAMENTO LONGITUDINAL,COLISÃO SEM VITIMAS,1,,,,,,1,,,0,,Longo da via,Bom,Não existe,Perfeito estado,Seca,Perfeito estado,Não existe,,60 km/h,Única,Faixa,,
2019-02-13,08:28:00,SEM VÍTIMA,FINALIZADA,AFOGADOS,RUA VINTE E UM DE ABRIL,721,,EM FRENTE DOS FERROVIARIOS,RUA VINTE E UM DE ABRIL,721,EM FRENTE DOS FERROVIARIOS,AFOGADOS,,,COLISÃO,MOTO E AUTO,1,1,,,,,,,,0,,,,,,,,,,,,,,
2019-02-13,08:30:00,SEM VÍTIMA,CANCELADA,BOA VIAGEM,RUA RIO AZUL,443,RUA BARAO DE SOUZA LEAO,AO LADO DO CANAL EM FRENTE A LOJA BV MOTORES,RUA RIO AZUL,443,AO LADO DO CANAL EM FRENTE A LOJA BV MOTORES,BOA VIAGEM,,,COLISÃO,COLISÃO SEM VITIMAS,2,,,,,,,,,0,,,,,,,,,,,,,,
2019-02-13,09:10:00,SEM VÍTIMA,FINALIZADA,ILHA DO RETIRO,AV JOSE GONCALVES DE MEDEIROS,,RUA COMENDADOR BENTO AGUIAR,AO LADO DA FARMACIA PAGUE MENOS  UMA RUA APOS O SUPERMERCADO EXTRA,AV JOSE GONCALVES DE MEDEIROS,,AO LADO DA FARMACIA PAGUE MENOS  UMA RUA APOS O SUPERMERCADO EXTRA,ILHA DO RETIRO,,SUBURBIO,ABALROAMENTO TRANSVERSAL,DOIS AUTOS,2,,,,,,,,,0,,,Chuvoso,Não existe,Não existente,Molhada,Perfeito estado,Não existe,Não há placas,,Única,Faixa contínua,,
2019-02-13,09:22:00,SEM VÍTIMA,FINALIZADA,BOA VIAGEM,RUA RAUL AZEDO,1441,AV CONSELHEIRO AGUIAR,TOP TOY BRINQUEDOS,RUA RAUL AZEDO,1441,TOP TOY BRINQUEDOS,BOA VIAGEM,240,SUBURBIO,ABALROAMENTO LONGITUDINAL,COLISÃO SEM VITIMAS,2,,,,,,,,,0,,Longo da via,Chuvoso,Sem defeito,Perfeito estado,Molhada,Perfeito estado,Não existe,Outras,,Única,Não existe,,
2019-02-13,09:31:00,SEM VÍTIMA,CANCELADA,ILHA DO LEITE,AV LINS PETIT,140,,EM FRENTE AO CENTRO ADMINISTRATIVO DA UNIMED,AV LINS PETIT,140,EM FRENTE AO CENTRO ADMINISTRATIVO DA UNIMED,ILHA DO LEITE,,,COLISÃO,DOIS AUTOS,2,,,,,,,,,0,,,,,,,,,,,,,,
2019-02-13,10:00:00,SEM VÍTIMA,DUPLICIDADE,PINA,AV CONSELHEIRO AGUIAR,1441,RUA RAUL AZEDO,EM FRENTE LOJA TOP TOY BRINQUEDOS,AV CONSELHEIRO AGUIAR,1441,EM FRENTE LOJA TOP TOY BRINQUEDOS,PINA,,,COLISÃO,COLISÃO SEM VITIMAS,2,,,,,,,,,0,,,,,,,,,,,,,,
2019-02-13,10:04:00,COM VÍTIMA,CANCELADA,COQUEIRAL,RUA SARGENTO WILSON VIANA,45,,RUA EM FRENTE A ESTAÇAO COQUEIRAL,RUA SARGENTO WILSON VIANA,45,RUA EM FRENTE A ESTAÇAO COQUEIRAL,COQUEIRAL,,,COLISÃO,MOTO E AUTO,1,1,,,,,,,,1,,,,,,,,,,,,,,
2019-02-13,11:34:00,SEM VÍTIMA,FINALIZADA,TORRE,RUA ANA NERY,,RUA JOSE BONIFACIO,,RUA ANA NERY,,,TORRE,,SUBURBIO,ABALROAMENTO TRANSVERSAL,TRES AUTOS,3,,,,,,,,,0,,,Chuvoso,Não existe,Incompleta,Molhada,Perfeito estado,Não existe,Outras,,Dupla,Não existe,,
2019-02-13,12:10:00,SEM VÍTIMA,FINALIZADA,BOA VIAGEM,AV DOM JOAO VI,,RUA JOSE DA SILVA LUCENA,EM FRENTE AO COLEGIO GGE,AV DOM JOAO VI,,EM FRENTE AO COLEGIO GGE,BOA VIAGEM,,,ABALROAMENTO LONGITUDINAL,COLISÃO SEM VÍTIMA,1,,,,,,1,,,0,,Longo da via,Chuvoso,Não existe,Perfeito estado,Molhada,Perfeito estado,Não existe,R-6a,,Única,Não existe,,
2019-02-13,12:28:00,SEM VÍTIMA,FINALIZADA,ILHA JOANA BEZERRA,AV DES GUERRA BARRETO,,,EM FRENTE AO SEMÁFORO 038,AV DES GUERRA BARRETO,,EM FRENTE AO SEMÁFORO 038,ILHA JOANA BEZERRA,38,SUBURBIO,COLISÃO TRASEIRA,ENTRE QUATRO AUTOS S/V,4,,,,,,,,,0,,Longo da via,Chuvoso,Sem defeito,Perfeito estado,Molhada,Perfeito estado,Faixa de retenção,Não há placas,,Dupla,Faixa contínua,,
2019-02-13,13:15:00,SEM VÍTIMA,FINALIZADA,BOA VIAGEM,AV FERNANDO SIMOES BARBOSA,,RUA JACK AYRES,ENTRADA DO SHOPPING RECIFE,AV FERNANDO SIMOES BARBOSA,,ENTRADA DO SHOPPING RECIFE,BOA VIAGEM,183,SUBURBIO,ABALROAMENTO LONGITUDINAL,ÔNIBUS X AUTO S/V,1,,,,,1,,,,0,,Cruzamento,Chuvoso,Sem defeito,Perfeito estado,Molhada,Perfeito estado,Faixa de pedestre,R-6a,,Única,Faixa seccionada,,
2019-02-13,13:19:00,SEM VÍTIMA,FINALIZADA,GRAÇAS,AV RUI BARBOSA,57,,AO LADO DO COLÉGIO VERA CRUZ,AV RUI BARBOSA,57,AO LADO DO COLÉGIO VERA CRUZ,GRAÇAS,,CIDADE,COLISÃO TRASEIRA,COLISÃO SEM VÍTIMA,2,,,,,,,,,0,,Longo da via,Chuvoso,Não existe,Perfeito estado,Molhada,Perfeito estado,Faixa de pedestre,Outras,,Única,Faixa contínua,,
2019-02-13,13:50:00,SEM VÍTIMA,DUPLICIDADE,BOA VIAGEM,AV FERNANDO SIMOES BARBOSA,,,EM FRENTE AO SHOPPING RECIFE/ PROXIMO AO RESTAURANTE PAPA CAPIM/ SENTIDO PIEDADE,AV FERNANDO SIMOES BARBOSA,,EM FRENTE AO SHOPPING RECIFE/ PROXIMO AO RESTAURANTE PAPA CAPIM/ SENTIDO PIEDADE,BOA VIAGEM,,,COLISÃO,COLISÃO SEM VÍTIMA,1,,,,,1,,,,0,,,,,,,,,,,,,,
2019-02-13,14:12:00,SEM VÍTIMA,CANCELADA,JAQUEIRA,AV RUI BARBOSA,1363,,AO LADO DO RESTAURANTE PAPA CAPIM,AV RUI BARBOSA,1363,AO LADO DO RESTAURANTE PAPA CAPIM,JAQUEIRA,,,COLISÃO,ENTRE AUTOS S/V,2,,,,,,,,,0,,,,,,,,,,,,,,
2019-02-13,15:16:00,SEM VÍTIMA,CANCELADA,ESTÂNCIA,AV RECIFE,,,EM FRENTE AO MAKRO  NA DESCIDA DO VIADUTO  SENTIDO AEROPORTO,AV RECIFE,,EM FRENTE AO MAKRO  NA DESCIDA DO VIADUTO  SENTIDO AEROPORTO,ESTÂNCIA,,,COLISÃO,DOIS AUTOS S/V,1,,,,,,,,1,0,,,,,,,,,,,,,,
2019-02-13,15:20:00,SEM VÍTIMA,FINALIZADA,BEBERIBE,AV BEBERIBE,4668,,PRÓX À PRAÇA DA CONVENÇÃO,AV BEBERIBE,4668,PRÓX À PRAÇA DA CONVENÇÃO,BEBERIBE,,SUBURBIO,ABALROAMENTO LONGITUDINAL,,1,,,,,,1,,,0,,,Bom,Não existe,Não existente,Seca,Perfeito estado,Não existe,R-6a,,Única,Não existe,,
2019-02-13,15:32:00,SEM VÍTIMA,DUPLICIDADE,BEBERIBE,PRC DA CONVENCAO,,,EM FRENTE A PRAÇA DA CONVENÇÃO E AO POSTO BR,PRC DA CONVENCAO,,EM FRENTE A PRAÇA DA CONVENÇÃO E AO POSTO BR,BEBERIBE,,,COLISÃO,COLISÃO SEM VÍTIMA,1,,,,,,1,,,0,,,,,,,,,,,,,,
2019-02-13,15:39:00,SEM VÍTIMA,FINALIZADA,IMBIRIBEIRA,AV MARECHAL MASCARENHAS DE MORAES,,,EM FRENTE A FERREIRA COSTA  SENTIDO AFOGADOS,AV MARECHAL MASCARENHAS DE MORAES,,EM FRENTE A FERREIRA COSTA  SENTIDO AFOGADOS,IMBIRIBEIRA,,CIDADE,ABALROAMENTO LONGITUDINAL,AUTO E ONIBUS DA SAO JUDAS TADEU,1,,,,,1,,,,0,,Longo da via,Chuvoso,Não existe,Perfeito estado,Molhada,Mal conservada,Não existe,,,Dupla,Canteiro central,,
2019-02-13,16:55:00,COM VÍTIMA,FINALIZADA,COELHOS,RUA DOS COELHOS,,,EM FRENTE AO IMIP,RUA DOS COELHOS,,EM FRENTE AO IMIP,COELHOS,,SUBURBIO,ATROPELAMENTO,ATROPELAMENTO ENTRE AUTO E PEDESTRE.,1,,,,1,,,,,1,,Longo da via,Bom,Sem defeito,Perfeito estado,Seca,Perfeito estado,Faixa de pedestre,Não há placas,,Dupla,Faixa,,
2019-02-13,17:02:00,COM VÍTIMA,FINALIZADA,PINA,RUA MANOEL DE BRITO,243,RUA BARAO DE SANTO ANGELO,,RUA MANOEL DE BRITO,243,,PINA,,CIDADE,ATROPELAMENTO,ATROPELAMENTO ENTRE AUTO E PEDESTRE.,1,,,,1,,,,,1,,Longo da via,Chuvoso,Não existe,Perfeito estado,Seca,Perfeito estado,Não existe,Não há placas,,Única,Faixa seccionada,,
2019-02-13,18:20:00,SEM VÍTIMA,FINALIZADA,TAMARINEIRA,RUA CONEGO BARATA,97,,,RUA CONEGO BARATA,97,,TAMARINEIRA,,SUBURBIO,ABALROAMENTO LONGITUDINAL,GOL X AUTO,2,,,,,,,,,0,,Longo da via,Chuvoso,Não existe,Perfeito estado,Molhada,Perfeito estado,Não existe,Não há placas,,Dupla,Faixa seccionada,,
2019-02-13,18:24:00,SEM VÍTIMA,CANCELADA,GRAÇAS,PRC PARQUE AMORIM,,,AO LADO WALL MART  (o onibus atravessou a ponte em SENTIDO ROSA E SILVA  o caminhão está antes da ponte),PRC PARQUE AMORIM,,AO LADO WALL MART  (o onibus atravessou a ponte em SENTIDO ROSA E SILVA  o caminhão está antes da ponte),GRAÇAS,,,COLISÃO,COLISÃO SEM VITIMA,,,,,,1,1,,,0,,,,,,,,,,,,,,
2019-02-13,20:02:00,SEM VÍTIMA,FINALIZADA,AFOGADOS,AV SUL,,,SEMÁFORO 320,AV SUL,,SEMÁFORO 320,AFOGADOS,320,CIDADE,COLISÃO TRASEIRA,GOL X CORSA,2,,,,,,,,,0,,Longo da via,Bom,Sem defeito,Perfeito estado,Seca,Perfeito estado,Faixa de pedestre,Não há placas,,Única,Faixa seccionada,Canteiro central,Blocos
2019-02-13,,COM VÍTIMA,FINALIZADA,ÁGUA FRIA,RUA SAO SEBASTIAO,134,,POR TRAZ DO GIGANTE DO SAMBA,RUA SAO SEBASTIAO,134,POR TRAZ DO GIGANTE DO SAMBA,ÁGUA FRIA,,SUBURBIO,ABALROAMENTO LONGITUDINAL,COLISÃO ENTRE AUTO E MOTO.,1,1,,,,,,,,1,,Longo da via,Bom,Não existe,Perfeito estado,Seca,Perfeito estado,Não existe,Não há placas,,Dupla,Faixa contínua,,
2019-02-13,21:23:00,COM VÍTIMA,FINALIZADA,SANTO ANTÔNIO,RUA PRIMEIRO DE MARCO,,RUA IMPERADOR PEDRO SEGUNDO,,RUA PRIMEIRO DE MARCO,,,SANTO ANTÔNIO,18,SUBURBIO,ABALROAMENTO TRANSVERSAL,COLISÃO ENTRE VIATURA DA CTTU E MOTOCICLETA.,,1,,,,,,1,,1,,Cruzamento,Bom,Sem defeito,Ilegível,Seca,Perfeito estado,Faixa de pedestre,Outras,40 km/h,Única,Não existe,,
2019-02-13,22:22:00,COM VÍTIMA,FINALIZADA,IMBIRIBEIRA,AV MARECHAL MASCARENHAS DE MORAES,2350,,PROX AO DESCONTAO EN. A FERREIRA COSTA. EM FRENTE AO BANCO DO BRASIL.,AV MARECHAL MASCARENHAS DE MORAES,2350,PROX AO DESCONTAO EN. A FERREIRA COSTA. EM FRENTE AO BANCO DO BRASIL.,IMBIRIBEIRA,,SUBURBIO,ATROPELAMENTO,ATROPELAMENTO ENTRE AUTO E PEDESTRE.,1,,,,1,,,,,1,,Longo da via,Chuvoso,Sem defeito,Perfeito estado,Molhada,Perfeito estado,Faixa de pedestre,R-6a,60 km/h,Dupla,Canteiro central,,
2019-02-13,22:27:00,SEM VÍTIMA,FINALIZADA,IMBIRIBEIRA,RUA GENERAL GOES MONTEIRO,,RUA ENGENHEIRO JOSE BRANDAO CAVALCANTE,,RUA GENERAL GOES MONTEIRO,,,IMBIRIBEIRA,,SUBURBIO,ABALROAMENTO TRANSVERSAL,AMAROK X AUDI,2,,,,,,,,,0,,Cruzamento,Chuvoso,Não existe,Perfeito estado,Molhada,Perfeito estado,Não existe,Placas Pare,,Dupla,Não existe,,
2019-02-13,23:20:00,SEM VÍTIMA,FINALIZADA,AFOGADOS,RUA QUITERIO INACIO DE MELLO,,RUA SAO MIGUEL,IGREJA KADOSH,RUA QUITERIO INACIO DE MELLO,,IGREJA KADOSH,AFOGADOS,333,SUBURBIO,COLISÃO TRASEIRA,MONTANA X ONIX,2,,,,,,,,,0,,Longo da via,Chuvoso,Sem defeito,Perfeito estado,Molhada,Perfeito estado,Faixa de retenção,R-6a,40 km/h,Única,Faixa contínua,,
2019-02-13,23:31:00,SEM VÍTIMA,FINALIZADA,IMBIRIBEIRA,AV MARECHAL MASCARENHAS DE MORAES,,,PRÓXIMO AO POSTO DE COMBUSTÍVEL PETROMEGA,AV MARECHAL MASCARENHAS DE MORAES,,PRÓXIMO AO POSTO DE COMBUSTÍVEL PETROMEGA,IMBIRIBEIRA,396,SUBURBIO,ABALROAMENTO LONGITUDINAL,SIENA X ONIX,2,,,,,,,,,0,,Longo da via,Chuvoso,Sem defeito,Perfeito estado,Molhada,Perfeito estado,Faixa de pedestre,Não há placas,,Dupla,Faixa contínua,Faixa seccionada,Canteiro central
2019-02-14,07:04:00,COM VÍTIMA,FINALIZADA,IMBIRIBEIRA,AV MARECHAL MASCARENHAS DE MORAES,,RUA ARQUITETO FERNANDO ALMEIDA,E/F A ARMAZÉM CORAL,AV MARECHAL MASCARENHAS DE MORAES,,E/F A ARMAZÉM CORAL,IMBIRIBEIRA,286,,ABALROAMENTO TRANSVERSAL,COLISÃO ENTRE AUTO E MOTO.,1,1,,,,,,,,1,,Cruzamento,Bom,Sem defeito,Perfeito estado,Seca,Perfeito estado,Faixa de retenção,Não há placas,50 km/h,Dupla,Canteiro central,,
2019-02-14,07:10:00,SEM VÍTIMA,FINALIZADA,SAN MARTIN,AV GENERAL SAN MARTIN,,AV ENGENHEIRO ABDIAS DE CARVALHO,SOB O SEMÁFORO DE Nº058,AV GENERAL SAN MARTIN,,SOB O SEMÁFORO DE Nº058,SAN MARTIN,58,CIDADE,ABALROAMENTO LONGITUDINAL,AUTO E MOTO,1,1,,,,,,,,0,,Longo da via,Bom,Sem defeito,Perfeito estado,Seca,Perfeito estado,Faixa de retenção,Não há placas,40 km/h,Dupla,Faixa contínua,,
2019-02-14,07:17:00,COM VÍTIMA,FINALIZADA,BOA VIAGEM,AV ENGENHEIRO DOMINGOS FERREIRA,3738,,EM FRENTE AO LAÇA BURGUER,AV ENGENHEIRO DOMINGOS FERREIRA,3738,EM FRENTE AO LAÇA BURGUER,BOA VIAGEM,,SUBURBIO,ATROPELAMENTO,ATROPELAMENTO ENVOLVENDO ÔNIBUS E UM PEDESTRE.,,,,,1,1,,,,1,,Longo da via,Bom,Não existe,Perfeito estado,Seca,Perfeito estado,Não existe,Outras,60 km/h,Dupla,Faixa seccionada,Canteiro central,
2019-02-14,07:42:00,SEM VÍTIMA,FINALIZADA,BOA VISTA,RUA GONCALVES MAIA,26,,CONJ RESIDENCIAL GONÇALVES MAIA,RUA GONCALVES MAIA,26,CONJ RESIDENCIAL GONÇALVES MAIA,BOA VISTA,,SUBURBIO,ABALROAMENTO LONGITUDINAL,COLISÃO SEM VITIMAS,2,,,,,,,,,0,,Longo da via,Bom,Não existe,Perfeito estado,Seca,Perfeito estado,Não existe,Outras,,Dupla,Faixa seccionada,,
2019-02-14,08:13:00,SEM VÍTIMA,CANCELADA,MUSTARDINHA,AV MANOEL GONCALVES DA LUZ,330,,E/F A W.M AR PARA AUTO.,AV MANOEL GONCALVES DA LUZ,330,E/F A W.M AR PARA AUTO.,MUSTARDINHA,,CIDADE,COLISÃO,SEM VÍTIMAS,1,1,,,,,,,,0,,,,,,,,,,,,,,
2019-02-14,08:18:00,SEM VÍTIMA,CANCELADA,BOA VIAGEM,RUA AMALIA BERNARDINO DE SOUZA,1328,RUA RIBEIRO DE BRITO,AO LADO DO HOTEL NACIONAL IN,RUA AMALIA BERNARDINO DE SOUZA,1328,AO LADO DO HOTEL NACIONAL IN,BOA VIAGEM,,,COLISÃO,SEM VITIMAS,2,,,,,,,,,0,,,,,,,,,,,,,,
2019-02-14,08:44:00,SEM VÍTIMA,FINALIZADA,TEJIPIÓ,RUA QUINZE DE NOVEMBRO,,,PONTILHÃO DO METRÔ- ENTRADA DA PRACINHA DO PACHECO,RUA QUINZE DE NOVEMBRO,,PONTILHÃO DO METRÔ- ENTRADA DA PRACINHA DO PACHECO,TEJIPIÓ,,CIDADE,ABALROAMENTO LONGITUDINAL,COLISÃO SEM VITIMAS,1,,,,,,1,,,0,,Longo da via,Bom,Não existe,Incompleta,Seca,Perfeito estado,Não existe,R-6a,,Dupla,Não existe,,
2019-02-14,08:48:00,SEM VÍTIMA,FINALIZADA,CORDEIRO,RUA GOMES TABORDA,1460,,AO LADO DO ATACAREJO IDEAL,RUA GOMES TABORDA,1460,AO LADO DO ATACAREJO IDEAL,CORDEIRO,,CIDADE,ABALROAMENTO TRANSVERSAL,SEM VITIMAS,1,1,,,,,,,,0,,Longo da via,Bom,Sem defeito,Perfeito estado,Seca,Perfeito estado,Não existe,R-6a,,Dupla,Faixa seccionada,,
2019-02-14,08:52:00,COM VÍTIMA,FINALIZADA,TORRÕES,AV ENGENHEIRO ABDIAS DE CARVALHO,,,EM FRENTE AO POSTO SHELL,AV ENGENHEIRO ABDIAS DE CARVALHO,,EM FRENTE AO POSTO SHELL,TORRÕES,,SUBURBIO,ABALROAMENTO LONGITUDINAL,COLISÃO ENVOLVENDO DUAS MOTOS E DOIS AUTOS.,2,2,,,,,,,,2,,Longo da via,Bom,Não existe,Perfeito estado,Seca,Perfeito estado,,Outras,,Dupla,Canteiro central,,
2019-02-14,09:10:00,SEM VÍTIMA,FINALIZADA,AREIAS,AV RECIFE,,,LADO OPOSTO A FARMÁCIA PAGUE MENOS,AV RECIFE,,LADO OPOSTO A FARMÁCIA PAGUE MENOS,AREIAS,59,CIDADE,COLISÃO TRASEIRA,CAMINHÃO E AUTO,1,,,,,,1,,,0,,,Bom,Sem defeito,Perfeito estado,Seca,Perfeito estado,Faixa de pedestre,R-6a,,Dupla,Faixa seccionada,Canteiro central,
2019-02-14,10:29:00,SEM VÍTIMA,FINALIZADA,GRAÇAS,RUA CONS PORTELA,,,SUPERMERCADO BOMPREÇO,RUA CONS PORTELA,,SUPERMERCADO BOMPREÇO,GRAÇAS,459,,ABALROAMENTO LONGITUDINAL,SEM VÍTIMAS,2,,,,,,,,,0,,Longo da via,Bom,Sem defeito,Perfeito estado,Seca,Perfeito estado,Faixa de pedestre,R-6a,,Única,Faixa contínua,,
2019-02-14,11:29:00,COM VÍTIMA,FINALIZADA,AFOGADOS,RUA SAO MIGUEL,293,RUA QUITERIO INACIO DE MELLO,EM FRENTE A LOJA SÃO MIGUEL AUTO PEÇAS,RUA SAO MIGUEL,293,EM FRENTE A LOJA SÃO MIGUEL AUTO PEÇAS,AFOGADOS,333,,ABALROAMENTO LONGITUDINAL,COLISÃO ENVOLVENDO CAMIONETA E MOTOCICLETA.,1,1,,,,,,,,1,,Esquina,Bom,Sem defeito,Perfeito estado,Seca,Perfeito estado,Faixa de pedestre,Outras,,Dupla,Faixa contínua,Faixa seccionada,
2019-02-14,11:30:00,SEM VÍTIMA,FINALIZADA,VÁRZEA,AV CAXANGA,100,,LADO OPOSTO AO Nº 100,AV CAXANGA,100,LADO OPOSTO AO Nº 100,VÁRZEA,,CIDADE,COLISÃO TRASEIRA,COLISÃO SEM VÍTIMAS ENTRE AUTO E ÔNIBUS,1,,,,,1,,,,0,,Longo da via,Bom,Não existe,Perfeito estado,Seca,Perfeito estado,Agente,Não há placas,60 km/h,Dupla,Faixa seccionada,,
2019-02-14,11:33:00,SEM VÍTIMA,FINALIZADA,SÃO JOSÉ,AV SUL,,,EM FRENTE AO POSTE Nº B018563,AV SUL,,EM FRENTE AO POSTE Nº B018563,SÃO JOSÉ,,CIDADE,ABALROAMENTO LONGITUDINAL,SEM VITIMAS,1,,,,,,1,,,0,,Longo da via,Bom,Não existe,Perfeito estado,Seca,Perfeito estado,Não existe,Não há placas,60 km/h,Dupla,Canteiro central,,
2019-02-14,11:33:00,COM VÍTIMA,FINALIZADA,SÃO JOSÉ,AV DANTAS BARRETO,848,,EM FRENTE A FARMACIA DO TRABALHADOR,AV DANTAS BARRETO,848,EM FRENTE A FARMACIA DO TRABALHADOR,SÃO JOSÉ,,SUBURBIO,ATROPELAMENTO,ATROPELAMENTO ENVOLVENDO MOTOCICLETA E PEDESTRE.,,1,,,1,,,,,1,,Longo da via,Bom,Sem defeito,Perfeito estado,Seca,Perfeito estado,Outros,Outras,,Dupla,Faixa,,
2019-02-14,11:40:00,SEM VÍTIMA,CANCELADA,BOA VIAGEM,RUA MARIA CAROLINA,,RUA FRANCISCO DA CUNHA,EM FRENTE AO BAR MIXTER HOPPY,RUA MARIA CAROLINA,,EM FRENTE AO BAR MIXTER HOPPY,BOA VIAGEM,,,COLISÃO,SEM VITIMAS,2,,,,,,,,,0,,,,,,,,,,,,,,
2019-02-14,12:12:00,SEM VÍTIMA,CANCELADA,CASA FORTE,RUA SOARES DE AZEVEDO,,,AO LADO DA EXTRAFARMA,RUA SOARES DE AZEVEDO,,AO LADO DA EXTRAFARMA,CASA FORTE,,,COLISÃO,ENTRE AUTOS S/V.,2,,,,,,,,,0,,,,,,,,,,,,,,