data,hora,natureza_acidente,situacao,bairro,endereco,numero,detalhe_endereco_acidente,complemento,endereco_cruzamento,numero_cruzamento,referencia_cruzamento,bairro_cruzamento,num_semaforo,sentido_via,tipo,descricao,auto,moto,ciclom,ciclista,pedestre,onibus,caminhao,viatura,outros,vitimas,vitimasfatais,acidente_verificado,tempo_clima,situacao_semaforo,sinalizacao,condicao_via,conservacao_via,ponto_controle,situacao_placa,velocidade_max_via,mao_direcao,divisao_via1,divisao_via2,divisao_via3
2019-02-14,12:23:00,COM VÍTIMA,FINALIZADA,SANTO ANTÔNIO,RUA DA PALMA,311,,EM FRENTE A MILENA MÓVEIS.,RUA DA PALMA,311,EM FRENTE A MILENA MÓVEIS.,SANTO ANTÔNIO,,SUBURBIO,CHOQUE VEÍCULO PARADO,CHOQUE EM VEÍCULOS QUE ESTAVAM ESTACIONADOS SEGUIDO DE VÁRIOS ATROPELAMENTOS.,4,,,,,,,,,4,,Longo da via,Bom,Não existe,Perfeito estado,Seca,Perfeito estado,Agente,Outras,,Única,Faixa,,
2019-02-14,12:40:00,SEM VÍTIMA,FINALIZADA,DERBY,AV GOVERNADOR AGAMENON MAGALHAES,3855,,EM FRENTE AO MAPFRE SEGUROS/ OLINDA,AV GOVERNADOR AGAMENON MAGALHAES,3855,EM FRENTE AO MAPFRE SEGUROS/ OLINDA,DERBY,,,ABALROAMENTO LONGITUDINAL,COLISÃO SEM VÍTIMA,1,,,,,1,,,,0,,Longo da via,Bom,Sem defeito,Perfeito estado,Seca,Perfeito estado,,,,,,,
2019-02-14,13:43:00,SEM VÍTIMA,FINALIZADA,GRAÇAS,RUA JOAQUIM NABUCO,,,EM FRENTE AO HOSPITAL SANTA JOANA,RUA JOAQUIM NABUCO,,EM FRENTE AO HOSPITAL SANTA JOANA,GRAÇAS,,SUBURBIO,ABALROAMENTO LONGITUDINAL,COLISÃO SEM VÍTIMA,2,,,,,,,,,0,,Longo da via,Bom,Não existe,Perfeito estado,Seca,Perfeito estado,Não existe,R-6a,,Única,Faixa seccionada,,
2019-02-14,13:56:00,SEM VÍTIMA,FINALIZADA,ENCRUZILHADA,AV NORTE,2160,RUA JOSE DE SA CARNEIRO,EM FRENTE À RENAULT,AV NORTE,2160,EM FRENTE À RENAULT,ENCRUZILHADA,665,SUBURBIO,ABALROAMENTO LONGITUDINAL,AUTOS X CAMINHÃO S/V,2,,,,,,1,,,0,,Longo da via,Bom,Sem defeito,Perfeito estado,Seca,Perfeito estado,Agente,Outras,60 km/h,Dupla,Canteiro central,,
2019-02-14,14:48:00,COM VÍTIMA,CANCELADA,ILHA DO LEITE,AV GOVERNADOR AGAMENON MAGALHAES,,,APOS PASSAR O HOSPITAL PORTUGUES  PEGAR O RETORNO  QUE DA ACESSO AO HOPE,AV GOVERNADOR AGAMENON MAGALHAES,,APOS PASSAR O HOSPITAL PORTUGUES  PEGAR O RETORNO  QUE DA ACESSO AO HOPE,ILHA DO LEITE,,,COLISÃO COM CICLISTA,AUTO E CICLISTA,1,,,1,,,,,,1,,,,,,,,,,,,,,
2019-02-14,14:56:00,SEM VÍTIMA,CANCELADA,TOTÓ,RUA PLANURA,86,,EM FRENTE A TUI DO GAS,RUA PLANURA,86,EM FRENTE A TUI DO GAS,TOTÓ,,,COLISÃO,ENTRE AUTO E MICRO ONIBUS COMPLEMENTAR,1,,,,,1,,,,0,,,,,,,,,,,,,,
2019-02-14,15:37:00,COM VÍTIMA,CANCELADA,AFOGADOS,RUA SAO MIGUEL,,,AO LADO DO CARTORIO,RUA SAO MIGUEL,,AO LADO DO CARTORIO,AFOGADOS,,,COLISÃO,COLISÃO COM VÍTIMA,1,1,,,,,,,,1,,,,,,,,,,,,,,
2019-02-14,15:41:00,SEM VÍTIMA,FINALIZADA,AFOGADOS,RUA MOTOCOLOMBO,184,,EM FRENTE AO FERRO VELHO,RUA MOTOCOLOMBO,184,EM FRENTE AO FERRO VELHO,AFOGADOS,,SUBURBIO,COLISÃO TRASEIRA,,1,,,,,1,,,,0,,Longo da via,Bom,Não existe,Perfeito estado,Seca,Perfeito estado,Agente,Não há placas,40 km/h,Única,Faixa seccionada,,
2019-02-14,15:54:00,SEM VÍTIMA,FINALIZADA,DERBY,RUA AMARO BEZERRA,,RUA CLEMENTE PEREIRA,,RUA AMARO BEZERRA,,,DERBY,,,ABALROAMENTO TRANSVERSAL,ENTRE AUTOS S/V,2,,,,,,,,,0,,Cruzamento,Bom,Não existe,Perfeito estado,Seca,Perfeito estado,Faixa de retenção,Placas Pare,30 km/h,Dupla,Faixa contínua,,
2019-02-14,15:55:00,SEM VÍTIMA,CANCELADA,TORRE,RUA DOS OPERARIOS,258,,AO LADO DA HONDA,RUA DOS OPERARIOS,258,AO LADO DA HONDA,TORRE,,,COLISÃO,COLISÃO SEM VÍTIMA,3,,,,,,,,,0,,,,,,,,,,,,,,
2019-02-14,16:18:00,COM VÍTIMA,FINALIZADA,BOA VIAGEM,AV BOA VIAGEM,5030,,EM FRENTE AO EDF. LUIS DIAS LINS,AV BOA VIAGEM,5030,EM FRENTE AO EDF. LUIS DIAS LINS,BOA VIAGEM,483,CIDADE,COLISÃO COM CICLISTA,ENTRE CICLISTA E ONIBUS DA BORBOREMA.,,,,1,,1,,,,1,,Longo da via,Bom,Sem defeito,Perfeito estado,Seca,Perfeito estado,Faixa de pedestre,,,Única,Faixa,,
2019-02-14,16:07:00,COM VÍTIMA,FINALIZADA,ILHA DO RETIRO,AV ENGENHEIRO ABDIAS DE CARVALHO,362,EST DOS REMEDIOS,EM FRENTE A FARMACIA INDEPEDENTE,AV ENGENHEIRO ABDIAS DE CARVALHO,362,EM FRENTE A FARMACIA INDEPEDENTE,ILHA DO RETIRO,,SUBURBIO,ABALROAMENTO LONGITUDINAL,COLISAO ENVOLVENDO AUTO E DUAS MOTOS,1,2,,,,,,,,1,,Cruzamento,Bom,Sem defeito,Perfeito estado,Seca,Perfeito estado,Faixa de pedestre,R-6a,,Dupla,Faixa seccionada,,
2019-02-14,16:47:00,SEM VÍTIMA,FINALIZADA,ENCRUZILHADA,AV NORTE,2944,,EM FRENTE À EXTRAFARMA // AO LADO DA SECRETARIA DE DESENVOLVIMENTO SOCIAL E CIDADANIA.,AV NORTE,2944,EM FRENTE À EXTRAFARMA // AO LADO DA SECRETARIA DE DESENVOLVIMENTO SOCIAL E CIDADANIA.,ENCRUZILHADA,,SUBURBIO,COLISÃO TRASEIRA,ENTRE AUTOS S/V,2,,,,,,,,,0,,Longo da via,Bom,Não existe,Perfeito estado,Seca,Perfeito estado,Não existe,R-6a,,Dupla,Canteiro central,,
2019-02-14,16:59:00,SEM VÍTIMA,CANCELADA,IBURA,RUA RIO XINGU,35,,EM FRENTE AO POSTO BR,RUA RIO XINGU,35,EM FRENTE AO POSTO BR,IBURA,,,COLISÃO,COLISÃO SEM VÍTIMA,2,,,,,,,,,0,,,,,,,,,,,,,,
2019-02-14,17:12:00,SEM VÍTIMA,FINALIZADA,ESTÂNCIA,AV RECIFE,,,EM FRENTE AO CERPE,AV RECIFE,,EM FRENTE AO CERPE,ESTÂNCIA,,,COLISÃO TRASEIRA,,,,,,,,2,,,0,,Longo da via,Bom,Sem defeito,Perfeito estado,Seca,Perfeito estado,Agente,Outras,,Dupla,Canteiro central,,
2019-02-14,17:24:00,SEM VÍTIMA,FINALIZADA,CASA FORTE,EST DAS UBAIAS ,195,,,EST DAS UBAIAS ,195,,CASA FORTE,,CIDADE,ABALROAMENTO TRANSVERSAL,ENTRE AUTO MOTO S/V,2,,,,,,,,,0,,Longo da via,Bom,Não existe,Perfeito estado,Seca,Perfeito estado,Não existe,R-6a,,Dupla,Faixa seccionada,,
2019-02-14,18:01:00,SEM VÍTIMA,FINALIZADA,IBURA,AV DOIS RIOS,11,,,AV DOIS RIOS,11,,IBURA,,,ABALROAMENTO TRANSVERSAL,CITROEEN C4 X MOTO TITAN 150,1,1,,,,,,,,0,,Longo da via,Bom,Não existe,Perfeito estado,Seca,Perfeito estado,Não existe,Outras,,Dupla,Faixa contínua,,
2019-02-14,18:14:00,SEM VÍTIMA,FINALIZADA,BOA VISTA,RUA VELHA,109,,,RUA VELHA,109,,BOA VISTA,,SUBURBIO,ABALROAMENTO LONGITUDINAL,VEICULOS DESCARACTERIZADO DO G2 X GOL,1,,,,,,,1,,0,,Longo da via,Bom,Não existe,Perfeito estado,Seca,Perfeito estado,Não existe,Outras,,Única,Não existe,,
2019-02-14,18:41:00,SEM VÍTIMA,FINALIZADA,DERBY,AV GOVERNADOR AGAMENON MAGALHAES,3855,,PRÓXIMO AO BANCO DO BRASIL,AV GOVERNADOR AGAMENON MAGALHAES,3855,PRÓXIMO AO BANCO DO BRASIL,DERBY,,,COLISÃO TRASEIRA,PRISMA X CAMINHONETA OBS:: BATEDORES 26 DA CTTU X,2,,,,,,,,,0,,Longo da via,Bom,Não existe,Perfeito estado,Seca,Perfeito estado,,Outras,60 km/h,Dupla,Canal,,
2019-02-14,18:51:00,SEM VÍTIMA,CANCELADA,BOA VISTA,RUA DOM BOSCO,779,,E/F A FEDERAÇÃO PE DE FUTEBOL E COLÉGIO DECISÃO / NA MESMA R DA RÁDIO PATRULHA,RUA DOM BOSCO,779,E/F A FEDERAÇÃO PE DE FUTEBOL E COLÉGIO DECISÃO / NA MESMA R DA RÁDIO PATRULHA,BOA VISTA,,,COLISÃO,ENTRE 2 AUTOS. S/V,2,,,,,,,,,0,,,,,,,,,,,,,,
2019-02-14,19:00:00,COM VÍTIMA,FINALIZADA,CASA AMARELA,AV NORTE,6756,,E/F A FARMACIA MADACARU  SNT CIDADE / AO LADO DO POSTO BR / PRÓX A MATERNIDADE BARROS LIMA. EM FRENTE AO CLUBE DA ESQUINA CONFRARIA.,AV NORTE,6756,E/F A FARMACIA MADACARU  SNT CIDADE / AO LADO DO POSTO BR / PRÓX A MATERNIDADE BARROS LIMA. EM FRENTE AO CLUBE DA ESQUINA CONFRARIA.,CASA AMARELA,,CIDADE,ATROPELAMENTO,ATROPELAMENTO ENVOLVENDO ÔNIBUS E PEDESTRE.,,,,,1,1,,,,1,,Longo da via,Bom,Não existe,Perfeito estado,Seca,Perfeito estado,Não existe,R-6a,,Única,Faixa seccionada,,
2019-02-14,19:02:00,COM VÍTIMA,CANCELADA,BOMBA DO HEMETÉRIO,RUA BOMBA DO HEMETERIO,,RUA DAS CRIANCAS,ENF A RUA DO GIGANTE DO SAMBA,RUA BOMBA DO HEMETERIO,,ENF A RUA DO GIGANTE DO SAMBA,BOMBA DO HEMETÉRIO,,,ATROPELAMENTO,MOTO X PEDESTRE,1,,,,1,,,,,1,,,,,,,,,,,,,,
2019-02-14,19:50:00,COM VÍTIMA,FINALIZADA,AFOGADOS,RUA MOTOCOLOMBO,,,AO LADO DA IGREJINHA DE AFOGADOS  SNT PRA QUEM VAI DIREÇÃO A IMBIRIBEIRA / E/F AO BANCO SANTANDER,RUA MOTOCOLOMBO,,AO LADO DA IGREJINHA DE AFOGADOS  SNT PRA QUEM VAI DIREÇÃO A IMBIRIBEIRA / E/F AO BANCO SANTANDER,AFOGADOS,,SUBURBIO,COLISÃO TRASEIRA,COLISÃO ENTRE AUTO E MOTO.,1,1,,,,,,,,1,,Longo da via,Bom,Não existe,Perfeito estado,Seca,Perfeito estado,,,,,,,
2019-02-14,20:06:00,COM VÍTIMA,FINALIZADA,PINA,AV BOA VIAGEM,,,PRÓX A JCPM / E/F AO PRAIA HOTEL,AV BOA VIAGEM,,PRÓX A JCPM / E/F AO PRAIA HOTEL,PINA,,CIDADE,COLISÃO,COLISÃO ENTRE AUTO E MOTO.,1,1,,,,,,,,1,,Longo da via,Bom,Sem defeito,Perfeito estado,Seca,Perfeito estado,,Não há placas,60 km/h,Única,,,
2019-02-14,20:59:00,SEM VÍTIMA,CANCELADA,BOMBA DO HEMETÉRIO,RUA PADRE OLIVEIRA,,,E/F A ACADEMIA CIA DO CORPO,RUA PADRE OLIVEIRA,,E/F A ACADEMIA CIA DO CORPO,BOMBA DO HEMETÉRIO,,,COLISÃO,ENTRE AUTO E ÕNIBUS. S/V,1,,,,,1,,,,0,,,,,,,,,,,,,,
2019-02-14,21:00:00,COM VÍTIMA,FINALIZADA,JAQUEIRA,RUA DO FUTURO,897,RUA JOSE CLEMENTINO,AABB - ASSOCIAÇÃO ATLÉTICA BANCO DO BRASIL.,RUA DO FUTURO,897,AABB - ASSOCIAÇÃO ATLÉTICA BANCO DO BRASIL.,JAQUEIRA,,SUBURBIO,CHOQUE VEÍCULO PARADO,AUDI X X 35 X FOX OBS :: VEICULO CAPOTADO NO LOCAL,3,,,,,,,,,1,,Longo da via,Bom,Não existe,Perfeito estado,Seca,Perfeito estado,Não existe,Outras,,Única,Outros,,
2019-02-14,21:22:00,COM VÍTIMA,FINALIZADA,ILHA DO RETIRO,RUA SPORT CLUBE DO RECIFE,,,ENF AO CLUBE DO SPORT,RUA SPORT CLUBE DO RECIFE,,ENF AO CLUBE DO SPORT,ILHA DO RETIRO,481,SUBURBIO,COLISÃO COM CICLISTA,COLISÃO ENTRE MOTO E CICLISTA.,,1,,1,,,,,,1,,Longo da via,Bom,Sem defeito,Perfeito estado,Seca,Perfeito estado,,R-6a,,Dupla,Canteiro central,,
2019-02-15,06:07:00,SEM VÍTIMA,FINALIZADA,IMBIRIBEIRA,RUA OLIVIA MENELAU,,AV MARECHAL MASCARENHAS DE MORAES,EM FRENTE AO POSTO IPIRANGA,RUA OLIVIA MENELAU,,EM FRENTE AO POSTO IPIRANGA,IMBIRIBEIRA,396,,ABALROAMENTO LONGITUDINAL,SEM VITIMAS,2,,,,,,,,,0,,Cruzamento,Bom,Sem defeito,Não existente,Seca,Perfeito estado,Faixa de pedestre,Não há placas,,Dupla,Faixa seccionada,,
2019-02-15,07:14:00,SEM VÍTIMA,FINALIZADA,BOA VIAGEM,RUA VISCONDE DE JEQUITINHONHA,609,RUA DOM JOSE LOPES,,RUA VISCONDE DE JEQUITINHONHA,609,,BOA VIAGEM,,SUBURBIO,COLISÃO TRASEIRA,SEM VITIMAS,3,,,,,,,,,0,,Cruzamento,Bom,Não existe,Perfeito estado,Seca,Perfeito estado,Outros,Placas Pare,,Única,Faixa contínua,,
2019-02-15,08:04:00,SEM VÍTIMA,CANCELADA,IMBIRIBEIRA,AV MARECHAL MASCARENHAS DE MORAES,291 G,,DE ESQUINA COM A FLOR ARTE EM FRENTE A LOJA FORT FRIO,AV MARECHAL MASCARENHAS DE MORAES,291 G,DE ESQUINA COM A FLOR ARTE EM FRENTE A LOJA FORT FRIO,IMBIRIBEIRA,,,COLISÃO,COLISÃO SEM VITIMAS,1,1,,,,,,,,0,,,,,,,,,,,,,,
2019-02-15,08:13:00,COM VÍTIMA,FINALIZADA,SANTO AMARO,RUA DOS PALMARES,124,,,RUA DOS PALMARES,124,,SANTO AMARO,,CIDADE,ABALROAMENTO TRANSVERSAL,COM UMA VÍTIMA ATENDIDA PELOS BOMBEIROS NO LOCAL.,1,1,,,,,,,,1,,Cruzamento,Bom,Sem defeito,Ilegível,Seca,Perfeito estado,Não existe,Não há placas,,Dupla,Canteiro central,,
2019-02-15,08:20:00,SEM VÍTIMA,FINALIZADA,IMBIRIBEIRA,AV MARECHAL MASCARENHAS DE MORAES,7935 A,,CONTINENTAL DRIVE AUTO CENTER,AV MARECHAL MASCARENHAS DE MORAES,7935 A,CONTINENTAL DRIVE AUTO CENTER,IMBIRIBEIRA,626,CIDADE,COLISÃO TRASEIRA,COLISÃO SEM VITIMAS,1,1,,,,,,,,0,,Longo da via,Bom,Sem defeito,Perfeito estado,Seca,Perfeito estado,Não existe,Não há placas,50 km/h,Dupla,Canteiro central,,
2019-02-15,09:20:00,SEM VÍTIMA,FINALIZADA,DERBY,RUA AMARO BEZERRA,419,RUA JORNALISTA PAULO BITTENCOURT,AO LADO DA DROGASIL,RUA AMARO BEZERRA,419,AO LADO DA DROGASIL,DERBY,,,COLISÃO,SEM VÍTIMAS,2,,,,,,,,,0,,,,,,,,,,,,,,
2019-02-15,09:36:00,SEM VÍTIMA,FINALIZADA,IBURA,AV DOIS RIOS,899,,EM FRENTE AO SUPERMERCADO SERVE BEM,AV DOIS RIOS,899,EM FRENTE AO SUPERMERCADO SERVE BEM,IBURA,,SUBURBIO,ABALROAMENTO LONGITUDINAL,SEM VITIMAS,,,,,,1,1,,,0,,Longo da via,Bom,Sem defeito,Perfeito estado,Seca,Mal conservada,Outros,Outras,,Dupla,Faixa contínua,,
2019-02-15,10:11:00,SEM VÍTIMA,FINALIZADA,SANTO AMARO,AV JOAO DE BARROS,594,,LADO OPOSTO AO CONSERVATÓRIO DE MÚSICA,AV JOAO DE BARROS,594,LADO OPOSTO AO CONSERVATÓRIO DE MÚSICA,SANTO AMARO,,CIDADE,COLISÃO TRASEIRA,SEM VITIMAS,2,,,,,,,,,0,,Longo da via,Bom,Não existe,Perfeito estado,Seca,Perfeito estado,Outros,R-6a,,Única,Faixa seccionada,,
2019-02-15,10:15:00,COM VÍTIMA,FINALIZADA,ENCRUZILHADA,AV NORTE,,,EM FRENTE AO SUPERMERCADO EXTRABOM.,AV NORTE,,EM FRENTE AO SUPERMERCADO EXTRABOM.,ENCRUZILHADA,45,CIDADE,ABALROAMENTO LONGITUDINAL,COLISÃO ENVOLVENDO DOIS AUTOMÓVEIS E UMA MOTO.,2,1,,,,,,,,1,,Longo da via,Bom,Sem defeito,Perfeito estado,Seca,Perfeito estado,Faixa de pedestre,Não há placas,60 km/h,Dupla,Canteiro central,,
2019-02-15,10:46:00,SEM VÍTIMA,FINALIZADA,SÃO JOSÉ,RUA FLORIANO PEIXOTO,701,RUA DO PEIXOTO,EM FRENTE AO Nº 701,RUA FLORIANO PEIXOTO,701,EM FRENTE AO Nº 701,SÃO JOSÉ,,CID/SUB,ABALROAMENTO LONGITUDINAL,SEM VITIMAS,1,,,,,1,,,,0,,Cruzamento,Bom,Não existe,Perfeito estado,Seca,Perfeito estado,,Não há placas,,Única,,,
2019-02-15,11:08:00,SEM VÍTIMA,FINALIZADA,BOA VIAGEM,RUA BARAO DE SOUZA LEAO,221,,E/F AO EDF EL GREGO,RUA BARAO DE SOUZA LEAO,221,E/F AO EDF EL GREGO,BOA VIAGEM,,SUBURBIO,ABALROAMENTO LONGITUDINAL,SEM VÍTIMAS,2,,,,,,,,,0,,Longo da via,Bom,Sem defeito,Perfeito estado,Seca,Perfeito estado,Não existe,R-6a,,Única,Faixa seccionada,,
2019-02-15,12:16:00,SEM VÍTIMA,CANCELADA,DERBY,RUA JENER DE SOUZA,,,EM FRENTE AO QUARTEL DO DERBY,RUA JENER DE SOUZA,,EM FRENTE AO QUARTEL DO DERBY,DERBY,,,COLISÃO,COLISÃO SEM VÍTIMA,2,,,,,,,,,0,,,,,,,,,,,,,,
2019-02-15,12:31:00,SEM VÍTIMA,FINALIZADA,PINA,,,,POLÍCIA RODOVIÁRIA FEDERAL,,,POLÍCIA RODOVIÁRIA FEDERAL,PINA,,CIDADE,COLISÃO TRASEIRA,COLISÃO SEM VÍTIMA,2,,,,,,,,,0,,Longo da via,Bom,,Perfeito estado,Seca,Perfeito estado,Não existe,,,Dupla,Canteiro central,,
2019-02-15,12:34:00,SEM VÍTIMA,CANCELADA,GRAÇAS,RUA JANUARIO BARBOSA,879,,PROX. A PRAÇA EÇA DE QUEIROZ  AO LADO DA CLINICA ENDO TERAPÊUTICA,RUA JANUARIO BARBOSA,879,PROX. A PRAÇA EÇA DE QUEIROZ  AO LADO DA CLINICA ENDO TERAPÊUTICA,GRAÇAS,,,COLISÃO,DOIS AUTOS SV,2,,,,,,,,,0,,,,,,,,,,,,,,
2019-02-15,12:47:00,COM VÍTIMA,FINALIZADA,MANGABEIRA,AV NORTE,4341,,APOS O SESC  SENTIDO RECIFE  NA ESQUINA DO POSTO BR,AV NORTE,4341,APOS O SESC  SENTIDO RECIFE  NA ESQUINA DO POSTO BR,MANGABEIRA,643,CIDADE,COLISÃO COM CICLISTA,COLISÃO ENVOLVENDO ONIBUS E CICLISTA.,,,,1,,1,,,,1,,Longo da via,Bom,Sem defeito,Perfeito estado,Seca,Perfeito estado,Faixa de retenção,R-6a,,Dupla,Faixa seccionada,Canteiro central,
2019-02-15,12:59:00,SEM VÍTIMA,CANCELADA,BOA VIAGEM,AV ENGENHEIRO DOMINGOS FERREIRA,,RUA BRUNO VELOSO,PRÓX À ESCOLA MUNICIPAL DO LEÃO,AV ENGENHEIRO DOMINGOS FERREIRA,,PRÓX À ESCOLA MUNICIPAL DO LEÃO,BOA VIAGEM,338,,COLISÃO,ENTRE AUTOS S/V,2,,,,,,,,,0,,,,,,,,,,,,,,
2019-02-15,14:08:00,SEM VÍTIMA,FINALIZADA,BOA VIAGEM,RUA MARIA CAROLINA,,AV ENGENHEIRO DOMINGOS FERREIRA,,RUA MARIA CAROLINA,,,BOA VIAGEM,,,ABALROAMENTO TRANSVERSAL,DOIS AUTOS,2,,,,,,,,,0,,Cruzamento,Bom,Não existe,Perfeito estado,Seca,Perfeito estado,,Placas Pare,,,,,
2019-02-15,14:10:00,SEM VÍTIMA,FINALIZADA,AFLITOS,AV CONS ROSA E SILVA,1655,RUA JOSE CLEMENTINO,NA ESQUINA DA DROGASIL  EM FRENTE AO BOMPREÇO,AV CONS ROSA E SILVA,1655,NA ESQUINA DA DROGASIL  EM FRENTE AO BOMPREÇO,AFLITOS,,SUBURBIO,ABALROAMENTO TRANSVERSAL,ENTRE DOIS AUTOS S/V,2,,,,,,,,,0,,Longo da via,Bom,Não existe,Perfeito estado,Seca,Perfeito estado,Não existe,R-6a,40 km/h,Única,Faixa seccionada,,
2019-02-15,15:31:00,SEM VÍTIMA,CANCELADA,IMBIRIBEIRA,AV MARECHAL MASCARENHAS DE MORAES,945,,EM FRENTE À LOJA GRILLO,AV MARECHAL MASCARENHAS DE MORAES,945,EM FRENTE À LOJA GRILLO,IMBIRIBEIRA,,,COLISÃO,ENTRE AUTOS S/V,2,,,,,,,,,0,,,,,,,,,,,,,,
2019-02-15,15:35:00,SEM VÍTIMA,FINALIZADA,SAN MARTIN,RUA VINTE E UM DE ABRIL,576,RUA PEDRO MELO,,RUA VINTE E UM DE ABRIL,576,,SAN MARTIN,,CIDADE,ABALROAMENTO LONGITUDINAL,COLISÃO SEM VÍTIMA,2,,,,,,,,,0,,Cruzamento,Bom,Não existe,Incompleta,Seca,Perfeito estado,Não existe,Não há placas,,Dupla,Faixa seccionada,,
2019-02-15,16:02:00,SEM VÍTIMA,FINALIZADA,MANGUEIRA,RUA SAO MIGUEL,1516,,EM FRENTE A OFICINA ABC,RUA SAO MIGUEL,1516,EM FRENTE A OFICINA ABC,MANGUEIRA,,SUBURBIO,ABALROAMENTO TRANSVERSAL,AUTO X MOTO S/V,1,1,,,,,,,,0,,Longo da via,Bom,Não existe,Perfeito estado,Seca,Perfeito estado,Não existe,Não há placas,,Dupla,Faixa contínua,,
2019-02-14,08:00:00,COM VÍTIMA,FINALIZADA,IBURA,LAD DA COHAB,15,,EM FRENTE AO CASARÃO,LAD DA COHAB,15,EM FRENTE AO CASARÃO,IBURA,,SUBURBIO,ABALROAMENTO LONGITUDINAL,COLISÃO ENTRE DUAS MOTOS,,2,,,,,,,,1,,Longo da via,Bom,Não existe,Não existente,Seca,Mal conservada,Não existe,Não há placas,,Dupla,Faixa contínua,,
2019-02-15,16:37:00,SEM VÍTIMA,FINALIZADA,IBURA,AV CHAPADA DO ARARIPE,,,EM FRENTE À IGREJA BATISTA,AV CHAPADA DO ARARIPE,,EM FRENTE À IGREJA BATISTA,IBURA,,,COLISÃO,ÔNIBUS X AUTO S/V,1,,,,,1,,,,0,,,,,,,,,,,,,,
2019-02-15,17:06:00,SEM VÍTIMA,FINALIZADA,DERBY,AV GOVERNADOR AGAMENON MAGALHAES,,,EM FRENTE AO CERPE/ SENTIDO BOA VIAGEM,AV GOVERNADOR AGAMENON MAGALHAES,,EM FRENTE AO CERPE/ SENTIDO BOA VIAGEM,DERBY,,,COLISÃO,COLISÃO SEM VÍTIMA,1,2,,,,,,,,0,,,,,,,,,,,,,,
2019-02-15,17:09:00,SEM VÍTIMA,FINALIZADA,ILHA DO LEITE,AV GOVERNADOR AGAMENON MAGALHAES,550,,AO LADO DO Nº 550,AV GOVERNADOR AGAMENON MAGALHAES,550,AO LADO DO Nº 550,ILHA DO LEITE,68,,COLISÃO TRASEIRA,COLISAO ENTRE DA PRF E AUTO PASSEIO,1,,,,,,,1,,0,,,Bom,Sem defeito,Perfeito estado,Seca,Perfeito estado,Faixa de pedestre,,60 km/h,Única,Faixa contínua,Canteiro central,Canal
2019-02-15,17:31:00,SEM VÍTIMA,CANCELADA,IPSEP,AV RECIFE,2967,,EM FRENTE AO POSTO FEDERAL / SENTIDO CAXANGA,AV RECIFE,2967,EM FRENTE AO POSTO FEDERAL / SENTIDO CAXANGA,IPSEP,,,COLISÃO,COLISÃO SEM VÍTIMA,2,,,,,,,,,0,,,,,,,,,,,,,,
2019-02-15,17:46:00,COM VÍTIMA,FINALIZADA,SANTO ANTÔNIO,RUA DO LIVRAMENTO,20,AV N S DO CARMO,PRÓX À MARCOS CALÇADOS. LADO OPOSTO AO NÚMERO 20.,RUA DO LIVRAMENTO,20,PRÓX À MARCOS CALÇADOS. LADO OPOSTO AO NÚMERO 20.,SANTO ANTÔNIO,,CIDADE,ATROPELAMENTO,ATROPELAMENTO ENVOLVENDO ÔNIBUS E PEDESTRE.,,,,,1,1,,,,1,,Longo da via,Chuvoso,Sem defeito,Perfeito estado,Seca,Perfeito estado,,Outras,,Dupla,Faixa contínua,,
2019-02-15,17:55:00,SEM VÍTIMA,FINALIZADA,SANTO AMARO,AV NORTE,,,EM FRENTE AO SEMÁFORO Nº 397,AV NORTE,,EM FRENTE AO SEMÁFORO Nº 397,SANTO AMARO,397,CIDADE,COLISÃO TRASEIRA,ENTRE DOIS AUTOS S/V,2,,,,,,,,,0,,Longo da via,Bom,Sem defeito,Perfeito estado,Molhada,Perfeito estado,Faixa de pedestre,R-6a,,Dupla,Faixa contínua,Faixa seccionada,Canteiro central
2019-02-15,17:49:00,COM VÍTIMA,FINALIZADA,SÃO JOSÉ,C SANTA RITA,,,NO SEMÁFORO 076 E ARMAZEM AGEMAR,C SANTA RITA,,NO SEMÁFORO 076 E ARMAZEM AGEMAR,SÃO JOSÉ,76,SUBURBIO,CAPOTAMENTO,MOTOCICLISTA SE ACIDENTOU SOZINHO.,,1,,,,,,,,1,,Longo da via,Chuvoso,Sem defeito,Perfeito estado,Molhada,Perfeito estado,,Não há placas,,Dupla,Canteiro central,,
2019-02-15,18:12:00,SEM VÍTIMA,DUPLICIDADE,SANTO AMARO,AV NORTE,,,PRÓX AO CEMITÉRIO DOS INGLESES / E/F A SECRETARIA DE DESENVOLVIMENTO SOCIA  CRIANÇA E JUVENTUDE  SNT CIDADE,AV NORTE,,PRÓX AO CEMITÉRIO DOS INGLESES / E/F A SECRETARIA DE DESENVOLVIMENTO SOCIA  CRIANÇA E JUVENTUDE  SNT CIDADE,SANTO AMARO,,,COLISÃO,ENTRE 2 AUTOS. S/V,2,,,,,,,,,0,,,,,,,,,,,,,,
2019-02-15,18:17:00,SEM VÍTIMA,FINALIZADA,DERBY,PRC DO DERBY,,RUA JENER DE SOUZA,MOVIMENTOS DOS HERÓIS ( SOLDADOS),PRC DO DERBY,,MOVIMENTOS DOS HERÓIS ( SOLDADOS),DERBY,40,SUBURBIO,ABALROAMENTO LONGITUDINAL,ENTRE ÕNIBUS E AUTO. S/V,1,,,,,1,,,,0,,Longo da via,Bom,Sem defeito,Perfeito estado,Seca,Perfeito estado,Não existe,Não há placas,,Única,Não existe,,
2019-02-15,18:46:00,SEM VÍTIMA,CANCELADA,SANTO AMARO,AV CRUZ CABUGA,1597,,E/F AO HOSPITAL DO CÂNCER E SANTA CASA  SNT OLINDA,AV CRUZ CABUGA,1597,E/F AO HOSPITAL DO CÂNCER E SANTA CASA  SNT OLINDA,SANTO AMARO,,,CHOQUE OBJETO FIXO,ENTRE AUTO E PRISMA DE CONCRETO. VEÍCULO ATRAVESSADO NO MEIO DA VIA.,1,,,,,,,,,0,,,,,,,,,,,,,,