data,hora,natureza_acidente,situacao,bairro,endereco,numero,detalhe_endereco_acidente,complemento,endereco_cruzamento,numero_cruzamento,referencia_cruzamento,bairro_cruzamento,num_semaforo,sentido_via,tipo,descricao,auto,moto,ciclom,ciclista,pedestre,onibus,caminhao,viatura,outros,vitimas,vitimasfatais,acidente_verificado,tempo_clima,situacao_semaforo,sinalizacao,condicao_via,conservacao_via,ponto_controle,situacao_placa,velocidade_max_via,mao_direcao,divisao_via1,divisao_via2,divisao_via3
2019-02-15,19:30:00,SEM VÍTIMA,FINALIZADA,BOA VIAGEM,RUA VISCONDE DE JEQUITINHONHA,1418,,DEFRONTE AO Nº 1418,RUA VISCONDE DE JEQUITINHONHA,1418,DEFRONTE AO Nº 1418,BOA VIAGEM,,SUBURBIO,ABALROAMENTO LONGITUDINAL,ONIBUS BORBOREMA X JEEP,1,,,,,1,,,,0,,Longo da via,Bom,Não existe,Perfeito estado,Seca,Perfeito estado,Não existe,Não há placas,,Única,Faixa contínua,Faixa seccionada,Canteiro central
2019-02-15,19:32:00,COM VÍTIMA,FINALIZADA,DERBY,AV GOVERNADOR AGAMENON MAGALHAES,,AV GOVERNADOR CARLOS DE LIMA CAVALCANTI,SEMÁFORO 075 / E/F A PRC DO DERBY / SNT BV,AV GOVERNADOR AGAMENON MAGALHAES,,SEMÁFORO 075 / E/F A PRC DO DERBY / SNT BV,DERBY,75,SUBURBIO,ABALROAMENTO TRANSVERSAL,COLISÃO ENTRE DUAS MOTOS.,,2,,,,,,,,1,,Cruzamento,Bom,Sem defeito,Perfeito estado,Seca,Perfeito estado,Faixa de pedestre,Outras,60 km/h,Dupla,Canteiro central,,
2019-02-15,19:55:00,COM VÍTIMA,FINALIZADA,JORDÃO,RUA EMILIO MONTEIRO FONSECA,1454,RUA VIRGINOPOLIS,PRÓX A IGREJA BATISTA CENTRAL DO JORDÃO / E/F AO DEPOSITO DE BEBIDAS,RUA EMILIO MONTEIRO FONSECA,1454,PRÓX A IGREJA BATISTA CENTRAL DO JORDÃO / E/F AO DEPOSITO DE BEBIDAS,JORDÃO,,SUBURBIO,ABALROAMENTO TRANSVERSAL,COLISÃO ENVOLVENDO AUTO E MOTO.,1,1,,,,,,,,1,,Esquina,Bom,Não existe,Perfeito estado,Seca,Perfeito estado,Não existe,Não há placas,,Dupla,Não existe,,
2019-02-15,20:16:00,COM VÍTIMA,FINALIZADA,PINA,AV CONSUL JOSEPH NOUJAIM,,,E/F AO SHOPPING RIO MAR / POR BAIXO DO VIADUTO. ALÇA INFERIOR DO VIADUTO.,AV CONSUL JOSEPH NOUJAIM,,E/F AO SHOPPING RIO MAR / POR BAIXO DO VIADUTO. ALÇA INFERIOR DO VIADUTO.,PINA,,SUBURBIO,ABALROAMENTO LONGITUDINAL,ENTRE ÕNIBUS E MOTO. C/V,,1,,,,1,,,,1,,Viaduto,Bom,Não existe,Perfeito estado,Seca,Perfeito estado,Não existe,Outras,30 km/h,Única,Faixa contínua,,
2019-02-15,20:31:00,COM VÍTIMA,CANCELADA,BOA VIAGEM,AV ANTONIO TORRES GALVAO,393,,PROX A CONSECIONARIA AUDI BREME // APOIS O RESIDENCIAL BOA VIAGEM,AV ANTONIO TORRES GALVAO,393,PROX A CONSECIONARIA AUDI BREME // APOIS O RESIDENCIAL BOA VIAGEM,BOA VIAGEM,,,COLISÃO,DUAS MOTOS,,2,,,,,,,,3,,,,,,,,,,,,,,
2019-02-15,20:46:00,SEM VÍTIMA,FINALIZADA,CAJUEIRO,RUA VIRGILIO DE MELO FRANCO,349,,,RUA VIRGILIO DE MELO FRANCO,349,,CAJUEIRO,,SUBURBIO,ABALROAMENTO TRANSVERSAL,CELTA X FIESTA,2,,,,,,,,,0,,Longo da via,Bom,Não existe,Não existente,Seca,Perfeito estado,Não existe,Não há placas,,Dupla,Não existe,,
2019-02-15,21:14:00,COM VÍTIMA,FINALIZADA,BAIRRO DO RECIFE,AV ALFREDO LISBOA,,,E/F AO ARMAZÉM PORTO / APÓS A PONTE GIRATORIA / PRÓX AO CAIS DE SANTA RITA,AV ALFREDO LISBOA,,E/F AO ARMAZÉM PORTO / APÓS A PONTE GIRATORIA / PRÓX AO CAIS DE SANTA RITA,BAIRRO DO RECIFE,,SUBURBIO,ABALROAMENTO LONGITUDINAL,COLISÃO ENTRE AUTO E MOTO.,1,1,,,,,,,,1,,Longo da via,Bom,Não existe,Perfeito estado,Seca,Perfeito estado,Não existe,R-6a,,Única,Faixa,,
2019-02-15,23:36:00,COM VÍTIMA,FINALIZADA,GRAÇAS,RUA JOAQUIM NABUCO,677,RUA GUILHERME PINTO,ENF ACADEMIA TRENO,RUA JOAQUIM NABUCO,677,ENF ACADEMIA TRENO,GRAÇAS,498,SUBURBIO,ABALROAMENTO TRANSVERSAL,COLISÃO ENTRE AUTO E MOTO.,1,1,,,,,,,,1,,Cruzamento,Bom,Sem defeito,Perfeito estado,Seca,Perfeito estado,Faixa de pedestre,Não há placas,30 km/h,Única,Faixa contínua,,
2019-02-16,00:48:00,SEM VÍTIMA,FINALIZADA,CAXANGÁ,AV JOAQUIM RIBEIRO,,RUA RIBEIRO PESSOA,EM FRETE A UPA,AV JOAQUIM RIBEIRO,,EM FRETE A UPA,CAXANGÁ,281,SUBURBIO,ABALROAMENTO LONGITUDINAL,COLISÃO ENTRE DOIS AUTOS  SEM VÍTIMAS.,2,,,,,,,,,0,,Cruzamento,Bom,Sem defeito,Perfeito estado,Seca,Perfeito estado,Faixa de pedestre,Outras,,Dupla,Canteiro central,,
2019-02-16,06:59:00,SEM VÍTIMA,FINALIZADA,SANTO AMARO,RUA JOAO LIRA,143,RUA DA SAUDADE,,RUA JOAO LIRA,143,,SANTO AMARO,308,,ABALROAMENTO TRANSVERSAL,AUTO E ONIBUS,1,,,,,1,,,,0,,Cruzamento,Bom,Sem defeito,Perfeito estado,Seca,Perfeito estado,Faixa de pedestre,,,Única,Faixa contínua,,
2019-02-16,07:33:00,SEM VÍTIMA,FINALIZADA,AFOGADOS,AV SUL,,,EM FRENTE AO POLICLINICA AGAMENON MAGALHÃES E AO LADO DA PASSARELA DA ESTAÇÃO LARGO DA PAZ,AV SUL,,EM FRENTE AO POLICLINICA AGAMENON MAGALHÃES E AO LADO DA PASSARELA DA ESTAÇÃO LARGO DA PAZ,AFOGADOS,,CIDADE,COLISÃO TRASEIRA,SEM VITIMAS,2,,,,,,,,,0,,Longo da via,Bom,Não existe,Perfeito estado,Seca,Perfeito estado,,Outras,60 km/h,Única,,,
2019-02-16,07:50:00,SEM VÍTIMA,FINALIZADA,BOA VIAGEM,AV ENGENHEIRO DOMINGOS FERREIRA,311,,FRENTE AO CLINICAL CENTER,AV ENGENHEIRO DOMINGOS FERREIRA,311,FRENTE AO CLINICAL CENTER,BOA VIAGEM,,SUBURBIO,CHOQUE VEÍCULO PARADO,SEM VÍTIMAS. VT 20 NO LOCAL,1,,,,,,1,,,0,,Longo da via,Bom,Não existe,Perfeito estado,Seca,Perfeito estado,Não existe,R-6a,,Única,Canteiro central,,
2019-02-16,08:24:00,COM VÍTIMA,FINALIZADA,DERBY,AV GOVERNADOR AGAMENON MAGALHAES,,,SOBRE A PONTE DO DERBY,AV GOVERNADOR AGAMENON MAGALHAES,,SOBRE A PONTE DO DERBY,DERBY,75,CIDADE,COLISÃO TRASEIRA,COLISÃO ENVOLVENDO AUTO E MOTO.,1,1,,,,,,,,1,,Ponte,Bom,Sem defeito,Perfeito estado,Seca,Perfeito estado,Faixa de retenção,Outras,60 km/h,Dupla,Faixa contínua,,
2019-02-16,09:21:00,SEM VÍTIMA,FINALIZADA,ENCRUZILHADA,RUA RODOLFO DE HOLANDA,67,,EM FRENTE AO Nº 67,RUA RODOLFO DE HOLANDA,67,EM FRENTE AO Nº 67,ENCRUZILHADA,,CIDADE,CHOQUE VEÍCULO PARADO,SEM VITIMAS,,1,,,,,1,,,0,,Longo da via,Bom,Não existe,Perfeito estado,Seca,Perfeito estado,Não existe,Não há placas,,Dupla,Não existe,,
2019-02-16,11:05:00,COM VÍTIMA,CANCELADA,CAXANGÁ,AV CAXANGA,,,EM FRENTE AO HOSPITAL BARÃO DE LUCENA,AV CAXANGA,,EM FRENTE AO HOSPITAL BARÃO DE LUCENA,CAXANGÁ,,SUBURBIO,COLISÃO,COM UMA VITIMA,1,1,,,,,,,,1,,,,,,,,,,,,,,
2019-02-16,11:10:00,SEM VÍTIMA,FINALIZADA,ENGENHO DO MEIO,RUA GOVERNADOR LOPO GARRO,,RUA MANOEL CORTE REAL,,RUA GOVERNADOR LOPO GARRO,,,ENGENHO DO MEIO,,SUBURBIO,ABALROAMENTO TRANSVERSAL,MOTO E AUTO,1,1,,,,,,,,0,,Cruzamento,Bom,Não existe,Não existente,Seca,Perfeito estado,Não existe,Não há placas,30 km/h,Dupla,Não existe,,
2019-02-16,11:37:00,COM VÍTIMA,FINALIZADA,JARDIM SÃO PAULO,AV SAO PAULO,,RUA LEANDRO BARRETO,E/F A FARMACIA DIAMANTE E A DELIICATESSEN SABORES DA PRAÇA,AV SAO PAULO,,E/F A FARMACIA DIAMANTE E A DELIICATESSEN SABORES DA PRAÇA,JARDIM SÃO PAULO,507,,ATROPELAMENTO,ATROPELAMENTO ENTRE ÔNIBUS E PEDESTRE.,,,,,1,1,,,,1,,Esquina,Bom,Sem defeito,Perfeito estado,Seca,Perfeito estado,Não existe,R-6a,,,Não existe,,
2019-02-16,11:55:00,SEM VÍTIMA,FINALIZADA,MADALENA,RUA CONS THEODORO,,RUA TOMAZ GONZAGA,,RUA CONS THEODORO,,,MADALENA,513,SUBURBIO,COLISÃO TRASEIRA,SEM VÍTIMAS,2,,,,,,,,,0,,Longo da via,Bom,Sem defeito,Perfeito estado,Seca,Perfeito estado,Não existe,Outras,40 km/h,Dupla,,,
2019-02-16,12:29:00,SEM VÍTIMA,FINALIZADA,PRADO,AV ENGENHEIRO ABDIAS DE CARVALHO,,,EM FRENTE A CELPE,AV ENGENHEIRO ABDIAS DE CARVALHO,,EM FRENTE A CELPE,PRADO,355,CIDADE,COLISÃO TRASEIRA,COLISÃO SEM VÍTIMAS/ AS PARTES ENCONTRAM NA CALÇADA DA CELPE,2,,,,,,,,,0,,Longo da via,Bom,Sem defeito,Perfeito estado,Seca,Perfeito estado,Agente,Não há placas,60 km/h,Dupla,Faixa seccionada,,
2019-02-16,14:10:00,SEM VÍTIMA,FINALIZADA,TORRÕES,EST DO FORTE DO ARRAIAL N. DO B. JESUS,,AV ENGENHEIRO ABDIAS DE CARVALHO,EM FRENTE AO YOKI  ANTES DA UPA,EST DO FORTE DO ARRAIAL N. DO B. JESUS,,EM FRENTE AO YOKI  ANTES DA UPA,TORRÕES,375,CIDADE,COLISÃO TRASEIRA,COLISÃO SEM VITIMAS,1,,,,,,,,1,0,,Longo da via,Bom,Sem defeito,Perfeito estado,Seca,Perfeito estado,Agente,Não há placas,40 km/h,Única,Faixa seccionada,,
2019-02-16,14:21:00,SEM VÍTIMA,CANCELADA,CAMPO GRANDE,RUA ODORICO MENDES,511,,EM FRENTE AO MERCADO STYLLO,RUA ODORICO MENDES,511,EM FRENTE AO MERCADO STYLLO,CAMPO GRANDE,,,COLISÃO,ENTRE DOIS AUTOS S/V,2,,,,,,,,,0,,,,,,,,,,,,,,
2019-02-16,14:44:00,SEM VÍTIMA,FINALIZADA,BOA VIAGEM,AV BOA VIAGEM,,,EM FRENTE AO HOTEL TRANSAMÉRICA,AV BOA VIAGEM,,EM FRENTE AO HOTEL TRANSAMÉRICA,BOA VIAGEM,,SUBURBIO,ABALROAMENTO LONGITUDINAL,ENTRE AUTOS S/V,3,,,,,,,,,0,,Longo da via,Bom,Sem defeito,Perfeito estado,Seca,Perfeito estado,Faixa de pedestre,Placas Pare,60 km/h,Única,Faixa contínua,Faixa seccionada,
2019-02-16,16:05:00,COM VÍTIMA,FINALIZADA,COELHOS,RUA DOS COELHOS,,,EM FRENTE AO IMIP,RUA DOS COELHOS,,EM FRENTE AO IMIP,COELHOS,359,SUBURBIO,ABALROAMENTO LONGITUDINAL,COLISÃO ENVOLVENDO DOIS VEÍCULOS SEGUIDO DE ATROEPELAMENTO COM DOIS PEDESTRES.,2,,,,2,,,,,2,,Longo da via,Bom,Sem defeito,Perfeito estado,Seca,Perfeito estado,Faixa de pedestre,Outras,,Dupla,Faixa contínua,,
2019-02-16,16:26:00,SEM VÍTIMA,FINALIZADA,IMBIRIBEIRA,AV MARECHAL MASCARENHAS DE MORAES,,,LADO OPOSTO A FORD,AV MARECHAL MASCARENHAS DE MORAES,,LADO OPOSTO A FORD,IMBIRIBEIRA,532,SUBURBIO,COLISÃO TRASEIRA,ENTRE UM CARRO DO EXERCITO  UM AUTO PASSEIO E UMA MOTO,1,1,,,,,,1,,0,,Longo da via,Bom,Sem defeito,Perfeito estado,Seca,Perfeito estado,Faixa de pedestre,R-6a,,Dupla,Canteiro central,,
2019-02-16,17:27:00,SEM VÍTIMA,FINALIZADA,IMBIRIBEIRA,PRC MINISTRO SALGADO FILHO,,,ANTIGO EDF DO AEROPORTO,PRC MINISTRO SALGADO FILHO,,ANTIGO EDF DO AEROPORTO,IMBIRIBEIRA,,SUBURBIO,COLISÃO TRASEIRA,ENTRE AUTOS S/V,2,,,,,,,,,0,,Longo da via,Bom,Não existe,Perfeito estado,Seca,Perfeito estado,Faixa de pedestre,,60 km/h,Única,Não existe,,
2019-02-16,17:59:00,SEM VÍTIMA,CANCELADA,JARDIM SÃO PAULO,RUA LEANDRO BARRETO,440,,APOS O POSTO LA ROQUE  SENTIDO SUBURBIO,RUA LEANDRO BARRETO,440,APOS O POSTO LA ROQUE  SENTIDO SUBURBIO,JARDIM SÃO PAULO,,,COLISÃO,COLISÃO SEM VITIMAS,1,1,,,,,,,,0,,,,,,,,,,,,,,
2019-02-16,18:14:00,SEM VÍTIMA,FINALIZADA,SANTO AMARO,AV GOVERNADOR AGAMENON MAGALHAES,170,,PROX AO POSTO BR,AV GOVERNADOR AGAMENON MAGALHAES,170,PROX AO POSTO BR,SANTO AMARO,,,ABALROAMENTO LONGITUDINAL,SIENA X GOLF,2,,,,,,,,,0,,Longo da via,Bom,Não existe,Perfeito estado,Seca,Perfeito estado,Não existe,Não há placas,60 km/h,Única,Faixa seccionada,,
2019-02-16,19:38:00,COM VÍTIMA,FINALIZADA,CORDEIRO,AV INACIO MONTEIRO,280,RUA RIO CAPIBARIBE,PROX AO MERCADINHO TUDO DE BOM,AV INACIO MONTEIRO,280,PROX AO MERCADINHO TUDO DE BOM,CORDEIRO,,SUBURBIO,ABALROAMENTO TRANSVERSAL,COLISÃO ENVOLVENDO AUTO E MOTO.,1,1,,,,,,,,2,,Cruzamento,Bom,Não existe,Perfeito estado,Seca,Perfeito estado,,Não há placas,,Dupla,Faixa contínua,,
2019-02-16,20:09:00,COM VÍTIMA,FINALIZADA,CABANGA,AV SATURNINO DE BRITO,,,AO LADO DA COMPESA,AV SATURNINO DE BRITO,,AO LADO DA COMPESA,CABANGA,,SUBURBIO,COLISÃO COM CICLISTA,COLISÃO ENVOLVENDO AUTO E CICLISTA.,1,,,1,,,,,,1,,Longo da via,Bom,Sem defeito,Perfeito estado,Seca,Perfeito estado,Faixa de pedestre,Não há placas,,Única,Faixa seccionada,,
2019-02-17,00:16:00,SEM VÍTIMA,FINALIZADA,MANGABEIRA,AV NORTE,,,,AV NORTE,,,MANGABEIRA,364,SUBURBIO,ABALROAMENTO TRANSVERSAL,COLISÃO ENTRE DOIS AUTOS S/V,2,,,,,,,,,0,,Longo da via,Bom,Sem defeito,Perfeito estado,Seca,Perfeito estado,Faixa de pedestre,Não há placas,,Dupla,Canteiro central,,
2019-02-17,00:50:00,SEM VÍTIMA,FINALIZADA,MADALENA,AV CAXANGA,670,,EM FRENTE A LOJA G1 VEÍCULOS  SENTIDO CIDADE // PRÓX AO CRUZAMENTO COM A RUA JOSÉ OSÓRIO,AV CAXANGA,670,EM FRENTE A LOJA G1 VEÍCULOS  SENTIDO CIDADE // PRÓX AO CRUZAMENTO COM A RUA JOSÉ OSÓRIO,MADALENA,,CIDADE,ABALROAMENTO LONGITUDINAL,COLISÃO ENTRE DOIS AUTOS S/V,2,,,,,,,,,0,,Longo da via,Chuvoso,Não existe,Perfeito estado,Molhada,Perfeito estado,Não existe,Outras,,Única,Faixa seccionada,,
2019-02-17,03:51:00,SEM VÍTIMA,CANCELADA,IPSEP,RUA JEAN EMILE FAVRE,,,EM FRENTE A PIZZARIA DOMINNO'S,RUA JEAN EMILE FAVRE,,EM FRENTE A PIZZARIA DOMINNO'S,IPSEP,,,COLISÃO,COLISÃO ENTRE DOIS AUTOS S/V,2,,,,,,,,,0,,,,,,,,,,,,,,
2019-02-17,04:28:00,SEM VÍTIMA,FINALIZADA,BOA VIAGEM,AV BOA VIAGEM,618,,EM FRENTE AO Nº 618,AV BOA VIAGEM,618,EM FRENTE AO Nº 618,BOA VIAGEM,,CIDADE,CHOQUE VEÍCULO PARADO,COLISÃO ENTRE DOIS AUTOS S/V,2,,,,,,,,,0,,Longo da via,Bom,Não existe,Perfeito estado,Seca,Perfeito estado,,Outras,,Única,Faixa seccionada,,
2019-02-17,09:22:00,SEM VÍTIMA,CANCELADA,IBURA,RUA RIO XINGU,,AV DOIS RIOS,EM FRENTE AO POSTO BR,RUA RIO XINGU,,EM FRENTE AO POSTO BR,IBURA,,,COLISÃO,ONIBUS E DOIS AUTO,2,,,,,1,,,,0,,,,,,,,,,,,,,
2019-02-17,10:59:00,SEM VÍTIMA,FINALIZADA,SANTO AMARO,RUA DOS PALMARES,,RUA ARNOBIO MARQUES,AO LADO DO LABORATÓRIO MUNICIPAL JULIÃO,RUA DOS PALMARES,,AO LADO DO LABORATÓRIO MUNICIPAL JULIÃO,SANTO AMARO,,,ABALROAMENTO TRANSVERSAL,COLISÃO SEM VITIMAS,1,,,,,,1,,,0,,Cruzamento,Bom,Não existe,Perfeito estado,Seca,Perfeito estado,Não existe,R-6a,,Única,Faixa seccionada,,
2019-02-17,11:59:00,SEM VÍTIMA,FINALIZADA,BOA VIAGEM,RUA ERNESTO DE PAULA SANTOS,451,,,RUA ERNESTO DE PAULA SANTOS,451,,BOA VIAGEM,329,SUBURBIO,ABALROAMENTO TRANSVERSAL,COLISÃO SEM VÍTIMA,,1,,,,,,1,,0,,Cruzamento,Bom,Sem defeito,Perfeito estado,Seca,Perfeito estado,Faixa de pedestre,Outras,60 km/h,Única,Faixa contínua,Faixa seccionada,
2019-02-17,12:58:00,COM VÍTIMA,FINALIZADA,ILHA DO RETIRO,AV BEIRA RIO,302,RUA HISBELO CAMPOS,AO LADO DO CAMPO DO SPORT. AO LADO DO CONDOMÍNIO VILLA BEIRA RIO.,AV BEIRA RIO,302,AO LADO DO CAMPO DO SPORT. AO LADO DO CONDOMÍNIO VILLA BEIRA RIO.,ILHA DO RETIRO,,SUBURBIO,ABALROAMENTO LONGITUDINAL,COLISÃO ENVOLVENDO AUTO E MOTO.,1,1,,,,,,,,2,,Longo da via,Bom,Não existe,Perfeito estado,Seca,Perfeito estado,Não existe,Não há placas,,Dupla,Faixa seccionada,,
2019-02-17,13:03:00,SEM VÍTIMA,FINALIZADA,IPSEP,RUA VIRGINIA HERACLIO,446,AV GENERAL BENTO DA GAMA,,RUA VIRGINIA HERACLIO,446,,IPSEP,,SUBURBIO,ABALROAMENTO TRANSVERSAL,DOIS AUTOS,2,,,,,,,,,0,,Cruzamento,Bom,Não existe,Não existente,Seca,Perfeito estado,Não existe,Não há placas,,Única,Não existe,,
2019-02-17,13:14:00,COM VÍTIMA,FINALIZADA,DERBY,RUA AMARO BEZERRA,458,,EM FRENTE AO EMPORIO VILLA GRANNO,RUA AMARO BEZERRA,458,EM FRENTE AO EMPORIO VILLA GRANNO,DERBY,,SUBURBIO,ABALROAMENTO LONGITUDINAL,COLISÃO ENVOLVENDO AUTO E MOTO.,1,1,,,,,,,,1,,Longo da via,Bom,Não existe,Perfeito estado,Seca,Perfeito estado,Não existe,R-6a,,Única,Não existe,,
2019-02-17,14:48:00,SEM VÍTIMA,FINALIZADA,PAISSANDU,RUA DR JOAO ASFORA,285,AV FREI MATIAS TEVES,AO LADO DO EDF GRAHAM BELL,RUA DR JOAO ASFORA,285,AO LADO DO EDF GRAHAM BELL,PAISSANDU,122,CIDADE,COLISÃO TRASEIRA,DOIS AUTOS,2,,,,,,,,,0,,Longo da via,Bom,Sem defeito,Perfeito estado,Seca,Perfeito estado,Agente,R-4a,,Única,Não existe,,
2019-02-17,15:15:00,SEM VÍTIMA,FINALIZADA,NOVA DESCOBERTA,RUA CORREGO DO JOAQUIM,,,EM FRENTE AO TERMINAL DE ÔNIBUS,RUA CORREGO DO JOAQUIM,,EM FRENTE AO TERMINAL DE ÔNIBUS,NOVA DESCOBERTA,,SUBURBIO,ABALROAMENTO LONGITUDINAL,ONIBUS E AUTO,1,,,,,1,,,,0,,Longo da via,Bom,Não existe,Perfeito estado,Seca,Perfeito estado,Não existe,Não há placas,,Dupla,Não existe,,
2019-02-17,16:08:00,SEM VÍTIMA,FINALIZADA,BOA VIAGEM,RUA RIBEIRO DE BRITO,,RUA AGENOR LOPES,,RUA RIBEIRO DE BRITO,,,BOA VIAGEM,496,SUBURBIO,ABALROAMENTO TRANSVERSAL,COLISÃO SEM VÍTIMA,2,,,,,,,,,0,,Cruzamento,Bom,Sem defeito,Perfeito estado,Seca,Perfeito estado,Faixa de pedestre,Outras,,Única,Faixa seccionada,,
2019-02-17,16:56:00,SEM VÍTIMA,FINALIZADA,TORRE,RUA REAL DA TORRE,450,,LADO OPOSTO AO MERCADO PÚBLICO DA MADALENA,RUA REAL DA TORRE,450,LADO OPOSTO AO MERCADO PÚBLICO DA MADALENA,TORRE,,SUBURBIO,COLISÃO TRASEIRA,ENTRE DOIS AUTOS S/V,2,,,,,,,,,0,,Longo da via,Bom,Sem defeito,Perfeito estado,Seca,Perfeito estado,Não existe,R-6a,50 km/h,Única,,,
2019-02-17,19:08:00,SEM VÍTIMA,FINALIZADA,IBURA,LAD DA COHAB,,,CASARÃO,LAD DA COHAB,,CASARÃO,IBURA,,SUBURBIO,ABALROAMENTO LONGITUDINAL,COLISÃO SEM VITIMA,2,,,,,,,,,0,,Longo da via,Bom,Não existe,Perfeito estado,Seca,Perfeito estado,Não existe,Não há placas,30 km/h,Dupla,Faixa contínua,,
2019-02-17,19:32:00,SEM VÍTIMA,CANCELADA,CASA AMARELA,EST DO ARRAIAL,2641,RUA GOMES COUTINHO,AO LADO DO HOSPITAL AGAMENON,EST DO ARRAIAL,2641,AO LADO DO HOSPITAL AGAMENON,CASA AMARELA,,,COLISÃO,COLISÃO SEM VITIMA,1,1,,,,,,,,0,,,,,,,,,,,,,,
2019-02-17,19:57:00,SEM VÍTIMA,FINALIZADA,SANTO AMARO,RUA CAPITAO LIMA,138,RUA DA FUNDICAO,PRÓX TV JORNAL,RUA CAPITAO LIMA,138,PRÓX TV JORNAL,SANTO AMARO,,,ABALROAMENTO TRANSVERSAL,COLISÃO SEM VITIMA,2,,,,,,,,,0,,Cruzamento,Bom,Não existe,Perfeito estado,Seca,Perfeito estado,Não existe,Outras,,Dupla,Não existe,,
2019-02-17,20:14:00,COM VÍTIMA,FINALIZADA,IPUTINGA,EST DO BARBALHO,,,E/F AO DETRAN ( SINCOR - PE ) PRÓX A RECIFE PLACAS,EST DO BARBALHO,,E/F AO DETRAN ( SINCOR - PE ) PRÓX A RECIFE PLACAS,IPUTINGA,,SUBURBIO,COLISÃO FRONTAL,ENTRE AUTO E MOTO. C/V,1,,1,,,,,,,2,,Longo da via,Bom,Não existe,Perfeito estado,Seca,Perfeito estado,Não existe,Não há placas,,Dupla,Não existe,,
2019-02-17,21:03:00,SEM VÍTIMA,CANCELADA,CURADO,AV PREFEITO ANTONIO PEREIRA,,,PROX. A GARAGEM DA GUANABARA E O TIP,AV PREFEITO ANTONIO PEREIRA,,PROX. A GARAGEM DA GUANABARA E O TIP,CURADO,,,COLISÃO,COLISÃO SEM VITIMA,1,,,,,1,,,,0,,,,,,,,,,,,,,
2019-02-18,08:49:00,SEM VÍTIMA,FINALIZADA,BONGI,AV ENGENHEIRO ABDIAS DE CARVALHO,,,PRÓX AO SEMÁFORO Nº 057,AV ENGENHEIRO ABDIAS DE CARVALHO,,PRÓX AO SEMÁFORO Nº 057,BONGI,57,SUBURBIO,ABALROAMENTO LONGITUDINAL,COLISÃO SEM VITIMA,2,,,,,,,,,0,,Longo da via,Bom,Sem defeito,Perfeito estado,Seca,Perfeito estado,Agente,,,Dupla,Faixa contínua,Faixa seccionada,Canteiro central
2019-02-18,03:41:00,SEM VÍTIMA,CANCELADA,BOA VIAGEM,AV BOA VIAGEM,,,EM FRENTE O HOTEL ATLÂNTICO,AV BOA VIAGEM,,EM FRENTE O HOTEL ATLÂNTICO,BOA VIAGEM,,,COLISÃO,COLISÃO ENTRE CAMINHÃO E ÔNIBUS  SEM VÍTIMAS.,,,,,,1,1,,,0,,,,,,,,,,,,,,
2019-02-18,06:58:00,SEM VÍTIMA,FINALIZADA,SANTANA,RUA AMBROZINA CARNEIRO,82,,RUA DO COLEGIO COGNITIVO,RUA AMBROZINA CARNEIRO,82,RUA DO COLEGIO COGNITIVO,SANTANA,,CIDADE,ABALROAMENTO LONGITUDINAL,DOIS AUTOS,2,,,,,,,,,0,,Longo da via,Bom,Não existe,Perfeito estado,Seca,Perfeito estado,Não existe,Não há placas,40 km/h,Dupla,Não existe,,
2019-02-18,07:23:00,SEM VÍTIMA,FINALIZADA,BOA VISTA,RUA DOM BOSCO,1104,,POSTO BR,RUA DOM BOSCO,1104,POSTO BR,BOA VISTA,27,CIDADE,ABALROAMENTO LONGITUDINAL,DOIS AUTOS,2,,,,,,,,,0,,Longo da via,Bom,Sem defeito,Perfeito estado,Molhada,Perfeito estado,Faixa de pedestre,Placas Pare,,Única,Faixa contínua,Faixa seccionada,
2019-02-18,07:41:00,SEM VÍTIMA,FINALIZADA,SANTO AMARO,AV JOAO DE BARROS,847,,EM FRENTE A AUTO CENTER JOÃO DE BARROS,AV JOAO DE BARROS,847,EM FRENTE A AUTO CENTER JOÃO DE BARROS,SANTO AMARO,412,CIDADE,COLISÃO TRASEIRA,SEM VITIMAS,4,,,,,,,,,0,,Longo da via,Bom,Sem defeito,Perfeito estado,Seca,Perfeito estado,Outros,Outras,60 km/h,Dupla,Faixa seccionada,,
2019-02-18,08:20:00,SEM VÍTIMA,FINALIZADA,GRAÇAS,RUA DAS CREOULAS,78,,PRIMEIRA IGREJA PRESBITERIANA DO RECIFE,RUA DAS CREOULAS,78,PRIMEIRA IGREJA PRESBITERIANA DO RECIFE,GRAÇAS,,CIDADE,ABALROAMENTO LONGITUDINAL,ONIBUS E AUTO,1,,,,,1,,,,0,,Longo da via,Bom,Não existe,Perfeito estado,Seca,Perfeito estado,Não existe,R-6a,,Única,Faixa seccionada,,
2019-02-18,08:25:00,SEM VÍTIMA,FINALIZADA,DERBY,AV GOVERNADOR AGAMENON MAGALHAES,125,,APÓS O BANCO DO BRASIL,AV GOVERNADOR AGAMENON MAGALHAES,125,APÓS O BANCO DO BRASIL,DERBY,,,ABALROAMENTO LONGITUDINAL,AUTO E ONIBUS,1,,,,,1,,,,0,,Longo da via,Bom,Não existe,Perfeito estado,Seca,Perfeito estado,Não existe,Placas Pare,60 km/h,Dupla,Canal,,