data,hora,natureza_acidente,situacao,bairro,endereco,numero,detalhe_endereco_acidente,complemento,endereco_cruzamento,numero_cruzamento,referencia_cruzamento,bairro_cruzamento,num_semaforo,sentido_via,tipo,descricao,auto,moto,ciclom,ciclista,pedestre,onibus,caminhao,viatura,outros,vitimas,vitimasfatais,acidente_verificado,tempo_clima,situacao_semaforo,sinalizacao,condicao_via,conservacao_via,ponto_controle,situacao_placa,velocidade_max_via,mao_direcao,divisao_via1,divisao_via2,divisao_via3
2019-02-18,09:03:00,SEM VÍTIMA,FINALIZADA,AFOGADOS,AV SUL,,RUA NICOLAU PEREIRA,APOS A ESTAÇÃO LARGO DA PAZ  EM FRENTE A BORRACHARIA SUL,AV SUL,,APOS A ESTAÇÃO LARGO DA PAZ  EM FRENTE A BORRACHARIA SUL,AFOGADOS,,,COLISÃO TRASEIRA,DOIS AUTOS E CAMINHÃO,2,,,,,,1,,,0,,Longo da via,Bom,Não existe,Perfeito estado,Seca,Perfeito estado,Não existe,Placas Pare,60 km/h,Única,Faixa seccionada,,
2019-02-18,10:34:00,SEM VÍTIMA,FINALIZADA,ÁGUA FRIA,RUA DO MACHADO,,RUA DA REGENERACAO,AO LADO DO SEMÁFORO Nº 536,RUA DO MACHADO,,AO LADO DO SEMÁFORO Nº 536,ÁGUA FRIA,536,,CHOQUE VEÍCULO PARADO,SEMVITIMAS,,,,,,,2,,,0,,Longo da via,Bom,Sem defeito,Perfeito estado,Seca,Perfeito estado,Agente,,,Dupla,Não existe,,
2019-02-18,10:52:00,SEM VÍTIMA,CANCELADA,ILHA DO LEITE,RUA GENERAL JOAQUIM INACIO,400,RUA MARQUES AMORIM,EM FRENTE AO INSTITUTO PERNAMBUCANO DO SONO,RUA GENERAL JOAQUIM INACIO,400,EM FRENTE AO INSTITUTO PERNAMBUCANO DO SONO,ILHA DO LEITE,,,COLISÃO,SEM VITIMAS,2,,,,,,,,,0,,,,,,,,,,,,,,
2019-02-18,10:58:00,SEM VÍTIMA,FINALIZADA,SANTO AMARO,AV CRUZ CABUGA,,,EM FRENTE A APAC,AV CRUZ CABUGA,,EM FRENTE A APAC,SANTO AMARO,,CIDADE,COLISÃO TRASEIRA,DOIS AUTOS,1,,,,,,,1,,0,,Longo da via,Bom,Sem defeito,Perfeito estado,Seca,Perfeito estado,Não existe,Não há placas,,Dupla,Faixa contínua,,
2019-02-18,11:55:00,SEM VÍTIMA,FINALIZADA,CORDEIRO,AV CAXANGA,1562,,,AV CAXANGA,1562,,CORDEIRO,,SUBURBIO,ABALROAMENTO LONGITUDINAL,COLISÃO SEM VITIMAS,,,,,,1,1,,,0,,Longo da via,Bom,Sem defeito,Perfeito estado,Seca,Perfeito estado,Não existe,R-6a,,Dupla,Faixa seccionada,,
2019-02-18,12:02:00,SEM VÍTIMA,PENDENTE,AREIAS,AV DR JOSE RUFINO,1516,,AO LADO DO ARMAZÉM CORAL E O BODE DO NÔ,AV DR JOSE RUFINO,1516,AO LADO DO ARMAZÉM CORAL E O BODE DO NÔ,AREIAS,,,COLISÃO,,2,,,,,,,,,0,,,,,,,,,,,,,,
2019-02-18,13:02:00,SEM VÍTIMA,FINALIZADA,CASA AMARELA,RUA DR TOME DIAS,5,,,RUA DR TOME DIAS,5,,CASA AMARELA,,SUBURBIO,ABALROAMENTO LONGITUDINAL,COLISÃO SEM VÍTIMA,1,,,,,,,,1,0,,Longo da via,Bom,Não existe,Perfeito estado,Seca,Perfeito estado,Não existe,Não há placas,40 km/h,Dupla,Não existe,,
2019-02-18,13:15:00,SEM VÍTIMA,FINALIZADA,VASCO DA GAMA,RUA RESPLENDOR,2022,RUA NOVA,PRÓX AO CONFIANÇA SPORT CLUB,RUA RESPLENDOR,2022,PRÓX AO CONFIANÇA SPORT CLUB,VASCO DA GAMA,,SUBURBIO,CHOQUE OBJETO FIXO,O VEICULO BATEU CONTRA O PORTÃO DA RECIDÊNCIA,,,,,,,,,1,0,,,Bom,Não existe,Não existente,Seca,Perfeito estado,Não existe,Não há placas,,Dupla,Não existe,,
2019-02-18,13:33:00,SEM VÍTIMA,FINALIZADA,CAMPO GRANDE,RUA ODORICO MENDES,165,RUA VISCONDE DE CAIRU,BRASIL FAROIS,RUA ODORICO MENDES,165,BRASIL FAROIS,CAMPO GRANDE,,SUBURBIO,ABALROAMENTO TRANSVERSAL,COLISÃO SEM VÍTIMA,3,,,,,,,,,0,,Longo da via,Bom,Não existe,Perfeito estado,Seca,Perfeito estado,Faixa de retenção,Placas Pare,,Dupla,Faixa seccionada,,
2019-02-18,13:35:00,SEM VÍTIMA,FINALIZADA,CORDEIRO,AV ENGENHEIRO ABDIAS DE CARVALHO,1668,,EM FRENTE AO YOKI GALETOS,AV ENGENHEIRO ABDIAS DE CARVALHO,1668,EM FRENTE AO YOKI GALETOS,CORDEIRO,375,SUBURBIO,COLISÃO TRASEIRA,ENTRE AUTOS S/V,2,,,,,,,,,0,,Longo da via,Bom,Sem defeito,Perfeito estado,Seca,Perfeito estado,Faixa de pedestre,,,Dupla,Faixa seccionada,Canteiro central,
2019-02-18,14:09:00,SEM VÍTIMA,FINALIZADA,CURADO,RUA CORONEL FERNANDO MACHADO,445,,,RUA CORONEL FERNANDO MACHADO,445,,CURADO,,,CHOQUE VEÍCULO PARADO,S/V,,,,,,,2,,2,0,,Longo da via,Bom,Não existe,Não existente,Seca,Mal conservada,Não existe,Não há placas,,Dupla,Não existe,,
2019-02-18,14:13:00,COM VÍTIMA,FINALIZADA,IMBIRIBEIRA,AV MARECHAL MASCARENHAS DE MORAES,,,EM FRENTE A TEND TUDO,AV MARECHAL MASCARENHAS DE MORAES,,EM FRENTE A TEND TUDO,IMBIRIBEIRA,,CIDADE,ABALROAMENTO LONGITUDINAL,COLISÃO COM VITIMA/ O SAMU REMOVEU A VITIMA,1,1,,,,,,,,1,,Longo da via,Bom,Sem defeito,Perfeito estado,Seca,Perfeito estado,Faixa de pedestre,R-6a,60 km/h,Única,Faixa,Canteiro central,
2019-02-18,14:50:00,SEM VÍTIMA,FINALIZADA,IMBIRIBEIRA,AV MARECHAL MASCARENHAS DE MORAES,3905,,EM FRENTE A TEND TUDO,AV MARECHAL MASCARENHAS DE MORAES,3905,EM FRENTE A TEND TUDO,IMBIRIBEIRA,,CIDADE,CHOQUE VEÍCULO PARADO,,,1,,,,,1,,,0,,Longo da via,Bom,Não existe,Perfeito estado,Seca,Perfeito estado,,R-6a,,Única,Faixa seccionada,,
2019-02-18,16:14:00,SEM VÍTIMA,FINALIZADA,CASA AMARELA,AV NORTE,,RUA DA MANGABEIRA,,AV NORTE,,,CASA AMARELA,96,SUBURBIO,COLISÃO TRASEIRA,ÔNIBUS X AUTO S/V,1,,,,,1,,,,0,,Cruzamento,Bom,Sem defeito,Perfeito estado,Seca,Perfeito estado,Faixa de pedestre,R-6a,,Dupla,Canteiro central,,
2019-02-18,16:27:00,SEM VÍTIMA,FINALIZADA,TORRÕES,AV ENGENHEIRO ABDIAS DE CARVALHO,,,EM FRENTE AO MARTELINHO DE OURO,AV ENGENHEIRO ABDIAS DE CARVALHO,,EM FRENTE AO MARTELINHO DE OURO,TORRÕES,271,SUBURBIO,COLISÃO TRASEIRA,COLISÃO SEM VÍTIMAS,1,,,,,1,1,,,0,,Longo da via,Bom,Sem defeito,Perfeito estado,Seca,Perfeito estado,Faixa de pedestre,Outras,,Dupla,Canteiro central,,
2019-02-18,17:19:00,SEM VÍTIMA,FINALIZADA,DERBY,RUA HENRIQUE DIAS,609,,FUNDAÇÃO JOAQUIM NAMBUCO,RUA HENRIQUE DIAS,609,FUNDAÇÃO JOAQUIM NAMBUCO,DERBY,,,ABALROAMENTO TRANSVERSAL,COLISÃO SEM VÍTIMAS,2,,,,,,,,,0,,,Chuvoso,Não existe,Perfeito estado,Molhada,Perfeito estado,Não existe,Não há placas,,Única,Não existe,,
2019-02-18,18:06:00,SEM VÍTIMA,FINALIZADA,SANTO AMARO,AV GOVERNADOR AGAMENON MAGALHAES,,,SOB O VIADUTO DA AV. NORTE,AV GOVERNADOR AGAMENON MAGALHAES,,SOB O VIADUTO DA AV. NORTE,SANTO AMARO,,SUBURBIO,COLISÃO TRASEIRA,SEM VITIMAS,4,,,,,,,,,0,,Longo da via,Bom,Não existe,Perfeito estado,Seca,Perfeito estado,Não existe,Outras,60 km/h,Dupla,Canteiro central,,
2019-02-18,18:28:00,SEM VÍTIMA,FINALIZADA,AREIAS,AV RECIFE,,,WALMART,AV RECIFE,,WALMART,AREIAS,,,COLISÃO TRASEIRA,COLISÃO SEM VÍTIMAS,3,,,,,,,,,0,,Longo da via,Bom,Sem defeito,Perfeito estado,Seca,Perfeito estado,Outros,R-6a,60 km/h,Dupla,Canteiro central,,
2019-02-18,18:31:00,SEM VÍTIMA,CANCELADA,IPSEP,RUA JEAN EMILE FAVRE,539,,ENF A FACULDADE DE BOA VIAGEM E O BERÇARIO INFANTIL UNI,RUA JEAN EMILE FAVRE,539,ENF A FACULDADE DE BOA VIAGEM E O BERÇARIO INFANTIL UNI,IPSEP,,,COLISÃO,CORSA X FORD K,2,,,,,,,,,0,,,,,,,,,,,,,,
2019-02-18,18:41:00,SEM VÍTIMA,FINALIZADA,IMBIRIBEIRA,AV MARECHAL MASCARENHAS DE MORAES,,,EM FRENTE AO DER,AV MARECHAL MASCARENHAS DE MORAES,,EM FRENTE AO DER,IMBIRIBEIRA,,,ABALROAMENTO LONGITUDINAL,GOL / O0NIBUS / CAMINHAO,1,,,,,1,1,,,0,,Longo da via,Bom,Não existe,Incompleta,Seca,Perfeito estado,Não existe,Outras,,Dupla,Faixa seccionada,Canteiro central,
2019-02-18,19:00:00,SEM VÍTIMA,CANCELADA,IMBIRIBEIRA,AV MARECHAL MASCARENHAS DE MORAES,4204,RUA ARTHUR LOPES,ENF A AVANTIA SENTIDO OPOSTO DA UPA,AV MARECHAL MASCARENHAS DE MORAES,4204,ENF A AVANTIA SENTIDO OPOSTO DA UPA,IMBIRIBEIRA,,SUBURBIO,COLISÃO,GOL X PRISMA,2,,,,,,,,,0,,,,,,,,,,,,,,
2019-02-18,19:08:00,SEM VÍTIMA,FINALIZADA,AREIAS,AV DR JOSE RUFINO,,,ENF AO SENAI,AV DR JOSE RUFINO,,ENF AO SENAI,AREIAS,,CIDADE,ABALROAMENTO TRANSVERSAL,ONIX X MOTO,1,1,,,,,,,,0,,Longo da via,Bom,Não existe,Perfeito estado,Seca,Perfeito estado,,R-6a,50 km/h,Dupla,Faixa contínua,,
2019-02-18,19:42:00,SEM VÍTIMA,FINALIZADA,IBURA,AV DOIS RIOS,,,,AV DOIS RIOS,,,IBURA,594,SUBURBIO,ABALROAMENTO LONGITUDINAL,COLISÃO SEM VÍTIMAS,1,,,,,,1,,,0,,Longo da via,Bom,Sem defeito,Perfeito estado,Seca,Mal iluminada,Faixa de pedestre,,,Dupla,Faixa contínua,,
2019-02-18,21:43:00,SEM VÍTIMA,FINALIZADA,JAQUEIRA,AV CONS ROSA E SILVA,1460,,ETC EXECUTIVE TRADE CENTER,AV CONS ROSA E SILVA,1460,ETC EXECUTIVE TRADE CENTER,JAQUEIRA,,SUBURBIO,ABALROAMENTO LONGITUDINAL,ONIBUS PEDROSA X ONIX,1,,,,,,,,,0,,Longo da via,Bom,Não existe,Perfeito estado,Seca,Perfeito estado,Não existe,Não há placas,,Única,Faixa seccionada,,
2019-02-18,22:35:00,SEM VÍTIMA,FINALIZADA,CAXANGÁ,RUA RODRIGUES FERREIRA,45,,ENF AO RESIDENCIAL JARDIM CAXANGA,RUA RODRIGUES FERREIRA,45,ENF AO RESIDENCIAL JARDIM CAXANGA,CAXANGÁ,,CIDADE,ABALROAMENTO LONGITUDINAL,SANDERO X PRISMA,2,,,,,,,,,0,,Longo da via,Bom,,,Seca,Perfeito estado,Faixa de pedestre,Outras,,Única,Faixa contínua,,
2019-02-19,07:03:00,COM VÍTIMA,FINALIZADA,CORDEIRO,RUA DR MIGUEL VIEIRA FERREIRA,210,RUA PRUDENTOPOLIS,ANTES DO COLEGIO GERAÇAO,RUA DR MIGUEL VIEIRA FERREIRA,210,ANTES DO COLEGIO GERAÇAO,CORDEIRO,,SUBURBIO,ABALROAMENTO TRANSVERSAL,COLISÃO ENVOLVENDO AUTO E MOTO.,1,1,,,,,,,,2,,Cruzamento,Bom,Não existe,Perfeito estado,Seca,Perfeito estado,Outros,Outras,,Dupla,Não existe,,
2019-02-19,07:05:00,COM VÍTIMA,FINALIZADA,IPUTINGA,RUA MAURICIO DE NASSAU,193,,PROX. AO SUPERMERCADO RENDE MAIS  APOS A LOMBADA ELETRONICA,RUA MAURICIO DE NASSAU,193,PROX. AO SUPERMERCADO RENDE MAIS  APOS A LOMBADA ELETRONICA,IPUTINGA,,CIDADE,COLISÃO COM CICLISTA,COLISÃO ENVOLVENDO AUTO E CICLISTA.,1,,,1,,,,,,1,,Longo da via,Bom,Não existe,Perfeito estado,Seca,Perfeito estado,Não existe,Não há placas,,Dupla,Faixa contínua,,
2019-02-19,07:41:00,SEM VÍTIMA,FINALIZADA,ENCRUZILHADA,AV JOAO DE BARROS,1800,,,AV JOAO DE BARROS,1800,,ENCRUZILHADA,,CIDADE,ABALROAMENTO LONGITUDINAL,AUTO E ONIBUS,1,,,,,1,,,,0,,Longo da via,Bom,Não existe,Perfeito estado,Seca,Perfeito estado,Não existe,R-6a,,Única,Faixa seccionada,,
2019-02-19,07:50:00,SEM VÍTIMA,CANCELADA,TORRÕES,AV ENGENHEIRO ABDIAS DE CARVALHO,,,EM FRENTE A UPA,AV ENGENHEIRO ABDIAS DE CARVALHO,,EM FRENTE A UPA,TORRÕES,,,COLISÃO,CAMINHAO E AUTO,1,,,,,,1,,,0,,,,,,,,,,,,,,
2019-02-19,07:52:00,SEM VÍTIMA,FINALIZADA,BOA VISTA,RUA JOAO LIRA,143,,PROX. AO TREZE DE MAIO  EM FRENTE A EDF. MARAJO,RUA JOAO LIRA,143,PROX. AO TREZE DE MAIO  EM FRENTE A EDF. MARAJO,BOA VISTA,,,COLISÃO,VEICULO OFICIAL E AUTO,2,,,,,,,,,0,,,,,,,,,,,,,,
2019-02-19,08:21:00,SEM VÍTIMA,FINALIZADA,IMBIRIBEIRA,AV MARECHAL MASCARENHAS DE MORAES,,,EM FRENTE A DA FONTE NÁUTICA,AV MARECHAL MASCARENHAS DE MORAES,,EM FRENTE A DA FONTE NÁUTICA,IMBIRIBEIRA,310,CIDADE,COLISÃO TRASEIRA,DOIS AUTOS,2,,,,,,,,,0,,Longo da via,Bom,Sem defeito,Perfeito estado,Seca,Perfeito estado,Faixa de retenção,Não há placas,60 km/h,Dupla,Canteiro central,,
2019-02-19,09:07:00,COM VÍTIMA,FINALIZADA,IMBIRIBEIRA,RUA JOAQUIM BANDEIRA,492,,EM FRENTE A ANATEL,RUA JOAQUIM BANDEIRA,492,EM FRENTE A ANATEL,IMBIRIBEIRA,,SUBURBIO,ATROPELAMENTO,VITIMA SOCORRIDA PELO SAMU,1,,,,1,,,,,1,,,,,,,,,,,,,,
2019-02-19,10:21:00,SEM VÍTIMA,FINALIZADA,POÇO DA PANELA,RUA ENGENHEIRO BANDEIRA DE MELO,175,,,RUA ENGENHEIRO BANDEIRA DE MELO,175,,POÇO DA PANELA,,CIDADE,ABALROAMENTO LONGITUDINAL,DOIS AUTOS,2,,,,,,,,,0,,Longo da via,Bom,Não existe,Perfeito estado,Seca,Perfeito estado,Não existe,Não há placas,30 km/h,Dupla,Não existe,,
2019-02-19,11:10:00,SEM VÍTIMA,FINALIZADA,ILHA DO LEITE,RUA MINAS GERAIS,,PRC DR FERNANDO FIGUEIRA,PRÓXIMO A PRAÇA,RUA MINAS GERAIS,,PRÓXIMO A PRAÇA,ILHA DO LEITE,,,ABALROAMENTO TRANSVERSAL,DOIS AUTOS,2,,,,,,,,,0,,Cruzamento,Bom,Não existe,,Seca,Mal conservada,Não existe,R-6a,,Dupla,Não existe,,
2019-02-19,11:21:00,SEM VÍTIMA,DUPLICIDADE,ILHA DO LEITE,RUA MARQUES AMORIM,620,,EM FRENTE AO EMPRESARIAL CERVANTES,RUA MARQUES AMORIM,620,EM FRENTE AO EMPRESARIAL CERVANTES,ILHA DO LEITE,,,COLISÃO,DOIS AUTOS,2,,,,,,,,,0,,,,,,,,,,,,,,
2019-02-19,12:07:00,SEM VÍTIMA,FINALIZADA,IMBIRIBEIRA,RUA MURITIBA,,,AO LADO DAS CASAS BAHIA,RUA MURITIBA,,AO LADO DAS CASAS BAHIA,IMBIRIBEIRA,385,SUBURBIO,ABALROAMENTO LONGITUDINAL,COLISÃO SEM VÍTIMA,2,,,,,,,,,0,,Longo da via,Bom,,Perfeito estado,Seca,Perfeito estado,Não existe,Outras,,Única,Não existe,,
2019-02-19,12:14:00,SEM VÍTIMA,FINALIZADA,IMBIRIBEIRA,RUA ITACARE,302,RUA CACHOEIRA,,RUA ITACARE,302,,IMBIRIBEIRA,,,ABALROAMENTO LONGITUDINAL,CAMINHÃO X MOTO S/V,,1,,,,,1,,,0,,Cruzamento,Bom,Não existe,Perfeito estado,Seca,Perfeito estado,Faixa de retenção,Não há placas,,Dupla,Não existe,,
2019-02-19,12:24:00,SEM VÍTIMA,FINALIZADA,BOA VIAGEM,RUA RIBEIRO DE BRITO,,AV CONSELHEIRO AGUIAR,,RUA RIBEIRO DE BRITO,,,BOA VIAGEM,147,SUBURBIO,COLISÃO TRASEIRA,S/V,1,,,,,,,1,,0,,Cruzamento,Bom,Sem defeito,Perfeito estado,Seca,Perfeito estado,Faixa de pedestre,R-6a,50 km/h,Única,,,
2019-02-19,13:38:00,COM VÍTIMA,FINALIZADA,IMBIRIBEIRA,RUA JOAQUIM BANDEIRA,,,SOB A ESTAÇÃO ANTÔNIO FALCÃO.,RUA JOAQUIM BANDEIRA,,SOB A ESTAÇÃO ANTÔNIO FALCÃO.,IMBIRIBEIRA,,CIDADE,COLISÃO COM CICLISTA,COLISÃO ENVOLVENDO AUTO E CICLISTA.,1,,,1,,,,,,1,,Longo da via,,Não existe,Perfeito estado,,Perfeito estado,Não existe,Não há placas,,Única,Faixa,,
2019-02-19,13:43:00,SEM VÍTIMA,FINALIZADA,BOA VIAGEM,RUA VISCONDE DE JEQUITINHONHA,,RUA BARAO DE SOUZA LEAO,EM FRENTE AO HOSPITAL NOSSA SENHORA DAS GRAÇAS,RUA VISCONDE DE JEQUITINHONHA,,EM FRENTE AO HOSPITAL NOSSA SENHORA DAS GRAÇAS,BOA VIAGEM,129,,COLISÃO,COLISÃO SEM VÍTIMA,2,,,,,,,,,0,,,,,,,,,,,,,,
2019-02-19,13:52:00,SEM VÍTIMA,FINALIZADA,PRADO,RUA GOMES TABORDA,566,,OFICINA TOP BIKES,RUA GOMES TABORDA,566,OFICINA TOP BIKES,PRADO,,SUBURBIO,COLISÃO TRASEIRA,COLISÃO SEM VÍTIMA,2,,,,,,,,,0,,Longo da via,Bom,Sem defeito,Perfeito estado,Seca,Perfeito estado,Faixa de pedestre,Não há placas,,Dupla,Faixa seccionada,,
2019-02-19,14:13:00,SEM VÍTIMA,FINALIZADA,JORDÃO,AV GOVERNADOR ROBERTO SILVEIRA,,RUA DES EVANDRO NETTO,,AV GOVERNADOR ROBERTO SILVEIRA,,,JORDÃO,,,ABALROAMENTO TRANSVERSAL,CARRETA X AUTO S/V,1,,,,,,1,,,0,,Cruzamento,Bom,Não existe,Perfeito estado,Seca,Perfeito estado,,Não há placas,40 km/h,,,,
2019-02-19,14:47:00,SEM VÍTIMA,FINALIZADA,ENCRUZILHADA,RUA DR EDUARDO WANDERLEY,72,RUA LUIZ DE CAMOES,,RUA DR EDUARDO WANDERLEY,72,,ENCRUZILHADA,,SUBURBIO,COLISÃO TRASEIRA,ENTRE DOIS AUTOS S/V,2,,,,,,,,,0,,Cruzamento,Bom,Não existe,Não existente,Seca,Perfeito estado,Não existe,Não há placas,,Dupla,Faixa seccionada,,
2019-02-19,15:09:00,COM VÍTIMA,FINALIZADA,TAMARINEIRA,EST VELHA DE AGUA FRIA,908,AV PROFESSOR JOSE DOS ANJOS,NA ESQUINA DO DNOCS  EM FRENTE AO RESIDENCIAL VITA.,EST VELHA DE AGUA FRIA,908,NA ESQUINA DO DNOCS  EM FRENTE AO RESIDENCIAL VITA.,TAMARINEIRA,306,SUBURBIO,COLISÃO TRASEIRA,COLISÃO ENVOLVENDO AUTO E MOTO.,1,1,,,,,,,,1,,Longo da via,Bom,Sem defeito,Perfeito estado,Seca,Perfeito estado,Faixa de pedestre,Não há placas,40 km/h,Dupla,Faixa contínua,,
2019-02-19,15:11:00,SEM VÍTIMA,FINALIZADA,AFOGADOS,AV SUL,2282,,EM FRENTE A ESTAÇÃO LARGO DA PAZ,AV SUL,2282,EM FRENTE A ESTAÇÃO LARGO DA PAZ,AFOGADOS,,CIDADE,ABALROAMENTO TRANSVERSAL,COLISÃO SEM VÍTIMA,2,,,,,,,,,0,,Longo da via,Bom,Não existe,Não existente,Seca,Perfeito estado,Não existe,Não há placas,,Única,Faixa seccionada,,
2019-02-19,15:43:00,SEM VÍTIMA,FINALIZADA,CORDEIRO,RUA TOMAZ GONZAGA,129,,ACADEMIA CORPORIS/ IGREJA DOS MORMONS,RUA TOMAZ GONZAGA,129,ACADEMIA CORPORIS/ IGREJA DOS MORMONS,CORDEIRO,,,COLISÃO,DUAS MOTOCICLETAS,,2,,,,,,,,0,,,,,,,,,,,,,,
2019-02-19,15:53:00,SEM VÍTIMA,FINALIZADA,BOA VISTA,RUA DA AURORA,,RUA CLUBE NAUTICO CAPIBARIBE,POSTE B 019786,RUA DA AURORA,,POSTE B 019786,BOA VISTA,,CIDADE,COLISÃO TRASEIRA,AUTO X MOTO S/V,1,1,,,,,,,,0,,,Bom,Não existe,Perfeito estado,Seca,Perfeito estado,Faixa de retenção,,,Única,Faixa seccionada,,
2019-02-19,16:16:00,SEM VÍTIMA,FINALIZADA,PINA,PTE GOVERNADOR PAULO GUERRA,,,SHOPP RIO MAR,PTE GOVERNADOR PAULO GUERRA,,SHOPP RIO MAR,PINA,,SUBURBIO,ABALROAMENTO LONGITUDINAL,ENTRE AUTO E CAMINHAO S/V,1,,,,,,1,,,0,,Ponte,Bom,Não existe,Perfeito estado,Seca,Perfeito estado,Não existe,Não há placas,,Única,Faixa contínua,,
2019-02-19,17:06:00,SEM VÍTIMA,FINALIZADA,TORRE,RUA JOSE BONIFACIO,,RUA PADRE ANCHIETA,,RUA JOSE BONIFACIO,,,TORRE,193,SUBURBIO,ABALROAMENTO TRANSVERSAL,AUTO E MOTO S/V,1,1,,,,,,,,0,,Longo da via,Bom,Sem defeito,Perfeito estado,Seca,Perfeito estado,Não existe,Outras,,,Faixa seccionada,,
2019-02-19,17:28:00,SEM VÍTIMA,FINALIZADA,TAMARINEIRA,AV PROFESSOR JOSE DOS ANJOS,,,EM FRENTE AO POSTO BR,AV PROFESSOR JOSE DOS ANJOS,,EM FRENTE AO POSTO BR,TAMARINEIRA,364,CIDADE,ABALROAMENTO LONGITUDINAL,COLISAO ENVOLVENDO DOIS AUTOS,2,,,,,,,,,0,,Longo da via,Bom,Sem defeito,Perfeito estado,Seca,Perfeito estado,Faixa de pedestre,Não há placas,,Dupla,Canal,,
2019-02-19,18:34:00,SEM VÍTIMA,FINALIZADA,ESTÂNCIA,RUA NOSSA SENHORA DE FATIMA,,AV RECIFE,,RUA NOSSA SENHORA DE FATIMA,,,ESTÂNCIA,261,SUBURBIO,ABALROAMENTO LONGITUDINAL,ONIBUS METROPOLITANA X CAMINHAO,,,,,,1,1,,,0,,Cruzamento,Bom,Sem defeito,Ilegível,Seca,Perfeito estado,,Outras,40 km/h,Única,Não existe,,
2019-02-19,18:37:00,COM VÍTIMA,FINALIZADA,SANTO AMARO,AV CRUZ CABUGA,,,EM FRENTE AO HOSPITAL DA MARINHA  CEMITERIO DOS INGLESES E DER.,AV CRUZ CABUGA,,EM FRENTE AO HOSPITAL DA MARINHA  CEMITERIO DOS INGLESES E DER.,SANTO AMARO,,CIDADE,COLISÃO COM CICLISTA,COLISÃO ENVOLVENDO ÔNIBUS E CICLISTA.,,,,1,,1,,,,1,,Longo da via,Bom,Não existe,Perfeito estado,Seca,Perfeito estado,Não existe,Outras,60 km/h,Dupla,Faixa seccionada,,
2019-02-19,19:15:00,SEM VÍTIMA,FINALIZADA,BOA VIAGEM,AV BOA VIAGEM,,,ENF A PADARIA DE BOA VIAGEM,AV BOA VIAGEM,,ENF A PADARIA DE BOA VIAGEM,BOA VIAGEM,548,CIDADE,ABALROAMENTO LONGITUDINAL,SIENA X GOL,2,,,,,,,,,0,,Longo da via,Bom,Sem defeito,Perfeito estado,Seca,Perfeito estado,Faixa de pedestre,Não há placas,,Única,Faixa seccionada,,
2019-02-19,21:18:00,SEM VÍTIMA,FINALIZADA,BOA VIAGEM,RUA RIBEIRO DE BRITO,,RUA AMALIA BERNARDINO DE SOUZA,,RUA RIBEIRO DE BRITO,,,BOA VIAGEM,,SUBURBIO,ABALROAMENTO TRANSVERSAL,COLISÃO SEM VITIMA,2,,,,,,,,,0,,Cruzamento,Bom,Não existe,Perfeito estado,Seca,Perfeito estado,Não existe,Não há placas,,Única,Faixa seccionada,,
2019-02-19,21:41:00,SEM VÍTIMA,FINALIZADA,VÁRZEA,AV AFONSO OLINDENSE,1716,,EMPRESA Nº 1716,AV AFONSO OLINDENSE,1716,EMPRESA Nº 1716,VÁRZEA,,SUBURBIO,ABALROAMENTO LONGITUDINAL,COLISÃO SEM VITIMA,1,,,,,1,,,,0,,Longo da via,Bom,Não existe,Perfeito estado,Seca,Perfeito estado,Outros,Outras,40 km/h,Dupla,Faixa contínua,,
2019-02-19,23:53:00,SEM VÍTIMA,FINALIZADA,BOA VIAGEM,AV BOA VIAGEM,,RUA BALTAZAR PASSOS,SEMÁFORO 149,AV BOA VIAGEM,,SEMÁFORO 149,BOA VIAGEM,149,CIDADE,ABALROAMENTO TRANSVERSAL,COLISÃO SEM VÍTIMA,2,,,,,,,,,0,,Cruzamento,Bom,Sem defeito,Perfeito estado,Seca,Perfeito estado,Faixa de pedestre,Não há placas,,Única,Faixa seccionada,,
2019-02-20,00:34:00,SEM VÍTIMA,FINALIZADA,IMBIRIBEIRA,VIADUTO TANCREDO NEVES,,,,VIADUTO TANCREDO NEVES,,,IMBIRIBEIRA,,SUBURBIO,ABALROAMENTO LONGITUDINAL,COLISÃO ENTRE DOIS AUTOS S/V,2,,,,,,,,,0,,Longo da via,Bom,Não existe,Perfeito estado,Seca,Perfeito estado,Não existe,Não há placas,60 km/h,Dupla,Faixa seccionada,,
2019-02-20,07:43:00,SEM VÍTIMA,FINALIZADA,IPSEP,AV RECIFE,3592,,,AV RECIFE,3592,,IPSEP,,CIDADE,COLISÃO TRASEIRA,COLISÃO SEM VITIMAS,2,,,,,,,,,0,,Longo da via,Bom,Não existe,Perfeito estado,Seca,Perfeito estado,Não existe,Não há placas,60 km/h,Dupla,Canteiro central,,
2019-02-20,07:48:00,SEM VÍTIMA,FINALIZADA,VÁRZEA,RUA SAO FRANCISCO DE PAULA,23,AV CAXANGA,EM FRENTE AO POSTO SHELL,RUA SAO FRANCISCO DE PAULA,23,EM FRENTE AO POSTO SHELL,VÁRZEA,568,SUBURBIO,COLISÃO TRASEIRA,SEM VITIMAS,2,,,,,,,,,0,,,Bom,Sem defeito,Perfeito estado,Seca,Perfeito estado,Agente,,,Dupla,Faixa seccionada,Canteiro central,