data,hora,natureza_acidente,situacao,bairro,endereco,numero,detalhe_endereco_acidente,complemento,endereco_cruzamento,numero_cruzamento,referencia_cruzamento,bairro_cruzamento,num_semaforo,sentido_via,tipo,descricao,auto,moto,ciclom,ciclista,pedestre,onibus,caminhao,viatura,outros,vitimas,vitimasfatais,acidente_verificado,tempo_clima,situacao_semaforo,sinalizacao,condicao_via,conservacao_via,ponto_controle,situacao_placa,velocidade_max_via,mao_direcao,divisao_via1,divisao_via2,divisao_via3
2019-02-20,08:08:00,SEM VÍTIMA,FINALIZADA,SANTO AMARO,AV GOVERNADOR AGAMENON MAGALHAES,1800,,PISTA PRINCIPAL OPOSTO AO Nº 1800,AV GOVERNADOR AGAMENON MAGALHAES,1800,PISTA PRINCIPAL OPOSTO AO Nº 1800,SANTO AMARO,,SUBURBIO,ABALROAMENTO LONGITUDINAL,AUTO E MOTO,1,1,,,,,,,,0,,Longo da via,Bom,Sem defeito,Perfeito estado,Seca,Perfeito estado,Não existe,Outras,60 km/h,Dupla,Faixa seccionada,,
2019-02-20,08:26:00,COM VÍTIMA,FINALIZADA,IPSEP,AV RECIFE,3096,AV PRESIDENTE KENNEDY,LADO OPOSTO AO SUPERMERCADO ECONOMICO,AV RECIFE,3096,LADO OPOSTO AO SUPERMERCADO ECONOMICO,IPSEP,212,CIDADE,COLISÃO TRASEIRA,COLISÃO ENVOLVENDO AUTO E MOTO.,1,1,,,,,,,,1,,Longo da via,Bom,Sem defeito,Perfeito estado,Seca,Mal conservada,Outros,Outras,60 km/h,Dupla,Canteiro central,,
2019-02-20,08:36:00,SEM VÍTIMA,FINALIZADA,CORDEIRO,AV GENERAL SAN MARTIN,,AV ENGENHEIRO ABDIAS DE CARVALHO,SOB O SEMÁFORO 058,AV GENERAL SAN MARTIN,,SOB O SEMÁFORO 058,CORDEIRO,58,,ABALROAMENTO LONGITUDINAL,COLISÃO SEM VITIMAS,2,,,,,,,,,0,,Cruzamento,Bom,Sem defeito,Perfeito estado,Seca,Perfeito estado,Faixa de pedestre,R-6a,,Dupla,Faixa contínua,,
2019-02-20,08:59:00,SEM VÍTIMA,FINALIZADA,MADALENA,RUA REAL DA TORRE,,RUA MANUEL BEZERRA,,RUA REAL DA TORRE,,,MADALENA,237,CIDADE,ABALROAMENTO LONGITUDINAL,SEM VITIMAS,2,,,,,,,,,0,,Longo da via,Bom,Sem defeito,Perfeito estado,Seca,Perfeito estado,Agente,Não há placas,40 km/h,Única,Faixa seccionada,,
2019-02-20,09:02:00,SEM VÍTIMA,FINALIZADA,ARRUDA,RUA DAS MOCAS,217,,EM FRENTE AO Nº 217,RUA DAS MOCAS,217,EM FRENTE AO Nº 217,ARRUDA,,SUBURBIO,ABALROAMENTO TRANSVERSAL,COLISÃO SEM VITIMAS,1,1,,,,,,,,0,,Longo da via,Bom,Não existe,Não existente,Seca,Perfeito estado,Não existe,Não há placas,,Dupla,Faixa seccionada,,
2019-02-20,09:10:00,SEM VÍTIMA,FINALIZADA,PINA,AV HERCULANO BANDEIRA,252,,EM FRENTE A BARRACA DO VEIO,AV HERCULANO BANDEIRA,252,EM FRENTE A BARRACA DO VEIO,PINA,,SUBURBIO,COLISÃO TRASEIRA,SEM VITIMAS AGENTES SILVA FILHO /FONTENELE PONTO FIXO VÃO FAZER B.O,3,,,,,,,,,0,,Longo da via,Bom,Sem defeito,Perfeito estado,Seca,Perfeito estado,Agente,Não há placas,60 km/h,Única,Não existe,,
2019-02-20,09:12:00,SEM VÍTIMA,CANCELADA,PAISSANDU,RUA PACIFICO DOS SANTOS,85,,EM FRENTE AO CENTRO ADMINISTRATIVO DO HOSPITAL HAPVIDA,RUA PACIFICO DOS SANTOS,85,EM FRENTE AO CENTRO ADMINISTRATIVO DO HOSPITAL HAPVIDA,PAISSANDU,,,COLISÃO,COLISÃO SEM VITIMAS,2,,,,,,,,,0,,,,,,,,,,,,,,
2019-02-20,09:49:00,SEM VÍTIMA,FINALIZADA,PAISSANDU,RUA PAISSANDU,,,EM FRENTE AO HOSPITAL SÃO MARCOS,RUA PAISSANDU,,EM FRENTE AO HOSPITAL SÃO MARCOS,PAISSANDU,,,COLISÃO TRASEIRA,SEM VITIMAS,2,,,,,,,,,0,,Longo da via,Bom,Não existe,Perfeito estado,Seca,Perfeito estado,Não existe,Não há placas,60 km/h,Dupla,Canteiro central,,
2019-02-20,09:36:00,SEM VÍTIMA,FINALIZADA,SÃO JOSÉ,RUA DO PEIXOTO,161,,PROX. A AV DANTAS BARRETO,RUA DO PEIXOTO,161,PROX. A AV DANTAS BARRETO,SÃO JOSÉ,181,CIDADE,COLISÃO TRASEIRA,MOTO E AUTO,1,1,,,,,,,,0,,Longo da via,Bom,Sem defeito,Perfeito estado,Seca,Perfeito estado,Faixa de pedestre,Não há placas,,Única,,,
2019-02-20,10:46:00,SEM VÍTIMA,FINALIZADA,AREIAS,RUA DONA ANA AURORA,500,,,RUA DONA ANA AURORA,500,,AREIAS,,SUBURBIO,CHOQUE VEÍCULO PARADO,COLISÃO SEM VÍTIMA. COLISÃO ENTRE TREM DE CARGA E AUTO PASSEIO,1,,,,,,,,1,0,,Longo da via,Bom,Não existe,Não existente,Seca,Mal conservada,Não existe,Não há placas,,Dupla,Não existe,,
2019-02-20,10:50:00,SEM VÍTIMA,FINALIZADA,DERBY,RUA GUILHERME PINTO,1360,,EM FRENTE AO PRÉDIO SOLAR DA GRAÇAS,RUA GUILHERME PINTO,1360,EM FRENTE AO PRÉDIO SOLAR DA GRAÇAS,DERBY,,CIDADE,ABALROAMENTO LONGITUDINAL,COLISÃO SEM VITIMAS,1,,,,,1,,,,0,,Longo da via,Bom,Sem defeito,Perfeito estado,Seca,Perfeito estado,Outros,Outras,,Única,Não existe,,
2019-02-20,11:37:00,SEM VÍTIMA,FINALIZADA,IMBIRIBEIRA,RUA PERIMETRAL,,AV RECIFE,CHURRASCARIA SAL E BRASA,RUA PERIMETRAL,,CHURRASCARIA SAL E BRASA,IMBIRIBEIRA,,SUBURBIO,ABALROAMENTO LONGITUDINAL,SEM VÍTIMAS,2,,,,,,,,,0,,Longo da via,Bom,Não existe,Incompleta,Seca,Perfeito estado,Não existe,Não há placas,30 km/h,Dupla,Não existe,,
2019-02-20,11:46:00,SEM VÍTIMA,DUPLICIDADE,IPSEP,AV RECIFE,,,EM FRENTE A LOCAVEL,AV RECIFE,,EM FRENTE A LOCAVEL,IPSEP,,IMBIRIBEIRA,COLISÃO,SEM VITIMAS,2,,,,,,,,,0,,,,,,,,,,,,,,
2019-02-20,11:57:00,SEM VÍTIMA,FINALIZADA,PARNAMIRIM,AV PARNAMIRIM,417,,EM FRENTE AO Nº417,AV PARNAMIRIM,417,EM FRENTE AO Nº417,PARNAMIRIM,,CIDADE,ABALROAMENTO LONGITUDINAL,ENTRE AUTOS S/V,2,,,,,,,,,0,,Longo da via,Bom,Não existe,Perfeito estado,Seca,Perfeito estado,Não existe,,,Única,Não existe,,
2019-02-20,12:11:00,SEM VÍTIMA,FINALIZADA,CABANGA,VIADUTO CAPITAO TEMUDO,,,APÓS A DESCIDA DA ALÇA DE ACESSO A RUA IMPERIAL,VIADUTO CAPITAO TEMUDO,,APÓS A DESCIDA DA ALÇA DE ACESSO A RUA IMPERIAL,CABANGA,,SUBURBIO,ABALROAMENTO LONGITUDINAL,COLISÃO SEM VÍTIMA,1,,,,,1,,,,0,,Viaduto,Bom,Não existe,Ilegível,Seca,Mal conservada,Não existe,Não há placas,,Dupla,Blocos,,
2019-02-20,12:17:00,SEM VÍTIMA,FINALIZADA,BOA VIAGEM,AV CONSELHEIRO AGUIAR,3150,,EM FRENTE AO EDF CEZANNE,AV CONSELHEIRO AGUIAR,3150,EM FRENTE AO EDF CEZANNE,BOA VIAGEM,,CIDADE,COLISÃO TRASEIRA,,2,,,,,,,,,0,,Longo da via,Bom,Sem defeito,Perfeito estado,Seca,Perfeito estado,Outros,Outras,,Única,Faixa seccionada,,
2019-02-20,13:06:00,SEM VÍTIMA,FINALIZADA,BOA VIAGEM,AV FERNANDO SIMOES BARBOSA,,RUA RIBEIRO DE BRITO,,AV FERNANDO SIMOES BARBOSA,,,BOA VIAGEM,,,ABALROAMENTO LONGITUDINAL,ACAMINHÃO X AUTO S/V,1,,,,,,1,,,0,,Cruzamento,Bom,Sem defeito,Perfeito estado,Seca,Perfeito estado,Outros,Outras,,Única,Faixa seccionada,,
2019-02-20,13:43:00,SEM VÍTIMA,FINALIZADA,MACAXEIRA,AV NORTE,,,ROTATÓRIA DA MACAXEIRA,AV NORTE,,ROTATÓRIA DA MACAXEIRA,MACAXEIRA,,SUBURBIO,COLISÃO TRASEIRA,CAMINHÃO X AUTO S/V,1,,,,,,1,,,0,,,Bom,Não existe,Incompleta,Seca,Perfeito estado,Não existe,Não há placas,,Dupla,Canteiro central,,
2019-02-20,13:51:00,SEM VÍTIMA,FINALIZADA,AFOGADOS,AV SUL,,,POSTE B073628,AV SUL,,POSTE B073628,AFOGADOS,,CIDADE,ABALROAMENTO LONGITUDINAL,COLISÃO SEM VÍTIMA,1,,,,,1,,,,0,,Longo da via,Bom,Não existe,Perfeito estado,Seca,Perfeito estado,Não existe,R-6a,,Única,Faixa seccionada,,
2019-02-20,14:16:00,SEM VÍTIMA,CANCELADA,DERBY,RUA JENER DE SOUZA,,,EM FRENTE A PRAÇA DO DERBY,RUA JENER DE SOUZA,,EM FRENTE A PRAÇA DO DERBY,DERBY,,,COLISÃO,COLISÃO SEM VÍTIMA,1,1,,,,,,,,0,,,,,,,,,,,,,,
2019-02-20,14:32:00,SEM VÍTIMA,FINALIZADA,TORRE,AV PROFESSOR ESTEVAO FRANCISCO DA COSTA,,,NO SEMÁFORO 280,AV PROFESSOR ESTEVAO FRANCISCO DA COSTA,,NO SEMÁFORO 280,TORRE,280,CIDADE,ABALROAMENTO TRANSVERSAL,COLISÃO SEM VÍTIMA,2,,,,,,,,,0,,Longo da via,Bom,Sem defeito,Perfeito estado,Seca,Perfeito estado,,Outras,,Dupla,Canal,,
2019-02-20,14:36:00,SEM VÍTIMA,FINALIZADA,BOA VIAGEM,AV DES JOSE NEVES,90,,,AV DES JOSE NEVES,90,,BOA VIAGEM,,,ABALROAMENTO TRANSVERSAL,COLISÃO SEM VÍTIMA,3,,,,,,,,,0,,Longo da via,Bom,Não existe,Perfeito estado,Seca,Perfeito estado,Outros,R-6a,,Dupla,Canal,,
2019-02-20,14:41:00,SEM VÍTIMA,FINALIZADA,TORRE,RUA MARQUES DE MARICA,169,,EDF PRAÇA DAS CAMÉLIAS,RUA MARQUES DE MARICA,169,EDF PRAÇA DAS CAMÉLIAS,TORRE,,CIDADE,ABALROAMENTO TRANSVERSAL,AUTO X MOTO S/V,1,1,,,,,,,,0,,Longo da via,Bom,Não existe,Perfeito estado,Seca,Perfeito estado,Não existe,Outras,,Dupla,Faixa seccionada,,
2019-02-20,15:00:00,SEM VÍTIMA,FINALIZADA,FUNDÃO,AV BEBERIBE,2840,,PRIMEIRA IGREJA BATISTA DO FUNDÃO,AV BEBERIBE,2840,PRIMEIRA IGREJA BATISTA DO FUNDÃO,FUNDÃO,,SUBURBIO,ABALROAMENTO LONGITUDINAL,AUTO E ONIBUS DA CAXANGA,1,,,,,1,,,,0,,Longo da via,Bom,Não existe,Perfeito estado,Seca,Perfeito estado,Não existe,Outras,,Dupla,Canteiro central,,
2019-02-20,15:18:00,SEM VÍTIMA,FINALIZADA,SAN MARTIN,AV GENERAL SAN MARTIN,809,,,AV GENERAL SAN MARTIN,809,,SAN MARTIN,,CIDADE,ABALROAMENTO LONGITUDINAL,COLISÃO SEM VÍTIMA,1,,,,,,1,,,0,,Longo da via,Bom,Não existe,Perfeito estado,Seca,Perfeito estado,Não existe,,,Dupla,Faixa contínua,Faixa seccionada,
2019-02-20,15:29:00,SEM VÍTIMA,CANCELADA,IMBIRIBEIRA,AV PINHEIROS,837,RUA ARQUITETO LUIZ NUNES,,AV PINHEIROS,837,,IMBIRIBEIRA,,,COLISÃO,DOIS AUTOS S/V,2,,,,,,,,,0,,,,,,,,,,,,,,
2019-02-20,15:34:00,SEM VÍTIMA,FINALIZADA,GRAÇAS,AV RUI BARBOSA,,RUA ALBERTO PAIVA,,AV RUI BARBOSA,,,GRAÇAS,305,CIDADE,ABALROAMENTO LONGITUDINAL,ENTRE AUTOS S/V,2,,,,,,,,,0,,Cruzamento,Bom,Sem defeito,Perfeito estado,Seca,Perfeito estado,Faixa de pedestre,Outras,40 km/h,Única,Não existe,,
2019-02-20,15:35:00,SEM VÍTIMA,FINALIZADA,BOA VIAGEM,RUA RIO AZUL,,RUA FRANCISCO DE ASSIS,,RUA RIO AZUL,,,BOA VIAGEM,,CIDADE,ABALROAMENTO LONGITUDINAL,ENTRE DOIS AUTOS S/V,2,,,,,,,,,0,,Longo da via,Bom,Não existe,Incompleta,Seca,Perfeito estado,Não existe,Não há placas,,Única,Faixa seccionada,,
2019-02-20,15:45:00,SEM VÍTIMA,FINALIZADA,BOA VISTA,RUA BARAO DE SAO BORJA,,RUA JOSE DE ALENCAR,,RUA BARAO DE SAO BORJA,,,BOA VISTA,,SUBURBIO,ABALROAMENTO TRANSVERSAL,ENTRE DOIS AUTOS S/V,2,,,,,,,,,0,,Cruzamento,Bom,Não existe,Incompleta,Seca,Perfeito estado,Não existe,Placas Pare,,Única,Não existe,,
2019-02-20,16:35:00,COM VÍTIMA,FINALIZADA,IMBIRIBEIRA,RUA DR TAVARES CORREIA,93,RUA ALLAN KARDEC,EM FRENTE AO POSTO BR E EDF. CAPIBARIBE,RUA DR TAVARES CORREIA,93,EM FRENTE AO POSTO BR E EDF. CAPIBARIBE,IMBIRIBEIRA,,SUBURBIO,ABALROAMENTO LONGITUDINAL,COLISÃO ENVOLVENDO AUTO E MOTO.,1,1,,,,,,,,1,,Não informado,Bom,Não existe,Incompleta,Seca,Perfeito estado,Não existe,Outras,,Única,Não existe,,
2019-02-20,16:51:00,SEM VÍTIMA,FINALIZADA,BOA VISTA,RUA DO PRINCIPE,682,,,RUA DO PRINCIPE,682,,BOA VISTA,,CIDADE,COLISÃO TRASEIRA,AUTO E VAN S/V,1,,,,,,,,1,0,,Longo da via,Bom,Não existe,Perfeito estado,Seca,Perfeito estado,Não existe,Não há placas,,Única,Faixa seccionada,,
2019-02-20,17:10:00,SEM VÍTIMA,FINALIZADA,DERBY,PRC DO DERBY,,RUA JENER DE SOUZA,SEMÁFORO 418,PRC DO DERBY,,SEMÁFORO 418,DERBY,418,,COLISÃO TRASEIRA,ENTRE DOIS AUTOS S/V,2,,,,,,,,,0,,Cruzamento,Bom,Sem defeito,Perfeito estado,Seca,Perfeito estado,,,,,Não existe,,
2019-02-20,17:40:00,SEM VÍTIMA,FINALIZADA,CORDEIRO,AV INACIO MONTEIRO,556,,EM FRENTE AO MERCADO TUDO DE BOM,AV INACIO MONTEIRO,556,EM FRENTE AO MERCADO TUDO DE BOM,CORDEIRO,,SUBURBIO,ABALROAMENTO LONGITUDINAL,AUTO E M0TO S/V,1,1,,,,,,,,0,,Longo da via,Bom,Não existe,Perfeito estado,Seca,Perfeito estado,Não existe,Não há placas,,Dupla,Faixa contínua,,
2019-02-20,17:40:00,SEM VÍTIMA,FINALIZADA,BOA VIAGEM,RUA BALTAZAR PASSOS,,RUA VISCONDE DE JEQUITINHONHA,,RUA BALTAZAR PASSOS,,,BOA VIAGEM,154,,COLISÃO,COLISÃO SEM VÍTIMA,2,,,,,,,,,0,,Cruzamento,Bom,Sem defeito,Perfeito estado,Seca,Perfeito estado,,Outras,,Dupla,Faixa contínua,,
2019-02-20,18:14:00,SEM VÍTIMA,FINALIZADA,ARRUDA,RUA MEM DE SA,,,EM FRENTE A COCA-COLA,RUA MEM DE SA,,EM FRENTE A COCA-COLA,ARRUDA,,SUBURBIO,COLISÃO TRASEIRA,CELTA X AUTO,2,,,,,,,,,0,,Longo da via,Bom,Não existe,Ilegível,Seca,Perfeito estado,Não existe,Não há placas,,Dupla,Não existe,,
2019-02-20,18:25:00,SEM VÍTIMA,FINALIZADA,BOA VIAGEM,AV ENGENHEIRO DOMINGOS FERREIRA,4255,,INGA VINHO,AV ENGENHEIRO DOMINGOS FERREIRA,4255,INGA VINHO,BOA VIAGEM,,SUBURBIO,COLISÃO TRASEIRA,,3,,,,,,,,,0,,Longo da via,Bom,Não existe,Perfeito estado,Seca,Perfeito estado,Outros,R-6a,,Única,Canteiro central,,
2019-02-20,18:26:00,SEM VÍTIMA,EQUIPE EM DESLOCAMENTO,IBURA,AV ENGENHO MURIBARA,502,,ENF A ESCOLA DOM SEBASTIAO LEME,AV ENGENHO MURIBARA,502,ENF A ESCOLA DOM SEBASTIAO LEME,IBURA,,,COLISÃO,ONIBUS METROPOLITANA X NISSAN FRONTIER,1,,,,,1,,,,0,,,,,,,,,,,,,,
2019-02-20,18:35:00,SEM VÍTIMA,CANCELADA,DOIS UNIDOS,RUA DA BELA VISTA,845,,E/F A ANTIGA FABRICA DA MINERVA / ESQUINA COM A ASINHA DO TONHO / AO LADO DO DIAGNÓSTICO CARDIACO,RUA DA BELA VISTA,845,E/F A ANTIGA FABRICA DA MINERVA / ESQUINA COM A ASINHA DO TONHO / AO LADO DO DIAGNÓSTICO CARDIACO,DOIS UNIDOS,,,COLISÃO,ENTRE CAMINHÃO E ÕNIBUS. S/V,,,,,,1,1,,,0,,,,,,,,,,,,,,
2019-02-20,18:57:00,SEM VÍTIMA,FINALIZADA,AREIAS,AV RECIFE,,,,AV RECIFE,,,AREIAS,494,SUBURBIO,ABALROAMENTO LONGITUDINAL,ENTRE CAMINHÃO E AUTO. S/V,1,,,,,,1,,,0,,Longo da via,Bom,Sem defeito,Perfeito estado,Seca,Perfeito estado,Faixa de pedestre,Outras,60 km/h,Única,Faixa seccionada,,
2019-02-20,18:58:00,SEM VÍTIMA,FINALIZADA,GRAÇAS,AV RUI BARBOSA,2015,,SEMÁFORO126,AV RUI BARBOSA,2015,SEMÁFORO126,GRAÇAS,126,CIDADE,COLISÃO TRASEIRA,3 VEICULOS,2,,,,,,,,,0,,Longo da via,Bom,Sem defeito,Perfeito estado,Seca,Perfeito estado,Faixa de pedestre,,,Única,,,
2019-02-20,19:24:00,COM VÍTIMA,FINALIZADA,AREIAS,AV RECIFE,4200,,RESIDENCIAL INES ANDREAZZA,AV RECIFE,4200,RESIDENCIAL INES ANDREAZZA,AREIAS,,SUBURBIO,COLISÃO TRASEIRA,ENTRE AUTO E MOTO. C/V,1,1,,,,,,,,1,,Longo da via,Bom,Sem defeito,Perfeito estado,Seca,Perfeito estado,Faixa de pedestre,Não há placas,60 km/h,Dupla,Canteiro central,,
2019-02-20,19:29:00,SEM VÍTIMA,FINALIZADA,ILHA DO LEITE,AV GOVERNADOR AGAMENON MAGALHAES,2291,,PISTA LATERAL PRÓXIMO AO MEMORIAL SAO JOSE,AV GOVERNADOR AGAMENON MAGALHAES,2291,PISTA LATERAL PRÓXIMO AO MEMORIAL SAO JOSE,ILHA DO LEITE,,SUBURBIO,ABALROAMENTO TRANSVERSAL,CLASSIC X CAMINHAO,1,,,,,,1,,,0,,Longo da via,Bom,Não existe,Perfeito estado,Seca,Perfeito estado,Não existe,Não há placas,,Única,Canteiro central,,
2019-02-20,20:29:00,COM VÍTIMA,FINALIZADA,ILHA DO LEITE,AV GOVERNADOR AGAMENON MAGALHAES,4525,RUA DONA BENVINDA,E/F AO INSTITUTO CERVANTES DO RECIFE  SNT OLINDA / PISTA LATERAL.,AV GOVERNADOR AGAMENON MAGALHAES,4525,E/F AO INSTITUTO CERVANTES DO RECIFE  SNT OLINDA / PISTA LATERAL.,ILHA DO LEITE,,SUBURBIO,ABALROAMENTO TRANSVERSAL,COLISÃO ENVOLVENDO AUTO E MOTO.,1,1,,,,,,,,1,,Cruzamento,Bom,Sem defeito,Perfeito estado,Seca,Perfeito estado,,R-6a,,Única,Faixa,,
2019-02-20,23:19:00,COM VÍTIMA,CANCELADA,IBURA,RUA DR BENIGNO JORDAO DE VASCONCELOS,35,,PRÓX AO MERCADO TREVO / E/F A LOJA CRISMA,RUA DR BENIGNO JORDAO DE VASCONCELOS,35,PRÓX AO MERCADO TREVO / E/F A LOJA CRISMA,IBURA,,,COLISÃO,ENTRE AUTO E MOTO. C/V,1,1,,,,,,,,1,,,,,,,,,,,,,,
2019-02-21,02:45:00,SEM VÍTIMA,CANCELADA,ILHA DO RETIRO,RUA SPORT CLUBE DO RECIFE,,RUA TABAIARES,E/F AO CLUB SPORT / SEMÁFORO 355 - GIRADOR DO SPORT,RUA SPORT CLUBE DO RECIFE,,E/F AO CLUB SPORT / SEMÁFORO 355 - GIRADOR DO SPORT,ILHA DO RETIRO,,,COLISÃO,ENTRE 2 AUTOS. S/V,2,,,,,,,,,0,,,,,,,,,,,,,,
2019-02-21,07:00:00,SEM VÍTIMA,FINALIZADA,AFOGADOS,AV SUL,,,EM FRENTE A CAIXA ECONOMICA FEDERAL,AV SUL,,EM FRENTE A CAIXA ECONOMICA FEDERAL,AFOGADOS,,SUBURBIO,ABALROAMENTO LONGITUDINAL,SEM VITIMAS  GRAVIDA DE NOVE MESES NO VEÍCULO,1,,,,,1,,,,0,,Longo da via,Bom,Sem defeito,Perfeito estado,Seca,Perfeito estado,Não existe,Outras,,Única,Faixa seccionada,,
2019-02-21,07:15:00,SEM VÍTIMA,FINALIZADA,SÃO JOSÉ,TRV DO RAPOSO,,AV AGOSTINHO GOMES,,TRV DO RAPOSO,,,SÃO JOSÉ,,SUBURBIO,ABALROAMENTO TRANSVERSAL,SEM VÍTIMAS,2,,,,,,,,,0,,Cruzamento,Bom,Não existe,Incompleta,Seca,Perfeito estado,Não existe,Outras,,Dupla,Faixa seccionada,,
2019-02-21,07:18:00,SEM VÍTIMA,FINALIZADA,TORRE,RUA CONDE DE IRAJA,,RUA REAL DA TORRE,SEMÁFORO 106,RUA CONDE DE IRAJA,,SEMÁFORO 106,TORRE,106,SUBURBIO,ABALROAMENTO LONGITUDINAL,SEM VITIMAS,1,1,,,,,,,,0,,Cruzamento,Bom,Sem defeito,Perfeito estado,Seca,Perfeito estado,Faixa de pedestre,R-6a,30 km/h,Única,Faixa contínua,,
2019-02-21,07:43:00,SEM VÍTIMA,FINALIZADA,IPSEP,RUA PINTOR ANTONIO ALBUQUERQUE,,,AO LADO DO POSTO SHELL,RUA PINTOR ANTONIO ALBUQUERQUE,,AO LADO DO POSTO SHELL,IPSEP,,CIDADE,ABALROAMENTO LONGITUDINAL,SEM VITIMAS,2,,,,,,,,,0,,Longo da via,Bom,Não existe,Perfeito estado,Seca,Perfeito estado,Não existe,Não há placas,60 km/h,,,,
2019-02-22,08:14:00,SEM VÍTIMA,FINALIZADA,IMBIRIBEIRA,RUA OLIVIA MENELAU,36,AV MARECHAL MASCARENHAS DE MORAES,,RUA OLIVIA MENELAU,36,,IMBIRIBEIRA,396,CIDADE,ABALROAMENTO LONGITUDINAL,COLISÃO SEM VITIMAS,2,,,,,,1,,,0,,Longo da via,Bom,Sem defeito,Perfeito estado,Seca,Perfeito estado,Não existe,Não há placas,,Única,Não existe,,
2019-02-21,08:09:00,SEM VÍTIMA,FINALIZADA,BOA VIAGEM,AV BOA VIAGEM,634,,,AV BOA VIAGEM,634,,BOA VIAGEM,,CIDADE,COLISÃO TRASEIRA,SEM VÍTIMAS,3,,,,,,,,,0,,Longo da via,Bom,Não existe,Perfeito estado,Seca,Perfeito estado,Não existe,Não há placas,,Única,Faixa contínua,,
2019-02-21,08:13:00,COM VÍTIMA,FINALIZADA,IMBIRIBEIRA,AV MARECHAL MASCARENHAS DE MORAES,7935,,NA ENTRADA DO JORDÃO EM FRENTE AO AEROPORTO. AO LADO DA LOJA MP MULTIMARCAS.,AV MARECHAL MASCARENHAS DE MORAES,7935,NA ENTRADA DO JORDÃO EM FRENTE AO AEROPORTO. AO LADO DA LOJA MP MULTIMARCAS.,IMBIRIBEIRA,626,CIDADE,ABALROAMENTO TRANSVERSAL,COLISÃO ENVOLVENDO MOTOCICLETA E CAMINHONETE.,,1,,,,,1,,,1,,Longo da via,Bom,Não existe,Perfeito estado,Seca,Perfeito estado,Não existe,Não há placas,,Única,Faixa seccionada,,
2019-02-21,08:41:00,SEM VÍTIMA,FINALIZADA,CORDEIRO,AV CAXANGA,1793,RUA PAES CABRAL,E/F A FÁCIL PNEUS,AV CAXANGA,1793,E/F A FÁCIL PNEUS,CORDEIRO,,,ABALROAMENTO LONGITUDINAL,SEM VÍTIMAS,1,,,,,,1,,,0,,Longo da via,Bom,Não existe,Perfeito estado,Seca,Perfeito estado,Não existe,Não há placas,,Dupla,Canteiro central,,
2019-02-21,08:54:00,SEM VÍTIMA,FINALIZADA,SANTO ANTÔNIO,AV MARTINS DE BARROS,,PRC DA REPUBLICA,PRAÇA DA REPÚBLICA,AV MARTINS DE BARROS,,PRAÇA DA REPÚBLICA,SANTO ANTÔNIO,164,SUBURBIO,ABALROAMENTO LONGITUDINAL,SEM VITIMAS,2,,,,,,,,,0,,Cruzamento,Bom,Sem defeito,Perfeito estado,Seca,Perfeito estado,Faixa de pedestre,,,Única,Faixa seccionada,,
2019-02-21,09:20:00,SEM VÍTIMA,FINALIZADA,AFOGADOS,AV SUL,,,EM FRENTE A ESTAÇAO LARGO DA PAZ,AV SUL,,EM FRENTE A ESTAÇAO LARGO DA PAZ,AFOGADOS,,CIDADE,ABALROAMENTO LONGITUDINAL,CAMINHAO E AUTO ,1,,,,,,1,,,0,,Longo da via,Bom,Não existe,Incompleta,Seca,Perfeito estado,Não existe,R-6a,,Única,Faixa contínua,,
2019-02-21,09:30:00,SEM VÍTIMA,FINALIZADA,JARDIM SÃO PAULO,RUA LEOBINA PEREIRA,343,RUA ANIBAL PORTELA,EM FRENTE A PIZZARIA DO GORDO,RUA LEOBINA PEREIRA,343,EM FRENTE A PIZZARIA DO GORDO,JARDIM SÃO PAULO,,,ABALROAMENTO LONGITUDINAL,COLISÃO SEM VITIMAS,1,,,,,,1,,,0,,Cruzamento,Bom,Não existe,Perfeito estado,Seca,Perfeito estado,Não existe,Não há placas,,Dupla,Não existe,,
2019-02-21,10:00:00,SEM VÍTIMA,FINALIZADA,AFOGADOS,AV SUL,,,FRENTE A ESTAÇÃO LARGO DA PAZ,AV SUL,,FRENTE A ESTAÇÃO LARGO DA PAZ,AFOGADOS,,,ABALROAMENTO LONGITUDINAL,COLISÃO SEM VITIMAS,2,,,,,,,,,0,,Longo da via,Bom,Não existe,Incompleta,Seca,Perfeito estado,Não existe,R-6a,,Única,Faixa contínua,,
2019-02-21,10:04:00,SEM VÍTIMA,FINALIZADA,IMBIRIBEIRA,AV MARECHAL MASCARENHAS DE MORAES,1022,AV PINHEIROS,EM FRENTE AO POSTO IPIRANGA/PETRO MEGA,AV MARECHAL MASCARENHAS DE MORAES,1022,EM FRENTE AO POSTO IPIRANGA/PETRO MEGA,IMBIRIBEIRA,,AEROPORTO,COLISÃO,SEM VITIMAS,1,,,,,,,,,0,,,,,,,,,,,,,,
2019-02-21,10:05:00,SEM VÍTIMA,FINALIZADA,BOA VIAGEM,RUA ANTONIO FALCAO,455,,EM FRENTE AO DEPOSITO DE FRUTAS E VERDURAS,RUA ANTONIO FALCAO,455,EM FRENTE AO DEPOSITO DE FRUTAS E VERDURAS,BOA VIAGEM,,,COLISÃO,CAMINHAO E AUTO,1,,,,,,1,,,0,,,,,,,,,,,,,,