data,hora,natureza_acidente,situacao,bairro,endereco,numero,detalhe_endereco_acidente,complemento,endereco_cruzamento,numero_cruzamento,referencia_cruzamento,bairro_cruzamento,num_semaforo,sentido_via,tipo,descricao,auto,moto,ciclom,ciclista,pedestre,onibus,caminhao,viatura,outros,vitimas,vitimasfatais,acidente_verificado,tempo_clima,situacao_semaforo,sinalizacao,condicao_via,conservacao_via,ponto_controle,situacao_placa,velocidade_max_via,mao_direcao,divisao_via1,divisao_via2,divisao_via3
2019-02-21,10:08:00,SEM VÍTIMA,CANCELADA,BOA VISTA,RUA VISCONDE DE GOIANA,80,RUA JOSE DE ALENCAR,PROX A MERCEARIA DO BRAS,RUA VISCONDE DE GOIANA,80,PROX A MERCEARIA DO BRAS,BOA VISTA,,,COLISÃO,COLISÃO SEM VITIMAS,2,,,,,,,,,0,,,,,,,,,,,,,,
2019-02-21,11:01:00,SEM VÍTIMA,FINALIZADA,SANTO ANTÔNIO,PRC DA REPUBLICA,,,FRENTE A PRAÇA DA REPÚBLICA,PRC DA REPUBLICA,,FRENTE A PRAÇA DA REPÚBLICA,SANTO ANTÔNIO,278,SUBURBIO,COLISÃO TRASEIRA,COLISÃO ENTRE DOIS VEÍCULOS,2,,,,,,,,,0,,Longo da via,Bom,Sem defeito,Perfeito estado,Seca,Perfeito estado,Faixa de pedestre,Outras,,Única,Faixa contínua,,
2019-02-21,11:09:00,SEM VÍTIMA,FINALIZADA,CASA FORTE,AV DEZESSETE DE AGOSTO,1495,,EM FRENTE A AMERICANA EXPRESSE,AV DEZESSETE DE AGOSTO,1495,EM FRENTE A AMERICANA EXPRESSE,CASA FORTE,,,COLISÃO,AUTO E ONIBUS,1,,,,,1,,,,0,,,,,,,,,,,,,,
2019-02-21,11:45:00,SEM VÍTIMA,DUPLICIDADE,SÃO JOSÉ,RUA IMPERIAL,1600,,E/F A JUCEPE,RUA IMPERIAL,1600,E/F A JUCEPE,SÃO JOSÉ,,,COLISÃO,SEM VÍTIMAS,,,,,,,,,,0,,,,,,,,,,,,,,
2019-02-21,12:13:00,SEM VÍTIMA,CANCELADA,ROSARINHO,RUA COUTO MAGALHAES,460,,NA ESQUINA DO COLEGIO FAZER CRESCER,RUA COUTO MAGALHAES,460,NA ESQUINA DO COLEGIO FAZER CRESCER,ROSARINHO,,,COLISÃO,ENTRE DOIS AUTOS S/V,2,,,,,,,,,0,,,,,,,,,,,,,,
2019-02-21,12:19:00,SEM VÍTIMA,FINALIZADA,SÃO JOSÉ,RUA IMPERIAL,,TRV DO GASPAR,EM FRENTE A JUCEPE,RUA IMPERIAL,,EM FRENTE A JUCEPE,SÃO JOSÉ,,SUBURBIO,CHOQUE OBJETO FIXO,,1,,,,,,,,,0,,Cruzamento,Bom,Não existe,Perfeito estado,Seca,Perfeito estado,Não existe,Outras,,Única,Faixa contínua,,
2019-02-21,12:33:00,COM VÍTIMA,FINALIZADA,BARRO,AV DR JOSE RUFINO,2533,RUA PERY,EM FRENTE A RECEPÇÃO SOCORRO VENANCIO,AV DR JOSE RUFINO,2533,EM FRENTE A RECEPÇÃO SOCORRO VENANCIO,BARRO,,CIDADE,ABALROAMENTO TRANSVERSAL,COLISÃO ENVOLVENDO AUTO E MOTO.,1,1,,,,,,,,1,,Esquina,Bom,Não existe,Perfeito estado,Seca,Perfeito estado,Não existe,Não há placas,,Dupla,Faixa seccionada,,
2019-02-21,12:56:00,SEM VÍTIMA,FINALIZADA,BAIRRO DO RECIFE,CAIS DO APOLO,,,,CAIS DO APOLO,,,BAIRRO DO RECIFE,19,,ABALROAMENTO LONGITUDINAL,AUTO E CAMINHAO S/V,1,,,,,,1,,,0,,Longo da via,Bom,Sem defeito,Perfeito estado,Seca,Perfeito estado,Faixa de pedestre,Outras,60 km/h,Dupla,Canteiro central,,
2019-02-21,13:25:00,SEM VÍTIMA,FINALIZADA,NOVA DESCOBERTA,RUA NOVA DESCOBERTA,124,,EM FRENTE A LOJA REQUINTE MÓVEIS,RUA NOVA DESCOBERTA,124,EM FRENTE A LOJA REQUINTE MÓVEIS,NOVA DESCOBERTA,,SUBURBIO,COLISÃO TRASEIRA,ENTRE AUTOS S/V,2,,,,,,,,,0,,Longo da via,Bom,Não existe,Perfeito estado,Seca,Perfeito estado,Não existe,R-6a,30 km/h,Dupla,Faixa seccionada,,
2019-02-21,13:36:00,SEM VÍTIMA,FINALIZADA,BOA VISTA,RUA DO RIACHUELO,105,,ESTAÇÃO DO BRT,RUA DO RIACHUELO,105,ESTAÇÃO DO BRT,BOA VISTA,,CIDADE,COLISÃO TRASEIRA,ENTRE AUTO E MOTO S/V,1,1,,,,,,,,0,,Longo da via,Bom,Não existe,Ilegível,Seca,Perfeito estado,Faixa de pedestre,R-6a,,Dupla,Canteiro central,,
2019-02-21,13:40:00,COM VÍTIMA,FINALIZADA,DERBY,RUA AMAURI DE MEDEIROS,110,RUA BARAO DE GOIANA,EM FRENTE AO CONDOMINIO DERBY PARK,RUA AMAURI DE MEDEIROS,110,EM FRENTE AO CONDOMINIO DERBY PARK,DERBY,,SUBURBIO,ABALROAMENTO TRANSVERSAL,COLISÃO ENVOLVENDO AUTO E MOTO.,1,1,,,,,,,,1,,Cruzamento,Bom,Não existe,Ilegível,Seca,Perfeito estado,,Não há placas,,Única,Outros,,
2019-02-21,14:39:00,COM VÍTIMA,FINALIZADA,JIQUIÁ,RUA SAO MIGUEL,,RUA BELEM DE MARIA,NO SEMÁFORO 425,RUA SAO MIGUEL,,NO SEMÁFORO 425,JIQUIÁ,425,CIDADE,ABALROAMENTO LONGITUDINAL,COLISÃO ENVOLVENDO AUTO E MOTO.,1,1,,,,,,,,1,,Cruzamento,Bom,Sem defeito,Perfeito estado,Seca,Perfeito estado,Faixa de pedestre,Não há placas,50 km/h,Dupla,Faixa contínua,,
2019-02-21,14:42:00,SEM VÍTIMA,FINALIZADA,ILHA DO LEITE,PRC CHORA MENINO,,,EM FRENTE À UNIMED,PRC CHORA MENINO,,EM FRENTE À UNIMED,ILHA DO LEITE,,,COLISÃO,ENTRE AUTOS S/V,2,,,,,,,,,0,,,,,,,,,,,,,,
2019-02-21,15:39:00,COM VÍTIMA,FINALIZADA,BOA VISTA,RUA PRINCESA IZABEL,,RUA DO HOSPICIO,EM FRENTE A CÂMARA,RUA PRINCESA IZABEL,,EM FRENTE A CÂMARA,BOA VISTA,31,CIDADE,ABALROAMENTO LONGITUDINAL,COLISÃO ENVOLVENDO DUAS MOTOS.,,2,,,,,,,,1,,Cruzamento,Bom,Sem defeito,Perfeito estado,Seca,Perfeito estado,Agente,Outras,,Dupla,Faixa contínua,,
2019-02-21,15:42:00,COM VÍTIMA,FINALIZADA,CASA AMARELA,AV NORTE,4312,RUA GOMES COUTINHO,PRÓX AO SESC // EM FRENTE AO POSTO BR,AV NORTE,4312,PRÓX AO SESC // EM FRENTE AO POSTO BR,CASA AMARELA,643,,ABALROAMENTO LONGITUDINAL,COLISÃO ENVOLVENDO AUTO E MOTO.,1,1,,,,,,,,1,,Cruzamento,Bom,Sem defeito,Perfeito estado,Seca,Perfeito estado,Faixa de pedestre,R-6a,,Única,Faixa,,
2019-02-21,15:47:00,SEM VÍTIMA,FINALIZADA,AFLITOS,AV CONS ROSA E SILVA,257,,,AV CONS ROSA E SILVA,257,,AFLITOS,,SUBURBIO,ABALROAMENTO LONGITUDINAL,DOIS AUTOS,2,,,,,,,,,0,,Longo da via,Bom,Não existe,Perfeito estado,Seca,Perfeito estado,,R-6a,60 km/h,Única,Faixa seccionada,,
2019-02-21,16:33:00,SEM VÍTIMA,FINALIZADA,JIQUIÁ,AV DR JOSE RUFINO,268,,LADO OPOSTO AO COLEGIO VISAO,AV DR JOSE RUFINO,268,LADO OPOSTO AO COLEGIO VISAO,JIQUIÁ,82,SUBURBIO,ABALROAMENTO LONGITUDINAL,ENTRE AUTO E ONIBUS DA METROPOLITNA,1,,,,,1,,,,0,,Longo da via,Bom,Sem defeito,Perfeito estado,Seca,Perfeito estado,Faixa de pedestre,R-6a,60 km/h,Dupla,Faixa contínua,,
2019-02-21,17:00:00,SEM VÍTIMA,FINALIZADA,ESPINHEIRO,RUA DO ESPINHEIRO,,RUA BARAO DE ITAMARACA,EM FRENTE À FARMÁCIA EXTRAFARMA,RUA DO ESPINHEIRO,,EM FRENTE À FARMÁCIA EXTRAFARMA,ESPINHEIRO,86,,COLISÃO TRASEIRA,ÔNIBUS X AUTO S/V,1,,,,,1,,,,0,,,Bom,Sem defeito,Perfeito estado,Seca,Perfeito estado,Faixa de pedestre,R-6a,,Única,Faixa contínua,,
2019-02-21,17:21:00,SEM VÍTIMA,CANCELADA,BARRO,RUA ANDRE DE ALBUQUERQUE,,AV DR JOSE RUFINO,PROX. A IGREJA DO BARRO,RUA ANDRE DE ALBUQUERQUE,,PROX. A IGREJA DO BARRO,BARRO,2286,,COLISÃO,AUTO E ONIBUS DA METROPOLITANA,1,,,,,1,,,,0,,,,,,,,,,,,,,
2019-02-21,17:21:00,SEM VÍTIMA,FINALIZADA,BOA VISTA,RUA PRINCESA IZABEL,,RUA DA SAUDADE,EM FRENTE AO EDF FAÍSCA,RUA PRINCESA IZABEL,,EM FRENTE AO EDF FAÍSCA,BOA VISTA,168,CIDADE,ABALROAMENTO LONGITUDINAL,ÔNIBUS X AUTO S/V.,1,,,,,1,,,,0,,Cruzamento,Bom,Sem defeito,Perfeito estado,Seca,Perfeito estado,Faixa de pedestre,Outras,40 km/h,Única,Faixa contínua,Faixa seccionada,
2019-02-21,17:57:00,SEM VÍTIMA,FINALIZADA,ROSARINHO,AV SANTOS DUMONT,256,,E/F A PRC SANTOS DUMONT,AV SANTOS DUMONT,256,E/F A PRC SANTOS DUMONT,ROSARINHO,,,ABALROAMENTO LONGITUDINAL,ENTRE 2 AUTOS. S/V,2,,,,,,,,,0,,Longo da via,Bom,Não existe,Incompleta,Seca,Perfeito estado,Não existe,Não há placas,,Única,Faixa contínua,,
2019-02-21,18:11:00,SEM VÍTIMA,EQUIPE EM DESLOCAMENTO,BOA VIAGEM,AV ENGENHEIRO DOMINGOS FERREIRA,2800,RUA PADRE BERNADINO PESSOA,PROX A LOJA PAMESA,AV ENGENHEIRO DOMINGOS FERREIRA,2800,PROX A LOJA PAMESA,BOA VIAGEM,144,,COLISÃO,ONIBUS BORBOREMA X COBALT,1,,,,,1,,,,0,,,,,,,,,,,,,,
2019-02-21,18:45:00,SEM VÍTIMA,FINALIZADA,SANTO AMARO,AV GOVERNADOR AGAMENON MAGALHAES,,RUA ANTONIO SIMOES,MINISTERIO PUBLICO FEDERAL ESQUINA,AV GOVERNADOR AGAMENON MAGALHAES,,MINISTERIO PUBLICO FEDERAL ESQUINA,SANTO AMARO,,SUBURBIO,ABALROAMENTO LONGITUDINAL,IDEIA X CITROEEN,2,,,,,,,,,0,,Longo da via,Bom,Sem defeito,Incompleta,Seca,Perfeito estado,Não existe,Não há placas,30 km/h,Única,Canteiro central,,
2019-02-21,19:03:00,SEM VÍTIMA,FINALIZADA,ILHA DO RETIRO,RUA SPORT CLUBE DO RECIFE,,,POSTE Nº B021543 NA CURVA A DIREITA SENTIDO TUNEL CHICO SCIENSE,RUA SPORT CLUBE DO RECIFE,,POSTE Nº B021543 NA CURVA A DIREITA SENTIDO TUNEL CHICO SCIENSE,ILHA DO RETIRO,,CIDADE,ABALROAMENTO LONGITUDINAL,ENTRE AUTO E MOTO. C/V,1,1,,,,,,,,0,,,Bom,Não existe,Incompleta,Seca,Perfeito estado,Não existe,Não há placas,,Única,Não existe,,
2019-02-21,20:16:00,SEM VÍTIMA,CANCELADA,ILHA DO LEITE,AV FREI MATIAS TEVES,280,RUA JORNALISTA TRAJANO CHACON,PROX AO ALBERT EINSTEEIN,AV FREI MATIAS TEVES,280,PROX AO ALBERT EINSTEEIN,ILHA DO LEITE,,,COLISÃO,POLO X FRONTIER,2,,,,,,,,,0,,,,,,,,,,,,,,
2019-02-21,21:42:00,COM VÍTIMA,FINALIZADA,IPSEP,RUA HELIO BRANDAO,135,RUA ADERBAL DE MELO,PROX AO RESTAURANTE CHAMBARIL E FEIJOADA DO JOAO,RUA HELIO BRANDAO,135,PROX AO RESTAURANTE CHAMBARIL E FEIJOADA DO JOAO,IPSEP,,SUBURBIO,ABALROAMENTO LONGITUDINAL,COLISÃO ENVOLVENDO AUTO E MOTO.,1,1,,,,,,,,1,,Cruzamento,Bom,Não existe,Perfeito estado,Seca,Perfeito estado,Não existe,Placas Pare,30 km/h,Dupla,Faixa seccionada,,
2019-02-21,21:50:00,SEM VÍTIMA,CANCELADA,SOLEDADE,AV CONDE DA BOA VISTA,1209,,E/F AO GRAU TÉCNICO / AO LADO DA GENNESBURGUER / SNT SUB,AV CONDE DA BOA VISTA,1209,E/F AO GRAU TÉCNICO / AO LADO DA GENNESBURGUER / SNT SUB,SOLEDADE,,,COLISÃO,ENTRE 2 AUTOS. S/V,2,,,,,,,,,0,,,,,,,,,,,,,,
2019-02-21,23:00:00,SEM VÍTIMA,FINALIZADA,SANTO AMARO,AV GOVERNADOR AGAMENON MAGALHAES,,,,AV GOVERNADOR AGAMENON MAGALHAES,,,SANTO AMARO,379,CIDADE,CHOQUE OBJETO FIXO,VT DA PM X MEIO FIO,,,,,,,,1,1,0,,Longo da via,Bom,Sem defeito,Perfeito estado,Seca,Perfeito estado,Faixa de pedestre,R-6a,60 km/h,Dupla,Canal,,
2019-02-22,01:22:00,SEM VÍTIMA,FINALIZADA,FUNDÃO,RUA CORONEL URBANO RIBEIRO DE SENA,665 A,RUA CONSTANCA,FRIGORÍFICO DOIS IRMÃOS,RUA CORONEL URBANO RIBEIRO DE SENA,665 A,FRIGORÍFICO DOIS IRMÃOS,FUNDÃO,,SUBURBIO,CHOQUE OBJETO FIXO,CONDUTOR PERDEU O CONTROLE DO VEÍCULO E CHOCOU-SE CONTRA UMA ÁRVORE  DERRUBOU OS FERROS DE PROTEÇÃO DA CALÇADA E QUEBROU DOIS BANCOS DE CONCRETO  E EM SEGUIDA O MESMO ABANDONOU O VEÍCULO NO LOCAL,1,,,,,,,,,0,,Longo da via,Bom,Não existe,Perfeito estado,Seca,Perfeito estado,Não existe,Não há placas,30 km/h,Dupla,Faixa seccionada,,
2019-02-22,05:10:00,SEM VÍTIMA,FINALIZADA,AFOGADOS,RUA NICOLAU PEREIRA,,RUA DA PAZ,,RUA NICOLAU PEREIRA,,,AFOGADOS,73,SUBURBIO,ABALROAMENTO LONGITUDINAL,COLISÃO ENTRE AUTO E ÔNIBUS  SEM VÍTIMAS.,1,,,,,1,,,,0,,Cruzamento,Chuvoso,Sem defeito,Perfeito estado,Molhada,Perfeito estado,Faixa de pedestre,Outras,40 km/h,Única,Faixa seccionada,,
2019-02-22,05:17:00,VÍTIMA FATAL,FINALIZADA,TEJIPIÓ,AV LIBERDADE,533,,PROX AO MERCADINHO COMPRE MAIS E PROX DA ANTIGA DELEGACIA DE ROUBOS E FURTOS,AV LIBERDADE,533,PROX AO MERCADINHO COMPRE MAIS E PROX DA ANTIGA DELEGACIA DE ROUBOS E FURTOS,TEJIPIÓ,,SUBURBIO,CHOQUE OBJETO FIXO,COLISÃO ENTRE AUTO E MOTO COM VITIMA  AUTO EVADIU DO LOCAL,1,1,,,,,,,,1,1,Longo da via,Chuvoso,Não existe,Perfeito estado,Molhada,Perfeito estado,Não existe,R-6a,,Dupla,Faixa,,
2019-02-22,06:16:00,COM VÍTIMA,CANCELADA,ARRUDA,RUA DAS MOCAS,,AV BEBERIBE,,RUA DAS MOCAS,,,ARRUDA,,,COLISÃO,,1,1,,,,,,,,1,,,,,,,,,,,,,,
2019-02-22,07:24:00,SEM VÍTIMA,FINALIZADA,NOVA DESCOBERTA,RUA NOVA DESCOBERTA,144,,EM FRENTE A FARMACIA DO LARGO,RUA NOVA DESCOBERTA,144,EM FRENTE A FARMACIA DO LARGO,NOVA DESCOBERTA,,,CHOQUE,VEICULO CHOCOU- SE COM A ARVORE,,,,,,,1,,,0,,,,,,,,,,,,,,
2019-02-22,07:27:00,SEM VÍTIMA,FINALIZADA,ARRUDA,AV BEBERIBE,1359,RUA JOSE AUSTREGESILO,E/F AO CARTÓRIO CIVIL DO 15º DISTRITO JUDICIARIO,AV BEBERIBE,1359,E/F AO CARTÓRIO CIVIL DO 15º DISTRITO JUDICIARIO,ARRUDA,492,CIDADE,ABALROAMENTO LONGITUDINAL,SEM VÍTIMAS,1,1,,,,,,,,0,,Cruzamento,Bom,Sem defeito,Perfeito estado,Seca,Perfeito estado,Faixa de pedestre,Outras,,Dupla,Faixa contínua,,
2019-02-22,07:44:00,SEM VÍTIMA,FINALIZADA,SANTO AMARO,AV NORTE,,,SOBRE A PONTE DO LIMOEIRO,AV NORTE,,SOBRE A PONTE DO LIMOEIRO,SANTO AMARO,243,CIDADE,COLISÃO TRASEIRA,DOIS AUTOS,2,,,,,,,,,0,,Ponte,Bom,Sem defeito,Perfeito estado,Seca,Perfeito estado,Agente,,,Dupla,Faixa contínua,,
2019-02-22,08:43:00,SEM VÍTIMA,FINALIZADA,MADALENA,RUA BENFICA,,,E/F AO MARTELINHO DE OURO,RUA BENFICA,,E/F AO MARTELINHO DE OURO,MADALENA,,,COLISÃO,SEM VÍTIMAS,1,1,,,,,,,,0,,,,,,,,,,,,,,
2019-02-22,08:49:00,SEM VÍTIMA,FINALIZADA,BEBERIBE,AV BEBERIBE,,,LADO OPOSTO AO MAX SAUDE,AV BEBERIBE,,LADO OPOSTO AO MAX SAUDE,BEBERIBE,314,CIDADE,COLISÃO TRASEIRA,SEM VITIMAS,2,1,,,,,,,,0,,Longo da via,Bom,Sem defeito,Perfeito estado,Seca,Perfeito estado,Faixa de pedestre,R-6a,,Dupla,Faixa contínua,,
2019-02-22,09:06:00,SEM VÍTIMA,FINALIZADA,IPSEP,AV RECIFE,3405,,EM FRENTE AO RESIDENCIAL VILA DA SUDENE,AV RECIFE,3405,EM FRENTE AO RESIDENCIAL VILA DA SUDENE,IPSEP,,SUBURBIO,COLISÃO TRASEIRA,SEM VÍTIMAS,2,,,,,,,,,0,,Longo da via,Bom,Não existe,Perfeito estado,Seca,Mal conservada,Não existe,Outras,60 km/h,Dupla,Canteiro central,,
2019-02-22,09:29:00,COM VÍTIMA,FINALIZADA,AFOGADOS,RUA DA PAZ,,,EM FRENTE A INDUSTRIA ASA,RUA DA PAZ,,EM FRENTE A INDUSTRIA ASA,AFOGADOS,73,SUBURBIO,COLISÃO TRASEIRA,COM UMA VITIMA,1,1,,,,,,,,1,,Longo da via,Bom,Sem defeito,Perfeito estado,Seca,Perfeito estado,Faixa de retenção,Não há placas,,Única,Faixa seccionada,,
2019-02-22,09:53:00,SEM VÍTIMA,FINALIZADA,SANTO AMARO,AV JOAO DE BARROS,903,RUA DOM VITAL,,AV JOAO DE BARROS,903,,SANTO AMARO,412,SUBURBIO,COLISÃO TRASEIRA,SEM VITIMAS,2,,,,,,,,,0,,Longo da via,Bom,Sem defeito,Perfeito estado,Seca,Perfeito estado,Faixa de pedestre,Outras,,Dupla,Canteiro central,,
2019-02-22,10:13:00,SEM VÍTIMA,FINALIZADA,IBURA,AV DOIS RIOS,,,IGREJA PAZ E VIDA,AV DOIS RIOS,,IGREJA PAZ E VIDA,IBURA,,CIDADE,COLISÃO TRASEIRA,SEM VITIMAS,2,,,,,,,,,0,,Longo da via,Bom,Não existe,Perfeito estado,Seca,Perfeito estado,Não existe,Não há placas,40 km/h,Dupla,Faixa contínua,,
2019-02-22,10:37:00,COM VÍTIMA,FINALIZADA,ESTÂNCIA,AV RECIFE,3797,,LADO OPOSTO AO MAKRO  EM FRENTE A TAMBAÍ.,AV RECIFE,3797,LADO OPOSTO AO MAKRO  EM FRENTE A TAMBAÍ.,ESTÂNCIA,,CEASA,ABALROAMENTO LONGITUDINAL,COLISÃO ENVOLVENDO AUTO E MOTONETA.,1,,1,,,,,,,1,,Longo da via,Bom,Não existe,Perfeito estado,Seca,Perfeito estado,Não existe,Outras,,Dupla,Canteiro central,,
2019-02-22,10:42:00,SEM VÍTIMA,CANCELADA,BOA VIAGEM,AV CONSELHEIRO AGUIAR,70,RUA BARAO DE SOUZA LEAO,EM FRENTE AO EDF RIO BRANCO,AV CONSELHEIRO AGUIAR,70,EM FRENTE AO EDF RIO BRANCO,BOA VIAGEM,419,,COLISÃO,SEM VITIMAS,1,,,,,1,,,,0,,,,,,,,,,,,,,
2019-02-22,10:52:00,SEM VÍTIMA,FINALIZADA,BOA VIAGEM,AV ENGENHEIRO DOMINGOS FERREIRA,,RUA ARTUR MUNIZ,,AV ENGENHEIRO DOMINGOS FERREIRA,,,BOA VIAGEM,,SUBURBIO,ABALROAMENTO LONGITUDINAL,SEM VÍTIMAS OS DOIS VEÍCULOS ESTÃO IMPOSSIBILITADOS DE SEREM REMOVIDOS DO LOCAL.,2,,,,,,,,,0,,Cruzamento,Bom,Sem defeito,Perfeito estado,Seca,Perfeito estado,Faixa de pedestre,Outras,60 km/h,Única,Canteiro central,,
2019-02-22,10:53:00,SEM VÍTIMA,FINALIZADA,IMBIRIBEIRA,RUA GENERAL GOES MONTEIRO,61,RUA CONEGO LIRA,PRÓXIMO AO Nº 61,RUA GENERAL GOES MONTEIRO,61,PRÓXIMO AO Nº 61,IMBIRIBEIRA,,CIDADE,ABALROAMENTO TRANSVERSAL,SEM VITIMAS,2,,,,,,,,,0,,Cruzamento,Bom,Não existe,Não existente,Seca,Perfeito estado,Não existe,Não há placas,30 km/h,Dupla,Não existe,,
2019-02-22,11:37:00,SEM VÍTIMA,FINALIZADA,BOA VIAGEM,RUA JOSE MARIA DE MIRANDA,,AV ENGENHEIRO DOMINGOS FERREIRA,BAR DO PAULINHO,RUA JOSE MARIA DE MIRANDA,,BAR DO PAULINHO,BOA VIAGEM,484,SUBURBIO,ABALROAMENTO LONGITUDINAL,AUTO E CAMINHÃO,1,,,,,,1,,,0,,Cruzamento,Bom,Sem defeito,Perfeito estado,Seca,Perfeito estado,,Não há placas,30 km/h,Única,,,
2019-02-22,11:47:00,SEM VÍTIMA,FINALIZADA,BOMBA DO HEMETÉRIO,RUA ARLINDO CISNEIRO,237,,,RUA ARLINDO CISNEIRO,237,,BOMBA DO HEMETÉRIO,,CIDADE,ABALROAMENTO LONGITUDINAL,CAMINHAO E AUTO,,,,,,1,1,,,0,,Longo da via,Bom,Não existe,Perfeito estado,Seca,Perfeito estado,Não existe,Não há placas,40 km/h,Dupla,Faixa seccionada,,
2019-02-22,11:48:00,SEM VÍTIMA,FINALIZADA,PAISSANDU,AV GOVERNADOR AGAMENON MAGALHAES,3265,,AO LADO DO CERPE,AV GOVERNADOR AGAMENON MAGALHAES,3265,AO LADO DO CERPE,PAISSANDU,,,COLISÃO TRASEIRA,DOIS AUTOS,2,,,,,,,,,0,,Longo da via,Bom,Não existe,Perfeito estado,Seca,Perfeito estado,,Não há placas,60 km/h,Dupla,Canteiro central,Canal,
2019-02-22,13:17:00,SEM VÍTIMA,FINALIZADA,BOA VISTA,AV MANOEL BORBA,,RUA DA SOLEDADE,,AV MANOEL BORBA,,,BOA VISTA,,CIDADE,ABALROAMENTO LONGITUDINAL,ENTRE AUTOS S/V.,2,,,,,,,,,0,,Cruzamento,Bom,Sem defeito,Perfeito estado,Seca,Perfeito estado,Faixa de pedestre,R-6a,,Única,Faixa seccionada,,
2019-02-22,13:29:00,SEM VÍTIMA,PENDENTE,JIQUIÁ,RUA SAO MIGUEL,1758,,EM FRENTE AO ATACAREJO,RUA SAO MIGUEL,1758,EM FRENTE AO ATACAREJO,JIQUIÁ,,,COLISÃO,AUTO E MOTO S/V,1,1,,,,,,,,0,,,,,,,,,,,,,,
2019-02-22,14:47:00,COM VÍTIMA,FINALIZADA,GRAÇAS,RUA DAS CREOULAS,,RUA JOAQUIM NABUCO,EM FRENTE AO MACUNAÍMA  SENTIDO JAYME DA FONTE,RUA DAS CREOULAS,,EM FRENTE AO MACUNAÍMA  SENTIDO JAYME DA FONTE,GRAÇAS,,,ATROPELAMENTO,ATROPELAMENTO ENVOLVENDO MOTO E PEDESTRE.,,1,,,1,,,,,2,,Cruzamento,Bom,Sem defeito,Perfeito estado,Seca,Perfeito estado,Faixa de pedestre,Outras,,Única,Faixa contínua,,
2019-02-22,15:30:00,SEM VÍTIMA,FINALIZADA,SAN MARTIN,RUA ARSENIO CALACA,472,RUA VISCONDE DE PORTO SEGURO,NA RUA DO BPTRAN,RUA ARSENIO CALACA,472,NA RUA DO BPTRAN,SAN MARTIN,,CIDADE,ABALROAMENTO TRANSVERSAL,COLISAO ENTRE AUTO E MOTO S/V,1,1,,,,,,,,0,,Cruzamento,Bom,Não existe,Não existente,Seca,Perfeito estado,,Não há placas,,Dupla,Faixa seccionada,,
2019-02-22,15:31:00,SEM VÍTIMA,FINALIZADA,VÁRZEA,RUA PROFESSOR CHAVES BATISTA,510,RUA EMILIANO BRAGA,,RUA PROFESSOR CHAVES BATISTA,510,,VÁRZEA,,CIDADE,ABALROAMENTO LONGITUDINAL,CAMINHÃO X AUTO S/V,1,,,,,,1,,,0,,,Bom,Não existe,Não existente,Seca,Perfeito estado,Não existe,Não há placas,,Única,Não existe,,
2019-02-22,15:41:00,SEM VÍTIMA,FINALIZADA,CORDEIRO,RUA MARIA QUITERIA,100,RUA ANTERO MOTA,,RUA MARIA QUITERIA,100,,CORDEIRO,,SUBURBIO,ABALROAMENTO LONGITUDINAL,ENTRE AUTOS S/V.,2,,,,,,,,,0,,,Bom,Não existe,Não existente,Seca,Perfeito estado,Não existe,Não há placas,,Única,Não existe,,
2019-02-22,15:44:00,SEM VÍTIMA,FINALIZADA,,RUA VISCONDE DE JEQUITINHONHA,,RUA BALTAZAR PASSOS,,RUA VISCONDE DE JEQUITINHONHA,,,,154,SUBURBIO,COLISÃO TRASEIRA,ENTRE DOIS AUTOS S/V,2,,,,,,,,,0,,Cruzamento,Bom,Sem defeito,Perfeito estado,Seca,Perfeito estado,Faixa de pedestre,Não há placas,,Única,Faixa seccionada,,
2019-02-22,15:53:00,SEM VÍTIMA,FINALIZADA,BOA VIAGEM,AV BOA VIAGEM,1044,,EDF JULIANA DIAS,AV BOA VIAGEM,1044,EDF JULIANA DIAS,BOA VIAGEM,,CIDADE,ABALROAMENTO LONGITUDINAL,AUTO X MOTO S/V,1,1,,,,,,,,0,,Longo da via,Bom,Não existe,Perfeito estado,Seca,Perfeito estado,Não existe,Outras,60 km/h,Única,Faixa seccionada,,
2019-02-22,16:19:00,SEM VÍTIMA,CANCELADA,ÁGUA FRIA,RUA SAO SEBASTIAO,526,,PRÓX À IGREJA DEUS É AMOR,RUA SAO SEBASTIAO,526,PRÓX À IGREJA DEUS É AMOR,ÁGUA FRIA,,,COLISÃO,ENTRE AUTOS S/V,2,,,,,,,,,0,,,,,,,,,,,,,,
2019-02-22,16:46:00,SEM VÍTIMA,FINALIZADA,CORDEIRO,RUA GOMES TABORDA,298,,,RUA GOMES TABORDA,298,,CORDEIRO,,SUBURBIO,COLISÃO TRASEIRA,ENTRE AUTOS S/V,2,,,,,,,,,0,,Longo da via,Bom,Não existe,Perfeito estado,Seca,Perfeito estado,Não existe,R-6a,,Dupla,Faixa seccionada,,
2019-02-22,16:52:00,SEM VÍTIMA,FINALIZADA,ENCRUZILHADA,AV JOAO DE BARROS,1629,RUA ALFREDO DE CASTRO,A RUA EM FRENTE A CONFEDERAÇÃO ESPIRITA PERNAMBUCANA,AV JOAO DE BARROS,1629,A RUA EM FRENTE A CONFEDERAÇÃO ESPIRITA PERNAMBUCANA,ENCRUZILHADA,,SUBURBIO,ABALROAMENTO LONGITUDINAL,COLISÃO SEM VITIMAS,1,,,,,1,,,,0,,,Bom,Não existe,Perfeito estado,Seca,Perfeito estado,Não existe,Outras,,Única,Faixa seccionada,,
2019-02-22,17:04:00,SEM VÍTIMA,CANCELADA,BOA VIAGEM,RUA VISCONDE DE JEQUITINHONHA,,,PROX. AO SO CALDINHO E O PONTEIO,RUA VISCONDE DE JEQUITINHONHA,,PROX. AO SO CALDINHO E O PONTEIO,BOA VIAGEM,,,COLISÃO,COLISÃO SEM VITIMAS,1,1,,,,,,,,0,,,,,,,,,,,,,,