data,hora,natureza_acidente,situacao,bairro,endereco,numero,detalhe_endereco_acidente,complemento,endereco_cruzamento,numero_cruzamento,referencia_cruzamento,bairro_cruzamento,num_semaforo,sentido_via,tipo,descricao,auto,moto,ciclom,ciclista,pedestre,onibus,caminhao,viatura,outros,vitimas,vitimasfatais,acidente_verificado,tempo_clima,situacao_semaforo,sinalizacao,condicao_via,conservacao_via,ponto_controle,situacao_placa,velocidade_max_via,mao_direcao,divisao_via1,divisao_via2,divisao_via3
2019-02-22,17:05:00,SEM VÍTIMA,DUPLICIDADE,ESPINHEIRO,AV JOAO DE BARROS,,RUA ALFREDO DE CASTRO,PRÓX AO COLÉGIO SABER VIVER E À FEDERAÇÃO ESPÍRITA PERNAMBUCADA,AV JOAO DE BARROS,,PRÓX AO COLÉGIO SABER VIVER E À FEDERAÇÃO ESPÍRITA PERNAMBUCADA,ESPINHEIRO,,,COLISÃO,AUTO X ÔNIBUS S/V,1,,,,,1,,,,0,,,,,,,,,,,,,,
2019-02-22,17:10:00,SEM VÍTIMA,FINALIZADA,BOA VIAGEM,RUA DOS NAVEGANTES,2563,RUA DONA BENVINDA DE FARIAS,,RUA DOS NAVEGANTES,2563,,BOA VIAGEM,,SUBURBIO,COLISÃO TRASEIRA,ENTRE DOIS AUTOS,2,,,,,,,,,0,,Longo da via,Bom,Não existe,Ilegível,Seca,Perfeito estado,Não existe,Outras,,Única,Faixa seccionada,,
2019-02-22,17:58:00,SEM VÍTIMA,FINALIZADA,GUABIRABA,AV DA RECUPERACAO,,,EM FRENTE AO Nº 212,AV DA RECUPERACAO,,EM FRENTE AO Nº 212,GUABIRABA,,,COLISÃO TRASEIRA,ÔNIBUS X AUTO S/V,1,,,,,1,,,,0,,Longo da via,Bom,Não existe,Incompleta,Seca,Perfeito estado,Não existe,Não há placas,,Dupla,Não existe,,
2019-02-22,18:15:00,SEM VÍTIMA,FINALIZADA,SANTO AMARO,AV NORTE,,,EM FRENTE A PRAÇA CASTRO ALVES,AV NORTE,,EM FRENTE A PRAÇA CASTRO ALVES,SANTO AMARO,,CIDADE,ABALROAMENTO LONGITUDINAL,PALIO X ONIBUS PEDROSA,1,,,,,1,,,,0,,Longo da via,Bom,Sem defeito,Perfeito estado,Seca,Perfeito estado,Faixa de pedestre,R-6a,,Dupla,Faixa seccionada,,
2019-02-22,18:31:00,COM VÍTIMA,FINALIZADA,AFOGADOS,EST DOS REMEDIOS,1603,RUA PADRE TEOFILO TWORZ,CONCESSIONÁRIA HYUNDAI,EST DOS REMEDIOS,1603,CONCESSIONÁRIA HYUNDAI,AFOGADOS,390,CIDADE,COLISÃO COM CICLISTA,COLISÃO ENVOLVENDO AUTO E CICLISTA.,1,,,1,,,,,,1,,Cruzamento,Bom,Sem defeito,Perfeito estado,Seca,Perfeito estado,Faixa de pedestre,R-6a,,Única,Faixa contínua,,
2019-02-22,18:37:00,SEM VÍTIMA,FINALIZADA,GRAÇAS,RUA AMELIA,,RUA ANTONIO NOVAIS,PROX AO COLEGIO PRESBITERIANO AGNES,RUA AMELIA,,PROX AO COLEGIO PRESBITERIANO AGNES,GRAÇAS,178,CIDADE,COLISÃO TRASEIRA,HB 20 X FIESTA,2,,,,,,,,,0,,Longo da via,Bom,Sem defeito,Perfeito estado,Seca,Perfeito estado,Faixa de pedestre,Outras,,Única,Faixa seccionada,,
2019-02-22,19:24:00,SEM VÍTIMA,FINALIZADA,DERBY,AV GOVERNADOR AGAMENON MAGALHAES,,,SEMÁFORO 174,AV GOVERNADOR AGAMENON MAGALHAES,,SEMÁFORO 174,DERBY,174,,ABALROAMENTO LONGITUDINAL,ENTRE 2 AUTOS. S/V,2,,,,,,,,,0,,Longo da via,Bom,Sem defeito,Perfeito estado,Seca,Perfeito estado,Faixa de pedestre,,,Dupla,Canal,,
2019-02-22,19:44:00,COM VÍTIMA,FINALIZADA,SÃO JOSÉ,AV DANTAS BARRETO,,RUA DO PEIXOTO,PROX AOS CAMELODROMOS,AV DANTAS BARRETO,,PROX AOS CAMELODROMOS,SÃO JOSÉ,181,SUBURBIO,ABALROAMENTO TRANSVERSAL,COLISÃO ENVOLVENDO AUTO E MOTO.,1,1,,,,,,,,1,,Cruzamento,Bom,Sem defeito,Perfeito estado,Seca,Perfeito estado,Faixa de pedestre,Não há placas,,Única,Não existe,,
2019-02-22,20:07:00,SEM VÍTIMA,FINALIZADA,AFLITOS,RUA DR JOSE MARIA,,RUA CAPITAO SAMPAIO XAVIER,E/F AO PORTAL DA PICANHA,RUA DR JOSE MARIA,,E/F AO PORTAL DA PICANHA,AFLITOS,,SUBURBIO,ABALROAMENTO TRANSVERSAL,ENTRE 2 AUTOS. S/V,2,,,,,,,,,0,,,Bom,Não existe,Perfeito estado,Seca,Perfeito estado,,,,Dupla,,,
2019-02-22,20:24:00,SEM VÍTIMA,FINALIZADA,SANTO AMARO,AV GOVERNADOR AGAMENON MAGALHAES,,,ACADEMIA DA CIDADE,AV GOVERNADOR AGAMENON MAGALHAES,,ACADEMIA DA CIDADE,SANTO AMARO,,SUBURBIO,ABALROAMENTO LONGITUDINAL,ONIBUS X LOGAN,1,,,,,1,,,,0,,Longo da via,Bom,Sem defeito,Perfeito estado,Seca,Perfeito estado,,Outras,60 km/h,Única,Faixa seccionada,,
2019-02-22,22:06:00,SEM VÍTIMA,FINALIZADA,GRAÇAS,AV BEIRA RIO,1219,RUA CLOVIS BEVILAQUA,,AV BEIRA RIO,1219,,GRAÇAS,,CIDADE,ABALROAMENTO TRANSVERSAL,SAVEIRO X FIAT STRADA,2,,,,,,,,,0,,,Bom,Não existe,Perfeito estado,Seca,Perfeito estado,,Placas Pare,,Dupla,,,
2019-02-22,23:22:00,SEM VÍTIMA,CANCELADA,PINA,AV HERCULANO BANDEIRA,,,E/F A JBS / APÓS O ATACADO DA CONSTRUÇÃO / NA DESCIDA DO VIADUTO,AV HERCULANO BANDEIRA,,E/F A JBS / APÓS O ATACADO DA CONSTRUÇÃO / NA DESCIDA DO VIADUTO,PINA,,,COLISÃO,ENTRE 2 AUTOS. S/V,2,,,,,,,,,0,,,,,,,,,,,,,,
2019-02-23,00:31:00,SEM VÍTIMA,FINALIZADA,IBURA,AV DOM HELDER CAMARA,,,EM FRENTE AO JUNIOR CAR,AV DOM HELDER CAMARA,,EM FRENTE AO JUNIOR CAR,IBURA,,SUBURBIO,ABALROAMENTO LONGITUDINAL,COLISÃO ENTRE DOIS AUTOS  SEM VÍTIMAS.,2,,,,,,,,,0,,Longo da via,Bom,Sem defeito,Perfeito estado,Seca,Perfeito estado,Não existe,Não há placas,,Única,Faixa seccionada,,
2019-02-23,01:24:00,SEM VÍTIMA,CANCELADA,AREIAS,AV TENENTE FELIPE BANDEIRA DE MELO,,RUA GENERAL FRANCISCO FIGUEIROA,PROX DA CENTRAL DO SANDUICHE,AV TENENTE FELIPE BANDEIRA DE MELO,,PROX DA CENTRAL DO SANDUICHE,AREIAS,,,COLISÃO,COLISÃO ENTRE DOIS AUTOS S/V,2,,,,,,,,,0,,,,,,,,,,,,,,
2019-02-23,06:35:00,SEM VÍTIMA,CANCELADA,MADALENA,RUA BENFICA,,,EM FRENTE AO CLUBE INTERNACIONAL,RUA BENFICA,,EM FRENTE AO CLUBE INTERNACIONAL,MADALENA,515,,COLISÃO,COLISÃO SEM VITIMAS,2,,,,,,,,,0,,,,,,,,,,,,,,
2019-02-23,07:10:00,COM VÍTIMA,FINALIZADA,IPSEP,AV RECIFE,,,EM FRENTE AO POSTO DE GASOLINA IPIRANGA,AV RECIFE,,EM FRENTE AO POSTO DE GASOLINA IPIRANGA,IPSEP,393,SUBURBIO,ABALROAMENTO TRANSVERSAL,COLISÃO ENVOLVENDO AUTO E MOTO.,1,1,,,,,,,,1,,Longo da via,Bom,Sem defeito,Perfeito estado,Seca,Perfeito estado,Faixa de pedestre,Outras,60 km/h,Única,Faixa contínua,,
2019-02-23,07:45:00,SEM VÍTIMA,FINALIZADA,AREIAS,AV RECIFE,844,,EMJ VEÍCULOS,AV RECIFE,844,EMJ VEÍCULOS,AREIAS,59,CIDADE,TOMBAMENTO,,,,,,,,1,,1,0,,Longo da via,Bom,Sem defeito,Perfeito estado,Seca,Perfeito estado,Faixa de pedestre,,,Dupla,Canteiro central,,
2019-02-23,08:13:00,SEM VÍTIMA,FINALIZADA,LINHA DO TIRO,RUA URIEL DE HOLANDA,1359,,EM FRENTE AO CAMPO DO CAFÉ,RUA URIEL DE HOLANDA,1359,EM FRENTE AO CAMPO DO CAFÉ,LINHA DO TIRO,,SUBURBIO,COLISÃO TRASEIRA,COLISÃO SEM VITIMAS,2,,,,,,,,,0,,Longo da via,Bom,Não existe,Perfeito estado,Seca,Perfeito estado,Não existe,Placas Pare,,Dupla,Faixa contínua,Faixa seccionada,
2019-02-23,08:15:00,SEM VÍTIMA,FINALIZADA,SANTO AMARO,AV CRUZ CABUGA,,,LADO OPOSTO AO HOSPITAL NAVAL DO RECIFE,AV CRUZ CABUGA,,LADO OPOSTO AO HOSPITAL NAVAL DO RECIFE,SANTO AMARO,,CIDADE,ABALROAMENTO TRANSVERSAL,DOIS AUTOS,2,,,,,,,,,0,,Longo da via,Bom,Não existe,Perfeito estado,Seca,Perfeito estado,Não existe,Não há placas,,Dupla,Faixa contínua,,
2019-02-23,08:43:00,SEM VÍTIMA,CANCELADA,BOA VIAGEM,AV BOA VIAGEM,3456,,EM FRETE A O EDF REMBRANDT,AV BOA VIAGEM,3456,EM FRETE A O EDF REMBRANDT,BOA VIAGEM,,,COLISÃO,DOIS AUTOS,2,,,,,,,,,0,,,,,,,,,,,,,,
2019-02-23,08:47:00,COM VÍTIMA,FINALIZADA,JORDÃO,AV MARIA IRENE,261,RUA ANTONIO ROCHA,AO LADO DA BASE DA AERONAUTICA.,AV MARIA IRENE,261,AO LADO DA BASE DA AERONAUTICA.,JORDÃO,,CIDADE,COLISÃO TRASEIRA,COLISÃO ENVOLVENDO CAMINHONETE  MICRO-ÔNIBUS E MOTO.,2,1,,,,,,,,1,,Longo da via,Bom,Não existe,Não existente,Seca,Perfeito estado,Não existe,Não há placas,,Dupla,Não existe,,
2019-02-23,09:28:00,SEM VÍTIMA,CANCELADA,BOA VIAGEM,RUA VISCONDE DE JEQUITINHONHA,,RUA DR LUIZ INACIO PESSOA DE MELO,EM FRENTE AO HOTEL RECIFE FLAT,RUA VISCONDE DE JEQUITINHONHA,,EM FRENTE AO HOTEL RECIFE FLAT,BOA VIAGEM,,,COLISÃO,COLISÃO SEM VITIMAS,2,,,,,,,,,0,,,,,,,,,,,,,,
2019-02-23,10:10:00,SEM VÍTIMA,FINALIZADA,DERBY,AV GOVERNADOR AGAMENON MAGALHAES,2291,,LADO OPOSTO AO MEMORIAL SAO JOSE,AV GOVERNADOR AGAMENON MAGALHAES,2291,LADO OPOSTO AO MEMORIAL SAO JOSE,DERBY,68,,COLISÃO TRASEIRA,TRES AUTOS,3,,,,,,,,,0,,Longo da via,Bom,Sem defeito,Perfeito estado,Seca,Perfeito estado,Faixa de pedestre,R-6a,60 km/h,Dupla,Faixa contínua,Faixa seccionada,Canal
2019-02-23,10:20:00,SEM VÍTIMA,FINALIZADA,ILHA DO RETIRO,RUA SPORT CLUBE DO RECIFE,,,EM FRENTE A AO SPORT CLUBE DO RECIFE,RUA SPORT CLUBE DO RECIFE,,EM FRENTE A AO SPORT CLUBE DO RECIFE,ILHA DO RETIRO,,CIDADE,COLISÃO TRASEIRA,COLISÃO SEM VITIMAS,1,,,,,,,2,,0,,Longo da via,Bom,Não existe,Perfeito estado,Seca,Perfeito estado,Não existe,R-6a,,Única,Faixa seccionada,,
2019-02-23,10:22:00,SEM VÍTIMA,CANCELADA,ESPINHEIRO,RUA MARQUES DO PARANA,141,,ESQUINA COM O LAVA JATO,RUA MARQUES DO PARANA,141,ESQUINA COM O LAVA JATO,ESPINHEIRO,,,COLISÃO,DOIS AUTOS,2,,,,,,,,,0,,,,,,,,,,,,,,
2019-02-23,10:33:00,COM VÍTIMA,CANCELADA,APIPUCOS,AV DEZESSETE DE AGOSTO,,RUA MANDACARU,EM FRENTE AO POSTO BR,AV DEZESSETE DE AGOSTO,,EM FRENTE AO POSTO BR,APIPUCOS,500,,COLISÃO,COM UMA VITIMA,1,2,,,,,,,,1,,,,,,,,,,,,,,
2019-02-23,10:50:00,SEM VÍTIMA,FINALIZADA,CASA FORTE,AV DEZESSETE DE AGOSTO,1723,,EM FRENTE A EXTRAFARMA,AV DEZESSETE DE AGOSTO,1723,EM FRENTE A EXTRAFARMA,CASA FORTE,469,CIDADE,CHOQUE VEÍCULO PARADO,COLISÃO SEM VITIMAS,1,,,,,1,,,,0,,Longo da via,Bom,Sem defeito,Perfeito estado,Seca,Perfeito estado,Faixa de pedestre,R-6a,60 km/h,Dupla,Faixa contínua,,
2019-02-23,11:45:00,SEM VÍTIMA,FINALIZADA,APIPUCOS,AV NORTE,,,LADO OPOSTO AO POSTE J009363,AV NORTE,,LADO OPOSTO AO POSTE J009363,APIPUCOS,,SUBURBIO,ABALROAMENTO LONGITUDINAL,COLISÃO SEM VITIMAS,2,,,,,,,,,0,,Longo da via,Bom,Não existe,Perfeito estado,Seca,Perfeito estado,Não existe,R-6a,60 km/h,Dupla,Blocos,,
2019-02-23,12:02:00,SEM VÍTIMA,FINALIZADA,IMBIRIBEIRA,RUA JOAQUIM BANDEIRA,268,AV SUL,,RUA JOAQUIM BANDEIRA,268,,IMBIRIBEIRA,,,ABALROAMENTO TRANSVERSAL,COLISÃO SEM VÍTIMA,1,1,,,,,,,,0,,Cruzamento,Bom,Não existe,Não existente,Seca,Perfeito estado,Não existe,Não há placas,,Única,Faixa seccionada,,
2019-02-23,12:12:00,SEM VÍTIMA,FINALIZADA,NOVA DESCOBERTA,AV VEREADOR OTACILIO AZEVEDO,2332,RUA DR ANTONIO DA ROSA BORGES,,AV VEREADOR OTACILIO AZEVEDO,2332,,NOVA DESCOBERTA,,SUBURBIO,ABALROAMENTO LONGITUDINAL,ONIBUS E AUTO,1,,,,,1,,,,0,,,Bom,Não existe,Perfeito estado,Seca,Perfeito estado,Não existe,R-6a,,Dupla,Não existe,,
2019-02-23,12:23:00,SEM VÍTIMA,FINALIZADA,PINA,RUA MANOEL DE BRITO,243,,POR TRÁS DO MOTEL CORPUS,RUA MANOEL DE BRITO,243,POR TRÁS DO MOTEL CORPUS,PINA,,SUBURBIO,COLISÃO TRASEIRA,COLISÃO SEM VÍTIMA,3,,,,,,,,,0,,Longo da via,Bom,Não existe,Perfeito estado,Seca,Perfeito estado,,R-6a,,Única,Faixa seccionada,Canteiro central,
2019-02-23,12:47:00,SEM VÍTIMA,FINALIZADA,SÃO JOSÉ,RUA IMPERIAL,1198,RUA LOURENCO DA SILVA,AO LADO DA PANIFICADORA PÃO PÃO,RUA IMPERIAL,1198,AO LADO DA PANIFICADORA PÃO PÃO,SÃO JOSÉ,,SUBURBIO,ABALROAMENTO TRANSVERSAL,DOIS AUTO,2,,,,,,,,,0,,Cruzamento,Bom,Não existe,Perfeito estado,Seca,Perfeito estado,Não existe,R-25b,40 km/h,Única,Faixa seccionada,,
2019-02-23,13:33:00,SEM VÍTIMA,CANCELADA,BOA VIAGEM,AV BOA VIAGEM,6500,,EM FRENTE AO EDIFICIO EL GRECO,AV BOA VIAGEM,6500,EM FRENTE AO EDIFICIO EL GRECO,BOA VIAGEM,,,COLISÃO,COLISÃO SEM VÍTIMA,2,,,,,,,,,0,,,,,,,,,,,,,,
2019-02-23,13:38:00,SEM VÍTIMA,FINALIZADA,SANTO AMARO,AV DA SAUDADE ,,RUA TREZE DE MAIO,,AV DA SAUDADE ,,,SANTO AMARO,428,SUBURBIO,ABALROAMENTO TRANSVERSAL,DOIS AUTOS,1,,,,,,,,,0,,Cruzamento,Bom,Sem defeito,Perfeito estado,Seca,Perfeito estado,Faixa de pedestre,Não há placas,,Dupla,Faixa contínua,,
2019-02-23,13:39:00,SEM VÍTIMA,FINALIZADA,TORRE,RUA JOSE BONIFACIO,,,EM FRENTE AO SEMÁFORO Nº 301,RUA JOSE BONIFACIO,,EM FRENTE AO SEMÁFORO Nº 301,TORRE,301,SUBURBIO,ABALROAMENTO LONGITUDINAL,COLISÃO SEM VÍTIMA,1,,,,,,1,,,0,,Longo da via,Bom,Sem defeito,Perfeito estado,Seca,Perfeito estado,Faixa de pedestre,Outras,,Única,Faixa contínua,Faixa seccionada,
2019-02-23,14:01:00,SEM VÍTIMA,FINALIZADA,TORRE,RUA JOSE BONIFACIO,,RUA CONDE DE IRAJA,,RUA JOSE BONIFACIO,,,TORRE,191,SUBURBIO,COLISÃO TRASEIRA,DOIS AUTOS,3,,,,,,,,,0,,Cruzamento,Bom,Sem defeito,Perfeito estado,Seca,Perfeito estado,Faixa de pedestre,Não há placas,,Única,Faixa seccionada,,
2019-02-23,14:48:00,SEM VÍTIMA,FINALIZADA,TORRE,RUA JOSE BONIFACIO,,RUA CONDE DE IRAJA,AO LADO DA PADARIA NOVA ARMADA,RUA JOSE BONIFACIO,,AO LADO DA PADARIA NOVA ARMADA,TORRE,,191,ENGAVETAMENTO,ENTRE DOIS AUTOS,3,,,,,,,,,0,,,,,,,,,,,,,,
2019-02-23,15:10:00,SEM VÍTIMA,FINALIZADA,AFOGADOS,AV SUL,4346,,EM FRENTE À ESTAÇÃO LARGO DA PAZ,AV SUL,4346,EM FRENTE À ESTAÇÃO LARGO DA PAZ,AFOGADOS,,CIDADE,ABALROAMENTO TRANSVERSAL,CAMINHÃO X AUTO S/V,1,,,,,,1,,,0,,Longo da via,Bom,Sem defeito,Perfeito estado,Seca,Perfeito estado,Faixa de pedestre,Outras,,Única,Faixa seccionada,,
2019-02-23,15:36:00,SEM VÍTIMA,FINALIZADA,MACAXEIRA,RUA CORONEL JOAO BATISTA DO REGO BARROS,241,,Nº 241,RUA CORONEL JOAO BATISTA DO REGO BARROS,241,Nº 241,MACAXEIRA,,CIDADE,CHOQUE VEÍCULO PARADO,ENTRE DOIS AUTOS,2,,,,,,,,,0,,Longo da via,Bom,Não existe,Não existente,Seca,Perfeito estado,Não existe,Outras,,Dupla,Não existe,,
2019-02-23,16:25:00,SEM VÍTIMA,CANCELADA,ILHA DO LEITE,RUA JOSE DE ALENCAR,734,,EM FRENTE A UNIMED 3,RUA JOSE DE ALENCAR,734,EM FRENTE A UNIMED 3,ILHA DO LEITE,,,COLISÃO,MOTO E AUTO,1,1,,,,,,,,0,,,,,,,,,,,,,,
2019-02-23,16:39:00,SEM VÍTIMA,FINALIZADA,PINA,AV HERCULANO BANDEIRA,,RUA ARQUITETO AUGUSTO REINALDO,ATACADO DOS PRESENTES,AV HERCULANO BANDEIRA,,ATACADO DOS PRESENTES,PINA,660,SUBURBIO,COLISÃO TRASEIRA,COLISÃO SEM VÍTIMA,2,,,,,,,,,0,,Cruzamento,Bom,Sem defeito,Perfeito estado,Seca,Perfeito estado,Faixa de pedestre,Outras,60 km/h,,Faixa contínua,Faixa seccionada,
2019-02-23,16:47:00,SEM VÍTIMA,FINALIZADA,ILHA DO LEITE,RUA JOSE DE ALENCAR,734,,EM FRENTE A UNIMED 3,RUA JOSE DE ALENCAR,734,EM FRENTE A UNIMED 3,ILHA DO LEITE,,CIDADE,ABALROAMENTO LONGITUDINAL,MOTO E AUTO,1,1,,,,,,,,0,,Longo da via,Bom,Não existe,Perfeito estado,Seca,Perfeito estado,Outros,R-6a,,Dupla,Não existe,,
2019-02-23,17:10:00,SEM VÍTIMA,FINALIZADA,BOA VIAGEM,RUA AMALIA BERNARDINO DE SOUZA,532,,,RUA AMALIA BERNARDINO DE SOUZA,532,,BOA VIAGEM,,CIDADE,COLISÃO FRONTAL,COLISÃO SEM VITIMA,,1,,,,,,,,0,,Longo da via,Bom,Não existe,Não existente,Seca,Perfeito estado,Não existe,Não há placas,,Dupla,Não existe,,
2019-02-23,17:28:00,SEM VÍTIMA,FINALIZADA,COHAB,RUA DR BENIGNO JORDAO DE VASCONCELOS,385,,,RUA DR BENIGNO JORDAO DE VASCONCELOS,385,,COHAB,,SUBURBIO,COLISÃO FRONTAL,COLISÃO SEM VITIMA,1,1,,,,,,,,0,,Longo da via,Bom,Não existe,Incompleta,Seca,Perfeito estado,Não existe,Outras,,Dupla,,,
2019-02-23,17:37:00,SEM VÍTIMA,FINALIZADA,CORDEIRO,AV CAXANGA,,,FORD GRANVIA,AV CAXANGA,,FORD GRANVIA,CORDEIRO,269,SUBURBIO,COLISÃO TRASEIRA,COLISÃO SEM VITIMAS,1,,,,,1,,,,0,,Longo da via,Bom,Sem defeito,Perfeito estado,Seca,Perfeito estado,Faixa de pedestre,Outras,,Dupla,Canteiro central,,
2019-02-23,18:33:00,SEM VÍTIMA,FINALIZADA,CAXANGÁ,RUA HONORIO CORREIA,43,,CASA DE FESTAS PRA BRINCAR,RUA HONORIO CORREIA,43,CASA DE FESTAS PRA BRINCAR,CAXANGÁ,,CIDADE,COLISÃO TRASEIRA,COLISÃO SEM VITIMAS/ O CONDUTOR DO SANDERO ESTÁ ALCOOLIZADO,2,,,,,,,,,0,,Longo da via,Bom,,Perfeito estado,Seca,Perfeito estado,Não existe,Não há placas,,Única,Faixa seccionada,,
2019-02-23,18:38:00,SEM VÍTIMA,CANCELADA,JOANA BEZERRA,AV GOVERNADOR AGAMENON MAGALHAES,,,VIADULTO DA JOANA BEZERRA  OLINDA BOA VIAGEM,AV GOVERNADOR AGAMENON MAGALHAES,,VIADULTO DA JOANA BEZERRA  OLINDA BOA VIAGEM,JOANA BEZERRA,,,COLISÃO,COLISÃO SEM VITIMAS,1,,,,,,1,,,0,,,,,,,,,,,,,,
2019-02-23,18:55:00,SEM VÍTIMA,CANCELADA,JOANA BEZERRA,VIADUTO CAPITAO TEMUDO,,,APOS A ESTAÇÃO SOBRE O VIADULTO  APOS O POSTO POLICIAL SENTIDO BOA VIAGEM,VIADUTO CAPITAO TEMUDO,,APOS A ESTAÇÃO SOBRE O VIADULTO  APOS O POSTO POLICIAL SENTIDO BOA VIAGEM,JOANA BEZERRA,,,COLISÃO,COLISÃO SEM VITIMAS,2,,,,,,,,,0,,,,,,,,,,,,,,
2019-02-23,19:06:00,SEM VÍTIMA,FINALIZADA,ESPINHEIRO,AV GOVERNADOR AGAMENON MAGALHAES,1800,RUA ANTONIO SIMOES,MINISTÉRIO PÚBLICO FEDERAL,AV GOVERNADOR AGAMENON MAGALHAES,1800,MINISTÉRIO PÚBLICO FEDERAL,ESPINHEIRO,,SUBURBIO,ABALROAMENTO LONGITUDINAL,ENTRE 2 AUTOS. S/V,2,,,,,,,,,0,,Longo da via,Bom,Não existe,Incompleta,Seca,Perfeito estado,Não existe,Não há placas,30 km/h,,Não existe,,
2019-02-23,20:12:00,COM VÍTIMA,FINALIZADA,ESTÂNCIA,AV DR JOSE RUFINO,1488,,NA ENTRADA DA MUSTARDINHA / AO LADO DO BODE DO Nô / E/F AO ARMAZÉM CORAL / SNT CID-SUB / PRÓX AO POSTO BR,AV DR JOSE RUFINO,1488,NA ENTRADA DA MUSTARDINHA / AO LADO DO BODE DO Nô / E/F AO ARMAZÉM CORAL / SNT CID-SUB / PRÓX AO POSTO BR,ESTÂNCIA,,SUBURBIO,ATROPELAMENTO,ATROPELAMENTO ENVOLVENDO AUTO E PEDESTRE.,1,,,,1,,,,,1,,Longo da via,Bom,Não existe,Perfeito estado,Seca,,,Outras,,Dupla,Faixa contínua,,
2019-02-23,21:00:00,SEM VÍTIMA,FINALIZADA,JAQUEIRA,RUA DO FUTURO,,RUA DEPUTADO PEDRO PIRES FERREIRA,LIVRARIA JAQUEIRA,RUA DO FUTURO,,LIVRARIA JAQUEIRA,JAQUEIRA,,CIDADE,ABALROAMENTO TRANSVERSAL,COLISÃO SEM VITIMA,2,,,,,,,,,0,,Cruzamento,Bom,Não existe,Ilegível,Seca,Perfeito estado,Outros,Placas Pare,40 km/h,Única,Não existe,,
2019-02-23,21:27:00,SEM VÍTIMA,FINALIZADA,CABANGA,VIADUTO CAPITAO TEMUDO,,,2º ALÇA DE ACESSO AO CABANGA,VIADUTO CAPITAO TEMUDO,,2º ALÇA DE ACESSO AO CABANGA,CABANGA,,SUBURBIO,COLISÃO TRASEIRA,SEM VITIMA,2,,,,,,,,,0,,Viaduto,Bom,Não existe,Perfeito estado,Seca,Perfeito estado,Não existe,Outras,60 km/h,Única,Faixa seccionada,,
2019-02-23,23:07:00,COM VÍTIMA,FINALIZADA,MUSTARDINHA,RUA VINTE E UM DE ABRIL,,RUA NOGUEIRA DE MELO,E/F AO CAFÉ PETINHO FÁBRICA,RUA VINTE E UM DE ABRIL,,E/F AO CAFÉ PETINHO FÁBRICA,MUSTARDINHA,,SUBURBIO,ABALROAMENTO TRANSVERSAL,ENTRE 2 AUTOS. C/V,2,,,,,,,,,1,,Longo da via,Bom,Não existe,Perfeito estado,Seca,Perfeito estado,Não existe,Não há placas,,Dupla,Não existe,,
2019-02-23,23:40:00,SEM VÍTIMA,FINALIZADA,SAN MARTIN,AV JOAO CABRAL DE MELO NETO,,,POSTE DE CONCRETO Nº H025654,AV JOAO CABRAL DE MELO NETO,,POSTE DE CONCRETO Nº H025654,SAN MARTIN,,SUBURBIO,COLISÃO TRASEIRA,ENTRE 2 QAUTOS. S/V,2,,,,,,,,,0,,Longo da via,Bom,Não existe,Perfeito estado,Seca,Perfeito estado,Não existe,Não há placas,40 km/h,Dupla,Canteiro central,,
2019-02-24,01:20:00,SEM VÍTIMA,CANCELADA,VÁRZEA,RUA EMILIANO BRAGA,,RUA PROFESSOR ANTONIO COELHO,POR TRÁS DA INTEGRAÇÃO DA CAXANGÁ//,RUA EMILIANO BRAGA,,POR TRÁS DA INTEGRAÇÃO DA CAXANGÁ//,VÁRZEA,,,COLISÃO,COLISÃO ENTRE DOIS AUTOS  SEM VÍTIMAS.,2,,,,,,,,,0,,,,,,,,,,,,,,
2019-02-24,04:21:00,SEM VÍTIMA,FINALIZADA,VÁRZEA,RUA EMILIANO BRAGA,157,RUA PROFESSOR ANTONIO COELHO,FRENTE AO Nº 157,RUA EMILIANO BRAGA,157,FRENTE AO Nº 157,VÁRZEA,,SUBURBIO,ABALROAMENTO TRANSVERSAL,COLISÃO ENTRE DOIS AUTOS  SEM VÍTIMAS.,2,,,,,,,,,0,,Cruzamento,Chuvoso,Não existe,Perfeito estado,Molhada,Perfeito estado,,Outras,,Dupla,Não existe,,
2019-02-24,09:53:00,SEM VÍTIMA,FINALIZADA,BAIRRO DO RECIFE,PTE BUARQUE DE MACEDO,,,SOB O SEMÁFORO DE Nº 019,PTE BUARQUE DE MACEDO,,SOB O SEMÁFORO DE Nº 019,BAIRRO DO RECIFE,,SUBURBIO,ABALROAMENTO LONGITUDINAL,COLISÃO SEM VITIMAS,1,,,,,,1,,,0,,Longo da via,Bom,Sem defeito,Perfeito estado,Seca,Perfeito estado,,,,Única,,,
2019-02-24,13:41:00,SEM VÍTIMA,FINALIZADA,PARNAMIRIM,RUA SEBASTIAO ALVES,273,RUA PADRE ROMA,EM FRENTE AO FAACA BOTECO E PARRILLA,RUA SEBASTIAO ALVES,273,EM FRENTE AO FAACA BOTECO E PARRILLA,PARNAMIRIM,,SUBURBIO,ABALROAMENTO TRANSVERSAL,COLISÃO SEM VITIMAS,2,,,,,,,,,0,,Cruzamento,Bom,Não existe,Perfeito estado,Seca,Perfeito estado,Não existe,Outras,,Única,Não existe,,
2019-02-24,15:28:00,SEM VÍTIMA,FINALIZADA,BAIRRO DO RECIFE,PTE CONDE MAURICIO DE NASSAU,,,,PTE CONDE MAURICIO DE NASSAU,,,BAIRRO DO RECIFE,,CIDADE,COLISÃO TRASEIRA,COLISÃO SEM VITIMAS,2,,,,,,,,,0,,Ponte,Bom,Não existe,Perfeito estado,Seca,Perfeito estado,Não existe,Não há placas,,Única,Faixa seccionada,,