data,hora,natureza_acidente,situacao,bairro,endereco,numero,detalhe_endereco_acidente,complemento,endereco_cruzamento,numero_cruzamento,referencia_cruzamento,bairro_cruzamento,num_semaforo,sentido_via,tipo,descricao,auto,moto,ciclom,ciclista,pedestre,onibus,caminhao,viatura,outros,vitimas,vitimasfatais,acidente_verificado,tempo_clima,situacao_semaforo,sinalizacao,condicao_via,conservacao_via,ponto_controle,situacao_placa,velocidade_max_via,mao_direcao,divisao_via1,divisao_via2,divisao_via3
2019-02-24,15:52:00,SEM VÍTIMA,FINALIZADA,BOA VIAGEM,RUA BALTAZAR PASSOS,,RUA COSMORAMA,POSTO BR,RUA BALTAZAR PASSOS,,POSTO BR,BOA VIAGEM,556,,ABALROAMENTO TRANSVERSAL,COLISÃO SEM VITIMAS,2,,,,,,,,,0,,Cruzamento,Bom,Sem defeito,Perfeito estado,Seca,Perfeito estado,Faixa de pedestre,R-6a,,Dupla,Não existe,,
2019-02-24,17:36:00,SEM VÍTIMA,FINALIZADA,JARDIM SÃO PAULO,RUA ANIBAL PORTELA,173,,,RUA ANIBAL PORTELA,173,,JARDIM SÃO PAULO,,SUBURBIO,COLISÃO TRASEIRA,COLISÃO SEM VITIMAS,2,1,,,,,,,,0,,Longo da via,Bom,Não existe,,Seca,Perfeito estado,Agente,,30 km/h,Dupla,Não existe,,
2019-02-24,18:48:00,COM VÍTIMA,FINALIZADA,CASA FORTE,AV DEZESSETE DE AGOSTO,,,ENF A PRC DE CASA FORTE E O POSTO POLICIAL. LADO OPOSTO A PARADA DE ÔNIBUS Nº 100090,AV DEZESSETE DE AGOSTO,,ENF A PRC DE CASA FORTE E O POSTO POLICIAL. LADO OPOSTO A PARADA DE ÔNIBUS Nº 100090,CASA FORTE,,CIDADE,COLISÃO COM CICLISTA,COLISÃO ENVOLVENDO MOTONETA E CICLISTA.,,,1,1,,,,,,1,,Longo da via,Bom,Sem defeito,Perfeito estado,Seca,Perfeito estado,,R-6a,60 km/h,Dupla,Faixa contínua,,
2019-02-24,19:37:00,SEM VÍTIMA,FINALIZADA,ESTÂNCIA,RUA SAO MIGUEL,,,LADO OPOSTO AO POSTO DE GASOLINA PETROISA,RUA SAO MIGUEL,,LADO OPOSTO AO POSTO DE GASOLINA PETROISA,ESTÂNCIA,,CIDADE,ABALROAMENTO LONGITUDINAL,COLISÃO SEM VITIMAS,2,,,,,,,,,0,,Longo da via,Bom,Não existe,Perfeito estado,Seca,Perfeito estado,,,,Dupla,,,
2019-02-24,20:06:00,SEM VÍTIMA,DUPLICIDADE,BARRO,AV DR JOSE RUFINO,1958,,UM POUCO AFRENTE DO COLEGIO VISAO / PROX AO POSTO PETROISA,AV DR JOSE RUFINO,1958,UM POUCO AFRENTE DO COLEGIO VISAO / PROX AO POSTO PETROISA,BARRO,,,COLISÃO,RENAULT KWID X PEUGEOT,2,,,,,,,,,0,,,,,,,,,,,,,,
2019-02-24,20:55:00,SEM VÍTIMA,CANCELADA,SANTO AMARO,AV GOVERNADOR AGAMENON MAGALHAES,,,DEPOIS DO SHOPPING TACARUNA PROX AO POSTO IPIRANGA E ACADEMIA DO BAIRRO // SENTIDO BOA VIAGEM,AV GOVERNADOR AGAMENON MAGALHAES,,DEPOIS DO SHOPPING TACARUNA PROX AO POSTO IPIRANGA E ACADEMIA DO BAIRRO // SENTIDO BOA VIAGEM,SANTO AMARO,,,COLISÃO,TAXI X HONDA CIT,2,,,,,,,,,0,,,,,,,,,,,,,,
2019-02-24,22:31:00,SEM VÍTIMA,CANCELADA,MADALENA,RUA ALBERTO PAIVA,,,PROX A CONCESSIONARIA ALTO PAIVA,RUA ALBERTO PAIVA,,PROX A CONCESSIONARIA ALTO PAIVA,MADALENA,,,COLISÃO,HILUX X ONIBUS CAXANGA,1,,,,,1,,,,0,,,,,,,,,,,,,,
2019-02-24,22:57:00,SEM VÍTIMA,FINALIZADA,ARRUDA,RUA DAS MOCAS,493,,,RUA DAS MOCAS,493,,ARRUDA,,CIDADE,CHOQUE VEÍCULO PARADO,FIESTA X GOL OBS:: VEICULO CAPOTADO,2,,,,,,,,,0,,Longo da via,Bom,Não existe,Perfeito estado,Seca,Perfeito estado,,Outras,,Dupla,,,
2019-02-24,23:05:00,SEM VÍTIMA,FINALIZADA,IMBIRIBEIRA,RUA ARQUITETO LUIZ NUNES,245,AV ENGENHEIRO ALVES DE SOUZA,PROX A FARMACIA DROGASIL,RUA ARQUITETO LUIZ NUNES,245,PROX A FARMACIA DROGASIL,IMBIRIBEIRA,634,SUBURBIO,ABALROAMENTO TRANSVERSAL,MOTO X HILUX,1,1,,,,,,,,0,,Cruzamento,Bom,Sem defeito,Perfeito estado,Seca,Perfeito estado,,R-6a,,Dupla,Faixa seccionada,,
2019-02-25,00:54:00,COM VÍTIMA,FINALIZADA,JORDÃO,RUA DR ALVARO FERRAZ,,RUA JOSE MARTORANO,EM FRENTE AO TERMINAL DE ÔNIBUS DO JORDÃO BAIXO,RUA DR ALVARO FERRAZ,,EM FRENTE AO TERMINAL DE ÔNIBUS DO JORDÃO BAIXO,JORDÃO,,CIDADE,ABALROAMENTO TRANSVERSAL,COLISÃO ENVOLVENDO DOIS AUTOMÓVEIS.,2,,,,,,,,,1,,Cruzamento,Bom,Não existe,Perfeito estado,Seca,Perfeito estado,,,,Única,,,
2019-02-25,07:20:00,SEM VÍTIMA,FINALIZADA,TORRE,RUA URIEL PAES BARRETO,,RUA PESSOA DE MELO,,RUA URIEL PAES BARRETO,,,TORRE,,SUBURBIO,ABALROAMENTO TRANSVERSAL,DOIS AUTOS,2,,,,,,,,,0,,Cruzamento,Bom,Não existe,Perfeito estado,Seca,Perfeito estado,Outros,Não há placas,,Dupla,Não existe,,
2019-02-25,07:21:00,COM VÍTIMA,FINALIZADA,SANTO AMARO,AV GOVERNADOR AGAMENON MAGALHAES,317,,PISTA LOCAL  AO LADO DO POSTO DE GASOLINA BR SENT. DERBY EM FRENTE A IGREJA ASSEMBLEIA DE DEUS,AV GOVERNADOR AGAMENON MAGALHAES,317,PISTA LOCAL  AO LADO DO POSTO DE GASOLINA BR SENT. DERBY EM FRENTE A IGREJA ASSEMBLEIA DE DEUS,SANTO AMARO,,OLINDA,ABALROAMENTO LONGITUDINAL,COLISÃO ENVOLVENDO DOIS AUTOMÓVEIS E UMA MOTOCICLETA.,2,1,,,,,,,,1,,Longo da via,Bom,Não existe,Perfeito estado,Seca,Perfeito estado,Não existe,Não há placas,,Dupla,Não existe,,
2019-02-25,07:33:00,SEM VÍTIMA,FINALIZADA,BOA VIAGEM,AV DES JOSE NEVES,,RUA BARAO DE SOUZA LEAO,AO LADO DO SUPERMERCADO TREVO,AV DES JOSE NEVES,,AO LADO DO SUPERMERCADO TREVO,BOA VIAGEM,476,CIDADE,COLISÃO TRASEIRA,COLISÃO SEM VITIMAS,2,,,,,,1,,,0,,Longo da via,Bom,Sem defeito,Perfeito estado,Seca,Perfeito estado,Não existe,Não há placas,,Dupla,Canal,,
2019-02-25,07:44:00,SEM VÍTIMA,FINALIZADA,ESPINHEIRO,RUA AFONSO BATISTA,201,,EM FRENTE AO EDIFICIO MARIANA,RUA AFONSO BATISTA,201,EM FRENTE AO EDIFICIO MARIANA,ESPINHEIRO,,CIDADE,COLISÃO TRASEIRA,COLISÃO SEM VITIMAS,3,,,,,,,,,0,,Longo da via,Bom,Não existe,Perfeito estado,Seca,Perfeito estado,Não existe,Não há placas,,Dupla,Não existe,,
2019-02-25,07:44:00,SEM VÍTIMA,FINALIZADA,IPSEP,AV RECIFE,,AV RAIMUNDO DINIZ,,AV RECIFE,,,IPSEP,247,,ABALROAMENTO LONGITUDINAL,SEM VÍTIMAS,1,1,,,,,,,,0,,,Bom,Sem defeito,Perfeito estado,Seca,Perfeito estado,Faixa de pedestre,Outras,,Dupla,Faixa contínua,,
2019-02-25,07:49:00,SEM VÍTIMA,FINALIZADA,IBURA,LAD DA COHAB,,,AO LADO DO LAVA JATO,LAD DA COHAB,,AO LADO DO LAVA JATO,IBURA,,SUBURBIO,ABALROAMENTO TRANSVERSAL,COLISÃO SEM VITIMAS,2,,,,,,,,,0,,Longo da via,Bom,Não existe,Não existente,Seca,Mal conservada,Agente,Não há placas,,Dupla,Não existe,,
2019-02-25,08:17:00,SEM VÍTIMA,FINALIZADA,TAMARINEIRA,AV CONS ROSA E SILVA,,RUA SIMAO MENDES,,AV CONS ROSA E SILVA,,,TAMARINEIRA,253,SUBURBIO,ABALROAMENTO LONGITUDINAL,CAMINHÃO E DOIS AUTO,2,,,,,,1,,,0,,Cruzamento,Bom,Sem defeito,Perfeito estado,Seca,Perfeito estado,Faixa de pedestre,Não há placas,,Única,Faixa contínua,,
2019-02-25,08:30:00,SEM VÍTIMA,FINALIZADA,SANTO AMARO,RUA AFONSO PENA,533,,PRÓXIMO AO RM EXPRESS,RUA AFONSO PENA,533,PRÓXIMO AO RM EXPRESS,SANTO AMARO,,SUBURBIO,ABALROAMENTO LONGITUDINAL,COLISÃO ENTRE CARRO FORTE E VT GCM RECIFE,2,,,,,,,,,0,,Longo da via,Bom,Não existe,Ilegível,Seca,Perfeito estado,Não existe,R-6a,,Dupla,Não existe,,
2019-02-25,08:41:00,SEM VÍTIMA,FINALIZADA,BOA VISTA,RUA DOM BOSCO,,,EM FRENTE AO SEMÁFORO Nº174,RUA DOM BOSCO,,EM FRENTE AO SEMÁFORO Nº174,BOA VISTA,174,SUBURBIO,COLISÃO FRONTAL,DOIS AUTOS BATEDORES NO LOCAL,3,,,,,,,,,0,,Longo da via,Bom,Sem defeito,Perfeito estado,Seca,Perfeito estado,Faixa de pedestre,Não há placas,60 km/h,Única,Faixa contínua,,
2019-02-25,08:42:00,SEM VÍTIMA,FINALIZADA,SANTO AMARO,AV NORTE,466,,LADO OPOSTO AO G4 MAGOS,AV NORTE,466,LADO OPOSTO AO G4 MAGOS,SANTO AMARO,34,CIDADE,ABALROAMENTO LONGITUDINAL,COLSÃO ENTRE DOIS AUTOS,2,,,,,,,,,0,,Longo da via,Bom,Sem defeito,Perfeito estado,Seca,Perfeito estado,Agente,R-6a,,Dupla,Canteiro central,,
2019-02-25,08:49:00,SEM VÍTIMA,FINALIZADA,IPSEP,RUA SAO NICOLAU,,AV RECIFE,SEMÁFORO 016,RUA SAO NICOLAU,,SEMÁFORO 016,IPSEP,,,COLISÃO TRASEIRA,SEM VÍTIMAS. SUB BONIFACIO ( PONTO FIXO) NO LOCAL.,1,,,,,1,,,,0,,Longo da via,Bom,Sem defeito,Perfeito estado,Seca,Perfeito estado,Agente,Não há placas,,Única,Não existe,,
2019-02-25,09:04:00,COM VÍTIMA,FINALIZADA,SANTO AMARO,RUA CAPITAO LIMA,434,AV CRUZ CABUGA,AO LADO DA ASSEMBLEIA DE DEUS EM FRENTE AO ESCRITORIO DA UBER,RUA CAPITAO LIMA,434,AO LADO DA ASSEMBLEIA DE DEUS EM FRENTE AO ESCRITORIO DA UBER,SANTO AMARO,523,CIDADE,ABALROAMENTO LONGITUDINAL,COLISÃO ENVOLVENDO AUTO E MOTO.,1,1,,,,,,,,1,,Cruzamento,Bom,Sem defeito,Perfeito estado,Seca,Perfeito estado,Não existe,Placas Pare,,Dupla,Canteiro central,,
2019-02-25,09:21:00,SEM VÍTIMA,FINALIZADA,PINA,RUA CACILDA IOLANDA PORCIUNCULA,,,AO LADO DA SEDE DA POLÍCIA RODOVIÁRIA FEDERAL,RUA CACILDA IOLANDA PORCIUNCULA,,AO LADO DA SEDE DA POLÍCIA RODOVIÁRIA FEDERAL,PINA,,CIDADE,COLISÃO TRASEIRA,DOIS AUTOS,2,,,,,,,,,0,,Longo da via,Bom,Não existe,Perfeito estado,Seca,Perfeito estado,Não existe,Placas Pare,,Única,,,
2019-02-25,09:30:00,COM VÍTIMA,FINALIZADA,MADALENA,AV CAXANGA,731,,E/F AO PLAZA VEÍCULOS  SENTIDO DERBY. LADO OPOSTO A G1 VEÍCULOS.,AV CAXANGA,731,E/F AO PLAZA VEÍCULOS  SENTIDO DERBY. LADO OPOSTO A G1 VEÍCULOS.,MADALENA,,CIDADE,ATROPELAMENTO,ATROPELAMENTO ENTRE CAMIONETE E PEDESTRE.,1,,,,1,,,,,1,,Longo da via,Bom,Sem defeito,Perfeito estado,Seca,Perfeito estado,Faixa de pedestre,Outras,,Única,Faixa seccionada,Canteiro central,
2019-02-25,09:29:00,COM VÍTIMA,FINALIZADA,SÃO JOSÉ,RUA FLORIANO PEIXOTO,308,RUA BARAO DA VITORIA,PRÓXIMO A CASA DA CULTURA. LADO OPOSTO A ESTAÇÃO FERROVIÁRIA.,RUA FLORIANO PEIXOTO,308,PRÓXIMO A CASA DA CULTURA. LADO OPOSTO A ESTAÇÃO FERROVIÁRIA.,SÃO JOSÉ,12,SUBURBIO,COLISÃO TRASEIRA,COLISÃO ENVOLVENDO AUTO E MOTO.,1,1,,,,,,,,1,,Longo da via,Bom,Sem defeito,Perfeito estado,Seca,Perfeito estado,Faixa de pedestre,R-6a,,Única,Não existe,,
2019-02-25,10:29:00,SEM VÍTIMA,FINALIZADA,PARNAMIRIM,AV DEZESSETE DE AGOSTO,99,,AO LADO DO BANCO BRADESCO,AV DEZESSETE DE AGOSTO,99,AO LADO DO BANCO BRADESCO,PARNAMIRIM,,CIDADE,COLISÃO TRASEIRA,ONIBUS E AUTO,1,,,,,1,,,,0,,Longo da via,Bom,Não existe,Perfeito estado,Seca,Perfeito estado,Não existe,R-6a,,Dupla,Faixa contínua,Faixa seccionada,
2019-02-25,10:49:00,SEM VÍTIMA,FINALIZADA,CORDEIRO,AV CAXANGA,1953,,EM FRENTE DO LABORATORIO CERPE,AV CAXANGA,1953,EM FRENTE DO LABORATORIO CERPE,CORDEIRO,268,CIDADE,COLISÃO TRASEIRA,MOTO E AUTO,1,1,,,,,,,,0,,Longo da via,Bom,Sem defeito,Perfeito estado,Seca,Perfeito estado,Faixa de pedestre,Não há placas,,Dupla,Canteiro central,,
2019-02-25,10:50:00,SEM VÍTIMA,CANCELADA,BOA VIAGEM,RUA FELIX DE BRITO E MELO,,,EM FRENTE AO SUPERMERCADO WALMART,RUA FELIX DE BRITO E MELO,,EM FRENTE AO SUPERMERCADO WALMART,BOA VIAGEM,544,PIEDADE,COLISÃO,COLISÃO SEM VITIMAS,1,,,,,,1,,,0,,,,,,,,,,,,,,
2019-02-25,12:01:00,SEM VÍTIMA,FINALIZADA,AFOGADOS,RUA SAO MIGUEL,27,,FARMACIA DO TRABALHADOR,RUA SAO MIGUEL,27,FARMACIA DO TRABALHADOR,AFOGADOS,53,SUBURBIO,ABALROAMENTO LONGITUDINAL,AUTO E CAMINHAO S/V,1,,,,,,1,,,0,,Longo da via,Bom,Sem defeito,Perfeito estado,Seca,Perfeito estado,Faixa de pedestre,,,Única,Faixa seccionada,,
2019-02-25,12:01:00,SEM VÍTIMA,FINALIZADA,AFOGADOS,AV SUL,1148,,,AV SUL,1148,,AFOGADOS,,CIDADE,COLISÃO,ENTRE DOIS VEÍCULOS,2,,,,,,,,,0,,,,,,,,,,,,,,
2019-02-25,12:03:00,SEM VÍTIMA,FINALIZADA,DERBY,AV GOVERNADOR AGAMENON MAGALHAES,,,ANTES DO SEMÁFORO 174,AV GOVERNADOR AGAMENON MAGALHAES,,ANTES DO SEMÁFORO 174,DERBY,174,,COLISÃO TRASEIRA,COLISÃO SEM VÍTIMA,2,,,,,,,,,0,,Longo da via,Bom,Sem defeito,Perfeito estado,Seca,Perfeito estado,Faixa de pedestre,Não há placas,60 km/h,Dupla,Canal,,
2019-02-25,12:05:00,SEM VÍTIMA,CANCELADA,BOMBA DO HEMETÉRIO,RUA BOMBA DO HEMETERIO,163,,PROX. AO GIGANTE DO SAMBA,RUA BOMBA DO HEMETERIO,163,PROX. AO GIGANTE DO SAMBA,BOMBA DO HEMETÉRIO,,,COLISÃO,ENTRE DUAS MOTOS,,2,,,,,,,,0,,,,,,,,,,,,,,
2019-02-25,12:17:00,COM VÍTIMA,FINALIZADA,TAMARINEIRA,AV NORTE,,RUA CONEGO BARATA,,AV NORTE,,,TAMARINEIRA,,SUBURBIO,ATROPELAMENTO,ATROPELAMENTO ENVOLVENDO MOTOCICLETA E PEDESTRE.,,1,,,1,,,,,1,,Cruzamento,Bom,Sem defeito,Perfeito estado,Seca,Perfeito estado,Faixa de pedestre,Placas Pare,,Dupla,Canteiro central,,
2019-02-25,12:18:00,COM VÍTIMA,FINALIZADA,COELHOS,RUA DOS COELHOS,351,,EM FRENTE AO IMIP,RUA DOS COELHOS,351,EM FRENTE AO IMIP,COELHOS,,CIDADE,COLISÃO COM CICLISTA,COLISÃO ENVOLVENDO MOTO E BICICLETA.,,1,,1,,,,,,1,,Longo da via,Bom,Sem defeito,Perfeito estado,Seca,Perfeito estado,Faixa de pedestre,Não há placas,,Dupla,Faixa,,
2019-02-25,12:47:00,SEM VÍTIMA,FINALIZADA,BOA VIAGEM,RUA BARAO DE SOUZA LEAO,1252,AV DES JOSE NEVES,,RUA BARAO DE SOUZA LEAO,1252,,BOA VIAGEM,476,SUBURBIO,COLISÃO TRASEIRA,COLISÃO SEM VÍTIMA,1,,,,,,1,,,0,,Cruzamento,Bom,Sem defeito,Perfeito estado,Seca,Perfeito estado,Faixa de retenção,Não há placas,,Dupla,Canteiro central,,
2019-02-25,13:08:00,SEM VÍTIMA,CANCELADA,MADALENA,RUA BENFICA,,,EM FRENTE AO POSTO BR,RUA BENFICA,,EM FRENTE AO POSTO BR,MADALENA,,,COLISÃO,S/V,,,,,,,,,,0,,,,,,,,,,,,,,
2019-02-25,13:47:00,SEM VÍTIMA,FINALIZADA,IPUTINGA,RUA MAURICIO DE NASSAU,576,,LADO OPOSTO DA GALERIA AMANDA MARANHÃO,RUA MAURICIO DE NASSAU,576,LADO OPOSTO DA GALERIA AMANDA MARANHÃO,IPUTINGA,,CIDADE,COLISÃO TRASEIRA,COLISAO ENTRE VT DA POLICIA E AUTO PASSEIO S/V,1,,,,,,,1,,0,,Longo da via,Bom,Sem defeito,Perfeito estado,Seca,Perfeito estado,Faixa de pedestre,Outras,,Dupla,Faixa seccionada,,
2019-02-25,13:50:00,SEM VÍTIMA,FINALIZADA,SANTO AMARO,AV CRUZ CABUGA,,,PRÓX AO SHOPPING TACARUNA,AV CRUZ CABUGA,,PRÓX AO SHOPPING TACARUNA,SANTO AMARO,,,COLISÃO,ÔNIBUS X AUTO S/V,1,,,,,1,,,,0,,,,,,,,,,,,,,
2019-02-25,14:07:00,SEM VÍTIMA,CANCELADA,IPUTINGA,AV CAXANGA,,EST DO BARBALHO,PRÓX AO POSTO BR,AV CAXANGA,,PRÓX AO POSTO BR,IPUTINGA,533,CIDADE,COLISÃO,,2,,,,,,,,,0,,,,,,,,,,,,,,
2019-02-25,14:34:00,COM VÍTIMA,FINALIZADA,ENGENHO DO MEIO,RUA ANTONIO CURADO,170,RUA MANUEL ALVES DEUSDARA,EM FRENTE AO CAMINHO DA SORTE,RUA ANTONIO CURADO,170,EM FRENTE AO CAMINHO DA SORTE,ENGENHO DO MEIO,,,ABALROAMENTO TRANSVERSAL,COLISÃO ENVOLVENDO DOIS AUTOMÓVEIS.,2,,,,,,,,,1,,Esquina,Bom,Não existe,Não existente,Seca,Perfeito estado,Não existe,Não há placas,,Dupla,Não existe,,
2019-02-25,16:35:00,COM VÍTIMA,FINALIZADA,IMBIRIBEIRA,AV MARECHAL MASCARENHAS DE MORAES,,,EM FRENTE À MOVIDA,AV MARECHAL MASCARENHAS DE MORAES,,EM FRENTE À MOVIDA,IMBIRIBEIRA,,CIDADE,ABALROAMENTO LONGITUDINAL,COLISÃO ENVOLVENDO AUTOMÓVEL E MOTOCICLETA.,1,1,,,,,,,,1,,Longo da via,Bom,Não existe,Perfeito estado,Seca,Perfeito estado,Não existe,Não há placas,,Dupla,Canteiro central,,
2019-02-25,16:48:00,SEM VÍTIMA,FINALIZADA,MADALENA,RUA DR JOAO COIMBRA,,RUA ENGENHEIRO LEONARDO ARCOVERDE,AO LADO DO EDIFICIO BARCELONA,RUA DR JOAO COIMBRA,,AO LADO DO EDIFICIO BARCELONA,MADALENA,,,ABALROAMENTO TRANSVERSAL,ENTRE AUTOS S/V.,2,,,,,,,,,0,,Cruzamento,Bom,Não existe,Não existente,Seca,Perfeito estado,Não existe,Não há placas,,Dupla,Não existe,,
2019-02-25,17:07:00,SEM VÍTIMA,FINALIZADA,BOA VIAGEM,RUA AMALIA BERNARDINO DE SOUZA,286,,PRÓX À UNINASSAU,RUA AMALIA BERNARDINO DE SOUZA,286,PRÓX À UNINASSAU,BOA VIAGEM,,SUBURBIO,COLISÃO FRONTAL,ENTRE AUTOS S/V.,2,,,,,,,,,0,,Longo da via,Bom,Não existe,Não existente,Seca,Mal iluminada,Não existe,Não há placas,,Dupla,Não existe,,
2019-02-25,17:20:00,COM VÍTIMA,FINALIZADA,AFOGADOS,RUA SAO MIGUEL,,,EM FRENTE AO DEPATRI E B5 FIT.,RUA SAO MIGUEL,,EM FRENTE AO DEPATRI E B5 FIT.,AFOGADOS,,SUBURBIO,ABALROAMENTO TRANSVERSAL,COLISÃO ENVOLVENDO AUTOMÓVEL E MOTOCICLETA.,1,1,,,,,,,,1,,Longo da via,Bom,Não existe,Perfeito estado,Seca,Perfeito estado,Outros,Outras,,Dupla,Faixa seccionada,,
2019-02-25,17:29:00,COM VÍTIMA,FINALIZADA,SANTO AMARO,AV GOVERNADOR AGAMENON MAGALHAES,,,EM FRENTE A ACADEMIA DA CIDADE,AV GOVERNADOR AGAMENON MAGALHAES,,EM FRENTE A ACADEMIA DA CIDADE,SANTO AMARO,,,ABALROAMENTO LONGITUDINAL,COLISAO ENVOLVENDO AUTO E MOTO,1,1,,,,,,,,1,,Longo da via,Bom,Não existe,Perfeito estado,Seca,Perfeito estado,Não existe,,60 km/h,Única,Faixa,Canteiro central,
2019-02-25,18:11:00,SEM VÍTIMA,FINALIZADA,IPUTINGA,AV CAXANGA,,,EM BAIXO DO VIADULTO DA CAXANGÁ  SENTIDO HOSP. DAS CLINICAS,AV CAXANGA,,EM BAIXO DO VIADULTO DA CAXANGÁ  SENTIDO HOSP. DAS CLINICAS,IPUTINGA,,,ACID. DE PERCURSO,MOTOQUEIROS CAIRAM POR CAUSA DO OLEO NA VIA,,2,,,,,,,,0,,,,,,,,,,,,,,
2019-02-25,18:24:00,SEM VÍTIMA,CANCELADA,SÃO JOSÉ,C SANTA RITA,,,SEMÁFORO 076,C SANTA RITA,,SEMÁFORO 076,SÃO JOSÉ,,CIDADE,ACID. DE PERCURSO,,,1,,,,,,,,0,,,,,,,,,,,,,,
2019-02-25,18:24:00,COM VÍTIMA,FINALIZADA,BOA VISTA,AV CONDE DA BOA VISTA,,,EM FRENTE A FAFIRE,AV CONDE DA BOA VISTA,,EM FRENTE A FAFIRE,BOA VISTA,,SUBURBIO,COLISÃO COM CICLISTA,COLISÃO ENVOLVENDO MOTO E BICICLETA.,,1,,1,,,,,,1,,Longo da via,Bom,Não existe,Perfeito estado,Seca,Perfeito estado,Faixa de pedestre,Não há placas,,Dupla,Faixa contínua,,
2019-02-25,18:25:00,COM VÍTIMA,FINALIZADA,LINHA DO TIRO,RUA URIEL DE HOLANDA,,,ENF AO CALDINHO D´AMBROSIO E UPINHA DA LINHA DO TIRO,RUA URIEL DE HOLANDA,,ENF AO CALDINHO D´AMBROSIO E UPINHA DA LINHA DO TIRO,LINHA DO TIRO,,CIDADE,COLISÃO FRONTAL,COLISÃO ENVOLVENDO AUTO E MOTO.,1,1,,,,,,,,2,,Longo da via,Bom,Não existe,Perfeito estado,Seca,Perfeito estado,Não existe,Outras,30 km/h,Dupla,Faixa,,
2019-02-25,18:29:00,COM VÍTIMA,DUPLICIDADE,BOA VISTA,AV CONDE DA BOA VISTA,,,EM FRENTE A FAFIRE  SENTIDO DERBY,AV CONDE DA BOA VISTA,,EM FRENTE A FAFIRE  SENTIDO DERBY,BOA VISTA,,,ATROPELAMENTO,,,1,,1,,,,,,1,,,,,,,,,,,,,,
2019-02-25,18:44:00,SEM VÍTIMA,CANCELADA,BOA VIAGEM,RUA PADRE CABRAL,,,PROX. A PAGUE MENOS E O MAR HOTEL,RUA PADRE CABRAL,,PROX. A PAGUE MENOS E O MAR HOTEL,BOA VIAGEM,,,COLISÃO,COLISÃO SEM VITIMAS,2,,,,,,,,,0,,,,,,,,,,,,,,
2019-02-25,19:06:00,SEM VÍTIMA,CANCELADA,PARNAMIRIM,AV DEZESSETE DE AGOSTO,2483,,PROX AO POSTO SHELL // E AO CENTRO MEDICO ENADOR JOSE ERMIRIO DE MORAES,AV DEZESSETE DE AGOSTO,2483,PROX AO POSTO SHELL // E AO CENTRO MEDICO ENADOR JOSE ERMIRIO DE MORAES,PARNAMIRIM,,,COLISÃO,VERSA X MERCEDES OBS:: SINTOMA DE EMBRIAGUEZ,2,,,,,,,,,0,,,,,,,,,,,,,,
2019-02-25,19:38:00,SEM VÍTIMA,CANCELADA,VASCO DA GAMA,RUA ALTO DO EUCALIPTO,393,,NA SUBIDA DA LADEIRA,RUA ALTO DO EUCALIPTO,393,NA SUBIDA DA LADEIRA,VASCO DA GAMA,,,COLISÃO,COLISÃO COM VITIMA  1 AUTO E 2 MOTOS... UM DAS MOTOS OS PARENTES RECOLHERAM PARA CASA/ VITIMA NO LOCAL RECEBENDO OS PRIMEIROS SOCORROS DA EQUIPE DO SAMU,1,1,,,,,,,,0,,,,,,,,,,,,,,
2019-02-25,20:25:00,COM VÍTIMA,FINALIZADA,SÃO JOSÉ,RUA FLORIANO PEIXOTO,582,,PROXIMO A ESTAÇÃO DO METRÔ,RUA FLORIANO PEIXOTO,582,PROXIMO A ESTAÇÃO DO METRÔ,SÃO JOSÉ,,SUBURBIO,ATROPELAMENTO,ATROPELAMENTO ENTRE MOTO E PEDESTRE.,,1,,,1,,,,,2,,Longo da via,Bom,Não existe,Perfeito estado,Seca,Perfeito estado,Não existe,Não há placas,,Única,Faixa seccionada,,
2019-02-25,20:52:00,SEM VÍTIMA,FINALIZADA,BOA VISTA,RUA JOSE DE ALENCAR,,RUA BARAO DE SAO BORJA,,RUA JOSE DE ALENCAR,,,BOA VISTA,,CIDADE,ABALROAMENTO TRANSVERSAL,COLISÃO SEM VITIMAS,1,,,,,,,,1,0,,Cruzamento,Bom,Não existe,,Seca,Perfeito estado,Outros,Placas Pare,,Única,Não existe,,
2019-02-25,21:02:00,COM VÍTIMA,FINALIZADA,PRADO,AV ENGENHEIRO ABDIAS DE CARVALHO,,,ENF A FACULDADE ESTACIO PROX A LOMBADA ELETRONICA // SENTIDO RECIFE,AV ENGENHEIRO ABDIAS DE CARVALHO,,ENF A FACULDADE ESTACIO PROX A LOMBADA ELETRONICA // SENTIDO RECIFE,PRADO,327,CIDADE,ABALROAMENTO LONGITUDINAL,COLISÃO ENVOLVENDO AUTO E MOTO.,1,1,,,,,,,,1,,Longo da via,Bom,Sem defeito,Perfeito estado,Seca,Perfeito estado,Faixa de pedestre,Outras,,Dupla,Faixa seccionada,,
2019-02-25,21:18:00,SEM VÍTIMA,CANCELADA,VÁRZEA,AV CAXANGA,,RUA GASTAO VIDIGAL,EM FRENTE A UPA  AS PARTES ENCONTRA-SE NO POSTO SHELL,AV CAXANGA,,EM FRENTE A UPA  AS PARTES ENCONTRA-SE NO POSTO SHELL,VÁRZEA,,SUBURBIO,COLISÃO,COLISÃO SEM VITIMAS,2,,,,,,,,,0,,,,,,,,,,,,,,
2019-02-25,22:21:00,SEM VÍTIMA,CANCELADA,VASCO DA GAMA,RUA ALTO NOVO MUNDO,168,,EM FRENET AO FITEIRO VERDE  SENTIDO ALTO 13 DE MAIO A PRIMEIRA PARADA  APOS A IGREJA CATOLICA SÃO SEBASTIÃO,RUA ALTO NOVO MUNDO,168,EM FRENET AO FITEIRO VERDE  SENTIDO ALTO 13 DE MAIO A PRIMEIRA PARADA  APOS A IGREJA CATOLICA SÃO SEBASTIÃO,VASCO DA GAMA,,,COLISÃO,COLISÃO SEM VITIMAS,1,1,,,,,,,,0,,,,,,,,,,,,,,