data,hora,natureza_acidente,situacao,bairro,endereco,numero,detalhe_endereco_acidente,complemento,endereco_cruzamento,numero_cruzamento,referencia_cruzamento,bairro_cruzamento,num_semaforo,sentido_via,tipo,descricao,auto,moto,ciclom,ciclista,pedestre,onibus,caminhao,viatura,outros,vitimas,vitimasfatais,acidente_verificado,tempo_clima,situacao_semaforo,sinalizacao,condicao_via,conservacao_via,ponto_controle,situacao_placa,velocidade_max_via,mao_direcao,divisao_via1,divisao_via2,divisao_via3
2019-02-26,,SEM VÍTIMA,FINALIZADA,IPSEP,AV RECIFE,2967,,EM FRENTE AO POSTO DE GASOLINA FEDERAL,AV RECIFE,2967,EM FRENTE AO POSTO DE GASOLINA FEDERAL,IPSEP,,,COLISÃO TRASEIRA,COLISÃO SEM VITIMAS,2,,,,,,,,,0,,Longo da via,,Não existe,Não existente,Molhada,Perfeito estado,Não existe,Não há placas,60 km/h,Dupla,Faixa seccionada,Canteiro central,
2019-02-26,07:45:00,COM VÍTIMA,FINALIZADA,ESPINHEIRO,RUA DA HORA,285,RUA BARAO DE ITAMARACA,E/F A GALERI CHALÉ,RUA DA HORA,285,E/F A GALERI CHALÉ,ESPINHEIRO,184,,ABALROAMENTO TRANSVERSAL,COLISÃO ENVOLVENDO AUTO E MOTO.,1,1,,,,,,,,1,,Cruzamento,Chuvoso,Sem defeito,Perfeito estado,Molhada,Perfeito estado,Faixa de pedestre,Outras,,Dupla,Faixa contínua,,
2019-02-26,08:01:00,COM VÍTIMA,FINALIZADA,TORREÃO,AV NORTE,1726,RUA AUGUSTO RODRIGUES,EM FRENTE A CHEVROLET  SENT. CIDADE. PRAÇA DA PICANHA.,AV NORTE,1726,EM FRENTE A CHEVROLET  SENT. CIDADE. PRAÇA DA PICANHA.,TORREÃO,,CIDADE,COLISÃO TRASEIRA,COLISÃO ENVOLVENDO AUTO E MOTO.,1,1,,,,,,,,1,,Longo da via,Bom,Sem defeito,Perfeito estado,Seca,Perfeito estado,Agente,,,Dupla,,,
2019-02-26,08:04:00,SEM VÍTIMA,FINALIZADA,BREJO DE BEBERIBE,RUA ALTO DO REFUGIO,560,,EM FRENTE A IGREJA QUADRANGULAR,RUA ALTO DO REFUGIO,560,EM FRENTE A IGREJA QUADRANGULAR,BREJO DE BEBERIBE,,CIDADE,ABALROAMENTO TRANSVERSAL,SEM VITIMAS,2,,,,,,,,,0,,Longo da via,Bom,Não existe,Não existente,Seca,Perfeito estado,Não existe,Não há placas,,Dupla,Não existe,,
2019-02-26,08:11:00,COM VÍTIMA,FINALIZADA,ILHA DO RETIRO,RUA JOAO ELISIO RAMOS,140,,EM FRENTE AO EDF. RITA DE CASSIA,RUA JOAO ELISIO RAMOS,140,EM FRENTE AO EDF. RITA DE CASSIA,ILHA DO RETIRO,,CIDADE,ABALROAMENTO TRANSVERSAL,COLISÃO ENVOLVENDO AUTO E MOTO.,1,1,,,,,,,,1,,Longo da via,Bom,Não existe,Perfeito estado,Seca,Perfeito estado,Agente,Não há placas,30 km/h,Única,Faixa seccionada,,
2019-02-26,08:23:00,SEM VÍTIMA,FINALIZADA,SÃO JOSÉ,RUA IMPERIAL,1198,RUA BOM SUCESSO,E/F A PANIFICADORA PÃO PÃO,RUA IMPERIAL,1198,E/F A PANIFICADORA PÃO PÃO,SÃO JOSÉ,,SUBURBIO,ABALROAMENTO TRANSVERSAL,SEM VÍTIMAS,1,1,,,,,,,,0,,Cruzamento,Bom,Não existe,Perfeito estado,Seca,Perfeito estado,Não existe,Outras,60 km/h,Única,Faixa seccionada,,
2019-02-26,08:59:00,SEM VÍTIMA,FINALIZADA,MADALENA,RUA JOAQUIM NABUCO,747,,EM FRENTE A GALERIA  SENT. DERBY ANTES DA PONTE DA CAPUNGA,RUA JOAQUIM NABUCO,747,EM FRENTE A GALERIA  SENT. DERBY ANTES DA PONTE DA CAPUNGA,MADALENA,,CIDADE,COLISÃO TRASEIRA,DOIS AUTOS,2,,,,,,,,,0,,Ponte,Bom,Não existe,Perfeito estado,Seca,Perfeito estado,Não existe,Não há placas,60 km/h,Dupla,Faixa contínua,,
2019-02-26,09:11:00,SEM VÍTIMA,FINALIZADA,GRAÇAS,AV GOVERNADOR AGAMENON MAGALHAES,,AV RUI BARBOSA,EM FRENTE AO TRE,AV GOVERNADOR AGAMENON MAGALHAES,,EM FRENTE AO TRE,GRAÇAS,37,,COLISÃO TRASEIRA,DOIS AUTOS PONTO FIXO,2,,,,,,,,,0,,Longo da via,Bom,Sem defeito,Perfeito estado,Seca,Perfeito estado,Faixa de pedestre,,60 km/h,Dupla,Canteiro central,,
2019-02-26,09:39:00,COM VÍTIMA,FINALIZADA,BOA VIAGEM,RUA JOAO CARDOSO AIRES,,RUA COSMORAMA,EM FRENTE AO COLEGIO MADRE DEUS,RUA JOAO CARDOSO AIRES,,EM FRENTE AO COLEGIO MADRE DEUS,BOA VIAGEM,478,CIDADE,ABALROAMENTO LONGITUDINAL,COLISÃO ENVOLVENDO AUTO E MOTO.,1,1,,,,,,,,2,,Cruzamento,Bom,Sem defeito,Perfeito estado,Seca,Perfeito estado,Faixa de pedestre,Não há placas,40 km/h,Única,Faixa contínua,,
2019-02-26,10:40:00,SEM VÍTIMA,CANCELADA,BAIRRO DO RECIFE,RUA PROFESSOR ALOISIO MAGALHAES,27,,NA LATERAL DO EMPRESARIAL MAURICIO DE NASSAU,RUA PROFESSOR ALOISIO MAGALHAES,27,NA LATERAL DO EMPRESARIAL MAURICIO DE NASSAU,BAIRRO DO RECIFE,,,COLISÃO,SEM VITIMAS,1,,,,,,1,,,0,,,,,,,,,,,,,,
2019-02-26,11:28:00,SEM VÍTIMA,FINALIZADA,ÁGUA FRIA,RUA DA REGENERACAO,209,RUA ANTONIO FERREIRA,JOSE LUIZ DA FONSECA,RUA DA REGENERACAO,209,JOSE LUIZ DA FONSECA,ÁGUA FRIA,,SUBURBIO,ABALROAMENTO TRANSVERSAL,AUTO E MOTO,1,1,,,,,,,,0,,Cruzamento,Bom,Não existe,Incompleta,Seca,Perfeito estado,Não existe,Outras,,Dupla,Não existe,,
2019-02-26,11:33:00,SEM VÍTIMA,FINALIZADA,BOA VISTA,RUA PRINCESA IZABEL,,RUA SETE DE SETEMBRO,DE ESQUINA COM A FACULDADE DE DIREITO,RUA PRINCESA IZABEL,,DE ESQUINA COM A FACULDADE DE DIREITO,BOA VISTA,,CIDADE,ABALROAMENTO LONGITUDINAL,COLISÃO SEM VITIMAS,1,,,,,1,,,,0,,,Bom,Não existe,Perfeito estado,Seca,Perfeito estado,Não existe,Placas Pare,,Única,Faixa seccionada,,
2019-02-26,12:54:00,SEM VÍTIMA,FINALIZADA,AREIAS,RUA CAMBUCA,114,,,RUA CAMBUCA,114,,AREIAS,,CIDADE,COLISÃO TRASEIRA,ENTRE ONIBUS DA METROPOLITANA E CARRO DO EXERCITO S/V,,,,,,1,,1,,0,,Longo da via,Bom,Não existe,Perfeito estado,Seca,Perfeito estado,Não existe,,,Dupla,Faixa seccionada,,
2019-02-26,13:47:00,SEM VÍTIMA,FINALIZADA,BOA VIAGEM,RUA JOSE MARIA DE MIRANDA,,RUA ANA CAMELO DA SILVA,EM FRENTE AO HOSPITAL BOA VIAGEM,RUA JOSE MARIA DE MIRANDA,,EM FRENTE AO HOSPITAL BOA VIAGEM,BOA VIAGEM,,,ABALROAMENTO LONGITUDINAL,COLISÃO SEM VÍTIMA,2,,,,,,,,,0,,Cruzamento,Bom,Não existe,Perfeito estado,Seca,Perfeito estado,Outros,Placas Pare,,Dupla,Não existe,,
2019-02-26,14:17:00,SEM VÍTIMA,FINALIZADA,BOA VISTA,RUA DO HOSPICIO,,,,RUA DO HOSPICIO,,,BOA VISTA,,SUBURBIO,COLISÃO TRASEIRA,COLISÃO SEM VÍTIMA,2,,,,,,,,,0,,Longo da via,Bom,Sem defeito,Perfeito estado,Seca,Perfeito estado,,,,Dupla,Canteiro central,,
2019-02-26,14:29:00,SEM VÍTIMA,FINALIZADA,CASA FORTE,AV DEZESSETE DE AGOSTO,675,,,AV DEZESSETE DE AGOSTO,675,,CASA FORTE,,SUBURBIO,ABALROAMENTO LONGITUDINAL,COLISÃO SEM VÍTIMA,2,1,,,,,,,,0,,Longo da via,Bom,Não existe,Perfeito estado,Seca,Perfeito estado,Não existe,Não há placas,60 km/h,Dupla,Faixa seccionada,,
2019-02-26,14:48:00,SEM VÍTIMA,FINALIZADA,AREIAS,AV RECIFE,,,SPJ SÃO PAULO VEÍCULOS,AV RECIFE,,SPJ SÃO PAULO VEÍCULOS,AREIAS,212,SUBURBIO,COLISÃO TRASEIRA,SEM VÍTIMAS,1,,,,,,2,,,0,,Longo da via,Bom,Sem defeito,Perfeito estado,Seca,Perfeito estado,Não existe,Não há placas,60 km/h,Dupla,Canteiro central,,
2019-02-26,15:05:00,SEM VÍTIMA,FINALIZADA,SÃO JOSÉ,RUA DO HOSPICIO,949,,EM FRENTE A CAIXA ECONOMICA,RUA DO HOSPICIO,949,EM FRENTE A CAIXA ECONOMICA,SÃO JOSÉ,,CIDADE,ABALROAMENTO LONGITUDINAL,COLISÃO SEM VÍTIMA,2,,,,,,,,,0,,Longo da via,Bom,Não existe,Perfeito estado,Seca,Perfeito estado,Não existe,Não há placas,,Dupla,Faixa contínua,,
2019-02-26,16:36:00,SEM VÍTIMA,FINALIZADA,DERBY,RUA JOAQUIM NABUCO,,,AO LADO DA RESTAURAÇÃO,RUA JOAQUIM NABUCO,,AO LADO DA RESTAURAÇÃO,DERBY,,,COLISÃO,COLISÃO SEM VÍTIMA,2,,,,,,,,,0,,,,,,,,,,,,,,
2019-02-26,16:48:00,SEM VÍTIMA,FINALIZADA,TORRE,RUA ANTONIO VIEIRA,102,RUA BELARMINO CARNEIRO,,RUA ANTONIO VIEIRA,102,,TORRE,,CIDADE,ABALROAMENTO TRANSVERSAL,COLISÃO SEM VÍTIMA,1,1,,,,,,,,0,,Cruzamento,Bom,Não existe,Perfeito estado,Seca,Perfeito estado,,Placas Pare,,Dupla,Não existe,,
2019-02-26,17:20:00,COM VÍTIMA,FINALIZADA,TORRE,RUA JOSE BONIFACIO,,,EM FRENTE AO CARREFOUR,RUA JOSE BONIFACIO,,EM FRENTE AO CARREFOUR,TORRE,487,CAXANGÁ,ABALROAMENTO TRANSVERSAL,COLISÃO ENVOLVENDO TRÊS AUTOMÓVEIS.,3,,,,,,,,,1,,Longo da via,Bom,Sem defeito,Perfeito estado,Seca,Perfeito estado,Faixa de pedestre,R-6a,30 km/h,Única,Canteiro central,,
2019-02-26,17:32:00,SEM VÍTIMA,FINALIZADA,MADALENA,RUA JOAO IVO DA SILVA,,AV ENGENHEIRO ABDIAS DE CARVALHO,,RUA JOAO IVO DA SILVA,,,MADALENA,130,SUBURBIO,ABALROAMENTO LONGITUDINAL,ENTRE DOIS AUTOS S/V,2,,,,,,,,,0,,Cruzamento,Bom,Sem defeito,Perfeito estado,Seca,Perfeito estado,Faixa de pedestre,,,Dupla,,,
2019-02-26,18:08:00,SEM VÍTIMA,FINALIZADA,JOANA BEZERRA,AV GOVERNADOR AGAMENON MAGALHAES,,,SOBRE O VIADUTO JOANA BEZERRA,AV GOVERNADOR AGAMENON MAGALHAES,,SOBRE O VIADUTO JOANA BEZERRA,JOANA BEZERRA,,SUBURBIO,COLISÃO TRASEIRA,ONIBUS RODOTUR X LOGAN,1,,,,,1,,,,0,,Ponte,Bom,Não existe,Perfeito estado,Seca,Perfeito estado,Não existe,Outras,60 km/h,Dupla,Faixa seccionada,,
2019-02-26,18:15:00,SEM VÍTIMA,FINALIZADA,ILHA DO LEITE,RUA PAISSANDU,,AV GOVERNADOR AGAMENON MAGALHAES,,RUA PAISSANDU,,,ILHA DO LEITE,69,SUBURBIO,ABALROAMENTO TRANSVERSAL,COROLA X AGILE,2,,,,,,,,,0,,Longo da via,Bom,Sem defeito,Perfeito estado,Seca,Perfeito estado,Faixa de pedestre,Não há placas,60 km/h,Única,Faixa seccionada,,
2019-02-27,09:11:00,SEM VÍTIMA,FINALIZADA,JARDIM SÃO PAULO,AV RECIFE,,,AO LADO DO Nº 5516,AV RECIFE,,AO LADO DO Nº 5516,JARDIM SÃO PAULO,,CIDADE,ABALROAMENTO LONGITUDINAL,ENTRE CAMINHÃO E AUTO PASSEIO. S/V,1,,,,,,1,,,0,,Longo da via,Bom,Não existe,Incompleta,Seca,Perfeito estado,Não existe,Não há placas,,Única,,,
2019-02-26,19:43:00,SEM VÍTIMA,FINALIZADA,ZUMBI,AV CAXANGA,,,SEMÁFORO 274,AV CAXANGA,,SEMÁFORO 274,ZUMBI,274,CIDADE,ABALROAMENTO LONGITUDINAL,ENTRE AUTO E BICICLETA. S/V,1,,,1,,,,,,0,,Longo da via,Bom,Sem defeito,Perfeito estado,Seca,Perfeito estado,Faixa de pedestre,,,Dupla,Canteiro central,,
2019-02-26,20:48:00,SEM VÍTIMA,FINALIZADA,BOA VIAGEM,AV DOM JOAO VI,,,SOB O SEMÁFORO 639,AV DOM JOAO VI,,SOB O SEMÁFORO 639,BOA VIAGEM,639,SUBURBIO,COLISÃO TRASEIRA,CELTA X GOL,2,,,,,,,,,0,,Longo da via,Bom,Sem defeito,Perfeito estado,Seca,Perfeito estado,Faixa de pedestre,Outras,,Dupla,Canteiro central,,
2019-02-26,21:41:00,SEM VÍTIMA,FINALIZADA,PINA,AV ANTONIO DE GOES,,RUA MANOEL DE BRITO,DNIT,AV ANTONIO DE GOES,,DNIT,PINA,103,CIDADE,ABALROAMENTO LONGITUDINAL,ENTRE 2 AUTOS. S/V,2,,,,,,,,,0,,Longo da via,Bom,Sem defeito,Perfeito estado,Seca,Perfeito estado,,,,Única,,,
2019-02-26,22:08:00,SEM VÍTIMA,FINALIZADA,BOA VIAGEM,AV ENGENHEIRO DOMINGOS FERREIRA,,RUA PADRE CARAPUCEIRO,,AV ENGENHEIRO DOMINGOS FERREIRA,,,BOA VIAGEM,216,SUBURBIO,ABALROAMENTO TRANSVERSAL,JEEP X FIESTA,2,,,,,,,,,0,,Cruzamento,Bom,Sem defeito,Perfeito estado,Seca,Perfeito estado,Outros,R-6a,60 km/h,Única,Canteiro central,,
2019-02-27,02:35:00,COM VÍTIMA,FINALIZADA,SÃO JOSÉ,RUA DO PEIXOTO,310,RUA IMPERIAL,E/F A IGREJA MATRIZ DE SÃO JOSÉ / PRÓX AO TRE E AO LADO DA PRAÇA DAS CINCO PONTAS,RUA DO PEIXOTO,310,E/F A IGREJA MATRIZ DE SÃO JOSÉ / PRÓX AO TRE E AO LADO DA PRAÇA DAS CINCO PONTAS,SÃO JOSÉ,207,SUBURBIO,ABALROAMENTO TRANSVERSAL,COLISÃO ENVOLVENDO DOIS ÔNIBUS.,,,,,,2,,,,1,,Cruzamento,Bom,Sem defeito,Perfeito estado,Seca,Perfeito estado,Não existe,Outras,,Única,Faixa contínua,,
2019-02-27,06:56:00,SEM VÍTIMA,FINALIZADA,ESTÂNCIA,AV RECIFE,,,VIADUTO SOBRE A AVENIDA DOUTOR JOSE RUFINO,AV RECIFE,,VIADUTO SOBRE A AVENIDA DOUTOR JOSE RUFINO,ESTÂNCIA,,SUBURBIO,COLISÃO TRASEIRA,SEM VITIMAS,4,,,,,,,,,0,,Viaduto,Bom,Não existe,Perfeito estado,Seca,Perfeito estado,Não existe,Não há placas,,Única,Faixa seccionada,,
2019-02-27,07:06:00,COM VÍTIMA,FINALIZADA,BOA VISTA,RUA DOM BOSCO,1367,AV GOVERNADOR AGAMENON MAGALHAES,PONTO DE IMPACTO  PONTE RAIMUNDO LEITÃO. SEMÁFORO NÚMERO 174.,RUA DOM BOSCO,1367,PONTO DE IMPACTO  PONTE RAIMUNDO LEITÃO. SEMÁFORO NÚMERO 174.,BOA VISTA,174,CIDADE,COLISÃO COM CICLISTA,COLISÃO ENVOLVENDO AUTO E BICICLETA.,1,,,1,,,,,,1,,Cruzamento,Bom,Sem defeito,Perfeito estado,Seca,Perfeito estado,Faixa de pedestre,Outras,60 km/h,Dupla,Faixa,Canteiro central,
2019-02-27,07:44:00,SEM VÍTIMA,FINALIZADA,ILHA DO LEITE,RUA ANTONIO GOMES DE FREITAS,191,RUA FRANCISCO ALVES,SEOPE,RUA ANTONIO GOMES DE FREITAS,191,SEOPE,ILHA DO LEITE,490,SUBURBIO,ABALROAMENTO LONGITUDINAL,DOIS AUTOS,2,,,,,,,,,0,,Cruzamento,Bom,Sem defeito,Perfeito estado,Seca,Perfeito estado,Faixa de pedestre,Outras,,Única,Não existe,,
2019-02-27,08:12:00,SEM VÍTIMA,FINALIZADA,TAMARINEIRA,AV NORTE,,AV PROFESSOR JOSE DOS ANJOS,,AV NORTE,,,TAMARINEIRA,364,CIDADE,ABALROAMENTO LONGITUDINAL,SEM VÍTIMAS,,,,,,,2,,,0,,,Bom,Sem defeito,Perfeito estado,Seca,Perfeito estado,Faixa de pedestre,Outras,,Dupla,Faixa contínua,Faixa seccionada,Canal
2019-02-27,08:28:00,SEM VÍTIMA,FINALIZADA,PARNAMIRIM,RUA SEBASTIAO MALTA ARCOVERDE,,,SEMÁFORO 010,RUA SEBASTIAO MALTA ARCOVERDE,,SEMÁFORO 010,PARNAMIRIM,223,SUBURBIO,COLISÃO TRASEIRA,SEM VÍTIMAS.,2,,,,,,,,,0,,Longo da via,Bom,Sem defeito,Perfeito estado,Seca,Perfeito estado,Faixa de retenção,Não há placas,,Dupla,Canteiro central,,
2019-02-27,09:40:00,SEM VÍTIMA,FINALIZADA,SANTO ANTÔNIO,PTE PRINCESA IZABEL,,,SOBRE A PONTE INICIO,PTE PRINCESA IZABEL,,SOBRE A PONTE INICIO,SANTO ANTÔNIO,,SUBURBIO,ABALROAMENTO LONGITUDINAL,COLISÃO SEM VITIMAS,2,1,,,,,,,,0,,Ponte,Bom,Não existe,Perfeito estado,Seca,Perfeito estado,Outros,Não há placas,,Dupla,Faixa contínua,Blocos,
2019-02-27,09:54:00,SEM VÍTIMA,FINALIZADA,SAN MARTIN,AV GENERAL SAN MARTIN,,AV ENGENHEIRO ABDIAS DE CARVALHO,,AV GENERAL SAN MARTIN,,,SAN MARTIN,58,,ABALROAMENTO TRANSVERSAL,NÃO TEM VÍTIMAS NO LOCAL,,1,,,,,1,,,0,,Cruzamento,Bom,Sem defeito,Perfeito estado,Seca,Perfeito estado,Faixa de pedestre,R-6a,,Dupla,Faixa contínua,,
2019-02-27,10:02:00,SEM VÍTIMA,FINALIZADA,ALTO DO MANDU,AV NORTE,,RUA BUJARU,,AV NORTE,,,ALTO DO MANDU,,,COLISÃO,CARRETA E DOIS AUTOS,2,,,,,,1,,,0,,,,,,,,,,,,,,
2019-02-27,10:52:00,SEM VÍTIMA,FINALIZADA,PINA,RUA PEREIRA DA COSTA,,,AO LADO DO CIDRIN VACINAS,RUA PEREIRA DA COSTA,,AO LADO DO CIDRIN VACINAS,PINA,140,CIDADE,COLISÃO TRASEIRA,SEM VITIMAS,2,,,,,,,,,0,,Longo da via,Bom,Sem defeito,Perfeito estado,Seca,Perfeito estado,Faixa de retenção,Outras,,Única,Não existe,,
2019-02-27,11:05:00,SEM VÍTIMA,FINALIZADA,DERBY,RUA JORNALISTA PAULO BITTENCOURT,1159,,AO LADO DO HR,RUA JORNALISTA PAULO BITTENCOURT,1159,AO LADO DO HR,DERBY,,SUBURBIO,ABALROAMENTO TRANSVERSAL,SEM VITIMAS,2,,,,,,,,,0,,Longo da via,Bom,Não existe,Perfeito estado,Seca,Perfeito estado,Outros,Outras,,Dupla,Não existe,,
2019-02-27,11:07:00,SEM VÍTIMA,CANCELADA,PINA,AV ANTONIO DE GOES,,,EM FRENTE AO CLUBE LIBANO BRASILEIRO,AV ANTONIO DE GOES,,EM FRENTE AO CLUBE LIBANO BRASILEIRO,PINA,,FAIXA DA DIREITA,COLISÃO,COLISÃO SEM VITIMAS,2,,,,,,,,,0,,,,,,,,,,,,,,
2019-02-27,11:18:00,SEM VÍTIMA,FINALIZADA,GRAÇAS,RUA ALBERTO PAIVA,222,,EM FRENTE AO CURSO DE INGLES MINDS,RUA ALBERTO PAIVA,222,EM FRENTE AO CURSO DE INGLES MINDS,GRAÇAS,,CIDADE,ABALROAMENTO LONGITUDINAL,COLISÃO S EM VITIMAS,2,,,,,,,,,0,,Longo da via,Bom,Sem defeito,Perfeito estado,Seca,Perfeito estado,Faixa de pedestre,R-6a,,Única,Faixa seccionada,,
2019-02-27,11:31:00,SEM VÍTIMA,FINALIZADA,SÃO JOSÉ,AV SUL,,,,AV SUL,,,SÃO JOSÉ,,CIDADE,ABALROAMENTO LONGITUDINAL,SEM VÍTIMAS,2,,,,,,,,,0,,Longo da via,Bom,Não existe,Ilegível,Seca,Mal conservada,Não existe,Não há placas,,,,,
2019-02-27,12:11:00,SEM VÍTIMA,FINALIZADA,BOA VISTA,RUA TREZE DE MAIO,246,,PRÓXIMO AO ESTACIONAMENTO DA SDS,RUA TREZE DE MAIO,246,PRÓXIMO AO ESTACIONAMENTO DA SDS,BOA VISTA,,CIDADE,COLISÃO TRASEIRA,ENTRE AUTO E CARRO OFICIAL DA SDS,1,,,,,,,1,,0,,Longo da via,Bom,Não existe,Não existente,Seca,Perfeito estado,Não existe,Não há placas,,Dupla,Faixa contínua,,
2019-02-27,12:19:00,SEM VÍTIMA,FINALIZADA,MADALENA,AV DR JOSE RUFINO,526,,,AV DR JOSE RUFINO,526,,MADALENA,,SUBURBIO,COLISÃO TRASEIRA,COLISÃO SEM VITIMA,2,,,,,,,,,0,,Cruzamento,Bom,Não existe,Não existente,Seca,Perfeito estado,Não existe,Não há placas,,Dupla,Faixa seccionada,,
2019-02-27,12:23:00,SEM VÍTIMA,FINALIZADA,TORRÕES,AV ENGENHEIRO ABDIAS DE CARVALHO,326,,LADO OPOSTO AO PLANETA SHOW,AV ENGENHEIRO ABDIAS DE CARVALHO,326,LADO OPOSTO AO PLANETA SHOW,TORRÕES,,CIDADE,COLISÃO TRASEIRA,COLISÃO SEM VÍTIMA,1,,,,,1,,,,0,,Longo da via,Bom,Sem defeito,Perfeito estado,Seca,Perfeito estado,Faixa de pedestre,Outras,60 km/h,Única,Faixa contínua,Faixa seccionada,Canteiro central
2019-02-27,12:48:00,COM VÍTIMA,FINALIZADA,SÃO JOSÉ,C SANTA RITA,595,,EM FRENTE ÀS TORRES GÊMEAS.,C SANTA RITA,595,EM FRENTE ÀS TORRES GÊMEAS.,SÃO JOSÉ,,CIDADE,COLISÃO FRONTAL,COLISÃO ENVOLVENDO AUTO E MOTO.,1,1,,,,,,,,1,,Longo da via,Bom,Não existe,Perfeito estado,Seca,Perfeito estado,Não existe,Não há placas,,Dupla,Canteiro central,,
2019-02-27,13:08:00,COM VÍTIMA,FINALIZADA,MADALENA,AV BEIRA RIO,1035,,EM FRENTE AO EDF. SHERIDAN,AV BEIRA RIO,1035,EM FRENTE AO EDF. SHERIDAN,MADALENA,,TORRE,COLISÃO TRASEIRA,COLISÃO ENVOLVENDO TRÊS VEÍCULOS.,3,,,,,,,,,1,,Longo da via,Bom,Não existe,Perfeito estado,Seca,Perfeito estado,Outros,R-6a,,Dupla,Faixa contínua,,
2019-02-27,13:31:00,SEM VÍTIMA,FINALIZADA,AFOGADOS,RUA SAO MIGUEL,,,EM FRENTE AO 14 BATALHÃO LOGISTICO DO EXERCITO,RUA SAO MIGUEL,,EM FRENTE AO 14 BATALHÃO LOGISTICO DO EXERCITO,AFOGADOS,423,SUBURBIO,COLISÃO TRASEIRA,COLISÃO SEM VÍTIMA,1,,,,,1,,,,0,,Longo da via,Bom,Sem defeito,Perfeito estado,Seca,Perfeito estado,Faixa de pedestre,Não há placas,,Dupla,Faixa contínua,,
2019-02-27,13:47:00,SEM VÍTIMA,FINALIZADA,SÃO JOSÉ,TRV DO FORTE,86,,EM FRENTE AO Nº 86,TRV DO FORTE,86,EM FRENTE AO Nº 86,SÃO JOSÉ,,SUBURBIO,ABALROAMENTO LONGITUDINAL,ENTRE AUTOS S/V,2,,,,,,,,,0,,Longo da via,Bom,Não existe,Perfeito estado,Seca,Perfeito estado,Não existe,Não há placas,,Dupla,Não existe,,
2019-02-27,14:00:00,SEM VÍTIMA,FINALIZADA,SANTO AMARO,AV GOVERNADOR AGAMENON MAGALHAES,,,,AV GOVERNADOR AGAMENON MAGALHAES,,,SANTO AMARO,49,SUBURBIO,COLISÃO TRASEIRA,AUTO E ONIBUS SV,1,,,,,1,,,,0,,Longo da via,Bom,Sem defeito,Perfeito estado,Seca,Perfeito estado,Faixa de pedestre,R-26,60 km/h,Dupla,Canteiro central,,
2019-02-27,14:01:00,SEM VÍTIMA,FINALIZADA,SANTO ANTÔNIO,AV MARTINS DE BARROS,,RUA SIQUEIRA CAMPOS,,AV MARTINS DE BARROS,,,SANTO ANTÔNIO,,CIDADE,ABALROAMENTO LONGITUDINAL,ENTRE AUTOS S/V,2,,,,,,,,,0,,Cruzamento,Bom,Sem defeito,Perfeito estado,Seca,Perfeito estado,Não existe,Não há placas,,Única,,,
2019-02-27,14:06:00,SEM VÍTIMA,FINALIZADA,PINA,RUA BARAO DE SANTO ANGELO,150,,PRÓX A LUZEIROS HOTEL,RUA BARAO DE SANTO ANGELO,150,PRÓX A LUZEIROS HOTEL,PINA,,,COLISÃO TRASEIRA,ENTRE AUTO PASSEIO E CARRO OFICIAL DO TRIBUNAL DA JUSTIÇA,1,,,,,,,1,,0,,Longo da via,Bom,Não existe,Perfeito estado,Seca,Perfeito estado,Não existe,R-6a,40 km/h,Única,,,
2019-02-27,14:45:00,SEM VÍTIMA,FINALIZADA,ENCRUZILHADA,RUA FERNANDO CESAR,202,RUA AMARO COUTINHO,EM FRENTE A PRAÇA DOS CAMINHONEIROS,RUA FERNANDO CESAR,202,EM FRENTE A PRAÇA DOS CAMINHONEIROS,ENCRUZILHADA,,CIDADE,ABALROAMENTO TRANSVERSAL,ENTRE DOIS AUTOS S/V,2,,,,,,,,,0,,Cruzamento,Bom,Não existe,Perfeito estado,Seca,Perfeito estado,Outros,Placas Pare,30 km/h,Única,Faixa contínua,Faixa seccionada,
2019-02-27,14:47:00,SEM VÍTIMA,FINALIZADA,ARRUDA,AV NORTE,,AV PROFESSOR JOSE DOS ANJOS,,AV NORTE,,,ARRUDA,364,CIDADE,ABALROAMENTO LONGITUDINAL,COLISÃO SEM VÍTIMA,2,,,,,,,,,0,,Cruzamento,Bom,Sem defeito,Perfeito estado,Seca,Perfeito estado,Faixa de pedestre,Não há placas,,Dupla,Faixa contínua,,
2019-02-27,15:18:00,SEM VÍTIMA,FINALIZADA,IPUTINGA,AV CAXANGA,5362,,EM FRENTE AO GOLF & COUNTRY CLUB,AV CAXANGA,5362,EM FRENTE AO GOLF & COUNTRY CLUB,IPUTINGA,,SUBURBIO,ABALROAMENTO LONGITUDINAL,S/V,1,,,,,,1,,,0,,Longo da via,Bom,Não existe,Perfeito estado,Seca,Perfeito estado,Outros,Outras,60 km/h,Única,Faixa contínua,Faixa seccionada,Canteiro central