data,hora,natureza_acidente,situacao,bairro,endereco,numero,detalhe_endereco_acidente,complemento,endereco_cruzamento,numero_cruzamento,referencia_cruzamento,bairro_cruzamento,num_semaforo,sentido_via,tipo,descricao,auto,moto,ciclom,ciclista,pedestre,onibus,caminhao,viatura,outros,vitimas,vitimasfatais,acidente_verificado,tempo_clima,situacao_semaforo,sinalizacao,condicao_via,conservacao_via,ponto_controle,situacao_placa,velocidade_max_via,mao_direcao,divisao_via1,divisao_via2,divisao_via3
2019-02-28,22:58:00,COM VÍTIMA,CANCELADA,TORRE,RUA PADRE LANDIM,,RUA DOM MANOEL DA COSTA,SEMÁFORO 252 / E/F AO COLÉGIO CRISTO REI,RUA PADRE LANDIM,,SEMÁFORO 252 / E/F AO COLÉGIO CRISTO REI,TORRE,,,COLISÃO,ENTRE AUTO E MOTO. C/V,1,1,,,,,,,,1,,,,,,,,,,,,,,
2019-02-28,23:17:00,SEM VÍTIMA,FINALIZADA,NOVA DESCOBERTA,RUA ENGENHEIRO PONTES,75,,,RUA ENGENHEIRO PONTES,75,,NOVA DESCOBERTA,,,CHOQUE OBJETO FIXO,ENTRE VT DA POLÍCIA E LIXEIRA RESIDENCIAL,1,,,,,,,1,,0,,Longo da via,Bom,Não existe,Não existente,Seca,Perfeito estado,Não existe,Não há placas,,Dupla,Não existe,,
2019-02-28,23:33:00,SEM VÍTIMA,FINALIZADA,AFOGADOS,RUA SAO MIGUEL,,RUA CARLOS PENA FILHO,,RUA SAO MIGUEL,,,AFOGADOS,,CIDADE,ABALROAMENTO TRANSVERSAL,ENTRE 2 AUTOS. S/V,2,,,,,,,,,0,,Cruzamento,Bom,Não existe,Perfeito estado,Seca,Perfeito estado,,,,Dupla,Faixa contínua,Faixa seccionada,
2019-03-01,00:51:00,SEM VÍTIMA,FINALIZADA,IPSEP,RUA PINTOR ANTONIO ALBUQUERQUE,517,RUA PROFESSOR JOSE VICENTE,EM FRENTE MERCADINHO CONVEÇÃO,RUA PINTOR ANTONIO ALBUQUERQUE,517,EM FRENTE MERCADINHO CONVEÇÃO,IPSEP,,SUBURBIO,ABALROAMENTO LONGITUDINAL,COLISÃO ENTRE DOIS AUTOS S/V,2,,,,,,,,,0,,Cruzamento,Bom,Não existe,Incompleta,Seca,Perfeito estado,Não existe,Outras,,Única,Não existe,,
2019-03-01,03:57:00,SEM VÍTIMA,FINALIZADA,JORDÃO,AV MARIA IRENE,406,,FRENTE Nº 406,AV MARIA IRENE,406,FRENTE Nº 406,JORDÃO,,SUBURBIO,CHOQUE VEÍCULO PARADO,COLISÃO ENTRE DOIS AUTOS S/V,2,,,,,,,,,0,,Longo da via,Bom,Não existe,Perfeito estado,Seca,Perfeito estado,,Outras,,Dupla,Não existe,,
2019-03-01,07:27:00,SEM VÍTIMA,FINALIZADA,AREIAS,AV RECIFE,,,AO LADO DA LOJA WALMART,AV RECIFE,,AO LADO DA LOJA WALMART,AREIAS,599,SUBURBIO,COLISÃO TRASEIRA,SEM VITIMAS,2,,,,,,,,,0,,Longo da via,Bom,Sem defeito,Perfeito estado,Seca,Perfeito estado,Não existe,Não há placas,,Única,Faixa contínua,,
2019-03-01,07:56:00,SEM VÍTIMA,FINALIZADA,BONGI,AV MANOEL GONCALVES DA LUZ,473,,E/F AO SUPERMERCADO TEM,AV MANOEL GONCALVES DA LUZ,473,E/F AO SUPERMERCADO TEM,BONGI,,SUBURBIO,CHOQUE VEÍCULO PARADO,SEM VÍTIMAS,1,,,,,,1,,,0,,,Bom,Sem defeito,Perfeito estado,Seca,Perfeito estado,Faixa de pedestre,,,Dupla,Faixa seccionada,,
2019-03-01,08:04:00,SEM VÍTIMA,FINALIZADA,ESPINHEIRO,RUA MARQUES DO PARANA,,RUA DR FERNANDO ALLAIN,EM FRENTE A O MARTELINHO DE OURO,RUA MARQUES DO PARANA,,EM FRENTE A O MARTELINHO DE OURO,ESPINHEIRO,,,ABALROAMENTO LONGITUDINAL,,2,,,,,,,,,0,,Cruzamento,Bom,Não existe,Não existente,Seca,Perfeito estado,Não existe,Não há placas,,,Não existe,,
2019-03-01,08:36:00,SEM VÍTIMA,FINALIZADA,ARRUDA,EST VELHA DE AGUA FRIA,,,PERTO AO DNOCS,EST VELHA DE AGUA FRIA,,PERTO AO DNOCS,ARRUDA,306,SUBURBIO,COLISÃO TRASEIRA,,1,1,,,,,,,,0,,Ponte,Bom,Sem defeito,Perfeito estado,Seca,Perfeito estado,Agente,,,Dupla,Faixa contínua,,
2019-03-01,08:50:00,SEM VÍTIMA,CANCELADA,CURADO,RUA DR GEORGE WILLIAM BUTLER,,,EM FRENTE A FABRICA DA KIBON SORVANE,RUA DR GEORGE WILLIAM BUTLER,,EM FRENTE A FABRICA DA KIBON SORVANE,CURADO,,FAIXA DA DIREITA,COLISÃO,COLISÃO SEM VITIMAS,,,,,,1,1,,,0,,,,,,,,,,,,,,
2019-03-01,09:41:00,SEM VÍTIMA,FINALIZADA,GRAÇAS,RUA MONSENHOR AMBROZINO LEITE,255,RUA DAS PERNAMBUCANAS,AO LADO DA PADARIA PÃO E VINHO,RUA MONSENHOR AMBROZINO LEITE,255,AO LADO DA PADARIA PÃO E VINHO,GRAÇAS,600,SUBURBIO,ABALROAMENTO LONGITUDINAL,SEM VÍTIMAS,2,,,,,,,,,0,,Cruzamento,Bom,Sem defeito,Perfeito estado,Seca,Perfeito estado,Faixa de pedestre,R-6a,,Única,,,
2019-03-01,09:43:00,COM VÍTIMA,FINALIZADA,BOA VIAGEM,AV ENGENHEIRO DOMINGOS FERREIRA,,RUA ARTUR MUNIZ,EM FRENTE AO EXTRA SUPERMERCADO,AV ENGENHEIRO DOMINGOS FERREIRA,,EM FRENTE AO EXTRA SUPERMERCADO,BOA VIAGEM,380,SUBURBIO,COLISÃO TRASEIRA,MOTO E AUTO,1,1,,,,,,,,1,,Longo da via,Bom,Sem defeito,Perfeito estado,Seca,Perfeito estado,Faixa de pedestre,R-19,60 km/h,Única,Faixa contínua,Canteiro central,
2019-03-01,09:51:00,SEM VÍTIMA,FINALIZADA,ARRUDA,RUA ZEFERINO AGRA,,RUA DO MACHADO,EM FRENTE A IGREJA DE SANTO ANTONIO,RUA ZEFERINO AGRA,,EM FRENTE A IGREJA DE SANTO ANTONIO,ARRUDA,,SUBURBIO,ABALROAMENTO TRANSVERSAL,DEM VITIMAS,,,,,,,2,,,0,,Cruzamento,Bom,Não existe,Perfeito estado,Seca,Perfeito estado,,Não há placas,,Dupla,Faixa contínua,,
2019-03-01,09:56:00,COM VÍTIMA,FINALIZADA,SÃO JOSÉ,RUA FLORIANO PEIXOTO,,,EM FRENTE A CASA DA CULTURA,RUA FLORIANO PEIXOTO,,EM FRENTE A CASA DA CULTURA,SÃO JOSÉ,,SUBURBIO,ATROPELAMENTO,ÔNIBUS Nº 725 - PLACA - EMPRESA,,,,,1,1,,,,1,,Longo da via,Nublado,Sem defeito,Perfeito estado,Seca,Perfeito estado,Não existe,R-4a,,Única,Faixa seccionada,,
2019-03-01,10:23:00,SEM VÍTIMA,FINALIZADA,AFOGADOS,RUA NICOLAU PEREIRA,,RUA DA PAZ,AO LADO DA EMPRESA ASA,RUA NICOLAU PEREIRA,,AO LADO DA EMPRESA ASA,AFOGADOS,,SUBURBIO,COLISÃO TRASEIRA,SEM VITIMAS,3,,,,,,,,,0,,Longo da via,Bom,Não existe,Perfeito estado,Seca,Perfeito estado,Faixa de pedestre,Não há placas,,Única,Não existe,,
2019-03-01,10:25:00,COM VÍTIMA,FINALIZADA,ESPINHEIRO,RUA CONS PORTELA,602,,PROX. AO CHINA 48,RUA CONS PORTELA,602,PROX. AO CHINA 48,ESPINHEIRO,,CIDADE,COLISÃO COM CICLISTA,AUTO E CICLISTA,1,,,1,,,,,,1,,Longo da via,Bom,Não existe,Perfeito estado,Seca,Perfeito estado,Não existe,Outras,,Única,Faixa seccionada,,
2019-03-01,10:52:00,COM VÍTIMA,FINALIZADA,MADALENA,AV CAXANGA,487,,EM FRENTE O NUCLEO SAUDE,AV CAXANGA,487,EM FRENTE O NUCLEO SAUDE,MADALENA,,CIDADE,ATROPELAMENTO,ATROPELAMENTO ENVOLVENDO AUTO E PEDESTRE.,,,,,1,,,1,,1,,Longo da via,Bom,Sem defeito,Perfeito estado,Seca,Perfeito estado,Faixa de pedestre,Outras,,Única,Faixa seccionada,Canteiro central,
2019-03-01,11:14:00,SEM VÍTIMA,FINALIZADA,VÁRZEA,AV AFONSO OLINDENSE,344,RUA RODRIGUES FERREIRA,,AV AFONSO OLINDENSE,344,,VÁRZEA,638,SUBURBIO,ABALROAMENTO LONGITUDINAL,,2,,,,,,,,,0,,Longo da via,Bom,Sem defeito,Perfeito estado,Seca,Perfeito estado,Faixa de retenção,R-6a,,Dupla,Faixa contínua,,
2019-03-01,11:34:00,SEM VÍTIMA,FINALIZADA,VÁRZEA,RUA EMILIANO BRAGA,615,,EM FRENTE A RESIDÊNCIA Nº 615,RUA EMILIANO BRAGA,615,EM FRENTE A RESIDÊNCIA Nº 615,VÁRZEA,,CIDADE,ABALROAMENTO LONGITUDINAL,COLISÃO SEM VITIMAS,1,,,,,,2,,,0,,Longo da via,Bom,Não existe,Perfeito estado,Seca,Perfeito estado,Não existe,Não há placas,,Única,Não existe,,
2019-03-01,12:38:00,SEM VÍTIMA,FINALIZADA,ILHA DO RETIRO,EST DOS REMEDIOS,2040,RUA PADRE GABRIEL MOUSINHO,,EST DOS REMEDIOS,2040,,ILHA DO RETIRO,,SUBURBIO,ABALROAMENTO TRANSVERSAL,COLISÃO SEM VÍTIMA,2,,,,,,,,,0,,Cruzamento,Chuvoso,Não existe,,Molhada,Perfeito estado,,R-25b,50 km/h,Única,,,
2019-03-01,12:52:00,SEM VÍTIMA,FINALIZADA,BOA VISTA,AV CONDE DA BOA VISTA,,,PRÓXIMO AO SHOPP BOA VISTA,AV CONDE DA BOA VISTA,,PRÓXIMO AO SHOPP BOA VISTA,BOA VISTA,,SUBURBIO,COLISÃO TRASEIRA,ENTRE AUTOS S/V,2,,,,,,,,,0,,Longo da via,Chuvoso,Não existe,Perfeito estado,Molhada,Perfeito estado,Faixa de pedestre,,,Dupla,,,
2019-03-01,13:03:00,SEM VÍTIMA,FINALIZADA,IMBIRIBEIRA,AV MARECHAL MASCARENHAS DE MORAES,,,EM FRENTE A NISSAN EUROVIA,AV MARECHAL MASCARENHAS DE MORAES,,EM FRENTE A NISSAN EUROVIA,IMBIRIBEIRA,,SUBURBIO,COLISÃO TRASEIRA,AUTO E MOTOS S/V,1,1,,,,,,,,0,,Longo da via,Bom,Não existe,Perfeito estado,Seca,Perfeito estado,Não existe,Não há placas,60 km/h,Dupla,Faixa seccionada,,
2019-03-01,13:13:00,SEM VÍTIMA,FINALIZADA,SANTO AMARO,AV NORTE,,,SOB O SEMÁFORO 097,AV NORTE,,SOB O SEMÁFORO 097,SANTO AMARO,97,CIDADE,ABALROAMENTO LONGITUDINAL,VEÍCULO OFICIAL X MOTO S/V,1,1,,,,,,,,0,,Longo da via,Chuvoso,Sem defeito,Perfeito estado,Molhada,Perfeito estado,Faixa de pedestre,R-6a,40 km/h,Dupla,Canteiro central,,
2019-03-01,13:27:00,SEM VÍTIMA,CANCELADA,BOA VISTA,RUA GERVASIO PIRES,130,,PROX. AO MERCADO DA BOA VISTA,RUA GERVASIO PIRES,130,PROX. AO MERCADO DA BOA VISTA,BOA VISTA,,,COLISÃO,ENTRE DUAS MOTOS S/V,,2,,,,,,,,0,,,,,,,,,,,,,,
2019-03-01,13:42:00,SEM VÍTIMA,FINALIZADA,AFOGADOS,EST DOS REMEDIOS,1161,,EM FRENTE A BELO AUTO PEÇAS,EST DOS REMEDIOS,1161,EM FRENTE A BELO AUTO PEÇAS,AFOGADOS,,CIDADE,ABALROAMENTO TRANSVERSAL,COLISÃO SEM VÍTIMA,1,,,,,,,,,0,,Longo da via,Bom,Não existe,Perfeito estado,Seca,Perfeito estado,,Outras,,Única,Faixa seccionada,,
2019-03-01,15:20:00,SEM VÍTIMA,FINALIZADA,CIDADE UNIVERSITÁRIA,AV PROFESSOR LUIZ FREIRE,,RUA ACADEMICO HELIO RAMOS,,AV PROFESSOR LUIZ FREIRE,,,CIDADE UNIVERSITÁRIA,,SUBURBIO,ABALROAMENTO TRANSVERSAL,ENTRE AUTOS S/V,2,,,,,,,,,0,,,Bom,Não existe,Perfeito estado,Seca,Perfeito estado,Outros,Placas Pare,,Dupla,Não existe,,
2019-03-01,15:34:00,SEM VÍTIMA,FINALIZADA,CIDADE UNIVERSITÁRIA,RUA MARECHAL MANOEL LUIS OSORIO,,RUA PROFESSOR ANTONIO COELHO,AO LADO COLEGIO PONTUAL,RUA MARECHAL MANOEL LUIS OSORIO,,AO LADO COLEGIO PONTUAL,CIDADE UNIVERSITÁRIA,,,ABALROAMENTO TRANSVERSAL,COLISÃO SEM VÍTIMA,2,,,,,,,,,0,,Cruzamento,Bom,Não existe,Não existente,Seca,Perfeito estado,Não existe,Não há placas,,Dupla,Faixa contínua,Faixa seccionada,
2019-03-01,15:42:00,SEM VÍTIMA,CANCELADA,VÁRZEA,RUA PROFESSOR CHAVES BATISTA,,,AO LADO DO RESTAURANTE BOI E BRASA,RUA PROFESSOR CHAVES BATISTA,,AO LADO DO RESTAURANTE BOI E BRASA,VÁRZEA,,,COLISÃO,ENTRE AUTOS S/V,2,,,,,,,,,0,,,,,,,,,,,,,,
2019-03-01,16:14:00,SEM VÍTIMA,FINALIZADA,BOA VISTA,AV CONDE DA BOA VISTA,,,EM FRENTE AO Nº 710,AV CONDE DA BOA VISTA,,EM FRENTE AO Nº 710,BOA VISTA,,SUBURBIO,ABALROAMENTO LONGITUDINAL,ONIBUS E AUTO / VT 29 NO QTH,1,,,,,1,,,,0,,Longo da via,Bom,Não existe,,Seca,Perfeito estado,Faixa de pedestre,Não há placas,40 km/h,Dupla,Faixa contínua,,
2019-03-01,16:26:00,SEM VÍTIMA,FINALIZADA,ALTO JOSÉ DO PINHO,RUA ACAIACA,70,,ASSEMBLEIA DE DEUS,RUA ACAIACA,70,ASSEMBLEIA DE DEUS,ALTO JOSÉ DO PINHO,,SUBURBIO,CHOQUE VEÍCULO PARADO,COLISÃO SEM VÍTIMA,1,,,,,,,,,0,,Longo da via,Bom,Não existe,Não existente,Seca,Mal conservada,Não existe,Não há placas,,Dupla,Não existe,,
2019-03-01,16:37:00,SEM VÍTIMA,CANCELADA,AFOGADOS,EST DOS REMEDIOS,24,,EM FRENTE A GALERIA ASA BRANCA,EST DOS REMEDIOS,24,EM FRENTE A GALERIA ASA BRANCA,AFOGADOS,,,COLISÃO,COLISÃO SEM VÍTIMA,1,1,,,,,,,,0,,,,,,,,,,,,,,
2019-03-01,17:00:00,COM VÍTIMA,FINALIZADA,CAJUEIRO,AV CIDADE DE MONTEIRO,380,,LADO OPOSTO AO ARMAZÉM CORAL ACHAQUI,AV CIDADE DE MONTEIRO,380,LADO OPOSTO AO ARMAZÉM CORAL ACHAQUI,CAJUEIRO,,AV. BEBERIBE,ABALROAMENTO TRANSVERSAL,COLISÃO ENVOLVENDO AUTO E MOTO.,1,1,,,,,,,,1,,Longo da via,Bom,Não existe,Perfeito estado,Seca,Perfeito estado,Não existe,Outras,,Dupla,Outros,,
2019-03-01,17:07:00,SEM VÍTIMA,CANCELADA,BOA VIAGEM,RUA BARAO DE SOUZA LEAO,,RUA FELICIANO JOSE DE FARIAS,APÓS O MAR HOTEL,RUA BARAO DE SOUZA LEAO,,APÓS O MAR HOTEL,BOA VIAGEM,,,COLISÃO,ENTRE AUTOS S/V.,2,,,,,,,,,0,,,,,,,,,,,,,,
2019-03-01,17:20:00,SEM VÍTIMA,FINALIZADA,MADALENA,RUA BENFICA,,,AUTO PNEUS,RUA BENFICA,,AUTO PNEUS,MADALENA,,CIDADE,ABALROAMENTO LONGITUDINAL,COLISÃO SEM VÍTIMA,1,,,,,1,,,,0,,Longo da via,Bom,Não existe,Perfeito estado,Seca,Perfeito estado,Não existe,R-6a,,Única,,,
2019-03-01,17:23:00,SEM VÍTIMA,FINALIZADA,PARNAMIRIM,RUA PADRE ROMA,273,,ESQUINA DO BAR DO FACCA,RUA PADRE ROMA,273,ESQUINA DO BAR DO FACCA,PARNAMIRIM,,SUBURBIO,ABALROAMENTO LONGITUDINAL,COLISÃO SEM VÍTIMA,2,,,,,,,,,0,,Longo da via,Bom,Não existe,Perfeito estado,Seca,Perfeito estado,Não existe,R-6a,20 km/h,Única,Não existe,,
2019-03-01,17:36:00,COM VÍTIMA,FINALIZADA,PAISSANDU,RUA PAISSANDU,,,INICIO DO VIADUTO  EM FRENTE AO HOSP. DO CAPIBARIBE...HAPVIDA,RUA PAISSANDU,,INICIO DO VIADUTO  EM FRENTE AO HOSP. DO CAPIBARIBE...HAPVIDA,PAISSANDU,,SUBURBIO,ABALROAMENTO TRANSVERSAL,COLISÃO COM VITIMA/ CONDUTOR DO AUTO SE EVADIU,1,1,,,,,,,,1,,Cruzamento,Bom,Não existe,Perfeito estado,Seca,Perfeito estado,Outros,Outras,,Única,Faixa seccionada,Canteiro central,
2019-03-01,17:49:00,SEM VÍTIMA,FINALIZADA,COELHOS,RUA DOS COELHOS,,,EM FRENTE AO HOSPITAL PEDRO II,RUA DOS COELHOS,,EM FRENTE AO HOSPITAL PEDRO II,COELHOS,359,SUBURBIO,ABALROAMENTO LONGITUDINAL,COLISÃO SEM VÍTIMA,2,,,,,,,,,0,,Longo da via,Bom,Sem defeito,Perfeito estado,Seca,Perfeito estado,Faixa de pedestre,R-6a,30 km/h,Dupla,Faixa contínua,Faixa seccionada,
2019-03-01,18:21:00,SEM VÍTIMA,CANCELADA,SANTO ANTÔNIO,RUA SIQUEIRA CAMPOS,,RUA DO SOL,POR TRÁS DA DELEGACIA E CORREIOS,RUA SIQUEIRA CAMPOS,,POR TRÁS DA DELEGACIA E CORREIOS,SANTO ANTÔNIO,,,COLISÃO,ENTRE AUTO E MOTO. S/V,1,1,,,,,,,,0,,,,,,,,,,,,,,
2019-03-01,18:32:00,SEM VÍTIMA,CANCELADA,BONGI,AV ENGENHEIRO ABDIAS DE CARVALHO,,,EM FRENTE A DROGARIA BONGI  SENTIDO SUBURBIO,AV ENGENHEIRO ABDIAS DE CARVALHO,,EM FRENTE A DROGARIA BONGI  SENTIDO SUBURBIO,BONGI,,SUBURBIO,COLISÃO,COLISÃO SEM VÍTIMA,2,,,,,,,,,0,,,,,,,,,,,,,,
2019-03-01,19:00:00,SEM VÍTIMA,FINALIZADA,BONGI,AV CONSUL VILARES FRAGOSO,,RUA ITAPEMIRIM,,AV CONSUL VILARES FRAGOSO,,,BONGI,,SUB/CID,ABALROAMENTO TRANSVERSAL,ENTRE 2 AUTOS. S/V,2,,,,,,,,,0,,Cruzamento,Bom,Não existe,Perfeito estado,Seca,Perfeito estado,Não existe,Placas Pare,,Dupla,Faixa,,
2019-03-01,19:02:00,SEM VÍTIMA,CANCELADA,ENCRUZILHADA,RUA FERNANDO CESAR,,RUA AMARO COUTINHO,PROX. A APRAÇA DO CAMINHONEIRO,RUA FERNANDO CESAR,,PROX. A APRAÇA DO CAMINHONEIRO,ENCRUZILHADA,,,COLISÃO,COLISÃO SEM VÍTIMA,2,,,,,,,,,0,,,,,,,,,,,,,,
2019-03-01,19:12:00,SEM VÍTIMA,CANCELADA,IMBIRIBEIRA,AV MARECHAL MASCARENHAS DE MORAES,,,SEMÁFORO 631 / PRÓX A HONDA E FACULDADE UNIVERSO,AV MARECHAL MASCARENHAS DE MORAES,,SEMÁFORO 631 / PRÓX A HONDA E FACULDADE UNIVERSO,IMBIRIBEIRA,,,COLISÃO,,2,,,,,,,,,0,,,,,,,,,,,,,,
2019-03-01,19:18:00,COM VÍTIMA,CANCELADA,SAN MARTIN,AV ENGENHEIRO ABDIAS DE CARVALHO,,AV GENERAL SAN MARTIN,AO LADO DO COMPAZ,AV ENGENHEIRO ABDIAS DE CARVALHO,,AO LADO DO COMPAZ,SAN MARTIN,58,,COLISÃO,COLISÃO COM VITIMAS,1,1,,,,,,,,1,,,,,,,,,,,,,,
2019-03-01,19:36:00,COM VÍTIMA,CANCELADA,PORTO DA MADEIRA,AV BEBERIBE,,,EM FRENTE AO CONJUNTO RESIDENCIAL JOÃO PAULO SEGUNDO,AV BEBERIBE,,EM FRENTE AO CONJUNTO RESIDENCIAL JOÃO PAULO SEGUNDO,PORTO DA MADEIRA,,,COLISÃO,COLISÃO COM VITIMAS / VITIMA RECEBENDO PRIMEIROS SOCORROS NO LOCAL,1,1,,,,,,,,1,,,,,,,,,,,,,,
2019-03-01,21:31:00,SEM VÍTIMA,CANCELADA,DOIS IRMÃOS,EST DOS PINTOS,,RUA MANUEL DE MEDEIROS,PROX. A RURAL,EST DOS PINTOS,,PROX. A RURAL,DOIS IRMÃOS,588,,COLISÃO,COLISÃO SEM VITIMAS,2,,,,,,,,,0,,,,,,,,,,,,,,
2019-03-01,21:37:00,COM VÍTIMA,CANCELADA,SANTO ANTÔNIO,AV DANTAS BARRETO,,RUA SAO JOAO,,AV DANTAS BARRETO,,,SANTO ANTÔNIO,54,,COLISÃO,,1,1,,,,,,,,1,,,,,,,,,,,,,,
2019-03-01,21:42:00,SEM VÍTIMA,FINALIZADA,BOA VIAGEM,RUA JOSE DOMINGUES DA SILVA,,RUA BELMONTE,,RUA JOSE DOMINGUES DA SILVA,,,BOA VIAGEM,,,ABALROAMENTO TRANSVERSAL,COLISÃO SEM VITIMAS,2,,,,,,,,,0,,Cruzamento,Bom,Não existe,Perfeito estado,Seca,Perfeito estado,,Outras,,Dupla,,,
2019-03-01,22:10:00,SEM VÍTIMA,FINALIZADA,JORDÃO,AV BEIRA RIO,250,,KANTO DOS BOLOS,AV BEIRA RIO,250,KANTO DOS BOLOS,JORDÃO,,CIDADE,CHOQUE VEÍCULO PARADO,COLISÃO SEM VITIMAS,2,,,,,,,,,0,,Longo da via,Bom,Não existe,Perfeito estado,Seca,Perfeito estado,Não existe,Não há placas,,Dupla,Canteiro central,,
2019-03-01,22:23:00,COM VÍTIMA,FINALIZADA,VÁRZEA,RUA ARAPONGAS,,,PROX. AO TERMINAL INTEGRADO DE COSME E DAMIÃO,RUA ARAPONGAS,,PROX. AO TERMINAL INTEGRADO DE COSME E DAMIÃO,VÁRZEA,,SUBURBIO,CHOQUE VEÍCULO PARADO,,,,,,,1,,,,1,,Longo da via,Bom,Não existe,Perfeito estado,Seca,Perfeito estado,Não existe,Não há placas,,Dupla,Não existe,,
2019-03-01,22:59:00,SEM VÍTIMA,FINALIZADA,DERBY,RUA DR BANDEIRA FILHO,,AV GOVERNADOR AGAMENON MAGALHAES,SEMÁFORO 173,RUA DR BANDEIRA FILHO,,SEMÁFORO 173,DERBY,173,SUBURBIO,ABALROAMENTO LONGITUDINAL,ENTRE AUTO E ÕNIBUS. S/V,1,,,,,1,,,,0,,Longo da via,Bom,Sem defeito,Perfeito estado,Seca,Perfeito estado,Faixa de pedestre,Não há placas,,Única,Faixa contínua,Faixa seccionada,
2019-03-02,00:22:00,SEM VÍTIMA,FINALIZADA,IPSEP,AV RECIFE,3592,,PROX DO POSTO BR,AV RECIFE,3592,PROX DO POSTO BR,IPSEP,,SUBURBIO,ABALROAMENTO LONGITUDINAL,COLISÃO ENTRE DOIS VEÍCULOS,2,,,,,,,,,0,,Longo da via,Chuvoso,Não existe,Perfeito estado,Molhada,Perfeito estado,Não existe,Outras,,Dupla,Faixa seccionada,Canteiro central,
2019-03-02,02:04:00,SEM VÍTIMA,CANCELADA,IMBIRIBEIRA,RUA JOSE DA SILVA LUCENA,,RUA SARGENTO SILVINO DE MACEDO,PROX DO GGE,RUA JOSE DA SILVA LUCENA,,PROX DO GGE,IMBIRIBEIRA,,,COLISÃO,COLISÃO ENTRE AUTO E MOTO S/V,1,1,,,,,,,,0,,,,,,,,,,,,,,
2019-03-02,02:14:00,SEM VÍTIMA,FINALIZADA,MADALENA,AV JOSE GONCALVES DE MEDEIROS,,,POSTE DE ILUMINAÇÃO PÚBLICA B054807,AV JOSE GONCALVES DE MEDEIROS,,POSTE DE ILUMINAÇÃO PÚBLICA B054807,MADALENA,,CIDADE,ABALROAMENTO TRANSVERSAL,COLISÃO ENTRE DOIS AUTOS S/V,2,,,,,,,,,0,,Longo da via,Chuvoso,,Perfeito estado,Molhada,Perfeito estado,Não existe,Não há placas,,Dupla,Faixa contínua,,
2019-03-02,06:17:00,SEM VÍTIMA,FINALIZADA,IPUTINGA,RUA MAURICIO DE NASSAU,119,RUA PEREIRA COUTINHO FILHO,,RUA MAURICIO DE NASSAU,119,,IPUTINGA,,CIDADE,ABALROAMENTO TRANSVERSAL,DOIS AUTOS,2,,,,,,,,,0,,Cruzamento,Bom,Não existe,Perfeito estado,Seca,Perfeito estado,Não existe,R-6a,,Dupla,Faixa seccionada,,
2019-03-02,06:32:00,SEM VÍTIMA,FINALIZADA,BAIRRO DO RECIFE,AV MARTINS DE BARROS,,,,AV MARTINS DE BARROS,,,BAIRRO DO RECIFE,383,SUBURBIO,ABALROAMENTO LONGITUDINAL,COLISÃO SEM VITIMAS,1,,,,,1,,,,0,,Longo da via,Chuvoso,Sem defeito,Perfeito estado,Molhada,Perfeito estado,Agente,Não há placas,30 km/h,Única,Faixa seccionada,,
2019-03-02,08:20:00,SEM VÍTIMA,FINALIZADA,CASA AMARELA,AV NORTE,,AV PROFESSOR JOSE DOS ANJOS,,AV NORTE,,,CASA AMARELA,364,CIDADE,ABALROAMENTO LONGITUDINAL,COLISÃO SEM VITIMAS VT 09 QTH,1,,,,,1,,,,0,,Cruzamento,Bom,Sem defeito,Perfeito estado,Seca,Perfeito estado,,Não há placas,,Dupla,Canteiro central,,
2019-03-02,09:09:00,SEM VÍTIMA,FINALIZADA,ILHA JOANA BEZERRA,RUA DOM PAULO II,,,VIADUTO JOANA BEZERRA,RUA DOM PAULO II,,VIADUTO JOANA BEZERRA,ILHA JOANA BEZERRA,,SUBURBIO,ABALROAMENTO LONGITUDINAL,APOIO PARA FLUIDEZ NO LOCAL,2,,,,,,,,,0,,Viaduto,Bom,Não existe,Perfeito estado,Seca,Perfeito estado,Agente,Não há placas,,Única,Faixa seccionada,,
2019-03-02,09:44:00,APOIO,FINALIZADA,ILHA DO LEITE,VIADUTO CAPITAO TEMUDO,,,ENCIMA DO VIADUTO CAPITÃO TEMUDO  SENTIDO BOA VIAGEM,VIADUTO CAPITAO TEMUDO,,ENCIMA DO VIADUTO CAPITÃO TEMUDO  SENTIDO BOA VIAGEM,ILHA DO LEITE,,BOA VIAGEM,COLISÃO,SEM VITIMAS CTTU NO LOCAL,2,,,,,,,,,0,,,,,,,,,,,,,,
2019-03-08,05:59:00,SEM VÍTIMA,FINALIZADA,AFLITOS,AV CONS ROSA E SILVA,955,,EM FRENTE AI EDF IMBÉ,AV CONS ROSA E SILVA,955,EM FRENTE AI EDF IMBÉ,AFLITOS,,SUBURBIO,ABALROAMENTO LONGITUDINAL,SEM VITIMAS.,1,1,,,,,,,,0,,Longo da via,Bom,Não existe,Perfeito estado,Seca,Perfeito estado,Não existe,Outras,,,,,
2019-03-02,11:29:00,SEM VÍTIMA,CANCELADA,ESPINHEIRO,RUA DO ESPINHEIRO,,AV JOAO DE BARROS,EM FRENTE A FARMACIA PAGUE MENOS,RUA DO ESPINHEIRO,,EM FRENTE A FARMACIA PAGUE MENOS,ESPINHEIRO,89,,COLISÃO,SEM VITIMAS,2,,,,,,,,,0,,,,,,,,,,,,,,
2019-03-02,11:33:00,SEM VÍTIMA,FINALIZADA,VÁRZEA,AV AFONSO OLINDENSE,398,,PLANETA MAR PESCADOS,AV AFONSO OLINDENSE,398,PLANETA MAR PESCADOS,VÁRZEA,,SUBURBIO,ABALROAMENTO LONGITUDINAL,COLISÃO SEM VITIMAS,2,,,,,,,,,0,,Longo da via,Bom,Não existe,Não existente,Seca,Perfeito estado,Não existe,Outras,,Dupla,Faixa contínua,,