data,hora,natureza_acidente,situacao,bairro,endereco,numero,detalhe_endereco_acidente,complemento,endereco_cruzamento,numero_cruzamento,referencia_cruzamento,bairro_cruzamento,num_semaforo,sentido_via,tipo,descricao,auto,moto,ciclom,ciclista,pedestre,onibus,caminhao,viatura,outros,vitimas,vitimasfatais,acidente_verificado,tempo_clima,situacao_semaforo,sinalizacao,condicao_via,conservacao_via,ponto_controle,situacao_placa,velocidade_max_via,mao_direcao,divisao_via1,divisao_via2,divisao_via3
2019-03-02,12:17:00,SEM VÍTIMA,FINALIZADA,SANTO AMARO,AV CRUZ CABUGA,,,EM FRENTE AO HOSPITAL DO CANCER/ SENTIDO CIDADE,AV CRUZ CABUGA,,EM FRENTE AO HOSPITAL DO CANCER/ SENTIDO CIDADE,SANTO AMARO,,CIDADE,COLISÃO TRASEIRA,SEM VITIMA,2,,,,,,,,,0,,Longo da via,Bom,Não existe,Incompleta,Seca,Mal conservada,Não existe,R-6a,,Dupla,Blocos,,
2019-03-02,14:33:00,SEM VÍTIMA,FINALIZADA,BAIRRO DO RECIFE,C SANTA RITA,,,ENTRADA DO TERMINAL DE SANTA RITA,C SANTA RITA,,ENTRADA DO TERMINAL DE SANTA RITA,BAIRRO DO RECIFE,76,CIDADE,COLISÃO TRASEIRA,COLISÃO SEM VITIMAS,0,,,,,,,,,0,,Longo da via,Bom,Sem defeito,Perfeito estado,Seca,Perfeito estado,Faixa de retenção,,,Única,Faixa seccionada,,
2019-03-02,14:39:00,SEM VÍTIMA,FINALIZADA,BOA VIAGEM,AV FERNANDO SIMOES BARBOSA,,RUA PADRE CARAPUCEIRO,,AV FERNANDO SIMOES BARBOSA,,,BOA VIAGEM,321,,ABALROAMENTO LONGITUDINAL,AUTO E ONIBUS DA BORBOREMA,2,,,,,,,,,0,,Cruzamento,Bom,Sem defeito,Perfeito estado,Seca,Perfeito estado,Faixa de pedestre,R-6a,,Dupla,Canteiro central,,
2019-03-02,15:40:00,SEM VÍTIMA,FINALIZADA,JOANA BEZERRA,RUA JOAO PAULO II,,,CAPITÃO TEMUDO,RUA JOAO PAULO II,,CAPITÃO TEMUDO,JOANA BEZERRA,,,COLISÃO TRASEIRA,ENTRE DOIS AUTOS S/V,2,,,,,,,,,0,,Viaduto,Bom,Não existe,Perfeito estado,Seca,Perfeito estado,Não existe,Não há placas,,Única,Faixa seccionada,,
2019-03-02,16:07:00,SEM VÍTIMA,FINALIZADA,JOANA BEZERRA,VIADUTO CAPITAO TEMUDO,,,SOBRE O VIADUTO PAPA JOÃO PAULO II,VIADUTO CAPITAO TEMUDO,,SOBRE O VIADUTO PAPA JOÃO PAULO II,JOANA BEZERRA,,,COLISÃO TRASEIRA,COLISÃO SEM VITIMA,1,,,,,,1,,,0,,Viaduto,Bom,Não existe,Perfeito estado,Seca,Perfeito estado,,R-19,40 km/h,Dupla,Faixa seccionada,Canteiro central,
2019-03-02,16:31:00,COM VÍTIMA,FINALIZADA,ENCRUZILHADA,AV NORTE,2215,RUA JOSE DE SA CARNEIRO,EM FRENTE A RENAULT,AV NORTE,2215,EM FRENTE A RENAULT,ENCRUZILHADA,665,SUBURBIO,ABALROAMENTO TRANSVERSAL,COLISÃO ENVOLVENDO AUTO E MOTO.,1,1,,,,,,,,1,,Esquina,Bom,Sem defeito,Perfeito estado,Seca,Perfeito estado,Faixa de pedestre,Outras,,Dupla,Canteiro central,,
2019-03-02,16:38:00,SEM VÍTIMA,CANCELADA,AFOGADOS,RUA QUITERIO INACIO DE MELLO,,,EM FRENTE AFOGADOS AUTO CENTER  SENTIDO BOA VIAGEM,RUA QUITERIO INACIO DE MELLO,,EM FRENTE AFOGADOS AUTO CENTER  SENTIDO BOA VIAGEM,AFOGADOS,,,COLISÃO,COLISÃO SEM VITIMA,2,,,,,,,,,0,,,,,,,,,,,,,,
2019-03-02,17:03:00,SEM VÍTIMA,CANCELADA,BOA VIAGEM,RUA FRANCISCO CORREIA DE MORAES,,,EM FRENTE AO ATACADÃO,RUA FRANCISCO CORREIA DE MORAES,,EM FRENTE AO ATACADÃO,BOA VIAGEM,,,COLISÃO,COLISÃO COM VITIMA/ VITIMA AGUARDANDO O SAMU NO LOCAL,1,1,,,,,,,,0,,,,,,,,,,,,,,
2019-03-02,17:23:00,COM VÍTIMA,FINALIZADA,SANTO AMARO,AV MARIO MELO,,RUA AURORA,,AV MARIO MELO,,,SANTO AMARO,,SUBURBIO,ATROPELAMENTO,ATROPELAMENTO EM FRENTE TCE,,,,,1,1,,,,1,,Longo da via,Bom,Não existe,,,,Não existe,Não há placas,,Única,Canteiro central,,
2019-03-02,17:49:00,COM VÍTIMA,FINALIZADA,BOA VISTA,AV CONDE DA BOA VISTA,,RUA DA SOLEDADE,LOJA MARIA SONECA / ENTRADA DA EMBELEZE,AV CONDE DA BOA VISTA,,LOJA MARIA SONECA / ENTRADA DA EMBELEZE,BOA VISTA,25,CIDADE,ATROPELAMENTO,ATROPELAMENTO A PEDESTRE,,,,,1,1,,,,1,,Cruzamento,Bom,Sem defeito,Incompleta,Seca,Perfeito estado,Agente,R-6c,60 km/h,Dupla,Faixa contínua,,
2019-03-02,18:38:00,SEM VÍTIMA,FINALIZADA,CASA FORTE,AV DEZESSETE DE AGOSTO,125,,,AV DEZESSETE DE AGOSTO,125,,CASA FORTE,,SUBURBIO,CHOQUE OBJETO FIXO,O CONDUTOR ESTAVA REALIZANDO A MANOBRA QUANDO BATEU COM A TRAZEIRA DO VEÍCULO NO POSTE DA CELPE,1,,,,,,,1,,0,,,Bom,Não existe,,Seca,Perfeito estado,Não existe,,60 km/h,Única,Faixa contínua,,
2019-03-02,18:42:00,SEM VÍTIMA,FINALIZADA,ESTÂNCIA,AV DR JOSE RUFINO,582,,GALERIA MARGARIDA,AV DR JOSE RUFINO,582,GALERIA MARGARIDA,ESTÂNCIA,,SUBURBIO,COLISÃO TRASEIRA,ONIBUS TURISMO X TAXI,1,,,,,1,,,,0,,Longo da via,Bom,,Perfeito estado,Seca,Perfeito estado,,R-6a,60 km/h,Dupla,Faixa contínua,,
2019-03-02,19:26:00,COM VÍTIMA,FINALIZADA,CAMPO GRANDE,AV PROFESSOR JOSE DOS ANJOS,,,ENF A ECOESTAÇAO DO ARRUDA,AV PROFESSOR JOSE DOS ANJOS,,ENF A ECOESTAÇAO DO ARRUDA,CAMPO GRANDE,,SUBURBIO,ABALROAMENTO LONGITUDINAL,VT DO CHOQUE X MOTO,,1,,,,,,1,,1,,Longo da via,Bom,Não existe,Não existente,Seca,Perfeito estado,,Não há placas,40 km/h,Dupla,Não existe,,
2019-03-02,19:53:00,COM VÍTIMA,FINALIZADA,IPUTINGA,RUA ENGENHEIRO MOACYR PARAHYBA,179,RUA QUIPAPA,POR TRAS DO WALMART,RUA ENGENHEIRO MOACYR PARAHYBA,179,POR TRAS DO WALMART,IPUTINGA,,SUBURBIO,COLISÃO FRONTAL,SANDERO X TAXI OBS: O MOTORISTA DO TAXI FOI VITIMA DE ROUBO E FOI ESFAQUEADO PERDEU O CONTROLE E COLIDIU NO SANDERO,2,,,,,,,,,1,,Longo da via,Bom,Não existe,Incompleta,Seca,Mal iluminada,Não existe,Não há placas,,Dupla,Faixa seccionada,,
2019-03-02,21:18:00,SEM VÍTIMA,FINALIZADA,ALTO SANTA TERESINHA,RUA TAMBOARA,290,,AO LADO DA OFICINA DO GILDO,RUA TAMBOARA,290,AO LADO DA OFICINA DO GILDO,ALTO SANTA TERESINHA,,CIDADE,CHOQUE VEÍCULO PARADO,COLISÃO SEM VITIMA,1,,,,,,,,,0,,Longo da via,Bom,,,Seca,Perfeito estado,,,,Dupla,,,
2019-03-03,,SEM VÍTIMA,CANCELADA,BAIRRO DO RECIFE,TRV TIRADENTES,,,EM FRENTE A PRAÇA TIRADENTES,TRV TIRADENTES,,EM FRENTE A PRAÇA TIRADENTES,BAIRRO DO RECIFE,,,COLISÃO,COLISÃO ENTRE DOIS AUTOS   SEM VÍTIMAS,2,,,,,,,,,0,,,,,,,,,,,,,,
2019-03-03,06:52:00,SEM VÍTIMA,FINALIZADA,IPSEP,RUA DR GONZAGA MARANHAO,430,RUA FRANCISCO BARRETO,,RUA DR GONZAGA MARANHAO,430,,IPSEP,,SUBURBIO,ABALROAMENTO TRANSVERSAL,SEM VITIMAS,1,,,,,1,,,,0,,Cruzamento,Chuvoso,Não existe,Perfeito estado,Seca,Perfeito estado,Não existe,Não há placas,,Dupla,Não existe,,
2019-03-03,08:15:00,SEM VÍTIMA,FINALIZADA,BAIRRO DO RECIFE,CAIS DO APOLO,,AV RIO BRANCO,SEMÁFORO 019,CAIS DO APOLO,,SEMÁFORO 019,BAIRRO DO RECIFE,19,,ABALROAMENTO LONGITUDINAL,COLISÃO SEM VITIMAS,2,,,,,,,,,0,,,Chuvoso,Sem defeito,Perfeito estado,Seca,Perfeito estado,Faixa de pedestre,R-6a,,,Não existe,,
2019-03-03,13:22:00,SEM VÍTIMA,FINALIZADA,AFOGADOS,RUA MOTOCOLOMBO,,,EM FRENTE À PRAÇA LARGO DA PAZ,RUA MOTOCOLOMBO,,EM FRENTE À PRAÇA LARGO DA PAZ,AFOGADOS,,SUBURBIO,COLISÃO TRASEIRA,,1,,,,,1,,,,0,,Longo da via,Chuvoso,Não existe,Perfeito estado,Molhada,Perfeito estado,Outros,R-6a,,Única,Faixa seccionada,,
2019-03-03,13:37:00,SEM VÍTIMA,FINALIZADA,PINA,AV HERCULANO BANDEIRA,949,RUA ARQUITETO AUGUSTO REINALDO,EM FRENTE AO ATACADO DA CONSTRUÇÃO,AV HERCULANO BANDEIRA,949,EM FRENTE AO ATACADO DA CONSTRUÇÃO,PINA,660,SUBURBIO,ABALROAMENTO TRANSVERSAL,COLISÃO SEM VÍTIMA,2,,,,,,,,,0,,Cruzamento,Chuvoso,Com defeito,Perfeito estado,Molhada,Perfeito estado,Faixa de pedestre,R-4a,,Única,Faixa seccionada,,
2019-03-03,13:57:00,SEM VÍTIMA,CANCELADA,GUABIRABA,AV VEREADOR OTACILIO AZEVEDO,288,,AO LADO DO COLEGIO SÃO CRISTOVÃO,AV VEREADOR OTACILIO AZEVEDO,288,AO LADO DO COLEGIO SÃO CRISTOVÃO,GUABIRABA,,,COLISÃO,COLISÃO SEM VÍTIMA,2,,,,,,,,,0,,,,,,,,,,,,,,
2019-03-03,14:30:00,SEM VÍTIMA,FINALIZADA,CAMPO GRANDE,RUA PRUDENTE DE MORAES,124,RUA CARLOS FERNANDES,,RUA PRUDENTE DE MORAES,124,,CAMPO GRANDE,,SUBURBIO,ABALROAMENTO TRANSVERSAL,ENTRE AUTO S/V,2,,,,,,,,,0,,Cruzamento,Chuvoso,Não existe,Perfeito estado,Molhada,Perfeito estado,Faixa de retenção,Placas Pare,,Dupla,Não existe,,
2019-03-03,16:58:00,SEM VÍTIMA,FINALIZADA,BOA VIAGEM,RUA PROFESSOR AUGUSTO LINS E SILVA,536,,PRÓX. AO HOTEL RECIFE FLAT,RUA PROFESSOR AUGUSTO LINS E SILVA,536,PRÓX. AO HOTEL RECIFE FLAT,BOA VIAGEM,,,ABALROAMENTO LONGITUDINAL,ENTRE AUTOS S/V.,2,,,,,,,,,0,,Longo da via,Bom,Não existe,Perfeito estado,Seca,Perfeito estado,Não existe,Não há placas,,Dupla,Não existe,,
2019-03-03,17:58:00,SEM VÍTIMA,FINALIZADA,GRAÇAS,RUA AMELIA,,,EM FRENTE A PAGUE MENOS,RUA AMELIA,,EM FRENTE A PAGUE MENOS,GRAÇAS,,CIDADE,COLISÃO TRASEIRA,COLISÃO SEM VÍTIMA,3,,,,,,,,,0,,Longo da via,Bom,Sem defeito,Perfeito estado,Seca,Perfeito estado,,,,Única,,,
2019-03-03,18:20:00,COM VÍTIMA,CANCELADA,IMBIRIBEIRA,AV MARECHAL MASCARENHAS DE MORAES,2156,,ENF A CONCESSIONARIA ITALIANA // SENTIDO PRAZERES,AV MARECHAL MASCARENHAS DE MORAES,2156,ENF A CONCESSIONARIA ITALIANA // SENTIDO PRAZERES,IMBIRIBEIRA,,,ATROPELAMENTO,ONIBUS VERA CRUZ X PEDESTRE,,,,,1,1,,,,1,,,,,,,,,,,,,,
2019-03-03,18:40:00,SEM VÍTIMA,CANCELADA,GRAÇAS,RUA AMELIA,677,RUA SERGIO MAGALHAES,ENF A PAGUE MENOS,RUA AMELIA,677,ENF A PAGUE MENOS,GRAÇAS,,,ENGAVETAMENTO,2 FORD K X PRISMA,3,,,,,,,,,0,,,,,,,,,,,,,,
2019-03-03,19:26:00,COM VÍTIMA,FINALIZADA,CAMPO GRANDE,RUA ODORICO MENDES,524,,APÓS E DO LADO OPOSTO AO STTYLLO SUPERMERCADOS.,RUA ODORICO MENDES,524,APÓS E DO LADO OPOSTO AO STTYLLO SUPERMERCADOS.,CAMPO GRANDE,,CIDADE,ATROPELAMENTO,ATROPELAMENTO ENVOLVENDO UM AUTOMÓVEL TÁXI E UM PEDESTRE DO SEXO FEMININO.,1,,,,1,,,,,1,,Longo da via,Bom,Não existe,Perfeito estado,Seca,Perfeito estado,Não existe,Não há placas,,Única,Faixa contínua,Faixa seccionada,
2019-03-03,19:43:00,SEM VÍTIMA,FINALIZADA,CASA AMARELA,EST DO ARRAIAL,3954,RUA PADRE LEMOS,SEMÁFORO 404,EST DO ARRAIAL,3954,SEMÁFORO 404,CASA AMARELA,404,SUBURBIO,ABALROAMENTO LONGITUDINAL,PRISMA X ONIBUS GLOBO,1,,,,,1,,,,0,,Cruzamento,Bom,Sem defeito,Perfeito estado,Seca,Perfeito estado,Faixa de pedestre,,40 km/h,Única,Faixa contínua,,
2019-03-03,21:33:00,COM VÍTIMA,FINALIZADA,CASA FORTE,EST DO ENCANAMENTO,,RUA JADER DE ANDRADE,JUNTO AO EDIFICIO CAMILE FLAN MARION,EST DO ENCANAMENTO,,JUNTO AO EDIFICIO CAMILE FLAN MARION,CASA FORTE,,CIDADE,ABALROAMENTO TRANSVERSAL,COLISÃO COM VITIMA,1,1,,,,,,,,1,,Cruzamento,Bom,Não existe,Perfeito estado,Seca,Perfeito estado,Não existe,Placas Pare,,Única,Faixa,,
2019-03-03,22:41:00,SEM VÍTIMA,FINALIZADA,IMBIRIBEIRA,AV MARECHAL MASCARENHAS DE MORAES,2931,,LADO OPOSTO AO Nº 2931,AV MARECHAL MASCARENHAS DE MORAES,2931,LADO OPOSTO AO Nº 2931,IMBIRIBEIRA,631,SUBURBIO,CHOQUE VEÍCULO PARADO,COLISÃO SEM VITIMAS,2,,,,,,,,,0,,Longo da via,Chuvoso,Sem defeito,Perfeito estado,Molhada,Perfeito estado,Faixa de pedestre,Outras,,Dupla,Faixa seccionada,,
2019-03-04,02:01:00,SEM VÍTIMA,FINALIZADA,SANTO AMARO,RUA PALMARES,,,CENTRO DE SAÚDE PROF WALDEMAR DE OLIVEIRA,RUA PALMARES,,CENTRO DE SAÚDE PROF WALDEMAR DE OLIVEIRA,SANTO AMARO,,SUBURBIO,COLISÃO TRASEIRA,COLISÃO SEM VITIMAS,2,,,,,,,,,0,,Longo da via,Chuvoso,Sem defeito,Perfeito estado,Molhada,Perfeito estado,Não existe,Não há placas,,Dupla,Canteiro central,,
2019-03-04,09:49:00,SEM VÍTIMA,FINALIZADA,ESPINHEIRO,RUA CONS PORTELA,,RUA QUARENTA E OITO,CRUZAMENTO DAS RUAS,RUA CONS PORTELA,,CRUZAMENTO DAS RUAS,ESPINHEIRO,11,SUBURBIO,ABALROAMENTO TRANSVERSAL,DUAS MOTOS,,2,,,,,,,,0,,Cruzamento,Bom,Sem defeito,Perfeito estado,Seca,Perfeito estado,Faixa de pedestre,,,Única,Faixa seccionada,,
2019-03-04,10:11:00,COM VÍTIMA,FINALIZADA,BOA VIAGEM,AV DES JOSE NEVES,,RUA DES JOAO PAES,E/F A FERREIRA PINTO.,AV DES JOSE NEVES,,E/F A FERREIRA PINTO.,BOA VIAGEM,567,CIDADE,ABALROAMENTO LONGITUDINAL,COLISÃO COM DUAS VÍTIMAS.,1,1,,,,,,,,2,,Cruzamento,Chuvoso,Sem defeito,Perfeito estado,Molhada,Perfeito estado,Faixa de pedestre,Outras,,Única,,,
2019-03-04,12:10:00,COM VÍTIMA,CANCELADA,BOA VIAGEM,AV BOA VIAGEM,3056,,EM FRENTE AO EDIFICIO PORTO BELO,AV BOA VIAGEM,3056,EM FRENTE AO EDIFICIO PORTO BELO,BOA VIAGEM,,,COLISÃO,COLISÃO COM VÍTIMA,1,1,,,,,,,,1,,,,,,,,,,,,,,
2019-03-04,12:56:00,SEM VÍTIMA,FINALIZADA,ESPINHEIRO,AV GOVERNADOR AGAMENON MAGALHAES,,,EM FRENTE AO MINISTÉRIO DO TRABALHO DE PERNAMBUCO,AV GOVERNADOR AGAMENON MAGALHAES,,EM FRENTE AO MINISTÉRIO DO TRABALHO DE PERNAMBUCO,ESPINHEIRO,,,ABALROAMENTO TRANSVERSAL,COLISÃO SEM VÍTIMA,1,1,,,,,,,,0,,Longo da via,Chuvoso,Sem defeito,Perfeito estado,Seca,Perfeito estado,Faixa de pedestre,Não há placas,,Dupla,Faixa contínua,Canteiro central,
2019-03-04,14:33:00,COM VÍTIMA,FINALIZADA,SANTO AMARO,RUA JOAO LIRA,,RUA DA SAUDADE,AO LADO DO PARQUE TREZE DE MAIO,RUA JOAO LIRA,,AO LADO DO PARQUE TREZE DE MAIO,SANTO AMARO,308,SUBURBIO,COLISÃO COM CICLISTA,COLISÃO ENVOLVENDO UM AUTOMÓVEL E UMA BICICLETA.,1,,,1,,,,,,1,,Cruzamento,Chuvoso,Sem defeito,Perfeito estado,Molhada,Perfeito estado,Faixa de pedestre,Outras,,Única,Faixa contínua,,
2019-03-04,15:07:00,COM VÍTIMA,FINALIZADA,SANTO AMARO,AV CRUZ CABUGA,706,RUA FREI CASSIMIRO,APÓS A ESQUINA DA RUA FREI CASSIMIRO,AV CRUZ CABUGA,706,APÓS A ESQUINA DA RUA FREI CASSIMIRO,SANTO AMARO,,CIDADE,ABALROAMENTO TRANSVERSAL,COLISÃO ENVOLVENDO UM AUTOMÓVEL E UMA MOTOCICLETA.,1,1,,,,,,,,2,,Cruzamento,Chuvoso,Não existe,Perfeito estado,Molhada,Perfeito estado,Não existe,R-25b,,Dupla,Faixa contínua,,
2019-03-04,16:27:00,SEM VÍTIMA,CANCELADA,BOA VIAGEM,RUA CORONEL BENEDITO CHAVES,,RUA DOS NAVEGANTES,EM FRENTE AO ANTIGO HOTEL MARRUA,RUA CORONEL BENEDITO CHAVES,,EM FRENTE AO ANTIGO HOTEL MARRUA,BOA VIAGEM,,,COLISÃO,ENTRE DOIS AUTOS S/V,2,,,,,,,,,0,,,,,,,,,,,,,,
2019-03-04,18:20:00,COM VÍTIMA,FINALIZADA,CAMPO GRANDE,RUA ODORICO MENDES,481,RUA ALICE GOMES,PRX AO SUPERMERCADO STTYLLO,RUA ODORICO MENDES,481,PRX AO SUPERMERCADO STTYLLO,CAMPO GRANDE,,CIDADE,ABALROAMENTO LONGITUDINAL,MOTO X RENNO,1,1,,,,,,,,2,,Longo da via,Bom,Não existe,Perfeito estado,Seca,Mal iluminada,Faixa de retenção,Outras,,Dupla,Faixa seccionada,,
2019-03-04,20:22:00,COM VÍTIMA,FINALIZADA,IPSEP,RUA ADOLFO FARO,178,RUA HELIO BRANDAO,EM FRENTE A ESCOLA PROFESSOR JOSE VICENTE BARBOSA,RUA ADOLFO FARO,178,EM FRENTE A ESCOLA PROFESSOR JOSE VICENTE BARBOSA,IPSEP,,SUBURBIO,ABALROAMENTO TRANSVERSAL,COLISÃO ENVOLVENDO UM AUTOMÓVEL E UMA MOTOCICLETA. VEÍCULO AUTOMÓVEL EVADIU-SE DO LOCAL DO ACIDENTE.,1,1,,,,,,,,1,,Cruzamento,Bom,Não existe,Não existente,Seca,Perfeito estado,Não existe,Não há placas,30 km/h,Dupla,Não existe,,
2019-03-04,21:05:00,SEM VÍTIMA,CANCELADA,TAMARINEIRA,RUA CONEGO BARATA,,AV NORTE,ANTES DO ARMAZÉM FERREIRA COSTA / SEMÁFORO 062,RUA CONEGO BARATA,,ANTES DO ARMAZÉM FERREIRA COSTA / SEMÁFORO 062,TAMARINEIRA,,,COLISÃO,ENTRE 2 AUTOS. S/V,2,,,,,,,,,0,,,,,,,,,,,,,,
2019-03-05,08:57:00,SEM VÍTIMA,FINALIZADA,CASA AMARELA,EST DO ARRAIAL,,,EM FRENTE AO SEMÁFORO 074,EST DO ARRAIAL,,EM FRENTE AO SEMÁFORO 074,CASA AMARELA,74,SUBURBIO,COLISÃO TRASEIRA,SEM VITIMAS,2,,,,,,,,,0,,Longo da via,Bom,Sem defeito,Perfeito estado,Seca,Perfeito estado,Faixa de pedestre,R-6a,40 km/h,Única,Faixa contínua,Faixa seccionada,
2019-03-05,10:13:00,SEM VÍTIMA,FINALIZADA,PARNAMIRIM,RUA DES GOIS CAVALCANTE,2723,,EM FRENTE AO HOSPITAL AGAMENON MAGALHÃES,RUA DES GOIS CAVALCANTE,2723,EM FRENTE AO HOSPITAL AGAMENON MAGALHÃES,PARNAMIRIM,,SUBURBIO,COLISÃO TRASEIRA,,2,,,,,,,,,0,,Longo da via,Bom,Sem defeito,Perfeito estado,Seca,Perfeito estado,Faixa de pedestre,Outras,,Única,Faixa seccionada,,
2019-03-05,11:06:00,SEM VÍTIMA,CANCELADA,BOA VIAGEM,RUA DOS NAVEGANTES,2313,,EM FRENTE AO EDIFICIO PABLO PICASSO,RUA DOS NAVEGANTES,2313,EM FRENTE AO EDIFICIO PABLO PICASSO,BOA VIAGEM,,,COLISÃO,COLISÃO SEM VITIMAS,1,,,,,,1,,,0,,,,,,,,,,,,,,
2019-03-05,13:50:00,SEM VÍTIMA,FINALIZADA,BOA VIAGEM,AV BOA VIAGEM,,RUA PADRE CARAPUCEIRO,,AV BOA VIAGEM,,,BOA VIAGEM,112,CIDADE,ABALROAMENTO LONGITUDINAL,ENTRE DOIS AUTOS S/V,2,,,,,,,,,0,,Longo da via,Bom,Sem defeito,Perfeito estado,Seca,Perfeito estado,Faixa de pedestre,Outras,,,Faixa seccionada,,
2019-03-05,14:08:00,SEM VÍTIMA,FINALIZADA,BOA VIAGEM,RUA VISCONDE DE JEQUITINHONHA,433,RUA CAPITAO ZUZINHA,EM FRENTE A LOCALIZA,RUA VISCONDE DE JEQUITINHONHA,433,EM FRENTE A LOCALIZA,BOA VIAGEM,433,CIDADE,ABALROAMENTO LONGITUDINAL,ENTRE DOIS AUTOS S/V,2,,,,,,,,,0,,Cruzamento,Bom,Sem defeito,Perfeito estado,Seca,Perfeito estado,Faixa de pedestre,Placas Pare,,Única,Não existe,,
2019-03-05,14:50:00,COM VÍTIMA,FINALIZADA,VÁRZEA,AV AFONSO OLINDENSE,232,,PROX. AO TERMINAL DA CAXANGA  E DA ENTRADA DA VARZEA,AV AFONSO OLINDENSE,232,PROX. AO TERMINAL DA CAXANGA  E DA ENTRADA DA VARZEA,VÁRZEA,638,SUBURBIO,ABALROAMENTO LONGITUDINAL,AUTO E MOTO C/V,2,1,,,,,,,,1,,Longo da via,Bom,Sem defeito,Perfeito estado,Seca,Perfeito estado,Faixa de pedestre,R-6a,,Dupla,Faixa contínua,,
2019-03-05,16:03:00,SEM VÍTIMA,FINALIZADA,BOA VIAGEM,RUA PROFESSOR JOSE BRANDAO,,RUA DOS NAVEGANTES,EM FRENTE AO BAR GIRO PRAIA,RUA PROFESSOR JOSE BRANDAO,,EM FRENTE AO BAR GIRO PRAIA,BOA VIAGEM,,SUBURBIO,ABALROAMENTO TRANSVERSAL,COLISÃO SEM VÍTIMA,3,,,,,,,,,0,,Cruzamento,Bom,Não existe,Perfeito estado,Seca,Perfeito estado,Outros,Placas Pare,,Dupla,Não existe,,
2019-03-05,16:31:00,COM VÍTIMA,CANCELADA,FUNDÃO,AV BEBERIBE,2782,,EM FRENTE A PRAÇA DO FUNDAO,AV BEBERIBE,2782,EM FRENTE A PRAÇA DO FUNDAO,FUNDÃO,,,COLISÃO,AUTO E MOTO C/V,1,1,,,,,,,,1,,,,,,,,,,,,,,
2019-03-05,19:30:00,SEM VÍTIMA,FINALIZADA,IBURA,RUA RIACHO DE SANTANA,566,,,RUA RIACHO DE SANTANA,566,,IBURA,,SUBURBIO,CHOQUE VEÍCULO PARADO,TRES AUTOS,2,,,,,,,,,0,,Longo da via,Bom,Não existe,Não existente,Seca,Perfeito estado,Não existe,Não há placas,,Dupla,Não existe,,
2019-03-05,19:51:00,SEM VÍTIMA,FINALIZADA,BOA VISTA,RUA DA SANTA CRUZ,,RUA VELHA,,RUA DA SANTA CRUZ,,,BOA VISTA,,SUBURBIO,ABALROAMENTO LONGITUDINAL,CLASSIC X AGILE,2,,,,,,,,,0,,,Bom,Não existe,Perfeito estado,Seca,Perfeito estado,Não existe,Outras,,Única,Faixa seccionada,,
2019-03-05,19:56:00,COM VÍTIMA,FINALIZADA,ESPINHEIRO,RUA QUARENTA E OITO,434,,COLISÃO ENVOLVENDO DOIS AUTOMÓVEIS E UMA MOTOCICLETA.,RUA QUARENTA E OITO,434,COLISÃO ENVOLVENDO DOIS AUTOMÓVEIS E UMA MOTOCICLETA.,ESPINHEIRO,,CIDADE,ABALROAMENTO LONGITUDINAL,,2,1,,,,,,,,1,,Longo da via,Bom,Sem defeito,Perfeito estado,Seca,Perfeito estado,Faixa de pedestre,R-6a,,Única,Faixa seccionada,,
2019-03-05,20:55:00,SEM VÍTIMA,CANCELADA,SANTO AMARO,AV GOVERNADOR AGAMENON MAGALHAES,,,E/F AO SHOPPING TACARUNA,AV GOVERNADOR AGAMENON MAGALHAES,,E/F AO SHOPPING TACARUNA,SANTO AMARO,,,COLISÃO,ENTRE 2 AUTOS. S/V,,,,,,,,,,0,,,,,,,,,,,,,,
2019-03-05,22:03:00,SEM VÍTIMA,FINALIZADA,BOA VISTA,RUA BARAO DE SAO BORJA,,RUA JOSE DE ALENCAR,MOTEL BOA VISTA,RUA BARAO DE SAO BORJA,,MOTEL BOA VISTA,BOA VISTA,,SUBURBIO,ABALROAMENTO TRANSVERSAL,ENTRE 2 AUTOS. S/V,2,,,,,,,,,0,,Cruzamento,Bom,Não existe,Perfeito estado,Seca,Perfeito estado,,Outras,,Única,,,
2019-03-05,22:56:00,SEM VÍTIMA,FINALIZADA,ARRUDA,AV PROFESSOR JOSE DOS ANJOS,,RUA JERONIMO VILELA,,AV PROFESSOR JOSE DOS ANJOS,,,ARRUDA,642,SUBURBIO,ABALROAMENTO TRANSVERSAL,MERIVA TAXI X PALIO,2,,,,,,,,,0,,Cruzamento,Bom,,Perfeito estado,Seca,Perfeito estado,Faixa de pedestre,,,,,,
2019-03-07,13:44:00,SEM VÍTIMA,FINALIZADA,,AV MARTINS DE BARROS,,,PROX AO TERMINAL CAIS DE SANTA RITA,AV MARTINS DE BARROS,,PROX AO TERMINAL CAIS DE SANTA RITA,,,SUBURBIO,ABALROAMENTO LONGITUDINAL,ONIBUS X CROSSFOX,1,,,,,1,,,,0,,Longo da via,Bom,Não existe,Incompleta,Seca,Mal conservada,Não existe,Outras,,Dupla,Canteiro central,,
2019-03-06,02:05:00,SEM VÍTIMA,FINALIZADA,BOA VIAGEM,AV ENGENHEIRO DOMINGOS FERREIRA,,RUA FELIX DE BRITO E MELO,,AV ENGENHEIRO DOMINGOS FERREIRA,,,BOA VIAGEM,545,SUBURBIO,ABALROAMENTO TRANSVERSAL,FORD K X MOTO,1,1,,,,,,,,0,,Cruzamento,Bom,Sem defeito,Perfeito estado,Seca,Perfeito estado,Outros,Outras,,Única,Canteiro central,,