data,hora,natureza_acidente,situacao,bairro,endereco,numero,detalhe_endereco_acidente,complemento,endereco_cruzamento,numero_cruzamento,referencia_cruzamento,bairro_cruzamento,num_semaforo,sentido_via,tipo,descricao,auto,moto,ciclom,ciclista,pedestre,onibus,caminhao,viatura,outros,vitimas,vitimasfatais,acidente_verificado,tempo_clima,situacao_semaforo,sinalizacao,condicao_via,conservacao_via,ponto_controle,situacao_placa,velocidade_max_via,mao_direcao,divisao_via1,divisao_via2,divisao_via3
2019-03-06,03:01:00,COM VÍTIMA,FINALIZADA,COHAB,AV RIO SAO FRANCISCO,,AV PERNAMBUCO,PRÓX AO MERCADINHO MINI PREÇO  UR1 COHAB,AV RIO SAO FRANCISCO,,PRÓX AO MERCADINHO MINI PREÇO  UR1 COHAB,COHAB,,SUBURBIO,ABALROAMENTO TRANSVERSAL,COLISÃO ENVOLVENDO AUTOMÓVEL E MOTOCICLETA.,1,1,,,,,,,,2,,Esquina,Bom,Não existe,Perfeito estado,Seca,Perfeito estado,,,,Dupla,,,
2019-03-06,06:38:00,SEM VÍTIMA,CANCELADA,CASA AMARELA,AV NORTE,5984,,EM FRENTE AO DISCONTAO,AV NORTE,5984,EM FRENTE AO DISCONTAO,CASA AMARELA,,SUBURBIO,COLISÃO,TRES AUTOS,3,,,,,,,,,0,,,,,,,,,,,,,,
2019-03-06,06:52:00,SEM VÍTIMA,CANCELADA,IMBIRIBEIRA,AV MARECHAL MASCARENHAS DE MORAES,5313,,EM FRENTE AO HOTEL IBIS,AV MARECHAL MASCARENHAS DE MORAES,5313,EM FRENTE AO HOTEL IBIS,IMBIRIBEIRA,,AFOGADOS,COLISÃO,SEM VITIMAS,1,,,,,1,,,,0,,,,,,,,,,,,,,
2019-03-06,07:05:00,COM VÍTIMA,FINALIZADA,PRADO,AV ENGENHEIRO ABDIAS DE CARVALHO,,RUA JOAO IVO DA SILVA,SENT. CIDADE PROX. A HABIB´S,AV ENGENHEIRO ABDIAS DE CARVALHO,,SENT. CIDADE PROX. A HABIB´S,PRADO,132,CIDADE,ABALROAMENTO TRANSVERSAL,AUTO E MOTO,1,1,,,,,,,,2,,Cruzamento,Bom,Sem defeito,Perfeito estado,Seca,Perfeito estado,Faixa de pedestre,Outras,,Dupla,Canteiro central,,
2019-03-06,07:57:00,SEM VÍTIMA,FINALIZADA,SANTO ANTÔNIO,PRC DA REPUBLICA,,,POR TRÁS DO TEATRO SANTA ISABEL,PRC DA REPUBLICA,,POR TRÁS DO TEATRO SANTA ISABEL,SANTO ANTÔNIO,,,COLISÃO FRONTAL,COLISÃO ENTRE AUTO E ÔNIBUS,,1,,,,1,,,,0,,Longo da via,Bom,Não existe,Perfeito estado,Seca,Perfeito estado,Não existe,Outras,40 km/h,Única,Blocos,,
2019-03-06,09:44:00,SEM VÍTIMA,FINALIZADA,AFOGADOS,RUA DR ADELINO,174,RUA COSME VIANA,,RUA DR ADELINO,174,,AFOGADOS,426,SUBURBIO,ABALROAMENTO LONGITUDINAL,SEM VITIMAS,1,,,,,,1,,,0,,Cruzamento,Bom,Sem defeito,Perfeito estado,Seca,Perfeito estado,Faixa de pedestre,Outras,,,Faixa seccionada,,
2019-03-06,09:46:00,SEM VÍTIMA,FINALIZADA,DOIS UNIDOS,RUA EXP TEODORO SATIVA,,,LADO OPOSTO AO Nº 97,RUA EXP TEODORO SATIVA,,LADO OPOSTO AO Nº 97,DOIS UNIDOS,,,COLISÃO TRASEIRA,TRES AUTOS,3,,,,,,,,,0,,Longo da via,Bom,Não existe,Incompleta,Seca,Perfeito estado,Não existe,Não há placas,,Dupla,Não existe,,
2019-03-06,10:45:00,SEM VÍTIMA,FINALIZADA,CASA AMARELA,RUA DR ENEAS DE LUCENA,297,,,RUA DR ENEAS DE LUCENA,297,,CASA AMARELA,,CIDADE,ABALROAMENTO LONGITUDINAL,DOIS AUTOS,1,,,,,,1,,,0,,Longo da via,Bom,Não existe,Perfeito estado,Seca,Perfeito estado,Não existe,R-6a,,Única,Não existe,,
2019-03-06,11:42:00,SEM VÍTIMA,FINALIZADA,TAMARINEIRA,RUA JUNDIA,,,,RUA JUNDIA,,,TAMARINEIRA,,SUBURBIO,ABALROAMENTO TRANSVERSAL,SEM VÍTIMAS. USUARIO INFORMA QUE O UNICO ACOSTAMENTO QUE TINHA PARA COLOCAR OS VEÍCULOS ERA ONDE TEM UMA PLACA DE PROIBIDO ESTACIONAR E MEIO FIO AMARELO.,2,,,,,,,,,0,,Longo da via,Bom,Não existe,Perfeito estado,Seca,Perfeito estado,Não existe,R-6a,,Dupla,Não existe,,
2019-03-06,15:25:00,SEM VÍTIMA,CANCELADA,PINA,RUA MANOEL DE BRITO,207,,EM FRENTE AO CALDINHO DO NENÉM // DESCIDA DA VIA MANGUE,RUA MANOEL DE BRITO,207,EM FRENTE AO CALDINHO DO NENÉM // DESCIDA DA VIA MANGUE,PINA,,,COLISÃO,ENTRE AUTOS S/V,3,,,,,,,,,0,,,,,,,,,,,,,,
2019-03-06,16:01:00,COM VÍTIMA,FINALIZADA,CORDEIRO,AV CAXANGA,2255,RUA DR AUGUSTO REINALDO SILVA,EM FRENTE A EXPOSIÇÃO DE ANIMAIS E AS LOJAS AMERICANAS,AV CAXANGA,2255,EM FRENTE A EXPOSIÇÃO DE ANIMAIS E AS LOJAS AMERICANAS,CORDEIRO,,CIDADE,ABALROAMENTO LONGITUDINAL,COLISÃO ENVOLVENDO AUTOMÓVEL E MOTOCICLETA.,1,1,,,,,,,,1,,Longo da via,Bom,Sem defeito,Perfeito estado,Seca,Perfeito estado,Não existe,Outras,,Dupla,Canteiro central,,
2019-03-06,16:03:00,SEM VÍTIMA,FINALIZADA,BOA VIAGEM,RUA VISCONDE DE JEQUITINHONHA,,,PRÓX À CHURRASCARIA PONTEIO GRILL,RUA VISCONDE DE JEQUITINHONHA,,PRÓX À CHURRASCARIA PONTEIO GRILL,BOA VIAGEM,,SUBURBIO,COLISÃO TRASEIRA,ENTRE AUTOS S/V,3,,,,,,,,,0,,Longo da via,Bom,Sem defeito,Perfeito estado,Seca,Perfeito estado,Não existe,Não há placas,,Única,Faixa contínua,Faixa seccionada,
2019-03-06,16:48:00,SEM VÍTIMA,FINALIZADA,BOA VIAGEM,AV CONSELHEIRO AGUIAR,,,EM FRENTE AO HOTEL UZIMAR,AV CONSELHEIRO AGUIAR,,EM FRENTE AO HOTEL UZIMAR,BOA VIAGEM,2,CIDADE,COLISÃO TRASEIRA,COLISÃO SEM VÍTIMAS,3,,,,,,,,,0,,Longo da via,Bom,Sem defeito,Perfeito estado,Seca,Perfeito estado,Faixa de pedestre,R-6a,,Única,Faixa seccionada,,
2019-03-06,17:14:00,SEM VÍTIMA,FINALIZADA,IMBIRIBEIRA,AV MARECHAL MASCARENHAS DE MORAES,4490,,AVENIDA RECIFE,AV MARECHAL MASCARENHAS DE MORAES,4490,AVENIDA RECIFE,IMBIRIBEIRA,,SUBURBIO,ABALROAMENTO LONGITUDINAL,ENTRE AUTO E ONIBUS LUCK RECEPITIVOS S/V,1,,,,,1,,,,0,,Longo da via,Bom,Não existe,Perfeito estado,Seca,Perfeito estado,Não existe,R-6a,60 km/h,Dupla,Canteiro central,,
2019-03-06,17:23:00,SEM VÍTIMA,FINALIZADA,TAMARINEIRA,AV NORTE,,RUA GENERAL ABREU E LIMA,LADO OPOSTO AO Nº 3476,AV NORTE,,LADO OPOSTO AO Nº 3476,TAMARINEIRA,456,,COLISÃO TRASEIRA,ENTRE AUTO E ÔNIBUS S/V,1,,,,,1,,,,0,,Longo da via,Bom,Sem defeito,Perfeito estado,Seca,Perfeito estado,Faixa de pedestre,Outras,,Dupla,Canteiro central,,
2019-03-06,17:25:00,SEM VÍTIMA,FINALIZADA,CORDEIRO,RUA N S DA SAUDE,51,RUA MAURICIO DE NASSAU,,RUA N S DA SAUDE,51,,CORDEIRO,88,SUBURBIO,ABALROAMENTO TRANSVERSAL,ENTRE DOIS AUTOS S/V,2,,,,,,,,,0,,Cruzamento,Bom,Com defeito,Perfeito estado,Seca,Perfeito estado,Faixa de pedestre,Outras,,Dupla,Faixa contínua,,
2019-03-06,18:27:00,SEM VÍTIMA,FINALIZADA,TAMARINEIRA,RUA CONEGO BARATA,,,EM FRENTE À FERREIRA COSTA,RUA CONEGO BARATA,,EM FRENTE À FERREIRA COSTA,TAMARINEIRA,,SUBURBIO,COLISÃO TRASEIRA,ENTRE AUTOS S/V,3,,,,,,,,,0,,Longo da via,Bom,Não existe,Perfeito estado,Seca,Perfeito estado,Não existe,R-6a,,Dupla,Canteiro central,,
2019-03-06,20:10:00,SEM VÍTIMA,FINALIZADA,TORRÕES,RUA WASHINGTON DUARTE ESPINDOLA,,,EM FRENTE AO IMÓVEL Nº 155,RUA WASHINGTON DUARTE ESPINDOLA,,EM FRENTE AO IMÓVEL Nº 155,TORRÕES,,SUBURBIO,CHOQUE VEÍCULO PARADO,FORD K X PALIO,2,,,,,,,,,0,,Longo da via,Bom,Não existe,Não existente,Seca,Mal iluminada,,Não há placas,30 km/h,Dupla,Não existe,,
2019-03-07,06:32:00,SEM VÍTIMA,FINALIZADA,TORRE,RUA JOSE BONIFACIO,,RUA PADRE ANCHIETA,,RUA JOSE BONIFACIO,,,TORRE,193,CIDADE,ABALROAMENTO TRANSVERSAL,SEM ÍTIMAS,2,,,,,,,,,0,,Cruzamento,Bom,Sem defeito,Perfeito estado,Seca,Perfeito estado,Faixa de retenção,R-6a,50 km/h,Única,,,
2019-03-07,07:50:00,SEM VÍTIMA,FINALIZADA,PORTO DA MADEIRA,AV BEBERIBE,3433,,EM FRENTE AO POSTO DE GASOLINA SIVINI,AV BEBERIBE,3433,EM FRENTE AO POSTO DE GASOLINA SIVINI,PORTO DA MADEIRA,,CIDADE,ABALROAMENTO LONGITUDINAL,COLISÃO SEM VITIMAS VT 02 QTH,1,1,,,,,,,,0,,,Bom,Não existe,Não existente,Seca,Perfeito estado,Não existe,Não há placas,,Única,Não existe,,
2019-03-07,07:53:00,SEM VÍTIMA,FINALIZADA,ARRUDA,AV PROFESSOR JOSE DOS ANJOS,,,LADO OPOSTO A VIASUL,AV PROFESSOR JOSE DOS ANJOS,,LADO OPOSTO A VIASUL,ARRUDA,,CIDADE,COLISÃO TRASEIRA,,2,,,,,,,,,0,,Longo da via,Bom,Não existe,Perfeito estado,Seca,Perfeito estado,,Não há placas,,Dupla,Canteiro central,,
2019-03-07,07:58:00,SEM VÍTIMA,CANCELADA,ILHA DO LEITE,RUA FRANCISCO ALVES,38,,PROX AO HOSPITAL ESPERANÇA EM FRENTE A LOJA OTICA DE DINIZ,RUA FRANCISCO ALVES,38,PROX AO HOSPITAL ESPERANÇA EM FRENTE A LOJA OTICA DE DINIZ,ILHA DO LEITE,,CIDADE,COLISÃO,COLISÃO SEM VITIMAS,2,,,,,,,,,0,,,,,,,,,,,,,,
2019-03-07,08:20:00,SEM VÍTIMA,FINALIZADA,SANTO AMARO,AV ENGENHEIRO AGAMENON DE MAGALHAES MELO,,,PISTA CENTRAL   AO LADO DA PARADA DE ÔNIBUS,AV ENGENHEIRO AGAMENON DE MAGALHAES MELO,,PISTA CENTRAL   AO LADO DA PARADA DE ÔNIBUS,SANTO AMARO,,CIDADE,ABALROAMENTO LONGITUDINAL,COLISÃO SEM VITIMAS,1,,,,,1,,,,0,,Longo da via,Bom,Não existe,Perfeito estado,Seca,Perfeito estado,Não existe,Não há placas,60 km/h,Dupla,Canteiro central,,
2019-03-07,08:30:00,,,SANTO ANTÔNIO,CAIS DO APOLO,220,,EM FRENTE AO Nº 220,CAIS DO APOLO,220,EM FRENTE AO Nº 220,SANTO ANTÔNIO,,SUBURBIO,ABALROAMENTO LONGITUDINAL,,1,,,,,,1,,,,,Longo da via,Bom,Não existe,Perfeito estado,Seca,Perfeito estado,Não existe,Não há placas,,Dupla,Canteiro central,,
2019-03-07,08:50:00,SEM VÍTIMA,FINALIZADA,DOIS UNIDOS,RUA PEREIRA BARRETO,38,,EM FRENTE A IGREJA PRIMITIVA PENTECOSTAL,RUA PEREIRA BARRETO,38,EM FRENTE A IGREJA PRIMITIVA PENTECOSTAL,DOIS UNIDOS,,CIDADE,ABALROAMENTO LONGITUDINAL,MOTO / ONIBUS / AUTO PASSEIO,1,1,,,,1,,,,0,,Longo da via,Bom,Não existe,Perfeito estado,Seca,Perfeito estado,Não existe,Não há placas,,Dupla,Não existe,,
2019-03-07,08:57:00,SEM VÍTIMA,FINALIZADA,ESPINHEIRO,AV CONS ROSA E SILVA,,RUA BRUNO MAIA,,AV CONS ROSA E SILVA,,,ESPINHEIRO,,SUBURBIO,ABALROAMENTO LONGITUDINAL,SEM VITIMAS,2,,,,,,,,,0,,,Bom,Não existe,Perfeito estado,Seca,Perfeito estado,Não existe,Outras,,Única,Faixa seccionada,,
2019-03-07,08:58:00,SEM VÍTIMA,FINALIZADA,IPSEP,RUA DR GONZAGA MARANHAO,244,RUA LANDELINO CAMARA,,RUA DR GONZAGA MARANHAO,244,,IPSEP,,SUBURBIO,ABALROAMENTO TRANSVERSAL,COLISÃO SEM VITIMAS,2,,,,,,,,,0,,Cruzamento,Bom,Não existe,Perfeito estado,Seca,Perfeito estado,Faixa de pedestre,Placas Pare,,Dupla,,,
2019-03-07,09:07:00,COM VÍTIMA,FINALIZADA,COELHOS,RUA DR JOSE MARIANO,595,,EM FRENTE A LOJA MADER CENTER,RUA DR JOSE MARIANO,595,EM FRENTE A LOJA MADER CENTER,COELHOS,,CIDADE,ABALROAMENTO LONGITUDINAL,COLISÃO ENVOLVENDO AUTOMÓVEL E MOTOCICLETA.,1,1,,,,,,,,2,,Longo da via,Bom,Não existe,Incompleta,Seca,Mal conservada,Não existe,Não há placas,,Única,Não existe,,
2019-03-07,09:49:00,SEM VÍTIMA,FINALIZADA,BOA VIAGEM,RUA COSMORAMA,175,,EM FRENTE A ESCOLA AUGUSTO SEVERO,RUA COSMORAMA,175,EM FRENTE A ESCOLA AUGUSTO SEVERO,BOA VIAGEM,,CIDADE,COLISÃO TRASEIRA,SEM VITIMAS,2,,,,,,,,,0,,Longo da via,Bom,Não existe,Perfeito estado,Seca,Perfeito estado,Outros,R-6a,,Dupla,Faixa seccionada,,
2019-03-07,10:10:00,SEM VÍTIMA,FINALIZADA,BONGI,AV ENGENHEIRO ABDIAS DE CARVALHO,,,EM FRENTE A FACULDADE ESTÁCIO,AV ENGENHEIRO ABDIAS DE CARVALHO,,EM FRENTE A FACULDADE ESTÁCIO,BONGI,328,SUBURBIO,ABALROAMENTO LONGITUDINAL,,1,,,,,,,1,,0,,Longo da via,Bom,Sem defeito,Perfeito estado,Seca,Perfeito estado,Não existe,Não há placas,60 km/h,Única,Faixa seccionada,,
2019-03-07,11:00:00,SEM VÍTIMA,FINALIZADA,BOA VIAGEM,AV CONSELHEIRO AGUIAR,,,AO LADO DA CASA DO PARÁ,AV CONSELHEIRO AGUIAR,,AO LADO DA CASA DO PARÁ,BOA VIAGEM,,CIDADE,ABALROAMENTO LONGITUDINAL,SEM VITIMAS/CTTU VT 13 VAI FAZER O B.O,2,,,,,,,,,0,,Longo da via,Bom,Não existe,Perfeito estado,Seca,Perfeito estado,Não existe,R-6a,60 km/h,Única,Faixa seccionada,,
2019-03-07,12:29:00,SEM VÍTIMA,FINALIZADA,BOA VISTA,AV GOVERNADOR AGAMENON MAGALHAES,,RUA DR BANDEIRA FILHO,,AV GOVERNADOR AGAMENON MAGALHAES,,,BOA VISTA,173,,COLISÃO TRASEIRA,DOIS AUTOS,2,,,,,,,,,0,,Cruzamento,Bom,Sem defeito,Perfeito estado,Seca,Perfeito estado,Faixa de pedestre,R-6a,,Dupla,Canteiro central,,
2019-03-07,12:29:00,SEM VÍTIMA,FINALIZADA,BOA VISTA,RUA PRINCESA IZABEL,,RUA DA UNIAO,SEMÁFORO 167,RUA PRINCESA IZABEL,,SEMÁFORO 167,BOA VISTA,167,CIDADE,COLISÃO TRASEIRA,ENTRE AUTOS S/V,2,,,,,,,,,0,,Cruzamento,Bom,Sem defeito,Perfeito estado,Seca,Perfeito estado,Faixa de pedestre,Não há placas,40 km/h,Única,Faixa contínua,,
2019-03-07,12:52:00,SEM VÍTIMA,FINALIZADA,BAIRRO DO RECIFE,RUA MARIZ E BARROS,181,,PRÓX EXCELSIOR SEGUROS,RUA MARIZ E BARROS,181,PRÓX EXCELSIOR SEGUROS,BAIRRO DO RECIFE,,SUBURBIO,ABALROAMENTO LONGITUDINAL,ENTRE AUTOS S/V,2,,,,,,,,,0,,Longo da via,Bom,Não existe,,,,,,,,,,
2019-03-07,12:55:00,SEM VÍTIMA,FINALIZADA,PARNAMIRIM,AV PARNAMIRIM,,,SEMÁFORO 010,AV PARNAMIRIM,,SEMÁFORO 010,PARNAMIRIM,10,CIDADE,ABALROAMENTO LONGITUDINAL,AUTO E MOTO S/V,1,1,,,,,,,,0,,Cruzamento,Bom,Sem defeito,Perfeito estado,Seca,Perfeito estado,Agente,R-6a,,Única,,,
2019-03-07,13:25:00,SEM VÍTIMA,FINALIZADA,BOA VIAGEM,AV ENGENHEIRO DOMINGOS FERREIRA,,,LADO OPOSTO AO POSTO SHELL,AV ENGENHEIRO DOMINGOS FERREIRA,,LADO OPOSTO AO POSTO SHELL,BOA VIAGEM,,CIDADE,ABALROAMENTO LONGITUDINAL,AUTO X MOTO S/V,1,1,,,,,,,,0,,Longo da via,Bom,Sem defeito,Perfeito estado,Seca,Perfeito estado,,,,Única,Canteiro central,,
2019-03-07,13:50:00,SEM VÍTIMA,CANCELADA,VÁRZEA,RUA MENDES MARTINS,92,,EM FRENTE AO SUPERMERCADO ARCO-IRIS,RUA MENDES MARTINS,92,EM FRENTE AO SUPERMERCADO ARCO-IRIS,VÁRZEA,,CIDADE,COLISÃO,,1,1,,,,,,,,0,,,,,,,,,,,,,,
2019-03-07,14:11:00,SEM VÍTIMA,FINALIZADA,BOA VIAGEM,AV ENGENHEIRO DOMINGOS FERREIRA,90,,,AV ENGENHEIRO DOMINGOS FERREIRA,90,,BOA VIAGEM,,SUBURBIO,ABALROAMENTO LONGITUDINAL,DOIS AUTOS,2,,,,,,,,,0,,Longo da via,Bom,Não existe,Perfeito estado,Seca,Perfeito estado,Não existe,R-6a,,Única,Faixa seccionada,,
2019-03-07,14:44:00,SEM VÍTIMA,FINALIZADA,BOA VISTA,RUA PRINCESA IZABEL,,,SOBRE A PONTE PRINCESA ISABEL,RUA PRINCESA IZABEL,,SOBRE A PONTE PRINCESA ISABEL,BOA VISTA,,SUBURBIO,COLISÃO TRASEIRA,ENTRE AUTOS S/V,2,,,,,,,,,0,,Ponte,Bom,Não existe,Perfeito estado,Seca,Perfeito estado,Não existe,Não há placas,40 km/h,Dupla,Faixa contínua,,
2019-03-07,15:01:00,SEM VÍTIMA,FINALIZADA,TAMARINEIRA,AV NORTE,,RUA GOMES COUTINHO,NO POSTO DE GASOLINA BR,AV NORTE,,NO POSTO DE GASOLINA BR,TAMARINEIRA,643,CIDADE,ABALROAMENTO LONGITUDINAL,DOIS AUTOS,2,,,,,,,,,0,,Cruzamento,Bom,Sem defeito,Perfeito estado,Seca,Perfeito estado,Faixa de pedestre,R-6a,60 km/h,Única,Faixa seccionada,,
2019-03-07,15:02:00,SEM VÍTIMA,CANCELADA,SANTO AMARO,AV NORTE,,,EM FRENTE A ESTAÇAO DA JUVENTUDE  SENTIDO CASA AMARELA,AV NORTE,,EM FRENTE A ESTAÇAO DA JUVENTUDE  SENTIDO CASA AMARELA,SANTO AMARO,,,CHOQUE,CAMINHAO SE CHOCOU EM UM POSTE  E O POSTE E ESTA PRESO PELA FIAÇAO  PRESTES A CAIR NA VIA  O CAMINHAO E DA PREFEITURA  E SAIU DO LOCAL,,,,,,,,,,0,,,,,,,,,,,,,,
2019-03-07,15:43:00,SEM VÍTIMA,FINALIZADA,MADALENA,RUA BENFICA,1108,RUA JOAO IVO DA SILVA,EM FRENTE AO MUSEU DA ABOLIÇÃO,RUA BENFICA,1108,EM FRENTE AO MUSEU DA ABOLIÇÃO,MADALENA,257,CIDADE,ABALROAMENTO LONGITUDINAL,ÔNIBUS X AUTO S/V,1,,,,,1,,,,0,,Cruzamento,Bom,Sem defeito,Perfeito estado,Seca,Perfeito estado,Faixa de pedestre,Outras,,Dupla,Faixa seccionada,,
2019-03-07,16:37:00,SEM VÍTIMA,FINALIZADA,SANTO AMARO,AV GOVERNADOR AGAMENON MAGALHAES,,,EM FRENTE AO TACARUNA,AV GOVERNADOR AGAMENON MAGALHAES,,EM FRENTE AO TACARUNA,SANTO AMARO,,SUBURBIO,ABALROAMENTO LONGITUDINAL,DOIS AUTOS,2,,,,,,,,,0,,Viaduto,Bom,Não existe,Perfeito estado,Seca,Perfeito estado,Não existe,Não há placas,60 km/h,Dupla,Canteiro central,,
2019-03-07,17:05:00,SEM VÍTIMA,FINALIZADA,CORDEIRO,EST DO FORTE DO ARRAIAL N. DO B. JESUS,1187,,,EST DO FORTE DO ARRAIAL N. DO B. JESUS,1187,,CORDEIRO,,,COLISÃO TRASEIRA,DOIS AUTOS E MOTO,2,1,,,,,,,,0,,Longo da via,Bom,Sem defeito,Perfeito estado,Seca,Perfeito estado,Faixa de pedestre,Outras,,Dupla,Faixa contínua,Faixa seccionada,
2019-03-07,17:11:00,SEM VÍTIMA,FINALIZADA,VÁRZEA,RUA GASTAO VIDIGAL,,AV CAXANGA,EM FRENTE À UPA DA CAXANGÁ,RUA GASTAO VIDIGAL,,EM FRENTE À UPA DA CAXANGÁ,VÁRZEA,281,,ABALROAMENTO LONGITUDINAL,AUTO X CAMINHÃO S/V,1,,,,,,1,,,0,,Longo da via,Bom,Sem defeito,Perfeito estado,Seca,Perfeito estado,Faixa de pedestre,Não há placas,,Dupla,Não existe,,
2019-03-07,17:34:00,SEM VÍTIMA,EQUIPE EM DESLOCAMENTO,PINA,AV ANTONIO DE GOES,,,EM FRENTE AO DNIT E AO POSTO PETROBRAS,AV ANTONIO DE GOES,,EM FRENTE AO DNIT E AO POSTO PETROBRAS,PINA,,,COLISÃO,COLISÃO SEM VÍTIMA,1,,,,,,1,,,0,,,,,,,,,,,,,,
2019-03-07,17:41:00,SEM VÍTIMA,FINALIZADA,CABANGA,AV SUL,,,AO LADO DO Nº 209,AV SUL,,AO LADO DO Nº 209,CABANGA,,CIDADE,COLISÃO TRASEIRA,ENTRE 2 AUTOS S/V,2,,,,,,,,,0,,Longo da via,Bom,Não existe,Perfeito estado,Seca,Perfeito estado,,,60 km/h,Dupla,Canteiro central,,
2019-03-07,17:43:00,SEM VÍTIMA,FINALIZADA,BOA VIAGEM,RUA DHALIA,303,,,RUA DHALIA,303,,BOA VIAGEM,,CIDADE,ABALROAMENTO TRANSVERSAL,ENTRE AUTOS S/V,2,,,,,,,,,0,,Longo da via,Bom,Não existe,Perfeito estado,Seca,Perfeito estado,Não existe,Não há placas,40 km/h,Única,Não existe,,
2019-03-07,18:04:00,SEM VÍTIMA,CANCELADA,SANCHO,RUA APRIGIO GUIMARAES,,RUA PAULINO DE FARIAS,PRÓX AO HOSPITAL OTÁVIO DE FREITAS / SEMAFORO 157,RUA APRIGIO GUIMARAES,,PRÓX AO HOSPITAL OTÁVIO DE FREITAS / SEMAFORO 157,SANCHO,,,COLISÃO,ENTRE AUTO E MOTO,1,1,,,,,,,,0,,,,,,,,,,,,,,
2019-03-07,18:14:00,SEM VÍTIMA,CANCELADA,BARRO,AV DR JOSE RUFINO,,,PRÓX AO HOTEL OLIMPICOS  SNT JABOATÃO / POR CIMA DO VIADUTO,AV DR JOSE RUFINO,,PRÓX AO HOTEL OLIMPICOS  SNT JABOATÃO / POR CIMA DO VIADUTO,BARRO,,,COLISÃO,ENTRE AUTO E ÕNIBUS  S/V,1,,,,,1,,,,0,,,,,,,,,,,,,,
2019-03-07,18:43:00,SEM VÍTIMA,FINALIZADA,BOA VIAGEM,AV DOM JOAO VI,,,SHOPP RECIFE  LADO OPOSTO SENTIDO PIEDADE,AV DOM JOAO VI,,SHOPP RECIFE  LADO OPOSTO SENTIDO PIEDADE,BOA VIAGEM,,,COLISÃO TRASEIRA,COLISÃO SEM VÍTIMA,2,,,,,,,,,0,,Longo da via,Bom,Não existe,Perfeito estado,Seca,Perfeito estado,Não existe,Não há placas,,Dupla,Canal,,
2019-03-07,19:15:00,SEM VÍTIMA,FINALIZADA,SANTO AMARO,AV GOVERNADOR AGAMENON MAGALHAES,,,DESCIDA DO VIADUTO,AV GOVERNADOR AGAMENON MAGALHAES,,DESCIDA DO VIADUTO,SANTO AMARO,,,CHOQUE VEÍCULO PARADO,,,,,,,1,1,,,0,,Longo da via,Bom,,Perfeito estado,Seca,Perfeito estado,,,,Dupla,Canal,,
2019-03-07,19:21:00,SEM VÍTIMA,FINALIZADA,MADALENA,EST DOS REMEDIOS,,AV JOSE GONCALVES DE MEDEIROS,SOB O SEMÁFORO 353,EST DOS REMEDIOS,,SOB O SEMÁFORO 353,MADALENA,353,CIDADE,ABALROAMENTO TRANSVERSAL,ENTRE 2 AUTOS S/V,2,,,,,,,,,0,,Longo da via,Bom,Sem defeito,Perfeito estado,Seca,Perfeito estado,,Outras,,Única,Faixa seccionada,,
2019-03-07,20:03:00,SEM VÍTIMA,FINALIZADA,ARRUDA,AV BEBERIBE,,RUA ALEGRE,SEMÁFORO 064,AV BEBERIBE,,SEMÁFORO 064,ARRUDA,64,,ABALROAMENTO LONGITUDINAL,ENTRE AUTO E ÕNIBUS  S/V,1,,,,,1,,,,0,,Cruzamento,Bom,Sem defeito,Perfeito estado,Seca,Perfeito estado,Faixa de pedestre,Não há placas,,Dupla,Faixa contínua,,
2019-03-07,20:30:00,SEM VÍTIMA,FINALIZADA,MADALENA,RUA ALIADOS,57,,,RUA ALIADOS,57,,MADALENA,,,CHOQUE VEÍCULO PARADO,COLISÃO SEM VITIMAS,2,,,,,,,,,0,,Longo da via,Bom,Não existe,Perfeito estado,Seca,Perfeito estado,,,,Dupla,,,
2019-03-07,20:22:00,COM VÍTIMA,CANCELADA,IMBIRIBEIRA,AV MARECHAL MASCARENHAS DE MORAES,,,FERREIRA COSTA,AV MARECHAL MASCARENHAS DE MORAES,,FERREIRA COSTA,IMBIRIBEIRA,,SUBURBIO,COLISÃO,,1,1,,,1,,,,,1,,,,,,,,,,,,,,
2019-03-07,23:22:00,COM VÍTIMA,FINALIZADA,TORRE,RUA JOSE BONIFACIO,776,,EM FRENTE AO RESTAURANTE CANECA FINA,RUA JOSE BONIFACIO,776,EM FRENTE AO RESTAURANTE CANECA FINA,TORRE,,TORRE,COLISÃO COM CICLISTA,COLISÃO ENTRE AUTOMÓVEL E BICICLETA.,1,,,1,,,,,,1,,Longo da via,Bom,Não existe,Perfeito estado,Seca,Perfeito estado,Não existe,Outras,,Única,Faixa seccionada,,
2019-03-07,23:29:00,SEM VÍTIMA,FINALIZADA,BOA VIAGEM,AV ENGENHEIRO DOMINGOS FERREIRA,,RUA FELIX DE BRITO E MELO,SEMÁFORO 545,AV ENGENHEIRO DOMINGOS FERREIRA,,SEMÁFORO 545,BOA VIAGEM,545,SUBURBIO,ABALROAMENTO TRANSVERSAL,COLISÃO SEM VITIMA,1,,,,,1,,,,0,,Cruzamento,Bom,Sem defeito,Perfeito estado,Seca,Perfeito estado,Faixa de pedestre,Outras,50 km/h,Única,Faixa contínua,Canteiro central,
2019-03-08,01:59:00,SEM VÍTIMA,FINALIZADA,SÃO JOSÉ,RUA IMPERIAL,,,EM FRENTE AO POSTE DE Nº 39 CC,RUA IMPERIAL,,EM FRENTE AO POSTE DE Nº 39 CC,SÃO JOSÉ,,SUBURBIO,CHOQUE OBJETO FIXO,VEÍCULO CHOCOU-SE EM UM POSTE S/V,1,,,,,,,,,0,,Longo da via,Bom,,Perfeito estado,Seca,Perfeito estado,,,,Dupla,Canteiro central,,