data,hora,natureza_acidente,situacao,bairro,endereco,numero,detalhe_endereco_acidente,complemento,endereco_cruzamento,numero_cruzamento,referencia_cruzamento,bairro_cruzamento,num_semaforo,sentido_via,tipo,descricao,auto,moto,ciclom,ciclista,pedestre,onibus,caminhao,viatura,outros,vitimas,vitimasfatais,acidente_verificado,tempo_clima,situacao_semaforo,sinalizacao,condicao_via,conservacao_via,ponto_controle,situacao_placa,velocidade_max_via,mao_direcao,divisao_via1,divisao_via2,divisao_via3
2019-03-08,07:18:00,SEM VÍTIMA,FINALIZADA,TORREÃO,AV GOVERNADOR AGAMENON MAGALHAES,1500,,EM FRENTE A ACADEMIA DA CIDADE,AV GOVERNADOR AGAMENON MAGALHAES,1500,EM FRENTE A ACADEMIA DA CIDADE,TORREÃO,,CIDADE,ABALROAMENTO LONGITUDINAL,COLISÃO SEM VITIMAS,2,1,,,,,,,,0,,Longo da via,Bom,Não existe,Perfeito estado,Seca,Perfeito estado,Não existe,Placas Pare,60 km/h,Única,Não existe,,
2019-03-08,07:19:00,SEM VÍTIMA,FINALIZADA,COELHOS,RUA DOS COELHOS,,,LADO OPOSTO AO POSTE H027670,RUA DOS COELHOS,,LADO OPOSTO AO POSTE H027670,COELHOS,,CIDADE,COLISÃO TRASEIRA,ONIBUS E AUTO,1,,,,,1,,,,0,,Longo da via,Bom,Não existe,Perfeito estado,Seca,Perfeito estado,,,,Dupla,Faixa contínua,Faixa seccionada,
2019-03-08,07:57:00,SEM VÍTIMA,FINALIZADA,BOA VISTA,RUA CAPITAO RUY LUCENA,,,AO LADO DA RADIO PATRULHA,RUA CAPITAO RUY LUCENA,,AO LADO DA RADIO PATRULHA,BOA VISTA,,CIDADE,ABALROAMENTO LONGITUDINAL,DOIS AUTOS,2,,,,,,,,,0,,Longo da via,Bom,Não existe,Perfeito estado,Seca,Mal conservada,Não existe,R-6a,,Dupla,Não existe,,
2019-03-08,08:52:00,SEM VÍTIMA,FINALIZADA,IMBIRIBEIRA,RUA JOSE DA SILVA LUCENA,241,RUA SARGENTO SILVINO DE MACEDO,,RUA JOSE DA SILVA LUCENA,241,,IMBIRIBEIRA,,SUBURBIO,ABALROAMENTO TRANSVERSAL,DOIS AUTOS,2,,,,,,,,,0,,Cruzamento,Bom,Não existe,Incompleta,Seca,Perfeito estado,,Placas Pare,,Dupla,Não existe,,
2019-03-08,09:01:00,SEM VÍTIMA,FINALIZADA,TORREÃO,RUA CRISTOVAO JAQUES,82,,,RUA CRISTOVAO JAQUES,82,,TORREÃO,,CIDADE,COLISÃO TRASEIRA,COLISÃO SEM VITIMAS,2,,,,,,,1,,0,,Longo da via,Bom,Não existe,Perfeito estado,Seca,Perfeito estado,Não existe,Não há placas,40 km/h,Dupla,Não existe,,
2019-03-08,09:27:00,SEM VÍTIMA,FINALIZADA,IMBIRIBEIRA,AV PRESIDENTE DUTRA,,RUA ARCELINA DE OLIVEIRA,,AV PRESIDENTE DUTRA,,,IMBIRIBEIRA,,SUBURBIO,COLISÃO TRASEIRA,DOIS AUTOS,2,,,,,,,,,0,,Longo da via,Bom,Não existe,Perfeito estado,Seca,Perfeito estado,Não existe,Não há placas,60 km/h,Única,Não existe,,
2019-03-08,09:28:00,SEM VÍTIMA,FINALIZADA,DERBY,AV GOVERNADOR AGAMENON MAGALHAES,,,ODONTOCAP,AV GOVERNADOR AGAMENON MAGALHAES,,ODONTOCAP,DERBY,,SUBURBIO,ABALROAMENTO LONGITUDINAL,SEM VITIMAS,1,,,,,1,,,,0,,Longo da via,Bom,Não existe,Perfeito estado,Seca,Perfeito estado,Não existe,Não há placas,,Única,Canteiro central,,
2019-03-08,09:30:00,COM VÍTIMA,FINALIZADA,AFOGADOS,RUA AUGUSTO CALHEIROS,,,EM FRENTE A LOJA REI DOS FAROIS,RUA AUGUSTO CALHEIROS,,EM FRENTE A LOJA REI DOS FAROIS,AFOGADOS,553,SUBURBIO,COLISÃO TRASEIRA,COLISÃO ENTRE AUTOMÓVEL E MOTOCICLETA.,1,1,,,,,,,,1,,Longo da via,Bom,Sem defeito,Perfeito estado,Seca,Perfeito estado,Faixa de retenção,Não há placas,40 km/h,Única,Faixa,,
2019-03-08,09:54:00,SEM VÍTIMA,FINALIZADA,BOA VIAGEM,AV FERNANDO SIMOES BARBOSA,874,,NÚMERO 874,AV FERNANDO SIMOES BARBOSA,874,NÚMERO 874,BOA VIAGEM,,SUBURBIO,ABALROAMENTO LONGITUDINAL,COLISÃO SEM VITIMAS,1,1,,,,,,,,0,,Longo da via,Bom,Não existe,Perfeito estado,Seca,Perfeito estado,Não existe,Não há placas,,Dupla,Canteiro central,,
2019-03-08,09:54:00,SEM VÍTIMA,CANCELADA,ARRUDA,EST VELHA DE AGUA FRIA,1029,,,EST VELHA DE AGUA FRIA,1029,,ARRUDA,,,COLISÃO,COLISÃO ENTRE AUTO E MOTO SEM VÍTIMAS,1,1,,,,,,,,0,,,,,,,,,,,,,,
2019-03-08,09:58:00,COM VÍTIMA,FINALIZADA,SANTO ANTÔNIO,AV DANTAS BARRETO,,,LADO OPOSTO AO BANCO DO BRASIL  EM FRENTE AO ANTIGO BANCO SAFRA.,AV DANTAS BARRETO,,LADO OPOSTO AO BANCO DO BRASIL  EM FRENTE AO ANTIGO BANCO SAFRA.,SANTO ANTÔNIO,,,COLISÃO,COLISÃO ENTRE UM ÔNIBUS E UMA CARROÇA.,,,,,,1,,,1,1,,Longo da via,Bom,Sem defeito,Perfeito estado,Seca,Perfeito estado,Não existe,Não há placas,,Dupla,Canteiro central,,
2019-03-08,10:00:00,SEM VÍTIMA,FINALIZADA,CASA AMARELA,RUA FERNANDO DE SOUZA CAETE,146,,,RUA FERNANDO DE SOUZA CAETE,146,,CASA AMARELA,,CIDADE,ABALROAMENTO LONGITUDINAL,AUTO E MOTO,1,1,,,,,,,,0,,Longo da via,Bom,Não existe,Não existente,Seca,Perfeito estado,Não existe,Não há placas,20 km/h,Dupla,,,
2019-03-08,10:02:00,SEM VÍTIMA,FINALIZADA,ILHA DO RETIRO,RUA TABAIARES,233,,,RUA TABAIARES,233,,ILHA DO RETIRO,,CIDADE,ABALROAMENTO LONGITUDINAL,SEM VITIMAS,2,,,,,,,,,0,,Longo da via,Bom,Não existe,Não existente,Seca,Perfeito estado,Não existe,Não há placas,,Dupla,Não existe,,
2019-03-08,10:24:00,COM VÍTIMA,FINALIZADA,ESPINHEIRO,RUA DO ESPINHEIRO,151,,AO LADO DA CLINICA HAPVIDA,RUA DO ESPINHEIRO,151,AO LADO DA CLINICA HAPVIDA,ESPINHEIRO,,CIDADE,ABALROAMENTO LONGITUDINAL,COLISÃO ENTRE AUTOMÓVEL E MOTOCICLETA.,1,1,,,,,,,,1,,Longo da via,Bom,Não existe,Perfeito estado,Seca,Perfeito estado,Não existe,Outras,,Única,Faixa seccionada,,
2019-03-08,10:38:00,SEM VÍTIMA,FINALIZADA,DERBY,RUA JOAQUIM NABUCO,,,EM FRENTE AO HOSPITAL SANTA JOANA,RUA JOAQUIM NABUCO,,EM FRENTE AO HOSPITAL SANTA JOANA,DERBY,,,ABALROAMENTO LONGITUDINAL,COLISÃO SEM VITIMAS,2,,,,,,,,,0,,Longo da via,Bom,Não existe,Perfeito estado,Seca,Perfeito estado,Não existe,Não há placas,,Única,Faixa seccionada,,
2019-03-08,10:42:00,SEM VÍTIMA,FINALIZADA,IPUTINGA,RUA MAURICIO DE NASSAU,,RUA SAO MATEUS,,RUA MAURICIO DE NASSAU,,,IPUTINGA,239,CIDADE,ABALROAMENTO LONGITUDINAL,SEM VITIMAS,2,,,,,,,,,0,,Cruzamento,Bom,Sem defeito,Perfeito estado,Seca,Perfeito estado,Faixa de pedestre,R-6a,40 km/h,Dupla,Faixa contínua,,
2019-03-08,11:05:00,SEM VÍTIMA,FINALIZADA,DERBY,RUA JENER DE SOUZA,635,RUA DA BAIXA VERDE,LADO OPOSTO AO QUARTEL DO DERBY,RUA JENER DE SOUZA,635,LADO OPOSTO AO QUARTEL DO DERBY,DERBY,,CIDADE,ABALROAMENTO LONGITUDINAL,SEM VITIMAS,2,,,,,,,,,0,,Cruzamento,Bom,Não existe,Perfeito estado,Seca,Perfeito estado,Não existe,Outras,,Dupla,Canteiro central,,
2019-03-08,11:32:00,SEM VÍTIMA,FINALIZADA,CORDEIRO,AV CAXANGA,,,EM FRENTE AO POSTO DE COMBUSTÍVEL POTENCIAL,AV CAXANGA,,EM FRENTE AO POSTO DE COMBUSTÍVEL POTENCIAL,CORDEIRO,,CIDADE,ABALROAMENTO LONGITUDINAL,SEM VITIMAS,1,1,,,,,,,,0,,Longo da via,Bom,Não existe,Ilegível,Seca,Perfeito estado,Não existe,R-6a,,Dupla,Canteiro central,,
2019-03-08,11:24:00,SEM VÍTIMA,FINALIZADA,SANTO AMARO,RUA TREZE DE MAIO,304,,EM FRENTE AO MINISTERIO PUBLICO,RUA TREZE DE MAIO,304,EM FRENTE AO MINISTERIO PUBLICO,SANTO AMARO,,SUBURBIO,ABALROAMENTO LONGITUDINAL,COLISÃO SEM VITIMAS,1,1,,,,,,,,0,,Longo da via,Bom,Não existe,Perfeito estado,Seca,Perfeito estado,Agente,Não há placas,40 km/h,Dupla,Faixa contínua,,
2019-03-08,11:35:00,SEM VÍTIMA,FINALIZADA,BOA VIAGEM,RUA DOS NAVEGANTES,4470,,PROX. AO HOTEL CANARIUS PALACE HOTEL,RUA DOS NAVEGANTES,4470,PROX. AO HOTEL CANARIUS PALACE HOTEL,BOA VIAGEM,,SUBURBIO,ABALROAMENTO LONGITUDINAL,DOIS AUTOS,2,,,,,,,,,0,,Longo da via,Bom,Não existe,Perfeito estado,Seca,Perfeito estado,Não existe,Placas Pare,,Única,Faixa seccionada,,
2019-03-08,11:44:00,SEM VÍTIMA,FINALIZADA,GRAÇAS,RUA MONSENHOR AMBROZINO LEITE,,,FRENTE AO CENTRO DE ASSISTENCIA SOCIAL DA PMPE,RUA MONSENHOR AMBROZINO LEITE,,FRENTE AO CENTRO DE ASSISTENCIA SOCIAL DA PMPE,GRAÇAS,,CIDADE,COLISÃO TRASEIRA,CAMINHAO E AUTO,1,,,,,,1,,,0,,Longo da via,Bom,Não existe,Não existente,Seca,Perfeito estado,Não existe,Não há placas,,Única,,,
2019-03-08,12:08:00,SEM VÍTIMA,FINALIZADA,JAQUEIRA,RUA DO FUTURO,,,EM FRENTE À LIVRARIA JAQUEIRA,RUA DO FUTURO,,EM FRENTE À LIVRARIA JAQUEIRA,JAQUEIRA,,CIDADE,ABALROAMENTO LONGITUDINAL,ENTRE AUTOS S/V,2,,,,,,,,,0,,Longo da via,Bom,Não existe,Perfeito estado,Seca,Perfeito estado,Não existe,Não há placas,40 km/h,Única,Faixa seccionada,,
2019-03-08,12:10:00,SEM VÍTIMA,FINALIZADA,BOMBA DO HEMETÉRIO,RUA SAO BENTO,,,ESTRADA VELHA DE ÁGUA FRIA,RUA SAO BENTO,,ESTRADA VELHA DE ÁGUA FRIA,BOMBA DO HEMETÉRIO,,CIDADE,ABALROAMENTO LONGITUDINAL,COLISÃO SEM VÍTIMAS,1,,,,,1,,,,0,,Cruzamento,Bom,Não existe,Perfeito estado,Seca,Perfeito estado,Outros,Outras,,Única,Faixa seccionada,,
2019-03-08,12:22:00,COM VÍTIMA,FINALIZADA,VÁRZEA,RUA MARECHAL MANOEL LUIS OSORIO,,RUA PROFESSOR ANTONIO COELHO,EM FRENTE AO COLÉGIO PONTUAL,RUA MARECHAL MANOEL LUIS OSORIO,,EM FRENTE AO COLÉGIO PONTUAL,VÁRZEA,,,ABALROAMENTO TRANSVERSAL,COLISÃO ENTRE AUTOMÓVEL E MOTOCICLETA.,1,1,,,,,,,,1,,Cruzamento,Bom,Não existe,Perfeito estado,Seca,Perfeito estado,Não existe,Não há placas,,Dupla,Faixa contínua,,
2019-03-08,13:15:00,COM VÍTIMA,FINALIZADA,TEJIPIÓ,AV DR JOSE RUFINO,3152,,EM FRENTE AO QUARTEL 4º BCOM,AV DR JOSE RUFINO,3152,EM FRENTE AO QUARTEL 4º BCOM,TEJIPIÓ,208,CIDADE,ABALROAMENTO LONGITUDINAL,COLISÃO COM VITIMA  AGUARDANDO ATENDIMENTO NO LOCAL,1,1,,,,,,,,1,,Longo da via,Bom,Sem defeito,Perfeito estado,Seca,Perfeito estado,Faixa de pedestre,Não há placas,,Dupla,Faixa contínua,Faixa seccionada,
2019-03-08,13:32:00,SEM VÍTIMA,FINALIZADA,BOA VIAGEM,RUA ELADIO RAMOS,99,RUA FREI CASANOVA,,RUA ELADIO RAMOS,99,,BOA VIAGEM,,,ABALROAMENTO TRANSVERSAL,COLISÃO SEM VITIMAS,2,,,,,,,,,0,,Cruzamento,Bom,Não existe,Perfeito estado,Seca,Perfeito estado,Não existe,Não há placas,,Dupla,Não existe,,
2019-03-08,13:32:00,SEM VÍTIMA,FINALIZADA,CAXANGÁ,AV CAXANGA,,,,AV CAXANGA,,,CAXANGÁ,232,CIDADE,COLISÃO TRASEIRA,ENTRE AUTOS S/V,2,,,,,,,,,0,,Longo da via,Bom,Sem defeito,Perfeito estado,Seca,Perfeito estado,Faixa de retenção,R-6a,,Dupla,Canteiro central,,
2019-03-08,13:57:00,SEM VÍTIMA,FINALIZADA,BOA VIAGEM,AV CONSELHEIRO AGUIAR,4189,,ANTES DO CRUZAMENTO COM RUA RIBEIRO DE BRITO,AV CONSELHEIRO AGUIAR,4189,ANTES DO CRUZAMENTO COM RUA RIBEIRO DE BRITO,BOA VIAGEM,147,CIDADE,ABALROAMENTO LONGITUDINAL,ENTRE AUTOS S/V,2,,,,,,,,,0,,Longo da via,Bom,Sem defeito,Perfeito estado,Seca,Perfeito estado,Agente,,,Única,,,
2019-03-08,13:58:00,COM VÍTIMA,FINALIZADA,TAMARINEIRA,RUA DR JOSE MARIA,1096,,EM FRENTE AO COLÉGIO BOA VIAGEM,RUA DR JOSE MARIA,1096,EM FRENTE AO COLÉGIO BOA VIAGEM,TAMARINEIRA,,SUBURBIO,ABALROAMENTO TRANSVERSAL,COLISÃO ENTRE AUTOMÓVEL E MOTOCICLETA.,1,1,,,,,,,,1,,Longo da via,Bom,Não existe,Perfeito estado,Seca,Perfeito estado,Não existe,Outras,,Dupla,Não existe,,
2019-03-08,14:07:00,SEM VÍTIMA,FINALIZADA,IMBIRIBEIRA,AV MARECHAL MASCARENHAS DE MORAES,,,SOB O VIADUTO TANCREDO NEVES,AV MARECHAL MASCARENHAS DE MORAES,,SOB O VIADUTO TANCREDO NEVES,IMBIRIBEIRA,,SUBURBIO,COLISÃO TRASEIRA,ENTRE AUTOS S/V,2,,,,,,,,,0,,Longo da via,Bom,Não existe,Perfeito estado,Seca,Perfeito estado,Não existe,R-6a,60 km/h,Dupla,Canteiro central,,
2019-03-08,14:09:00,SEM VÍTIMA,FINALIZADA,BOA VIAGEM,AV BOA VIAGEM,,,,AV BOA VIAGEM,,,BOA VIAGEM,84,CIDADE,COLISÃO TRASEIRA,COLISÃO SEM VITIMAS,2,,,,,,,,,0,,Longo da via,Bom,Sem defeito,Perfeito estado,Seca,Perfeito estado,Faixa de pedestre,Outras,60 km/h,Única,Faixa seccionada,,
2019-03-08,14:30:00,SEM VÍTIMA,FINALIZADA,BOA VIAGEM,AV ENGENHEIRO DOMINGOS FERREIRA,,RUA FELIX DE BRITO E MELO,,AV ENGENHEIRO DOMINGOS FERREIRA,,,BOA VIAGEM,545,SUBURBIO,COLISÃO TRASEIRA,ENTRE AUTOS S/V,2,,,,,,,,,0,,Longo da via,Bom,Sem defeito,Perfeito estado,Seca,Perfeito estado,Faixa de pedestre,R-6a,60 km/h,Única,Canteiro central,,
2019-03-08,15:04:00,SEM VÍTIMA,FINALIZADA,VÁRZEA,RUA GENERAL POLIDORO,365,RUA MARECHAL MANOEL LUIS OSORIO,,RUA GENERAL POLIDORO,365,,VÁRZEA,,SUBURBIO,ABALROAMENTO LONGITUDINAL,COLISÃO ENVOLVENDO AUTO E MOTOCICLETA SEM VÍTIMA,1,1,,,,,,,,0,,Longo da via,Bom,Não existe,Perfeito estado,Seca,Perfeito estado,Não existe,Outras,,Dupla,Não existe,,
2019-03-08,15:04:00,SEM VÍTIMA,FINALIZADA,BOA VIAGEM,RUA TENENTE DOMINGOS DE BRITO,443,,AO LADO DO EDF SHOPP RECIFE PRINCE/ SAÍDA DO SHOPP B. VIAGEM,RUA TENENTE DOMINGOS DE BRITO,443,AO LADO DO EDF SHOPP RECIFE PRINCE/ SAÍDA DO SHOPP B. VIAGEM,BOA VIAGEM,,CIDADE,COLISÃO TRASEIRA,COLISÃO SEM VITIMAS,2,,,,,,,,,0,,Longo da via,Bom,Não existe,Não existente,Seca,Perfeito estado,Não existe,Não há placas,,Única,Não existe,,
2019-03-08,15:27:00,SEM VÍTIMA,FINALIZADA,AFLITOS,RUA MANUEL DE CARVALHO,322,,POR TRÁS DO CAMPO DO NAUTICO,RUA MANUEL DE CARVALHO,322,POR TRÁS DO CAMPO DO NAUTICO,AFLITOS,,CIDADE,CHOQUE VEÍCULO PARADO,ENTRE AUTOS S/V,1,,,,,,1,,,0,,Longo da via,Bom,Não existe,Incompleta,Seca,Perfeito estado,Não existe,Outras,,Única,Não existe,,
2019-03-08,15:38:00,SEM VÍTIMA,FINALIZADA,IPSEP,RUA JEAN EMILE FAVRE,885,,EM FRENTE A FARMACIA PERMANENTE,RUA JEAN EMILE FAVRE,885,EM FRENTE A FARMACIA PERMANENTE,IPSEP,,SUBURBIO,COLISÃO TRASEIRA,COLISÃO SEM VÍTIMA,2,,,,,,,,,0,,Longo da via,Bom,Não existe,Perfeito estado,Seca,Perfeito estado,Não existe,R-6a,,Dupla,Faixa contínua,,
2019-03-08,15:57:00,SEM VÍTIMA,FINALIZADA,BOA VIAGEM,RUA RIBEIRO DE BRITO,4060,,EM FRENTE A MAPFRE SEGUROS,RUA RIBEIRO DE BRITO,4060,EM FRENTE A MAPFRE SEGUROS,BOA VIAGEM,,SUBURBIO,ABALROAMENTO LONGITUDINAL,ENTRE AUTOS S/V,2,,,,,,,,,0,,Longo da via,Bom,Sem defeito,Perfeito estado,Seca,Perfeito estado,Faixa de pedestre,R-6a,,Única,Faixa seccionada,,
2019-03-08,16:33:00,SEM VÍTIMA,CANCELADA,GRAÇAS,RUA CARDEAL ARCOVERDE,,AV RUI BARBOSA,PROX. A PIZZARIA ATLÂNTICO,RUA CARDEAL ARCOVERDE,,PROX. A PIZZARIA ATLÂNTICO,GRAÇAS,,,COLISÃO,COLISÃO SEM VITIMAS,2,,,,,,,,,0,,,,,,,,,,,,,,
2019-03-08,17:11:00,SEM VÍTIMA,FINALIZADA,AFOGADOS,AV SUL,,,CAIXA ECONÔMICA FEDERAL,AV SUL,,CAIXA ECONÔMICA FEDERAL,AFOGADOS,,SUB/CID,ABALROAMENTO LONGITUDINAL,COLISÃO SEM VITIMAS,1,,,,,,1,,,0,,Longo da via,Bom,Não existe,Perfeito estado,Seca,Perfeito estado,,Outras,,Única,Faixa,,
2019-03-08,17:23:00,SEM VÍTIMA,FINALIZADA,DERBY,RUA HENRIQUE DIAS,,AV GOVERNADOR AGAMENON MAGALHAES,,RUA HENRIQUE DIAS,,,DERBY,68,CIDADE,ABALROAMENTO LONGITUDINAL,SEM VÍTIMAS.,1,1,,,,1,,,,0,,Cruzamento,Bom,Sem defeito,Perfeito estado,Seca,Perfeito estado,Faixa de pedestre,Outras,60 km/h,Única,Não existe,,
2019-03-08,17:31:00,SEM VÍTIMA,FINALIZADA,GRAÇAS,AV RUI BARBOSA,,RUA DAS CREOULAS,,AV RUI BARBOSA,,,GRAÇAS,102,CIDADE,ABALROAMENTO TRANSVERSAL,ENTRE AUTOS S/V,2,,,,,,,,,0,,Cruzamento,Bom,Sem defeito,Perfeito estado,Seca,Perfeito estado,Faixa de pedestre,Não há placas,60 km/h,Única,Faixa seccionada,,
2019-03-08,18:43:00,SEM VÍTIMA,FINALIZADA,IMBIRIBEIRA,AV MARECHAL MASCARENHAS DE MORAES,,,LADO OPOSTO LOCALIZA HERTZ,AV MARECHAL MASCARENHAS DE MORAES,,LADO OPOSTO LOCALIZA HERTZ,IMBIRIBEIRA,,SUBURBIO,COLISÃO TRASEIRA,TAXI X FIAT CRONOS X FIESTA,3,,,,,,,,,0,,Longo da via,Bom,Não existe,Perfeito estado,Seca,Perfeito estado,Não existe,Não há placas,,Dupla,Canteiro central,,
2019-03-08,18:48:00,SEM VÍTIMA,FINALIZADA,NOVA DESCOBERTA,RUA NOVA DESCOBERTA,368,,EM FRENTE AO IMÓVEL Nº 368,RUA NOVA DESCOBERTA,368,EM FRENTE AO IMÓVEL Nº 368,NOVA DESCOBERTA,,SUBURBIO,ABALROAMENTO LONGITUDINAL,COLISÃO SEM VITIMAS,,,,,,1,,,1,0,,Longo da via,Bom,Não existe,Incompleta,Seca,Perfeito estado,,R-6a,30 km/h,Dupla,Não existe,,
2019-03-08,19:02:00,SEM VÍTIMA,FINALIZADA,BOA VIAGEM,RUA CAPITAO ZUZINHA,,AV MARECHAL JUAREZ TAVORA,,RUA CAPITAO ZUZINHA,,,BOA VIAGEM,437,CIDADE,COLISÃO TRASEIRA,MOTO X CAMINHAO // OBS : BATEDORES NO LOCAL (17-11),,1,,,,,1,,,0,,Longo da via,Bom,Sem defeito,Perfeito estado,Seca,Perfeito estado,Faixa de retenção,Não há placas,,Única,Faixa seccionada,,
2019-03-08,19:25:00,SEM VÍTIMA,CANCELADA,CAMPO GRANDE,RUA CATULO DA PAIXAO CEARENSE,,,EM FRENTE A IGREJA UNIVERSAL,RUA CATULO DA PAIXAO CEARENSE,,EM FRENTE A IGREJA UNIVERSAL,CAMPO GRANDE,,,COLISÃO,COLISÃO SEM VITIMAS,2,,,,,,,,,0,,,,,,,,,,,,,,
2019-03-08,22:04:00,SEM VÍTIMA,FINALIZADA,AREIAS,AV RECIFE,,,CONJUNTO RESIDENCIAL INEZ ANDREAZA,AV RECIFE,,CONJUNTO RESIDENCIAL INEZ ANDREAZA,AREIAS,,SUBURBIO,ABALROAMENTO LONGITUDINAL,MICRO-ONIBUS X CLASSIC,1,,,,,1,,,,0,,Longo da via,Bom,Não existe,Perfeito estado,Seca,Perfeito estado,,Não há placas,60 km/h,Dupla,Canteiro central,,
2019-03-08,22:18:00,COM VÍTIMA,FINALIZADA,MADALENA,AV BEIRA RIO,825,RUA DOM JOAO DE SOUZA,PROX AO CONJUNTO RESIDENCIAL POWER,AV BEIRA RIO,825,PROX AO CONJUNTO RESIDENCIAL POWER,MADALENA,,SUBURBIO,ABALROAMENTO LONGITUDINAL,COLISÃO ENTRE AUTOMÓVEL E MOTOCICLETA.,1,1,,,,,,,,1,,Longo da via,Bom,Não existe,Perfeito estado,Seca,Perfeito estado,,Placas Pare,,Dupla,Faixa contínua,,
2019-03-09,01:57:00,VÍTIMA FATAL,FINALIZADA,ILHA JOANA BEZERRA,AV GOVERNADOR AGAMENON MAGALHAES,,PTE JOSE DE BARROS LIMA,SOBRE A PONTE JOSE DE BARROS LIMA,AV GOVERNADOR AGAMENON MAGALHAES,,SOBRE A PONTE JOSE DE BARROS LIMA,ILHA JOANA BEZERRA,,CIDADE,COLISÃO COM CICLISTA,VEÍCULO COLIDIU COM DOIS CICLISTAS E EVADIU-SE DO LOCAL.,1,,,2,,,,,,1,1,Viaduto,Bom,Não existe,Perfeito estado,Seca,Perfeito estado,Não existe,Não há placas,,Dupla,Faixa seccionada,Canteiro central,
2019-03-09,07:29:00,SEM VÍTIMA,FINALIZADA,BOA VIAGEM,AV ENGENHEIRO DOMINGOS FERREIRA,3042,RUA ANTONIO FALCAO,EM FRENTE AO SANTANDER/,AV ENGENHEIRO DOMINGOS FERREIRA,3042,EM FRENTE AO SANTANDER/,BOA VIAGEM,145,SUBURBIO,ABALROAMENTO LONGITUDINAL,COLISÃO SEM VÍTIMA,,,,,,1,1,,,0,,Cruzamento,Bom,Sem defeito,Perfeito estado,Seca,Perfeito estado,Faixa de pedestre,Outras,60 km/h,Única,Faixa contínua,,
2019-03-09,07:37:00,COM VÍTIMA,FINALIZADA,BOMBA DO HEMETÉRIO,RUA BOMBA DO HEMETERIO,192,RUA SAO SEBASTIAO,EM FRENTE AO MERCADO COMPRE MAIS,RUA BOMBA DO HEMETERIO,192,EM FRENTE AO MERCADO COMPRE MAIS,BOMBA DO HEMETÉRIO,,,ABALROAMENTO TRANSVERSAL,COLISÃO ENTRE UMA MOTOCICLETA E UMA MOTONETA.,,1,1,,,,,,,2,,Longo da via,Bom,Sem defeito,Perfeito estado,Seca,Perfeito estado,Não existe,Não há placas,,Dupla,Faixa seccionada,,
2019-03-09,07:59:00,SEM VÍTIMA,FINALIZADA,BOA VIAGEM,AV ENGENHEIRO DOMINGOS FERREIRA,2200,RUA JOSE MARIA DE MIRANDA,,AV ENGENHEIRO DOMINGOS FERREIRA,2200,,BOA VIAGEM,484,SUBURBIO,ABALROAMENTO TRANSVERSAL,DOIS AUTOS,2,,,,,,,,,0,,Cruzamento,Bom,Com defeito,Ilegível,Seca,Perfeito estado,Faixa de pedestre,,,Única,Faixa contínua,Canteiro central,
2019-03-09,08:55:00,SEM VÍTIMA,FINALIZADA,ILHA DO RETIRO,AV ENGENHEIRO ABDIAS DE CARVALHO,150,,,AV ENGENHEIRO ABDIAS DE CARVALHO,150,,ILHA DO RETIRO,,CIDADE,COLISÃO TRASEIRA,AUTO E CAMINHAO DA CELPE S/V,1,,,,,,1,,,0,,Longo da via,Bom,Não existe,Perfeito estado,Seca,Perfeito estado,Não existe,Não há placas,60 km/h,Dupla,Canteiro central,,
2019-03-09,09:13:00,COM VÍTIMA,FINALIZADA,BOA VIAGEM,AV DOM JOAO VI,,,PROX. AO TUNEL  EM FRENTE A SAIDA 3 DO SHOPPING CENTER RECIFE.,AV DOM JOAO VI,,PROX. AO TUNEL  EM FRENTE A SAIDA 3 DO SHOPPING CENTER RECIFE.,BOA VIAGEM,,SUBURBIO,CHOQUE OBJETO FIXO,CONDUTOR SE CHOCOU EM UMA ARVORE. COM O IMPACTO ELE FICOU INCONSCIENTE.,,1,,,,,,,,1,,Longo da via,Chuvoso,Não existe,Perfeito estado,Molhada,Perfeito estado,Não existe,Não há placas,50 km/h,Única,Faixa seccionada,Canteiro central,
2019-03-09,09:13:00,SEM VÍTIMA,FINALIZADA,ILHA DO RETIRO,RUA BENFICA,,,SPORT CLUB,RUA BENFICA,,SPORT CLUB,ILHA DO RETIRO,,SUBURBIO,ABALROAMENTO LONGITUDINAL,DOIS AUTOS,2,,,,,,,,,0,,Longo da via,Bom,Não existe,Perfeito estado,Seca,Perfeito estado,Faixa de pedestre,R-6a,,Única,Blocos,,
2019-03-09,09:25:00,SEM VÍTIMA,FINALIZADA,JOANA BEZERRA,AV BEIRA RIO,,,,AV BEIRA RIO,,,JOANA BEZERRA,308,CIDADE,COLISÃO TRASEIRA,COLISÃO SEM VÍTIMA,2,,,,,,,,,0,,Longo da via,Bom,Sem defeito,Perfeito estado,Seca,Perfeito estado,Faixa de retenção,Outras,,Dupla,Faixa seccionada,,