data,hora,natureza_acidente,situacao,bairro,endereco,numero,detalhe_endereco_acidente,complemento,endereco_cruzamento,numero_cruzamento,referencia_cruzamento,bairro_cruzamento,num_semaforo,sentido_via,tipo,descricao,auto,moto,ciclom,ciclista,pedestre,onibus,caminhao,viatura,outros,vitimas,vitimasfatais,acidente_verificado,tempo_clima,situacao_semaforo,sinalizacao,condicao_via,conservacao_via,ponto_controle,situacao_placa,velocidade_max_via,mao_direcao,divisao_via1,divisao_via2,divisao_via3
2019-03-09,09:31:00,SEM VÍTIMA,DUPLICIDADE,ILHA DO RETIRO,RUA BENFICA,,AV PREFEITO LIMA CASTRO,AO LADO DO ESTADIO DA ILHA DO RETIRO  PROX. AO TUNEL CHICO SCIENCE,RUA BENFICA,,AO LADO DO ESTADIO DA ILHA DO RETIRO  PROX. AO TUNEL CHICO SCIENCE,ILHA DO RETIRO,,,COLISÃO,SEM VÍTIMAS,2,,,,,,,,,0,,,,,,,,,,,,,,
2019-03-09,09:57:00,COM VÍTIMA,FINALIZADA,PAISSANDU,RUA PAISSANDU,738,,EM FRENTE AO HOSPITAL DO CAPIBARIBE.,RUA PAISSANDU,738,EM FRENTE AO HOSPITAL DO CAPIBARIBE.,PAISSANDU,,CIDADE,ABALROAMENTO LONGITUDINAL,COLISÃO ENTRE AUTOMÓVEL E MOTOCICLETA.,1,1,,,,,,,,1,,Longo da via,Bom,Não existe,Perfeito estado,Seca,Perfeito estado,,R-6a,,Dupla,Blocos,,
2019-03-09,10:07:00,COM VÍTIMA,FINALIZADA,BOA VISTA,AV GOVERNADOR AGAMENON MAGALHAES,,,EM FRENTE AO MINISTERIO DO TRABALHO E CÍRCULO MILITAR.,AV GOVERNADOR AGAMENON MAGALHAES,,EM FRENTE AO MINISTERIO DO TRABALHO E CÍRCULO MILITAR.,BOA VISTA,,SUBURBIO,COLISÃO TRASEIRA,COLISÃO ENTRE AUTOMÓVEL E MOTOCICLETA.,1,1,,,,,,,,1,,Longo da via,Bom,Não existe,Perfeito estado,Seca,Perfeito estado,Não existe,Outras,,Dupla,Faixa seccionada,Canal,
2019-03-09,10:10:00,SEM VÍTIMA,FINALIZADA,BOA VIAGEM,RUA DOS NAVEGANTES,1847,RUA ANTONIO FALCAO,,RUA DOS NAVEGANTES,1847,,BOA VIAGEM,,SUBURBIO,ABALROAMENTO TRANSVERSAL,SEM VÍTIMAS,2,,,,,,,,,0,,Cruzamento,Bom,Não existe,Ilegível,Seca,Perfeito estado,Não existe,Placas Pare,,Única,Faixa contínua,,
2019-03-09,10:15:00,SEM VÍTIMA,FINALIZADA,MADALENA,RUA MENEZES DRUMOND,,,AO LADO DO Nº 60,RUA MENEZES DRUMOND,,AO LADO DO Nº 60,MADALENA,,,ABALROAMENTO LONGITUDINAL,DOIS AUTOS S/V,2,,,,,,,,,0,,Longo da via,Bom,Não existe,Perfeito estado,Seca,Perfeito estado,Não existe,Não há placas,30 km/h,Única,Não existe,,
2019-03-09,10:37:00,SEM VÍTIMA,FINALIZADA,MACAXEIRA,AV NORTE,,RUA MARIA CANDIDA,EM FRENTE AO SEMÁFORO 296,AV NORTE,,EM FRENTE AO SEMÁFORO 296,MACAXEIRA,296,CIDADE,COLISÃO TRASEIRA,COLISÃO SEM VÍTIMA,1,,,,,1,,,,0,,Longo da via,Bom,Sem defeito,Perfeito estado,Seca,Perfeito estado,Faixa de pedestre,,,Única,Canteiro central,,
2019-03-09,10:57:00,SEM VÍTIMA,FINALIZADA,BOA VIAGEM,AV ENGENHEIRO DOMINGOS FERREIRA,200,RUA TOME GIBSON,SEMÁFORO 200,AV ENGENHEIRO DOMINGOS FERREIRA,200,SEMÁFORO 200,BOA VIAGEM,200,,ABALROAMENTO LONGITUDINAL,COLISÃO SEM VÍTIMA,1,1,,,,,,,,0,,Cruzamento,Bom,Sem defeito,Perfeito estado,Seca,Perfeito estado,Faixa de pedestre,Outras,60 km/h,Única,Canteiro central,,
2019-03-09,11:01:00,SEM VÍTIMA,DUPLICIDADE,BOA VIAGEM,AV ENGENHEIRO DOMINGOS FERREIRA,,RUA TOME GIBSON,PROX. AO ARMAZEM BOA VIAGEM,AV ENGENHEIRO DOMINGOS FERREIRA,,PROX. AO ARMAZEM BOA VIAGEM,BOA VIAGEM,200,,COLISÃO,AUTO E MOTO,1,1,,,,,,,,0,,,,,,,,,,,,,,
2019-03-09,11:06:00,SEM VÍTIMA,FINALIZADA,CORDEIRO,RUA GREGORIO JUNIOR,,RUA BRASILANDIA,RES BRASILÂNDIA,RUA GREGORIO JUNIOR,,RES BRASILÂNDIA,CORDEIRO,236,CIDADE,ABALROAMENTO LONGITUDINAL,COLISÃO SEM VÍTIMA,1,,,,,,,,1,0,,Longo da via,Bom,Não existe,Perfeito estado,Seca,Perfeito estado,Não existe,R-6a,,Única,Faixa contínua,,
2019-03-09,12:13:00,COM VÍTIMA,CANCELADA,BOA VIAGEM,AV BOA VIAGEM,500,,EM FRENTE AO EDF ELDORADO,AV BOA VIAGEM,500,EM FRENTE AO EDF ELDORADO,BOA VIAGEM,,,COLISÃO,MOTO E AUTO,1,1,,,,,,,,1,,,,,,,,,,,,,,
2019-03-09,13:04:00,SEM VÍTIMA,FINALIZADA,JOANA BEZERRA,VDO PAPA JOAO PAULO II,,,,VDO PAPA JOAO PAULO II,,,JOANA BEZERRA,,SUBURBIO,COLISÃO TRASEIRA,DOIS AUTOS,2,,,,,,,,,0,,Viaduto,Bom,Não existe,Perfeito estado,Seca,Perfeito estado,Não existe,Não há placas,,Única,Faixa seccionada,,
2019-03-09,13:12:00,SEM VÍTIMA,FINALIZADA,ZUMBI,RUA GREGORIO JUNIOR,224,,,RUA GREGORIO JUNIOR,224,,ZUMBI,,,ABALROAMENTO LONGITUDINAL,COLISÃO SEM VITIMAS,2,,,,,,,,,0,,Longo da via,Bom,Não existe,Perfeito estado,Seca,Perfeito estado,Não existe,R-6a,,Única,Não existe,,
2019-03-09,14:24:00,SEM VÍTIMA,FINALIZADA,ILHA DO RETIRO,AV JOSE GONCALVES DE MEDEIROS,,,AO LADO DO EXTRA,AV JOSE GONCALVES DE MEDEIROS,,AO LADO DO EXTRA,ILHA DO RETIRO,,SUBURBIO,ABALROAMENTO LONGITUDINAL,COLISÃO SEM VITIMAS,2,,,,,,,,,0,,Longo da via,Bom,Não existe,Perfeito estado,Seca,Perfeito estado,Outros,Não há placas,,Dupla,Faixa contínua,,
2019-03-09,14:30:00,SEM VÍTIMA,CANCELADA,BOA VIAGEM,AV BOA VIAGEM,2234,RUA HENRIQUE CAPITULINO,PRÓX AO EDIFÍCIO ÁLVARO COSTA E AO POSTO 5.,AV BOA VIAGEM,2234,PRÓX AO EDIFÍCIO ÁLVARO COSTA E AO POSTO 5.,BOA VIAGEM,,,COLISÃO,ENTRE AUTOS S/V,2,,,,,,,,,0,,,,,,,,,,,,,,
2019-03-09,15:10:00,COM VÍTIMA,FINALIZADA,ESTÂNCIA,AV RECIFE,5005,,EM FRENTE AO MACKO,AV RECIFE,5005,EM FRENTE AO MACKO,ESTÂNCIA,461,SUBURBIO,COLISÃO TRASEIRA,COLISÃO ENTRE AUTOMÓVEL E MOTOCICLETA.,1,1,,,,,,,,2,,Longo da via,Bom,Sem defeito,Perfeito estado,Seca,Perfeito estado,Faixa de pedestre,R-6a,,Dupla,Faixa seccionada,,
2019-03-09,15:14:00,SEM VÍTIMA,FINALIZADA,COHAB,AV PERNAMBUCO,348,,FITEIRO DE MARCOS,AV PERNAMBUCO,348,FITEIRO DE MARCOS,COHAB,,SUBURBIO,ABALROAMENTO LONGITUDINAL,COLISÃO SEM VITIMAS,1,1,,,,,,,,0,,Longo da via,Bom,Não existe,Incompleta,Seca,Perfeito estado,Não existe,R-6a,30 km/h,Dupla,Faixa seccionada,,
2019-03-09,15:26:00,SEM VÍTIMA,CANCELADA,ESTÂNCIA,AV RECIFE,59,,APÓS O HOSPITAL GERAL DE AREIAS,AV RECIFE,59,APÓS O HOSPITAL GERAL DE AREIAS,ESTÂNCIA,,,COLISÃO,ENTRE AUTOS S/V.,2,,,,,,,,,0,,,,,,,,,,,,,,
2019-03-09,17:07:00,COM VÍTIMA,FINALIZADA,PORTO DA MADEIRA,AV BEBERIBE,3377,,SEMÁFORO,AV BEBERIBE,3377,SEMÁFORO,PORTO DA MADEIRA,388,CIDADE,COLISÃO TRASEIRA,COLISÃO COM VITIMA A ESPERA DO SAMU,1,1,,,,,,,,1,,Longo da via,Bom,Sem defeito,Perfeito estado,Seca,Perfeito estado,Faixa de pedestre,R-6a,,Dupla,Faixa contínua,Faixa seccionada,
2019-03-09,16:26:00,SEM VÍTIMA,FINALIZADA,AFOGADOS,RUA JOAQUIM DE VASCONCELOS PEREIRA,132,,CARTÓRIO DE AFOGADOS,RUA JOAQUIM DE VASCONCELOS PEREIRA,132,CARTÓRIO DE AFOGADOS,AFOGADOS,,,CHOQUE VEÍCULO PARADO,ENTRE AUTOS S/V.,2,,,,,,,,,0,,Longo da via,Bom,Não existe,Perfeito estado,Seca,Perfeito estado,Não existe,Não há placas,,Única,Não existe,,
2019-03-09,17:21:00,COM VÍTIMA,FINALIZADA,IPUTINGA,AV CAXANGA,3372,,APOS O PARQUE DE EXPOSIÇÃO DO CORDEIRO EM FRENTE AO BANCO SANTANDER,AV CAXANGA,3372,APOS O PARQUE DE EXPOSIÇÃO DO CORDEIRO EM FRENTE AO BANCO SANTANDER,IPUTINGA,,SUBURBIO,ABALROAMENTO LONGITUDINAL,COLISÃO ENTRE AUTOMÓVEL E MOTOCICLETA.,1,1,,,,,,,,1,,Longo da via,Bom,Não existe,Perfeito estado,Seca,Perfeito estado,,R-25d,,Dupla,Faixa seccionada,,
2019-03-09,18:29:00,SEM VÍTIMA,CANCELADA,BOA VIAGEM,AV CONSELHEIRO AGUIAR,S/N,RUA SERINHAEM,DEPOIS DO HOLIDAY,AV CONSELHEIRO AGUIAR,S/N,DEPOIS DO HOLIDAY,BOA VIAGEM,,,COLISÃO,ONIBUS GRANDE RECIFE X ETIOS,1,,,,,1,,,,0,,,,,,,,,,,,,,
2019-03-09,19:45:00,SEM VÍTIMA,FINALIZADA,GRAÇAS,AV CONS ROSA E SILVA,97,RUA ENGENHEIRO EDGAR D'AMORIM,ENF AO HABIB´S,AV CONS ROSA E SILVA,97,ENF AO HABIB´S,GRAÇAS,459,SUBURBIO,ABALROAMENTO TRANSVERSAL,HB 20 X ONIX,2,,,,,,,,,0,,Cruzamento,Bom,Sem defeito,Perfeito estado,Seca,Perfeito estado,Faixa de pedestre,Placas Pare,60 km/h,Única,Faixa contínua,,
2019-03-09,19:59:00,SEM VÍTIMA,FINALIZADA,GRAÇAS,RUA ALBERTO PAIVA,,,SEMÁFORO 360,RUA ALBERTO PAIVA,,SEMÁFORO 360,GRAÇAS,360,SUBURBIO,COLISÃO TRASEIRA,COLISÃO ENTRE DOIS AUTOS S/V,2,,,,,,,,,0,,Longo da via,Bom,Sem defeito,Perfeito estado,Seca,Perfeito estado,,,,Única,,,
2019-03-09,20:06:00,SEM VÍTIMA,CANCELADA,CIDADE UNIVERSITÁRIA,RUA GENERAL POLIDORO,558,,AO LADO DA PIZZARIA NOVA KIS  PROX DA FARMÁCIA ESPERANÇA,RUA GENERAL POLIDORO,558,AO LADO DA PIZZARIA NOVA KIS  PROX DA FARMÁCIA ESPERANÇA,CIDADE UNIVERSITÁRIA,,,COLISÃO,COLISÃO ENTRE AUTO E MOTO S/V,1,1,,,,,,,,0,,,,,,,,,,,,,,
2019-03-09,20:25:00,SEM VÍTIMA,FINALIZADA,SANTO AMARO,AV CRUZ CABUGA,,,PARADA DE ÔNIBUS BRT,AV CRUZ CABUGA,,PARADA DE ÔNIBUS BRT,SANTO AMARO,343,,ABALROAMENTO LONGITUDINAL,ONIBUS CIDADE ALTA X NISSAN VERSA,1,,,,,1,,,,0,,Longo da via,Bom,Sem defeito,Perfeito estado,Seca,Perfeito estado,,,,Dupla,Faixa contínua,,
2019-03-09,21:27:00,SEM VÍTIMA,FINALIZADA,CASA FORTE,AV DEZESSETE DE AGOSTO,1953,RUA MARECHAL RONDON,CNA INGLES DEFINITIVO,AV DEZESSETE DE AGOSTO,1953,CNA INGLES DEFINITIVO,CASA FORTE,,SUBURBIO,ABALROAMENTO TRANSVERSAL,MOTO X VOYAGE,1,1,,,,,,,,0,,Longo da via,Bom,Não existe,Perfeito estado,Seca,Perfeito estado,Não existe,Outras,60 km/h,Dupla,Faixa contínua,,
2019-03-09,22:02:00,SEM VÍTIMA,FINALIZADA,BAIRRO DO RECIFE,PTE GIRATORIA,,,,PTE GIRATORIA,,,BAIRRO DO RECIFE,,CIDADE,ABALROAMENTO LONGITUDINAL,VOYAGE X GOL,2,,,,,,,,,0,,Ponte,Bom,Não existe,Perfeito estado,Seca,Perfeito estado,Não existe,Não há placas,,Dupla,Faixa seccionada,,
2019-03-09,22:06:00,SEM VÍTIMA,FINALIZADA,AFOGADOS,RUA IMPERIAL,,RUA BOM SUCESSO,,RUA IMPERIAL,,,AFOGADOS,,SUBURBIO,ABALROAMENTO TRANSVERSAL,COLISÃO ENTRE DOIS AUTOS C/V,2,,,,,,,,,0,,Cruzamento,Bom,Não existe,Perfeito estado,Seca,Perfeito estado,,,,Única,,,
2019-03-10,09:47:00,SEM VÍTIMA,FINALIZADA,IBURA,RUA EXP FRANCISCO VITORIANO,175,,AO LADO DA 1º IGREJA BATISTA EM DOIS RIOS,RUA EXP FRANCISCO VITORIANO,175,AO LADO DA 1º IGREJA BATISTA EM DOIS RIOS,IBURA,,SUBURBIO,COLISÃO TRASEIRA,SEM VITIMAS,2,,,,,,,,,0,,Longo da via,Bom,Não existe,Não existente,Seca,Perfeito estado,Não existe,Não há placas,40 km/h,Dupla,Faixa seccionada,,
2019-03-10,11:38:00,SEM VÍTIMA,FINALIZADA,BOA VIAGEM,AV ENGENHEIRO DOMINGOS FERREIRA,,RUA TENENTE JOAO CICERO,EM FRENTE A FARMACIA DROGASIL,AV ENGENHEIRO DOMINGOS FERREIRA,,EM FRENTE A FARMACIA DROGASIL,BOA VIAGEM,,SUBURBIO,ABALROAMENTO TRANSVERSAL,COLISÃO SEM VITIMAS,2,,,,,,,,,0,,Longo da via,Bom,Sem defeito,Perfeito estado,Seca,Perfeito estado,,Outras,60 km/h,Dupla,Canteiro central,,
2019-03-10,12:42:00,COM VÍTIMA,FINALIZADA,SANTO AMARO,RUA DOS PALMARES,547,,EM FRENTE AO COMANDO DA GUARDA CIVIL MUNICIPAL DO RECIFE.,RUA DOS PALMARES,547,EM FRENTE AO COMANDO DA GUARDA CIVIL MUNICIPAL DO RECIFE.,SANTO AMARO,,CIDADE,COLISÃO COM CICLISTA,COLISÃO ENTRE AUTOMÓVEL E BICICLETA.,1,,,1,,,,,,1,,Longo da via,Bom,Não existe,Perfeito estado,Seca,Perfeito estado,Não existe,Não há placas,,Dupla,Faixa seccionada,,
2019-03-10,13:47:00,SEM VÍTIMA,CANCELADA,NOVA DESCOBERTA,RUA CORREGO DA BICA,4822A,,EM FRENTE AO ARMAZEM AVENIDA,RUA CORREGO DA BICA,4822A,EM FRENTE AO ARMAZEM AVENIDA,NOVA DESCOBERTA,,,COLISÃO,AUTO E MOTO S/V,1,1,,,,,,,,0,,,,,,,,,,,,,,
2019-03-10,16:11:00,COM VÍTIMA,FINALIZADA,AFOGADOS,RUA DA PAZ,388,,EM FRENTE AO BANCO ITAU,RUA DA PAZ,388,EM FRENTE AO BANCO ITAU,AFOGADOS,,SUBURBIO,ATROPELAMENTO,ATROPELAMENTO ENTRE ÔNIBUS E UM PEDESTRE.,,,,,1,1,,,,1,,Longo da via,Bom,Sem defeito,Perfeito estado,Seca,Perfeito estado,Não existe,R-6c,,Única,Faixa seccionada,,
2019-03-10,18:27:00,SEM VÍTIMA,CANCELADA,JARDIM SÃO PAULO,AV RECIFE,,,E/F AO ANTIGO CAFÉ ROYAL  SNT BR - 101,AV RECIFE,,E/F AO ANTIGO CAFÉ ROYAL  SNT BR - 101,JARDIM SÃO PAULO,,,COLISÃO,,1,,,,,1,,,,0,,,,,,,,,,,,,,
2019-03-10,19:01:00,SEM VÍTIMA,CANCELADA,ÁGUA FRIA,RUA AQUINOPOLIS,763,RUA SAO SEBASTIAO,E/F A CASA LOTÉRICA PARAIBANA/ PRÓX A MERCEARIA DO MÁRIO,RUA AQUINOPOLIS,763,E/F A CASA LOTÉRICA PARAIBANA/ PRÓX A MERCEARIA DO MÁRIO,ÁGUA FRIA,,,COLISÃO,COLISÃO ENTRE DOIS AUTOS S/V,2,,,,,,,,,0,,,,,,,,,,,,,,
2019-03-10,20:40:00,COM VÍTIMA,FINALIZADA,VASCO DA GAMA,AV NORTE,6174,,PRÓXIMO AO POSTO BR E EM FRENTE AO DESKONTÃO.,AV NORTE,6174,PRÓXIMO AO POSTO BR E EM FRENTE AO DESKONTÃO.,VASCO DA GAMA,,SUBURBIO,ABALROAMENTO TRANSVERSAL,ENTRE 2 AUTOS. C/V,2,,,,,,,,,2,,Longo da via,Bom,Não existe,Incompleta,,,Não existe,Outras,,Única,Faixa seccionada,,
2019-03-11,06:06:00,SEM VÍTIMA,FINALIZADA,DERBY,RUA GUILHERME PINTO,345,,EDF MARIA FERNANDA,RUA GUILHERME PINTO,345,EDF MARIA FERNANDA,DERBY,,CIDADE,COLISÃO TRASEIRA,SEM VITIMAS,2,,,,,,,,,0,,Longo da via,Bom,Não existe,Perfeito estado,Seca,Perfeito estado,,R-6a,20 km/h,Única,,,
2019-03-11,07:12:00,COM VÍTIMA,FINALIZADA,JARDIM SÃO PAULO,RUA LEANDRO BARRETO,440,AV LIBERDADE,EM FREBNTE AO CONDOMINIO TORRES DA LIBERDADE,RUA LEANDRO BARRETO,440,EM FREBNTE AO CONDOMINIO TORRES DA LIBERDADE,JARDIM SÃO PAULO,,SUBURBIO,ABALROAMENTO TRANSVERSAL,COM UMA VITIMA AGUARDANDO SAMU,1,1,,,,,,,,1,,Cruzamento,Bom,Não existe,Perfeito estado,Seca,Perfeito estado,Outros,Outras,,Dupla,,,
2019-03-11,07:14:00,SEM VÍTIMA,FINALIZADA,BOA VIAGEM,RUA DR VICENTE GOMES,228,RUA SETUBAL,,RUA DR VICENTE GOMES,228,,BOA VIAGEM,60,CIDADE,ABALROAMENTO LONGITUDINAL,AUTO E ONIBUS,1,,,,,1,,,,0,,Cruzamento,Bom,Sem defeito,Perfeito estado,Seca,Perfeito estado,Faixa de retenção,Não há placas,,Única,Faixa seccionada,,
2019-03-11,07:21:00,SEM VÍTIMA,FINALIZADA,AFOGADOS,RUA PADRE TEOFILO TWORZ,295,RUA SANTA EDWIRGES,NA RUA DA TUPAN EM FRENTE A IGREJA PREBISTERIANA DO PRADO,RUA PADRE TEOFILO TWORZ,295,NA RUA DA TUPAN EM FRENTE A IGREJA PREBISTERIANA DO PRADO,AFOGADOS,,CIDADE,ABALROAMENTO TRANSVERSAL,COLISÃO SEM VITIMAS,2,,,,,,,,,0,,Cruzamento,Bom,Não existe,Não existente,Seca,Perfeito estado,Não existe,Não há placas,,Única,Não existe,,
2019-03-11,07:58:00,SEM VÍTIMA,FINALIZADA,DERBY,PRC DO DERBY,,AV GOVERNADOR AGAMENON MAGALHAES,,PRC DO DERBY,,,DERBY,75,CIDADE,ABALROAMENTO LONGITUDINAL,COLISÃO SEM VITIMAS,2,,,,,,,,,0,,Cruzamento,Bom,Sem defeito,Perfeito estado,Seca,Perfeito estado,Faixa de retenção,,,,,,
2019-03-11,08:08:00,SEM VÍTIMA,FINALIZADA,PRADO,AV ENGENHEIRO ABDIAS DE CARVALHO,1450,,,AV ENGENHEIRO ABDIAS DE CARVALHO,1450,,PRADO,,SUBURBIO,COLISÃO TRASEIRA,SEM VÍTIMAS,2,,,,,,,,,0,,Longo da via,Bom,Não existe,Perfeito estado,Seca,Perfeito estado,Não existe,Não há placas,,Dupla,Canteiro central,,
2019-03-11,08:29:00,SEM VÍTIMA,CANCELADA,GRAÇAS,AV RUI BARBOSA,,,E/F AO POSO SHELL,AV RUI BARBOSA,,E/F AO POSO SHELL,GRAÇAS,48,,COLISÃO,SEM VÍTIMAS,1,,,,,1,,,,0,,,,,,,,,,,,,,
2019-03-11,09:23:00,SEM VÍTIMA,FINALIZADA,JARDIM SÃO PAULO,RUA LEANDRO BARRETO,274,AV LIBERDADE,AO LADO DA ASSEMBLEIA DE DEUS,RUA LEANDRO BARRETO,274,AO LADO DA ASSEMBLEIA DE DEUS,JARDIM SÃO PAULO,,SUBURBIO,ABALROAMENTO LONGITUDINAL,POLO SEDAN PRETO X CAMINHÃO MERC. BENZ,1,,,,,,1,,,0,,Longo da via,Bom,Sem defeito,Perfeito estado,Seca,Perfeito estado,Faixa de pedestre,Outras,,Dupla,Faixa seccionada,,
2019-03-11,09:33:00,SEM VÍTIMA,FINALIZADA,PRADO,AV ENGENHEIRO ABDIAS DE CARVALHO,,,FRENTE AO POSTO DE COMBUSTÍVEIS BR,AV ENGENHEIRO ABDIAS DE CARVALHO,,FRENTE AO POSTO DE COMBUSTÍVEIS BR,PRADO,,CIDADE,COLISÃO TRASEIRA,COLISÃO SEM VITIMAS,,,,,,,1,,1,0,,Longo da via,Bom,Sem defeito,Perfeito estado,Seca,Perfeito estado,Faixa de pedestre,R-6a,,Dupla,Canteiro central,,
2019-03-11,09:57:00,SEM VÍTIMA,FINALIZADA,BOA VIAGEM,RUA FRANCISCO DA CUNHA,1747,,EM FRENTE AO EDIFICIO CASTELO DELMARES,RUA FRANCISCO DA CUNHA,1747,EM FRENTE AO EDIFICIO CASTELO DELMARES,BOA VIAGEM,,CIDADE,CHOQUE VEÍCULO PARADO,COLISÃO SEM VITIMAS,2,,,,,,,,,0,,Longo da via,Bom,Não existe,Incompleta,Seca,Perfeito estado,Não existe,Placas Pare,,Única,Não existe,,
2019-03-11,10:47:00,SEM VÍTIMA,FINALIZADA,AFLITOS,RUA MANUEL DE CARVALHO,94,,EM FRENTE AO 94,RUA MANUEL DE CARVALHO,94,EM FRENTE AO 94,AFLITOS,,SUBURBIO,ABALROAMENTO LONGITUDINAL,DOIS AUTOS E UMA MOTO,2,1,,,,,,,,0,,Longo da via,Bom,Não existe,Perfeito estado,Seca,Perfeito estado,Não existe,Não há placas,,Única,Outros,,
2019-03-11,11:21:00,SEM VÍTIMA,FINALIZADA,ESPINHEIRO,RUA QUARENTA E OITO,,,EM FRENTE AO Nº 395,RUA QUARENTA E OITO,,EM FRENTE AO Nº 395,ESPINHEIRO,166,CIDADE,COLISÃO TRASEIRA,DOIS AUTOS E UMA MOTO,2,,,,,,,,,0,,Longo da via,Bom,Sem defeito,Perfeito estado,Seca,Perfeito estado,Faixa de retenção,R-6a,,Única,Faixa seccionada,,
2019-03-11,11:38:00,SEM VÍTIMA,CANCELADA,ESPINHEIRO,AV GOVERNADOR AGAMENON MAGALHAES,,,EM FRENTE AO COLEGIO AMERICANO BATISTA,AV GOVERNADOR AGAMENON MAGALHAES,,EM FRENTE AO COLEGIO AMERICANO BATISTA,ESPINHEIRO,37,OLINDA,COLISÃO,SEM VITIMAS,2,,,,,,,,,0,,,,,,,,,,,,,,
2019-03-11,11:48:00,SEM VÍTIMA,CANCELADA,CASA FORTE,RUA LEONARDO BEZERRA CAVALCANTE,,,E/F AO WALMART E O SHOPPING PLAZA,RUA LEONARDO BEZERRA CAVALCANTE,,E/F AO WALMART E O SHOPPING PLAZA,CASA FORTE,,,COLISÃO,SEM VÍTIMAS,2,,,,,,,,,0,,,,,,,,,,,,,,
2019-03-11,12:03:00,SEM VÍTIMA,FINALIZADA,SÃO JOSÉ,RUA DA CONCORDIA,539,,EM FRENTE AO MOTO CRUZ,RUA DA CONCORDIA,539,EM FRENTE AO MOTO CRUZ,SÃO JOSÉ,,SUBURBIO,COLISÃO TRASEIRA,ENTRE AUTOS S/V.,1,2,,,,,,,,0,,Longo da via,Bom,Não existe,Incompleta,Seca,Mal conservada,Não existe,Não há placas,,Única,Não existe,,
2019-03-11,12:19:00,SEM VÍTIMA,FINALIZADA,SANTO AMARO,AV GOVERNADOR AGAMENON MAGALHAES,,,LADO OPOSTO A UPE,AV GOVERNADOR AGAMENON MAGALHAES,,LADO OPOSTO A UPE,SANTO AMARO,465,SUBURBIO,ABALROAMENTO LONGITUDINAL,COLISÃO SEM VÍTIMA,1,1,,,,,,,,0,,Longo da via,Bom,Sem defeito,Perfeito estado,Seca,Perfeito estado,Faixa de pedestre,Outras,,,,,
2019-03-11,12:30:00,SEM VÍTIMA,FINALIZADA,IBURA,AV DOM HELDER CAMARA,351,,LADO OPOSTO AO Nº 351,AV DOM HELDER CAMARA,351,LADO OPOSTO AO Nº 351,IBURA,,SUBURBIO,ABALROAMENTO LONGITUDINAL,AUTO E MOTO S/V,1,1,,,,,,,,0,,Longo da via,Bom,Não existe,Incompleta,Seca,Perfeito estado,Faixa de retenção,Não há placas,,Dupla,Canteiro central,,
2019-03-11,12:35:00,SEM VÍTIMA,FINALIZADA,MADALENA,AV CAXANGA,898,,AO LADO DA FARMACIA PONTUAL MED,AV CAXANGA,898,AO LADO DA FARMACIA PONTUAL MED,MADALENA,,SUBURBIO,COLISÃO TRASEIRA,ENTRE AUTOS S/V.,2,,,,,,,,,0,,Longo da via,Bom,Não existe,Perfeito estado,Seca,Perfeito estado,Não existe,R-6a,,Dupla,Canteiro central,,
2019-03-11,12:45:00,SEM VÍTIMA,FINALIZADA,CORDEIRO,AV CAXANGA,,RUA ANTERO MOTA,,AV CAXANGA,,,CORDEIRO,235,,COLISÃO TRASEIRA,COLISÃO SEM VÍTIMA,2,,,,,,,,,0,,Cruzamento,Bom,Sem defeito,Perfeito estado,Seca,Perfeito estado,Faixa de pedestre,R-6a,50 km/h,Dupla,Canteiro central,,
2019-03-11,13:15:00,SEM VÍTIMA,FINALIZADA,BOA VIAGEM,RUA ERNESTO DE PAULA SANTOS,1355,,,RUA ERNESTO DE PAULA SANTOS,1355,,BOA VIAGEM,,,COLISÃO TRASEIRA,COLISÃO SEM VÍTIMA,1,,,,,1,,,,0,,Longo da via,Bom,Não existe,Perfeito estado,Seca,Perfeito estado,Não existe,R-6a,,Única,Faixa seccionada,,
2019-03-11,13:16:00,COM VÍTIMA,FINALIZADA,IPSEP,RUA ADERBAL DE MELO,168,RUA HELIO BRANDAO,EM FRENTE AO RESTURANTE CHAMBARIL FEIJOADA DO JOÃO,RUA ADERBAL DE MELO,168,EM FRENTE AO RESTURANTE CHAMBARIL FEIJOADA DO JOÃO,IPSEP,,SUBURBIO,ABALROAMENTO TRANSVERSAL,AUTO X MOTO S/V,,1,,,,,1,,,1,,Cruzamento,Bom,Não existe,Perfeito estado,Seca,Perfeito estado,Não existe,Placas Pare,,Dupla,Não existe,,
2019-03-11,13:19:00,COM VÍTIMA,FINALIZADA,DOIS IRMÃOS,EST DOS PINTOS,1220,,PROX. AO TERMINAO DE ONIBUS DOS SITIO DOS PINTOS,EST DOS PINTOS,1220,PROX. AO TERMINAO DE ONIBUS DOS SITIO DOS PINTOS,DOIS IRMÃOS,,SUBURBIO,COLISÃO FRONTAL,AUTO E MOTO S/V,1,1,,,,,,,,1,,Longo da via,Bom,Não existe,Perfeito estado,Seca,Perfeito estado,Não existe,R-6a,,Dupla,Não existe,,
2019-03-11,13:36:00,SEM VÍTIMA,FINALIZADA,BOA VISTA,AV LINS PETIT,,,EM FRENTE À PADARIA TRIUNFO,AV LINS PETIT,,EM FRENTE À PADARIA TRIUNFO,BOA VISTA,,SUBURBIO,COLISÃO TRASEIRA,ENTRE AUTOS S/V.,2,,,,,,,,,0,,Longo da via,Bom,Não existe,Perfeito estado,Seca,Perfeito estado,Não existe,Não há placas,40 km/h,Única,Não existe,,
2019-03-11,14:13:00,SEM VÍTIMA,FINALIZADA,CAXANGÁ,RUA RIBEIRO PESSOA,,,PRÓXIMO A UPA,RUA RIBEIRO PESSOA,,PRÓXIMO A UPA,CAXANGÁ,,,ABALROAMENTO LONGITUDINAL,ENTRE AUTOS S/V.,2,,,,,,,,,0,,Longo da via,Bom,Sem defeito,Perfeito estado,Seca,Perfeito estado,Faixa de pedestre,Não há placas,,Dupla,Não existe,,