data,hora,natureza_acidente,situacao,bairro,endereco,numero,detalhe_endereco_acidente,complemento,endereco_cruzamento,numero_cruzamento,referencia_cruzamento,bairro_cruzamento,num_semaforo,sentido_via,tipo,descricao,auto,moto,ciclom,ciclista,pedestre,onibus,caminhao,viatura,outros,vitimas,vitimasfatais,acidente_verificado,tempo_clima,situacao_semaforo,sinalizacao,condicao_via,conservacao_via,ponto_controle,situacao_placa,velocidade_max_via,mao_direcao,divisao_via1,divisao_via2,divisao_via3
2019-03-11,14:18:00,SEM VÍTIMA,FINALIZADA,BOA VIAGEM,AV ENGENHEIRO DOMINGOS FERREIRA,,RUA PADRE CARAPUCEIRO,,AV ENGENHEIRO DOMINGOS FERREIRA,,,BOA VIAGEM,216,SUBURBIO,ABALROAMENTO LONGITUDINAL,SEM VÍTIMAS.,,,,,,2,,,,0,,Cruzamento,Bom,Sem defeito,Perfeito estado,Seca,Perfeito estado,Outros,Outras,,Única,Faixa seccionada,Canteiro central,
2019-03-11,14:24:00,SEM VÍTIMA,FINALIZADA,TAMARINEIRA,RUA DES GOIS CAVALCANTE,272 B,,EM FRENTE AO HOSPITAL AGAMENON MAGALHAES,RUA DES GOIS CAVALCANTE,272 B,EM FRENTE AO HOSPITAL AGAMENON MAGALHAES,TAMARINEIRA,,SUBURBIO,COLISÃO TRASEIRA,ENTRE DOIS AUTOS,2,,,,,,,,,0,,Longo da via,Bom,Não existe,Perfeito estado,Seca,Perfeito estado,,R-6a,,Única,Faixa seccionada,,
2019-03-11,14:30:00,SEM VÍTIMA,CANCELADA,MADALENA,RUA DR SEVERINO PINHEIRO,,,EM FRENTE AO EDIFICIO TRES MARIAS,RUA DR SEVERINO PINHEIRO,,EM FRENTE AO EDIFICIO TRES MARIAS,MADALENA,,,COLISÃO,COLISÃO SEM VÍTIMA,2,,,,,,,,,0,,,,,,,,,,,,,,
2019-03-11,15:04:00,SEM VÍTIMA,FINALIZADA,IMBIRIBEIRA,RUA GONCALVES DE MAGALHAES,,RUA BERNARDINO DA COSTA,,RUA GONCALVES DE MAGALHAES,,,IMBIRIBEIRA,,CIDADE,ABALROAMENTO LONGITUDINAL,COLISÃO SEM VÍTIMA,1,1,,,,,,,,0,,Longo da via,Bom,Não existe,Não existente,Seca,Mal conservada,Não existe,Não há placas,,Dupla,Não existe,,
2019-03-11,15:22:00,SEM VÍTIMA,FINALIZADA,VÁRZEA,RUA PROFESSOR CHAVES BATISTA,56,,AO LADO DO BOI E BRASA,RUA PROFESSOR CHAVES BATISTA,56,AO LADO DO BOI E BRASA,VÁRZEA,,,ABALROAMENTO LONGITUDINAL,AUTO X CAMINHÃO S/V,1,,,,,,1,,,0,,Longo da via,Bom,Sem defeito,Perfeito estado,Seca,Perfeito estado,Faixa de pedestre,Outras,,Única,Faixa seccionada,,
2019-03-11,15:27:00,SEM VÍTIMA,FINALIZADA,IMBIRIBEIRA,AV ANTONIO TORRES GALVAO,,,EM FRENTE A AMERICA FORD,AV ANTONIO TORRES GALVAO,,EM FRENTE A AMERICA FORD,IMBIRIBEIRA,,,COLISÃO TRASEIRA,COLISÃO SEM VÍTIMA,2,,,,,,,,,0,,Longo da via,Bom,Não existe,Perfeito estado,Seca,Perfeito estado,Não existe,R-6a,,Única,Faixa seccionada,,
2019-03-11,15:31:00,SEM VÍTIMA,FINALIZADA,BOA VISTA,RUA DOS COELHOS,,,EM FRENTE À LBV,RUA DOS COELHOS,,EM FRENTE À LBV,BOA VISTA,,SUBURBIO,ABALROAMENTO LONGITUDINAL,ENTRE AUTOS S/V,2,,,,,,,,,0,,Longo da via,Bom,Não existe,Perfeito estado,Seca,Perfeito estado,Não existe,R-6a,30 km/h,Única,Faixa seccionada,,
2019-03-11,15:35:00,SEM VÍTIMA,FINALIZADA,IPUTINGA,RUA PROFESSOR CHAVES BATISTA,112,RUA EMILIANO BRAGA,EDF MARIA DANIELA,RUA PROFESSOR CHAVES BATISTA,112,EDF MARIA DANIELA,IPUTINGA,,CIDADE,ABALROAMENTO LONGITUDINAL,AUTO X CAMINHÃO S/V,1,,,,,,1,,,0,,,Bom,Não existe,Não existente,Seca,Perfeito estado,Não existe,Não há placas,,Única,Não existe,,
2019-03-11,15:49:00,SEM VÍTIMA,CANCELADA,BOA VIAGEM,RUA DOM JOSE LOPES,1200,,PRÓX AO RESTAURANTE CANGAÇO,RUA DOM JOSE LOPES,1200,PRÓX AO RESTAURANTE CANGAÇO,BOA VIAGEM,,,COLISÃO,ENTRE AUTOS S/V,2,,,,,,,,,0,,,,,,,,,,,,,,
2019-03-11,16:26:00,SEM VÍTIMA,FINALIZADA,TAMARINEIRA,RUA TELES JUNIOR,33,,EM FRENTE AO CONDOMÍNIO PEDRO LIMA VILLAGE // PRÓX AO RESTAURANTE POLO DO BAIANO,RUA TELES JUNIOR,33,EM FRENTE AO CONDOMÍNIO PEDRO LIMA VILLAGE // PRÓX AO RESTAURANTE POLO DO BAIANO,TAMARINEIRA,,CIDADE,COLISÃO COM CICLISTA,VIATURA DOS BOMBEIROS X CICLISTA,,,,1,,,,1,,0,,Longo da via,Bom,Não existe,Perfeito estado,Seca,Perfeito estado,Não existe,Outras,,Única,Faixa seccionada,,
2019-03-11,17:51:00,SEM VÍTIMA,CANCELADA,BOA VIAGEM,RUA BARAO DE SOUZA LEAO,698,,E/F AO RESTAURANTE COSTA-BRAVA  SNT AEROPORTO,RUA BARAO DE SOUZA LEAO,698,E/F AO RESTAURANTE COSTA-BRAVA  SNT AEROPORTO,BOA VIAGEM,,,COLISÃO,ENTRE AUTO E MOTO. S/V,1,1,,,,,,,,0,,,,,,,,,,,,,,
2019-03-11,18:01:00,SEM VÍTIMA,FINALIZADA,PRADO,RUA GOMES TABORDA,820,,,RUA GOMES TABORDA,820,,PRADO,,SUBURBIO,COLISÃO TRASEIRA,ENTRE 2 AUTOS. S/V,2,,,,,,,,,0,,Longo da via,Bom,Não existe,Perfeito estado,Seca,Perfeito estado,Outros,Outras,,Dupla,Faixa contínua,,
2019-03-11,18:33:00,SEM VÍTIMA,FINALIZADA,IPUTINGA,RUA DR NINA RODRIGUES,,RUA PROFESSOR BANDEIRA,,RUA DR NINA RODRIGUES,,,IPUTINGA,,,ABALROAMENTO TRANSVERSAL,FORD K X GOL,2,,,,,,,,,0,,Cruzamento,Bom,Não existe,Perfeito estado,Seca,Perfeito estado,,Placas Pare,40 km/h,Dupla,,,
2019-03-11,18:43:00,SEM VÍTIMA,CANCELADA,CAXANGÁ,AV CAXANGA,S/N,RUA GASTAO VIDIGAL,ENF A UPA DA CAXANGA SENTIDO CIDADE ANTES DA PONTE,AV CAXANGA,S/N,ENF A UPA DA CAXANGA SENTIDO CIDADE ANTES DA PONTE,CAXANGÁ,,CIDADE,COLISÃO,ONIBUS MOBIBRASIL X COROLLA,1,,,,,1,,,,0,,,,,,,,,,,,,,
2019-03-11,19:17:00,SEM VÍTIMA,FINALIZADA,PRADO,AV ENGENHEIRO ABDIAS DE CARVALHO,,,,AV ENGENHEIRO ABDIAS DE CARVALHO,,,PRADO,132,SUBURBIO,COLISÃO TRASEIRA,CAMINHAO X COBALT,1,,,,,,1,,,0,,Longo da via,Bom,Sem defeito,Perfeito estado,Seca,Perfeito estado,Faixa de pedestre,Outras,,Dupla,Faixa seccionada,Canteiro central,
2019-03-11,22:47:00,SEM VÍTIMA,FINALIZADA,,AV GOVERNADOR AGAMENON MAGALHAES,,,SEMÁFORO 173,AV GOVERNADOR AGAMENON MAGALHAES,,SEMÁFORO 173,,173,SUBURBIO,ABALROAMENTO LONGITUDINAL,ENTRE AUTO E ÕNIBUS. S/V,1,,,,,1,,,,0,,Longo da via,Bom,Sem defeito,Perfeito estado,Seca,Perfeito estado,Faixa de pedestre,Não há placas,,Única,Faixa seccionada,Canteiro central,
2019-03-11,20:10:00,SEM VÍTIMA,FINALIZADA,DOIS IRMÃOS,RUA MANUEL DE MEDEIROS,,,PRÓXIMO A UFRPE,RUA MANUEL DE MEDEIROS,,PRÓXIMO A UFRPE,DOIS IRMÃOS,,SUBURBIO,COLISÃO TRASEIRA,ENTRE 2 AUTOS. S/V,2,,,,,,,,,0,,Longo da via,Bom,Não existe,Perfeito estado,Seca,Perfeito estado,Não existe,Não há placas,,Dupla,Faixa contínua,Faixa seccionada,
2019-03-11,22:48:00,SEM VÍTIMA,CANCELADA,ENCRUZILHADA,AV NORTE,,AV JOAO DE BARROS,E/F AO BANCO DO BRASIL E RENAULT  SNT CENTRO,AV NORTE,,E/F AO BANCO DO BRASIL E RENAULT  SNT CENTRO,ENCRUZILHADA,,,COLISÃO,ENTRE AUTO E CAMINHÃO. S/V,1,,,,,,1,,,0,,,,,,,,,,,,,,
2019-03-11,22:48:00,COM VÍTIMA,FINALIZADA,BOA VIAGEM,RUA PROFESSOR MARIO CASTRO,,RUA VISCONDE DE JEQUITINHONHA,POR TRAS DO ATLANTICO PLAZA,RUA PROFESSOR MARIO CASTRO,,POR TRAS DO ATLANTICO PLAZA,BOA VIAGEM,158,SUBURBIO,ABALROAMENTO TRANSVERSAL,COLISÃO ENTRE UMA VIATURA E UM AUTOMÓVEL,1,,,,,,,1,,2,,Cruzamento,Bom,Sem defeito,Perfeito estado,Seca,Perfeito estado,Faixa de pedestre,Não há placas,,Dupla,Canteiro central,,
2019-03-12,07:08:00,SEM VÍTIMA,CANCELADA,SÃO JOSÉ,C SANTA RITA,,,E/F AO GRNADE RECIFE E 16 BP  SENTIDO BOA VIAGEM,C SANTA RITA,,E/F AO GRNADE RECIFE E 16 BP  SENTIDO BOA VIAGEM,SÃO JOSÉ,,,COLISÃO,SEM VÍTIMAS,2,,,,,,,,,0,,,,,,,,,,,,,,
2019-03-12,07:31:00,SEM VÍTIMA,FINALIZADA,IMBIRIBEIRA,RUA IZABEL DE SOUZA,108,RUA ITACARE,EM FRENTE AO ESPAÇO ABERTO,RUA IZABEL DE SOUZA,108,EM FRENTE AO ESPAÇO ABERTO,IMBIRIBEIRA,,SUBURBIO,ABALROAMENTO TRANSVERSAL,AUTO PASSEIO / CAMINHAO,1,,,,,,1,,,0,,Cruzamento,Bom,Não existe,Incompleta,Seca,Perfeito estado,Não existe,Não há placas,,Única,Não existe,,
2019-03-12,07:51:00,SEM VÍTIMA,FINALIZADA,SANTO AMARO,AV CRUZ CABUGA,,RUA PEDRO AFONSO,,AV CRUZ CABUGA,,,SANTO AMARO,,SUBURBIO,ABALROAMENTO TRANSVERSAL,SEM VITIMAS,2,,,,,,,,,0,,Cruzamento,Chuvoso,Não existe,Perfeito estado,Seca,Perfeito estado,Não existe,Não há placas,60 km/h,Dupla,Faixa seccionada,,
2019-03-12,07:55:00,SEM VÍTIMA,FINALIZADA,TORRE,AV BEIRA RIO,630,,,AV BEIRA RIO,630,,TORRE,630,SUBURBIO,ABALROAMENTO LONGITUDINAL,SEM VÍTIMAS.,1,,,,,1,,,,0,,Longo da via,Bom,Sem defeito,Perfeito estado,Seca,Perfeito estado,Outros,Outras,,Única,Faixa seccionada,,
2019-03-12,08:07:00,SEM VÍTIMA,FINALIZADA,IMBIRIBEIRA,RUA BARAO DE SOUZA LEAO,,AV VINTE DE JANEIRO,SEMÁFORO 644,RUA BARAO DE SOUZA LEAO,,SEMÁFORO 644,IMBIRIBEIRA,644,,ABALROAMENTO LONGITUDINAL,SEM VITIMAS,1,,,,,1,,,,0,,Cruzamento,Bom,Intermitente,Perfeito estado,Molhada,Perfeito estado,Faixa de pedestre,,40 km/h,Única,Faixa contínua,,
2019-03-12,08:46:00,SEM VÍTIMA,FINALIZADA,BOA VIAGEM,RUA PROFESSOR JOAO MEDEIROS,,RUA JACK AYRES,SHOPPING RECIFE,RUA PROFESSOR JOAO MEDEIROS,,SHOPPING RECIFE,BOA VIAGEM,183,CIDADE,COLISÃO TRASEIRA,SEM VITIMAS,1,1,,,,,,,,0,,Cruzamento,Chuvoso,Sem defeito,Perfeito estado,Molhada,Perfeito estado,Faixa de pedestre,Não há placas,40 km/h,Dupla,Faixa seccionada,,
2019-03-12,08:58:00,SEM VÍTIMA,FINALIZADA,IPSEP,AV RECIFE,1501,,AO LADO DA LOJA PISCINA FIBER,AV RECIFE,1501,AO LADO DA LOJA PISCINA FIBER,IPSEP,,,COLISÃO TRASEIRA,DOIS ONIBUS,,,,,,2,,,,0,,Longo da via,Bom,Não existe,Perfeito estado,Seca,Perfeito estado,Não existe,R-6a,,Dupla,Faixa seccionada,Canteiro central,
2019-03-12,09:18:00,SEM VÍTIMA,FINALIZADA,AFOGADOS,AV SUL,,RUA MOTOCOLOMBO,E/F AO TROCÃO,AV SUL,,E/F AO TROCÃO,AFOGADOS,39,CIDADE,ABALROAMENTO LONGITUDINAL,SEM VÍTIMAS,1,,,,,,2,,,0,,Cruzamento,Bom,Sem defeito,Perfeito estado,Seca,Perfeito estado,Faixa de pedestre,R-6a,,Única,Faixa seccionada,,
2019-03-12,09:22:00,SEM VÍTIMA,FINALIZADA,ESTÂNCIA,AV RECIFE,,,EM FRENTE A RECIFRIO,AV RECIFE,,EM FRENTE A RECIFRIO,ESTÂNCIA,,,ABALROAMENTO LONGITUDINAL,CAMINHAO E AUTO PASSEIO,1,,,,,,1,,,0,,Longo da via,Bom,Não existe,Ilegível,Seca,Perfeito estado,Não existe,Não há placas,,Dupla,Canteiro central,,
2019-03-12,09:33:00,SEM VÍTIMA,DUPLICIDADE,ESTÂNCIA,AV RECIFE,5388,,AO LADO DA EQUIPADORA SOM DE CARRO,AV RECIFE,5388,AO LADO DA EQUIPADORA SOM DE CARRO,ESTÂNCIA,,CEASA,COLISÃO,SEM VITIMAS,1,,,,,,1,,,0,,,,,,,,,,,,,,
2019-03-12,09:52:00,SEM VÍTIMA,FINALIZADA,ESPINHEIRO,AV GOVERNADOR AGAMENON MAGALHAES,2805,,CAIXA ECONOMICA FEDERAL,AV GOVERNADOR AGAMENON MAGALHAES,2805,CAIXA ECONOMICA FEDERAL,ESPINHEIRO,78,,ABALROAMENTO LONGITUDINAL,DOIS AUTOS,2,,,,,,,,,0,,Longo da via,Bom,Sem defeito,Perfeito estado,Seca,Perfeito estado,Faixa de pedestre,Outras,,Dupla,Outros,,
2019-03-12,11:02:00,SEM VÍTIMA,CANCELADA,IMBIRIBEIRA,AV MARECHAL MASCARENHAS DE MORAES,2727,,EM FRENTE A FACULDADE IBRATEC / ANTES DO AEROPORTO,AV MARECHAL MASCARENHAS DE MORAES,2727,EM FRENTE A FACULDADE IBRATEC / ANTES DO AEROPORTO,IMBIRIBEIRA,,,COLISÃO,VEICULO DO CORREIO E AUTO PASSEIO,2,,,,,,,,,0,,,,,,,,,,,,,,
2019-03-12,11:19:00,SEM VÍTIMA,FINALIZADA,AFOGADOS,RUA COSME VIANA,,,,RUA COSME VIANA,,,AFOGADOS,426,SUBURBIO,COLISÃO TRASEIRA,DOIS AUTOS,2,,,,,,,,,0,,Longo da via,Chuvoso,Sem defeito,Perfeito estado,Molhada,Perfeito estado,Outros,Outras,,Única,Faixa seccionada,,
2019-03-12,11:56:00,COM VÍTIMA,FINALIZADA,TORREÃO,AV NORTE,1716,,PROX. A PRAÇA DA PICANHA SENT. C SUBURBIO,AV NORTE,1716,PROX. A PRAÇA DA PICANHA SENT. C SUBURBIO,TORREÃO,,SUBURBIO,TOMBAMENTO,MOTOCICLISTA DERRAPOU  PERDENDO O CONTROLE E CAIU.,,1,,,,,,,,1,,Longo da via,Chuvoso,Não existe,Perfeito estado,Molhada,Perfeito estado,Não existe,Não há placas,60 km/h,Dupla,Faixa seccionada,,
2019-03-12,11:59:00,SEM VÍTIMA,CANCELADA,CORDEIRO,RUA ODETE MONTEIRO,209,,AO LADO DO MARTELINHO DE OURO  E DO CANAL SANTA ROSA,RUA ODETE MONTEIRO,209,AO LADO DO MARTELINHO DE OURO  E DO CANAL SANTA ROSA,CORDEIRO,,,COLISÃO,SEM VITIMAS,2,,,,,,,,,0,,,,,,,,,,,,,,
2019-03-12,12:20:00,SEM VÍTIMA,FINALIZADA,BOA VIAGEM,RUA VISCONDE DE JEQUITINHONHA,,RUA BALTAZAR PASSOS,PARQUE DONA LINDU,RUA VISCONDE DE JEQUITINHONHA,,PARQUE DONA LINDU,BOA VIAGEM,154,,ABALROAMENTO LONGITUDINAL,ENTRE AUTOS S/V,2,,,,,,,,,0,,Cruzamento,Chuvoso,Sem defeito,Perfeito estado,Molhada,Perfeito estado,Faixa de pedestre,Não há placas,30 km/h,Única,Canteiro central,Canal,
2019-03-12,12:35:00,SEM VÍTIMA,CANCELADA,SANTO AMARO,AV GOVERNADOR AGAMENON MAGALHAES,,RUA DR BANDEIRA FILHO,PISTA LOCAL // PROX À EMBRATEL,AV GOVERNADOR AGAMENON MAGALHAES,,PISTA LOCAL // PROX À EMBRATEL,SANTO AMARO,,CIDADE,COLISÃO,ENTRE AUTOS S/V.,2,,,,,,,,,0,,,,,,,,,,,,,,
2019-03-12,12:54:00,SEM VÍTIMA,CANCELADA,SANTO ANTÔNIO,RUA DO SOL,143,,POR TRÁS DOS CORREIOS,RUA DO SOL,143,POR TRÁS DOS CORREIOS,SANTO ANTÔNIO,,,COLISÃO,SEM VIÍTIMAS.,1,,,,,,1,,,0,,,,,,,,,,,,,,
2019-03-12,13:26:00,SEM VÍTIMA,FINALIZADA,CASA FORTE,AV DEZESSETE DE AGOSTO,934,,EM FRENTE AO EDF CANAVIAL,AV DEZESSETE DE AGOSTO,934,EM FRENTE AO EDF CANAVIAL,CASA FORTE,,SUBURBIO,ABALROAMENTO LONGITUDINAL,ENTRE AUTO X MOTO S/V,1,1,,,,,,,,0,,Longo da via,Bom,Sem defeito,Perfeito estado,Seca,Perfeito estado,Não existe,R-6a,,Dupla,Faixa contínua,,
2019-03-12,13:26:00,SEM VÍTIMA,CANCELADA,PINA,RUA SAO LUIZ,,AV HERCULANO BANDEIRA,JUNTO A FARMACIA DO TRABALHADOR  UMA RUA ANTES DA IGREJA DO PINA,RUA SAO LUIZ,,JUNTO A FARMACIA DO TRABALHADOR  UMA RUA ANTES DA IGREJA DO PINA,PINA,,,COLISÃO,COLISÃO SEM VITIMAS,1,,,,,1,,,,0,,,,,,,,,,,,,,
2019-03-12,14:34:00,COM VÍTIMA,FINALIZADA,TEJIPIÓ,AV DR JOSE RUFINO,,,EM FRENTE AO EREM ALBERTO TORRES,AV DR JOSE RUFINO,,EM FRENTE AO EREM ALBERTO TORRES,TEJIPIÓ,156,CIDADE,ATROPELAMENTO,ATROPELAMENTO ENTRE AUTOMÓVEL E PEDESTRE.,1,,,,1,,,,,1,,Longo da via,Chuvoso,Sem defeito,Perfeito estado,Seca,Perfeito estado,Faixa de pedestre,Outras,40 km/h,Dupla,Faixa contínua,,
2019-03-12,14:37:00,SEM VÍTIMA,CANCELADA,TEJIPIÓ,RUA TUTOIA,,,PROX. A IGREJA DE TEJIPIO  E A ESCOLA MUNICIPAL,RUA TUTOIA,,PROX. A IGREJA DE TEJIPIO  E A ESCOLA MUNICIPAL,TEJIPIÓ,,,COLISÃO COM CICLISTA,CICLISTA E AUTO  S/V. CICLISTA TEM 10 ANOS,1,,,1,,,,,,0,,,,,,,,,,,,,,
2019-03-12,15:15:00,SEM VÍTIMA,FINALIZADA,AREIAS,AV RECIFE,1509,,EM FRENTE AO Nº 1509,AV RECIFE,1509,EM FRENTE AO Nº 1509,AREIAS,,,ABALROAMENTO LONGITUDINAL,SEM VÍTIMAS.,1,,,,,1,,,,0,,Longo da via,Bom,Não existe,Perfeito estado,Seca,Perfeito estado,,Outras,60 km/h,Dupla,Canteiro central,,
2019-03-12,15:52:00,SEM VÍTIMA,FINALIZADA,CORDEIRO,RUA GOMES TABORDA,,RUA CAPITAO JOAO ROMA,,RUA GOMES TABORDA,,,CORDEIRO,,CIDADE,ABALROAMENTO TRANSVERSAL,COLISÃO SEM VITIMAS,1,1,,,,,,,,0,,Outros,Nublado,Não existe,,Seca,Perfeito estado,Não existe,Não há placas,,Dupla,Faixa seccionada,,
2019-03-12,16:15:00,SEM VÍTIMA,FINALIZADA,CORDEIRO,AV GENERAL SAN MARTIN,,RUA GOMES TABORDA,,AV GENERAL SAN MARTIN,,,CORDEIRO,67,SUBURBIO,ABALROAMENTO LONGITUDINAL,ÔNIBUS X AUTO S/V,1,,,,,1,,,,0,,Cruzamento,,Sem defeito,Perfeito estado,Seca,Perfeito estado,Faixa de pedestre,Não há placas,,Dupla,Faixa contínua,Faixa seccionada,
2019-03-12,17:34:00,COM VÍTIMA,FINALIZADA,BEBERIBE,RUA DO ANIL,3785,,AO LADO DO POSTO PETROL,RUA DO ANIL,3785,AO LADO DO POSTO PETROL,BEBERIBE,,CIDADE,ATROPELAMENTO,ATROPELAMENTO ENTRE AUTOMÓVEL E PEDESTRE.,1,,,,1,,,,,1,,Longo da via,Bom,Não existe,Não existente,Seca,Perfeito estado,Não existe,Não há placas,,Dupla,Não existe,,
2019-03-12,17:46:00,COM VÍTIMA,FINALIZADA,CASA AMARELA,RUA MAJOR NEREU GUERRA,186,RUA MAJOR AFONSO LEAL,BIBLIOTECA MUNICIPAL JORNALISTA ALCIDES LOPES.,RUA MAJOR NEREU GUERRA,186,BIBLIOTECA MUNICIPAL JORNALISTA ALCIDES LOPES.,CASA AMARELA,,SUBURBIO,ABALROAMENTO LONGITUDINAL,COLISÃO ENTRE AUTOMÓVEL  CAMINHONETE E MOTOCICLETA.,2,1,,,,,,,,1,,Longo da via,Bom,Não existe,Não existente,Seca,Perfeito estado,Não existe,Placas Pare,,Dupla,Não existe,,
2019-03-12,18:01:00,SEM VÍTIMA,EQUIPE EM DESLOCAMENTO,BOA VIAGEM,RUA TENENTE DOMINGOS DE BRITO,,,NA SAIDA DO SHOPPING RECIFE,RUA TENENTE DOMINGOS DE BRITO,,NA SAIDA DO SHOPPING RECIFE,BOA VIAGEM,,,COLISÃO,COLISÃO SEM VITIMAS,2,,,,,,,,,0,,,,,,,,,,,,,,
2019-03-12,18:04:00,SEM VÍTIMA,FINALIZADA,CASA AMARELA,RUA PADRE LEMOS,743,RUA ANIBAL CARDOSO,EM FRENTE AO POSTO BR,RUA PADRE LEMOS,743,EM FRENTE AO POSTO BR,CASA AMARELA,,CIDADE,ABALROAMENTO LONGITUDINAL,COLISÃO SEM VITIMAS,2,1,,,,,,,,0,,,Bom,Não existe,Perfeito estado,Seca,Perfeito estado,Não existe,Outras,,Dupla,Faixa seccionada,,
2019-03-12,18:25:00,COM VÍTIMA,FINALIZADA,BOMBA DO HEMETÉRIO,RUA DR EUDES COSTA,284,,PRÓX AO GIGANTE DO SAMBA,RUA DR EUDES COSTA,284,PRÓX AO GIGANTE DO SAMBA,BOMBA DO HEMETÉRIO,,SUBURBIO,ABALROAMENTO LONGITUDINAL,COLISÃO ENTRE AUTOMÓVEL E MOTOCICLETA.,1,1,,,,,,,,1,,Longo da via,Bom,Não existe,Perfeito estado,Seca,Perfeito estado,Não existe,Não há placas,40 km/h,Dupla,Faixa seccionada,,
2019-03-12,18:34:00,SEM VÍTIMA,FINALIZADA,BOA VIAGEM,AV FERNANDO SIMOES BARBOSA,478,RUA BRUNO VELOSO,EMPRESARIAL DUOMO,BOA VIAGEM,478,EMPRESARIAL DUOMO,998434034,335,SUBURBIO,ABALROAMENTO LONGITUDINAL,ENTRE AUTO E ÔNIBUS. S/V,1,,,,,1,,,,0,,Longo da via,Bom,Sem defeito,Perfeito estado,Seca,Perfeito estado,Não existe,Outras,60 km/h,Dupla,Canteiro central,,
2019-03-12,19:55:00,SEM VÍTIMA,FINALIZADA,IPSEP,AV RECIFE,,AV GENERAL BENTO DA GAMA,AO LADO DA PIZZARIA ATLÂNTICO,AV RECIFE,,AO LADO DA PIZZARIA ATLÂNTICO,IPSEP,,SUBURBIO,ABALROAMENTO LONGITUDINAL,GOL X POLO,2,,,,,,,,,0,,Cruzamento,Bom,Não existe,Ilegível,Seca,Mal iluminada,Não existe,Não há placas,60 km/h,Dupla,Canteiro central,,
2019-03-12,20:45:00,SEM VÍTIMA,FINALIZADA,BOA VISTA,RUA JOSE DE ALENCAR,,,E/F AO SHOPPING BOA VISTA,RUA JOSE DE ALENCAR,,E/F AO SHOPPING BOA VISTA,BOA VISTA,,SUBURBIO,ABALROAMENTO LONGITUDINAL,ENTRE 2 AUTOS. S/V,2,,,,,,,,,0,,Longo da via,Bom,Não existe,Perfeito estado,Seca,Perfeito estado,Não existe,Outras,,Única,Não existe,,
2019-03-12,21:06:00,SEM VÍTIMA,FINALIZADA,AFOGADOS,EST DOS REMEDIOS,,,E/F A DEFENSORIA DO ESTADO,EST DOS REMEDIOS,,E/F A DEFENSORIA DO ESTADO,AFOGADOS,,CIDADE,ABALROAMENTO LONGITUDINAL,ENTRE AUTO E ÔNIBUS. S/V,1,,,,,1,,,,0,,Longo da via,Bom,Não existe,Perfeito estado,Seca,Perfeito estado,Não existe,Outras,60 km/h,Única,Faixa seccionada,,
2019-03-12,22:17:00,SEM VÍTIMA,FINALIZADA,JARDIM SÃO PAULO,AV SAO PAULO,507,RUA LEANDRO BARRETO,FARMÁCIA DIARIAMENTE,AV SAO PAULO,507,FARMÁCIA DIARIAMENTE,JARDIM SÃO PAULO,507,SUBURBIO,ABALROAMENTO LONGITUDINAL,ENTRE MOTO E ÔNIBUS. S/V,,1,,,,1,,,,0,,Longo da via,Bom,Sem defeito,Perfeito estado,Seca,Perfeito estado,Faixa de pedestre,Não há placas,,Dupla,,,
2019-03-12,22:52:00,SEM VÍTIMA,FINALIZADA,BOA VIAGEM,RUA DOS NAVEGANTES,,RUA CORONEL BENEDITO CHAVES,STUDIO 363,RUA DOS NAVEGANTES,,STUDIO 363,BOA VIAGEM,,SUBURBIO,ABALROAMENTO TRANSVERSAL,ENTRE 2 AUTOS. S/V,2,,,,,,,,,0,,Cruzamento,Bom,Não existe,Perfeito estado,Seca,Perfeito estado,Faixa de retenção,Outras,30 km/h,Única,,,
2019-03-12,23:13:00,SEM VÍTIMA,FINALIZADA,ENGENHO DO MEIO,RUA ANTONIO BEZERRA,241,,,RUA ANTONIO BEZERRA,241,,ENGENHO DO MEIO,,SUBURBIO,CHOQUE VEÍCULO PARADO,ENTRE CAMINHÃO E AUTO PASSEIO. S/V,1,,,,,,1,,,0,,Longo da via,Bom,Não existe,Não existente,Seca,Mal iluminada,Não existe,Não há placas,,Dupla,Não existe,,
2019-03-13,03:38:00,COM VÍTIMA,FINALIZADA,IPSEP,RUA JEAN EMILE FAVRE,,RUA RIO TOCANTINS,PRÓX AO POSTO BR  EM FRENTE A FARMÁCIA SANTA LUZIA,RUA JEAN EMILE FAVRE,,PRÓX AO POSTO BR  EM FRENTE A FARMÁCIA SANTA LUZIA,IPSEP,101,SUBURBIO,ABALROAMENTO TRANSVERSAL,COLISÃO ENTRE ÔNIBUS E AUTOMÓVEL.,1,,,,,1,,,,1,,Cruzamento,Chuvoso,Sem defeito,Ilegível,Molhada,Mal iluminada,Faixa de pedestre,Placas Pare,,Dupla,Faixa contínua,,
2019-03-13,05:22:00,SEM VÍTIMA,FINALIZADA,ESPINHEIRO,RUA DR BANDEIRA FILHO,,AV CONS ROSA E SILVA,EM FRENTE A PRAÇA DO ENTRONCAMENTO  EM FRENTE AO CLUBE PORTUGUÊS,RUA DR BANDEIRA FILHO,,EM FRENTE A PRAÇA DO ENTRONCAMENTO  EM FRENTE AO CLUBE PORTUGUÊS,ESPINHEIRO,,SUBURBIO,ABALROAMENTO LONGITUDINAL,COLISÃO ENTRE DOIS AUTOS S/V,2,,,,,,,,,0,,,Bom,Não existe,Perfeito estado,Seca,Perfeito estado,Agente,Placas Pare,,Única,Faixa contínua,,