data,hora,natureza_acidente,situacao,bairro,endereco,numero,detalhe_endereco_acidente,complemento,endereco_cruzamento,numero_cruzamento,referencia_cruzamento,bairro_cruzamento,num_semaforo,sentido_via,tipo,descricao,auto,moto,ciclom,ciclista,pedestre,onibus,caminhao,viatura,outros,vitimas,vitimasfatais,acidente_verificado,tempo_clima,situacao_semaforo,sinalizacao,condicao_via,conservacao_via,ponto_controle,situacao_placa,velocidade_max_via,mao_direcao,divisao_via1,divisao_via2,divisao_via3
2019-03-13,05:38:00,SEM VÍTIMA,FINALIZADA,AFOGADOS,RUA DO ACRE,161,EST DOS REMEDIOS,AO LADO DO SUPERMERCADO TODO DIA,RUA DO ACRE,161,AO LADO DO SUPERMERCADO TODO DIA,AFOGADOS,,SUBURBIO,ABALROAMENTO TRANSVERSAL,COLISÃO ENTRE AUTO E ÔNIBUS  SEM VÍTIMAS,1,,,,,1,,,,0,,Cruzamento,Bom,Não existe,Incompleta,Seca,Perfeito estado,Faixa de pedestre,Não há placas,,Dupla,Faixa contínua,Faixa seccionada,
2019-03-13,07:03:00,SEM VÍTIMA,FINALIZADA,IPSEP,AV RAIMUNDO DINIZ,480,AV CRUZ CABUGA,,AV RAIMUNDO DINIZ,480,,IPSEP,,SUBURBIO,ABALROAMENTO LONGITUDINAL,DOIS AUTOS,2,,,,,,,,,0,,Cruzamento,Bom,Não existe,Ilegível,Seca,Mal conservada,Não existe,Não há placas,,Dupla,Outros,,
2019-03-13,07:27:00,SEM VÍTIMA,FINALIZADA,ENCRUZILHADA,AV BEBERIBE,429,,,AV BEBERIBE,429,,ENCRUZILHADA,,CIDADE,ABALROAMENTO LONGITUDINAL,SEM VITIMAS,1,1,,,,,,,,0,,Longo da via,Bom,Sem defeito,Perfeito estado,Seca,Perfeito estado,Outros,R-6a,,Dupla,Faixa contínua,Faixa seccionada,
2019-03-13,07:39:00,SEM VÍTIMA,FINALIZADA,GRAÇAS,AV GOVERNADOR AGAMENON MAGALHAES,,,SEMÁFORO 174,AV GOVERNADOR AGAMENON MAGALHAES,,SEMÁFORO 174,GRAÇAS,174,,COLISÃO TRASEIRA,COLISÃO SEM VITIMAS,1,1,,,,,,,,0,,Cruzamento,Bom,Sem defeito,Perfeito estado,Seca,Perfeito estado,Agente,Outras,60 km/h,Dupla,Canteiro central,Blocos,
2019-03-13,07:46:00,SEM VÍTIMA,FINALIZADA,ESPINHEIRO,RUA DR FERNANDO ALLAIN,25,RUA MARQUES DO PARANA,RUA DO COLEGIO TERCEIRO MILENIO,RUA DR FERNANDO ALLAIN,25,RUA DO COLEGIO TERCEIRO MILENIO,ESPINHEIRO,,CIDADE,ABALROAMENTO LONGITUDINAL,SEM VITIMAS,2,,,,,,,,,0,,Cruzamento,Bom,Não existe,Não existente,Seca,Perfeito estado,Não existe,Outras,,Dupla,Não existe,,
2019-03-13,07:57:00,SEM VÍTIMA,FINALIZADA,SANTO AMARO,AV GOVERNADOR AGAMENON MAGALHAES,1800,,EM FRENTE AO MINISTERIO PUBLICO FEDERAL,AV GOVERNADOR AGAMENON MAGALHAES,1800,EM FRENTE AO MINISTERIO PUBLICO FEDERAL,SANTO AMARO,,CIDADE,COLISÃO TRASEIRA,SEM VITIMAS,3,,,,,,,,,0,,Longo da via,Bom,Não existe,Perfeito estado,Seca,Perfeito estado,Não existe,Não há placas,60 km/h,Dupla,Canteiro central,,
2019-03-13,08:15:00,SEM VÍTIMA,FINALIZADA,CORDEIRO,RUA CAPITAO JOAO ROMA,,RUA GOMES TABORDA,AO LADO DO SUPERMERCADO ATACAREJO IDEAL.,RUA CAPITAO JOAO ROMA,,AO LADO DO SUPERMERCADO ATACAREJO IDEAL.,CORDEIRO,,CIDADE,CHOQUE VEÍCULO PARADO,SEM VÍTIMAS,1,,,,,,1,,,0,,Longo da via,Bom,Não existe,Não existente,Seca,Mal conservada,Não existe,Não há placas,,Dupla,Não existe,,
2019-03-13,08:16:00,SEM VÍTIMA,FINALIZADA,ESPINHEIRO,RUA DR FERNANDO ALLAIN,25,RUA MARQUES DO PARANA,COLEGIO TERCEIRO MILENIUM,RUA DR FERNANDO ALLAIN,25,COLEGIO TERCEIRO MILENIUM,ESPINHEIRO,,CIDADE,ABALROAMENTO LONGITUDINAL,SEM VITIMAS  UM DOS VEICULO DA FUNDACENTRO FEDERAL,1,,,,,,,1,,0,,Cruzamento,Bom,Não existe,,Seca,Perfeito estado,Não existe,,,Dupla,Não existe,,
2019-03-13,08:20:00,SEM VÍTIMA,FINALIZADA,BOA VIAGEM,AV BEIRA MAR,,,EM FRENTE AO Nº 114 / FAMILIA 61,AV BEIRA MAR,,EM FRENTE AO Nº 114 / FAMILIA 61,BOA VIAGEM,,,COLISÃO TRASEIRA,SEM VÍTIMAS,2,,,,,,,,,0,,Longo da via,Bom,Sem defeito,Perfeito estado,Seca,Perfeito estado,Não existe,Não há placas,,Única,Faixa seccionada,,
2019-03-13,08:44:00,SEM VÍTIMA,FINALIZADA,BOA VIAGEM,RUA TENENTE DOMINGOS DE BRITO,,,EM FRENTE AO Nº 50-A,RUA TENENTE DOMINGOS DE BRITO,,EM FRENTE AO Nº 50-A,BOA VIAGEM,,SUBURBIO,COLISÃO TRASEIRA,,2,,,,,,,,,0,,Longo da via,Bom,Não existe,Perfeito estado,Seca,Perfeito estado,,Não há placas,,Única,Não existe,,
2019-03-13,08:47:00,SEM VÍTIMA,FINALIZADA,CORDEIRO,RUA GOMES TABORDA,,RUA CAPITAO JOAO ROMA,,RUA GOMES TABORDA,,,CORDEIRO,,,ABALROAMENTO LONGITUDINAL,COLISÃO SEM VITIMAS,2,1,,,,,,,,0,,,Bom,Não existe,Perfeito estado,Seca,Perfeito estado,,R-6a,40 km/h,Dupla,Faixa seccionada,,
2019-03-13,08:53:00,SEM VÍTIMA,FINALIZADA,ARRUDA,RUA MEM DE SA,,RUA PROFESSOR JERONIMO GUEIROS,,RUA MEM DE SA,,,ARRUDA,495,SUBURBIO,ABALROAMENTO LONGITUDINAL,SEM VÍTIMAS,1,1,,,,,,,,0,,Longo da via,Bom,Sem defeito,Perfeito estado,Seca,Perfeito estado,Não existe,Não há placas,,Dupla,Não existe,,
2019-03-13,09:39:00,SEM VÍTIMA,FINALIZADA,AREIAS,AV DR JOSE RUFINO,,RUA MORAIS E SILVA,,AV DR JOSE RUFINO,,,AREIAS,,SUBURBIO,ABALROAMENTO TRANSVERSAL,SEM VÍTIMAS,2,,,,,,,,,0,,,Bom,Não existe,Incompleta,Seca,Perfeito estado,Não existe,R-6a,,Dupla,Faixa seccionada,,
2019-03-13,09:56:00,SEM VÍTIMA,FINALIZADA,SANTO AMARO,RUA JOAO FERNANDES VIEIRA,645,,EM FRENTE AO HOSPITAL DE FRATURAS,RUA JOAO FERNANDES VIEIRA,645,EM FRENTE AO HOSPITAL DE FRATURAS,SANTO AMARO,,CIDADE,COLISÃO TRASEIRA,DOIS AUTOS E UMA MOTO GM NO QTH,2,1,,,,,,,,0,,Longo da via,Bom,Não existe,Perfeito estado,Seca,Perfeito estado,Faixa de pedestre,R-6a,,Única,Faixa seccionada,,
2019-03-13,10:41:00,SEM VÍTIMA,FINALIZADA,DERBY,AV GOVERNADOR AGAMENON MAGALHAES,,RUA HENRIQUE DIAS,CRUZAMENTO SEMÁFORO Nº 068,AV GOVERNADOR AGAMENON MAGALHAES,,CRUZAMENTO SEMÁFORO Nº 068,DERBY,68,,ABALROAMENTO LONGITUDINAL,SEM VITIMAS,2,,,,,,,,,0,,Cruzamento,Bom,Sem defeito,Perfeito estado,Seca,Perfeito estado,Faixa de pedestre,Não há placas,,Dupla,Canal,,
2019-03-13,11:13:00,SEM VÍTIMA,FINALIZADA,BRASÍLIA TEIMOSA,RUA ALBACORA,168,,Nº 168,RUA ALBACORA,168,Nº 168,BRASÍLIA TEIMOSA,,SUBURBIO,ABALROAMENTO LONGITUDINAL,CAMINHAO E AUTO PASSEIO,1,,,,,,1,,,0,,Longo da via,Bom,Não existe,Não existente,Seca,Perfeito estado,Não existe,Não há placas,,Dupla,Não existe,,
2019-03-13,11:15:00,SEM VÍTIMA,FINALIZADA,BAIRRO DO RECIFE,AV MILITAR,,,NO RETORNO QUE DÁ ACESSO AO PORTO DO RECIFE,AV MILITAR,,NO RETORNO QUE DÁ ACESSO AO PORTO DO RECIFE,BAIRRO DO RECIFE,,CIDADE,ABALROAMENTO LONGITUDINAL,SEM VITIMAS COM UM VEÍCULO OFICIAL LOCAL DESCARACTERIZADO,1,,,,,1,,,,0,,,Bom,Não existe,Perfeito estado,Seca,Perfeito estado,Não existe,Outras,,Dupla,Canteiro central,,
2019-03-13,11:45:00,SEM VÍTIMA,FINALIZADA,CASA AMARELA,RUA SURUBIM,35,,,RUA SURUBIM,35,,CASA AMARELA,,CIDADE,ABALROAMENTO LONGITUDINAL,SEM VITIMAS,2,,,,,,,,,0,,Longo da via,Bom,Não existe,Não existente,Seca,Perfeito estado,Não existe,Não há placas,,Dupla,Não existe,,
2019-03-13,12:29:00,SEM VÍTIMA,FINALIZADA,ALTO DO MANDU,AV NORTE,,,EM FRENTE A MATERNIDADE BARROS LIMA,AV NORTE,,EM FRENTE A MATERNIDADE BARROS LIMA,ALTO DO MANDU,,SUBURBIO,ABALROAMENTO LONGITUDINAL,AUTO E ONIBUS DA PEDROSA,1,,,,,1,,,,0,,Longo da via,Bom,Sem defeito,Perfeito estado,Seca,Perfeito estado,Faixa de pedestre,Outras,,Única,Faixa seccionada,,
2019-03-13,12:37:00,SEM VÍTIMA,CANCELADA,BOA VISTA,RUA DO PRINCIPE,333,,EM FRENTE A IGREJA EVANGELICA PERNAMBUCANA,RUA DO PRINCIPE,333,EM FRENTE A IGREJA EVANGELICA PERNAMBUCANA,BOA VISTA,,,COLISÃO,ENTRE DOIS AUTOS S/V,2,,,,,,,,,0,,,,,,,,,,,,,,
2019-03-13,14:06:00,COM VÍTIMA,FINALIZADA,BOA VIAGEM,AVENIDA CELSO FURTADO (VIA MANGUE),,,PRÓXIMO AO ACESSO A AV. ANTÔNIO FALCÃO.,AVENIDA CELSO FURTADO (VIA MANGUE),,PRÓXIMO AO ACESSO A AV. ANTÔNIO FALCÃO.,BOA VIAGEM,,SUBURBIO,CHOQUE OBJETO FIXO,VEICULO SE CHOCOU NA MURETA QUE FAZ DIVISA DO ACESSO PARA BOA VIAGEM E A IMBIRIBEIRA.,1,,,,,,,,,1,,Longo da via,Bom,Não existe,Perfeito estado,Seca,Perfeito estado,Não existe,Não há placas,,Única,Faixa seccionada,,
2019-03-13,15:16:00,COM VÍTIMA,FINALIZADA,BOA VISTA,RUA DA UNIAO,,,EM FRENTE AO ANEXO II DA ASSEMBLEIA LEGISLATIVA. EDF. GOVERNADOR MIGUEL ARRAES DE ALENCAR.,RUA DA UNIAO,,EM FRENTE AO ANEXO II DA ASSEMBLEIA LEGISLATIVA. EDF. GOVERNADOR MIGUEL ARRAES DE ALENCAR.,BOA VISTA,,SUBURBIO,ABALROAMENTO LONGITUDINAL,COLISÃO ENVOLVENDO AUTOMÓVEL E MOTOCICLETA.,1,1,,,,,,,,1,,Longo da via,Bom,Não existe,Perfeito estado,Seca,Perfeito estado,Não existe,,,Única,Não existe,,
2019-03-13,15:44:00,COM VÍTIMA,FINALIZADA,CASA FORTE,RUA AFONSO DE ALBUQUERQUE MELO,245,RUA AGRESTINA,,RUA AFONSO DE ALBUQUERQUE MELO,245,,CASA FORTE,,SUBURBIO,COLISÃO FRONTAL,COLISÃO ENVOLVENDO AUTOMÓVEL E MOTOCICLETA.,1,1,,,,,,,,1,,Longo da via,Bom,Não existe,Não existente,Seca,Perfeito estado,Não existe,Outras,,Dupla,Não existe,,
2019-03-13,16:09:00,SEM VÍTIMA,FINALIZADA,JIQUIÁ,RUA SAO MIGUEL,,,E/F AO POSTO PETROIZA,RUA SAO MIGUEL,,E/F AO POSTO PETROIZA,JIQUIÁ,,CIDADE,COLISÃO TRASEIRA,,2,1,,,,,,,,0,,Longo da via,Bom,Não existe,Perfeito estado,Seca,Perfeito estado,Não existe,Não há placas,,Dupla,Faixa seccionada,,
2019-03-13,16:35:00,SEM VÍTIMA,FINALIZADA,IMBIRIBEIRA,AV MARECHAL MASCARENHAS DE MORAES,,,EM FRENTE À UPA,AV MARECHAL MASCARENHAS DE MORAES,,EM FRENTE À UPA,IMBIRIBEIRA,,CIDADE,ABALROAMENTO LONGITUDINAL,ÔNIBUS X AUTO S/V.,1,,,,,1,,,,0,,Longo da via,Bom,Não existe,Perfeito estado,Seca,Perfeito estado,Agente,Não há placas,,Única,Faixa seccionada,,
2019-03-13,16:37:00,SEM VÍTIMA,FINALIZADA,BOA VIAGEM,RUA SA E SOUZA,326,,EM FRENTE AO EDIFICIO SÃO VICTOR,RUA SA E SOUZA,326,EM FRENTE AO EDIFICIO SÃO VICTOR,BOA VIAGEM,,CIDADE,ABALROAMENTO LONGITUDINAL,COLISÃO SEM VÍTIMA,1,,,,,1,,,,0,,Longo da via,Bom,Não existe,Perfeito estado,Seca,Perfeito estado,Faixa de pedestre,R-6a,,Dupla,Faixa seccionada,,
2019-03-13,16:40:00,SEM VÍTIMA,FINALIZADA,ILHA DO RETIRO,AV ENGENHEIRO ABDIAS DE CARVALHO,,EST DOS REMEDIOS,NA ESQUINA DA FARMACIA DROGASIL,AV ENGENHEIRO ABDIAS DE CARVALHO,,NA ESQUINA DA FARMACIA DROGASIL,ILHA DO RETIRO,52,,COLISÃO,ENTRE AUTO E MOTO S/V,1,1,,,,,,,,0,,Longo da via,Bom,Sem defeito,Perfeito estado,Seca,Perfeito estado,Agente,Não há placas,60 km/h,Dupla,Canteiro central,,
2019-03-13,16:49:00,SEM VÍTIMA,FINALIZADA,TAMARINEIRA,EST DO ARRAIAL,2622,RUA GOMES COUTINHO,LADO OPOSTO AO HOSPITAL AGAMENON MAGALHÃES,EST DO ARRAIAL,2622,LADO OPOSTO AO HOSPITAL AGAMENON MAGALHÃES,TAMARINEIRA,,SUBURBIO,ABALROAMENTO LONGITUDINAL,COLISÃO SEM VÍTIMA,1,1,,,,,,,,0,,,Bom,Não existe,Perfeito estado,Seca,Perfeito estado,Não existe,R-6a,,Única,Faixa seccionada,,
2019-03-13,17:17:00,SEM VÍTIMA,DUPLICIDADE,CASA AMARELA,EST DO ARRAIAL,,,PRÓX AO HOSPITAL AGAMENON MAGALHÃES,EST DO ARRAIAL,,PRÓX AO HOSPITAL AGAMENON MAGALHÃES,CASA AMARELA,,,COLISÃO,SEM VÍTIMAS.,1,1,,,,,,,,0,,,,,,,,,,,,,,
2019-03-13,17:24:00,SEM VÍTIMA,CANCELADA,PAISSANDU,RUA PAISSANDU,176,,EM FRENTE A PRAÇA CHORA MENINO,RUA PAISSANDU,176,EM FRENTE A PRAÇA CHORA MENINO,PAISSANDU,,,COLISÃO,DOIS AUTOS,2,,,,,,,,,0,,,,,,,,,,,,,,
2019-03-13,17:26:00,SEM VÍTIMA,FINALIZADA,TORRÕES,RUA ZUMBI DOS PALMARES,520,,,RUA ZUMBI DOS PALMARES,520,,TORRÕES,,,CHOQUE VEÍCULO PARADO,ONIBUS DA MOBI E UMA MOTO S/V,,1,,,,1,,,,0,,Longo da via,Bom,Não existe,Incompleta,Seca,Perfeito estado,Não existe,,,Dupla,Não existe,,
2019-03-13,17:34:00,SEM VÍTIMA,FINALIZADA,SANTO AMARO,AV CRUZ CABUGA,,,LADO OPOSTO AO HOSPITAL DO CANCER DE PERNAMBUCO,AV CRUZ CABUGA,,LADO OPOSTO AO HOSPITAL DO CANCER DE PERNAMBUCO,SANTO AMARO,,SUBURBIO,ABALROAMENTO LONGITUDINAL,DOIS ONIBUS E MOTO BATEDORES NO LOCAL (A EQUIPE DO SAMU ESTEVE NO LOCAL  FEZ O ATENDIMENTO DO SR. E NÃO TEVE A NECESSIDADE DE LEVA-LO PARA UPA),,1,,,,2,,,,0,,Longo da via,Bom,Não existe,Perfeito estado,Seca,Perfeito estado,Não existe,Outras,,Dupla,Blocos,,
2019-03-13,17:42:00,SEM VÍTIMA,CANCELADA,VÁRZEA,AV PROFESSOR LUIZ FREIRE,198,,EM FRENTE AO 7ºRM,AV PROFESSOR LUIZ FREIRE,198,EM FRENTE AO 7ºRM,VÁRZEA,,,COLISÃO,AUTO X MOTO S/V.,1,1,,,,,,,,0,,,,,,,,,,,,,,
2019-03-13,18:11:00,SEM VÍTIMA,FINALIZADA,GRAÇAS,RUA AMELIA,,,SOBRE A PONTE,RUA AMELIA,,SOBRE A PONTE,GRAÇAS,,CIDADE,COLISÃO TRASEIRA,COLISÃO SEM VÍTIMA,2,,,,,,,,,0,,Ponte,Bom,Não existe,Perfeito estado,Seca,Perfeito estado,Não existe,Não há placas,60 km/h,Dupla,Faixa contínua,Blocos,
2019-03-13,18:28:00,COM VÍTIMA,CANCELADA,SANTO AMARO,AV GOVERNADOR AGAMENON MAGALHAES,,,PROX. AO CICLO MILITAR E O VIADUTO DA JOÃO DE BARROS  SENTIDO OLINDA,AV GOVERNADOR AGAMENON MAGALHAES,,PROX. AO CICLO MILITAR E O VIADUTO DA JOÃO DE BARROS  SENTIDO OLINDA,SANTO AMARO,,,COLISÃO,COM VITIMA,1,1,,,,,,,,1,,,,,,,,,,,,,,
2019-03-13,18:36:00,SEM VÍTIMA,FINALIZADA,SAN MARTIN,RUA DELMIRO GOUVEIA,,RUA ARSENIO CALACA,ESQUINA COM A CHESF,RUA DELMIRO GOUVEIA,,ESQUINA COM A CHESF,SAN MARTIN,,CIDADE,ABALROAMENTO LONGITUDINAL,ENTRE 2 AUTOS. S/V,2,,,,,,,,,0,,Cruzamento,Bom,,Perfeito estado,Seca,Perfeito estado,,Placas Pare,,Dupla,,,
2019-03-13,18:55:00,SEM VÍTIMA,CANCELADA,IPSEP,RUA JEAN EMILE FAVRE,,,NA LATERAL FACULDADE BOA VIAGEM / E/F A OFICINA MECÂNICA EM GERAL,RUA JEAN EMILE FAVRE,,NA LATERAL FACULDADE BOA VIAGEM / E/F A OFICINA MECÂNICA EM GERAL,IPSEP,,,COLISÃO,ENTRE 2 AUTOS. S/V,2,,,,,,,,,0,,,,,,,,,,,,,,
2019-03-13,20:14:00,SEM VÍTIMA,FINALIZADA,BOA VIAGEM,RUA SYLO BITTENCOURT,40,,PROX. AO POSTO ESCADENCE,RUA SYLO BITTENCOURT,40,PROX. AO POSTO ESCADENCE,BOA VIAGEM,,CIDADE,ABALROAMENTO LONGITUDINAL,COLISÃO SEM VITIMAS,1,,,,,,1,,,0,,Longo da via,Bom,Não existe,Não existente,Seca,Mal conservada,Não existe,Não há placas,,Única,Não existe,,
2019-03-13,20:52:00,SEM VÍTIMA,FINALIZADA,BOMBA DO HEMETÉRIO,RUA BOMBA DO HEMETERIO,,,PARADA DE ÔNIBUS Nº 120025,RUA BOMBA DO HEMETERIO,,PARADA DE ÔNIBUS Nº 120025,BOMBA DO HEMETÉRIO,,SUBURBIO,COLISÃO TRASEIRA,COLISÃO SEM VITIMAS,1,,,,,1,,,,0,,Longo da via,Bom,,Perfeito estado,Seca,Perfeito estado,Não existe,Outras,,Dupla,Faixa contínua,Faixa seccionada,
2019-03-13,21:03:00,SEM VÍTIMA,FINALIZADA,GRAÇAS,AV CONS ROSA E SILVA,,RUA DA HORA,PRÓX A FARMÁCIA DROGASIL,AV CONS ROSA E SILVA,,PRÓX A FARMÁCIA DROGASIL,GRAÇAS,,SUBURBIO,ABALROAMENTO LONGITUDINAL,COLISÃO SEM VITIMAS,1,,,,,,,,1,0,,Longo da via,Bom,,Perfeito estado,Seca,Perfeito estado,,,,Única,,,
2019-03-13,21:27:00,SEM VÍTIMA,FINALIZADA,ARRUDA,AV BEBERIBE,,RUA ALEGRE,,AV BEBERIBE,,,ARRUDA,,SUBURBIO,ABALROAMENTO LONGITUDINAL,COLISÃO SEM VITIMAS,2,,,,,,,,,0,,Cruzamento,Bom,Sem defeito,Perfeito estado,Seca,Perfeito estado,Não existe,Não há placas,,Única,Não existe,,
2019-03-13,21:30:00,SEM VÍTIMA,FINALIZADA,MADALENA,AV ENGENHEIRO ABDIAS DE CARVALHO,,EST DOS REMEDIOS,SOB O SEMÁFORO Nº 052,AV ENGENHEIRO ABDIAS DE CARVALHO,,SOB O SEMÁFORO Nº 052,MADALENA,52,SUBURBIO,ABALROAMENTO LONGITUDINAL,ENTRE 2 AUTOS. S/V,2,,,,,,,,,0,,,Bom,Sem defeito,Perfeito estado,Seca,Perfeito estado,Faixa de pedestre,,,Dupla,Faixa contínua,Faixa seccionada,Canteiro central
2019-03-13,21:35:00,SEM VÍTIMA,FINALIZADA,CASA AMARELA,EST DO ARRAIAL,2648,,AO LADO DO HOSP. AGAMENON,EST DO ARRAIAL,2648,AO LADO DO HOSP. AGAMENON,CASA AMARELA,,SUBURBIO,ABALROAMENTO LONGITUDINAL,COLISÃO SEM VITIMAS,1,,,,,1,,,,0,,Longo da via,Bom,Não existe,Perfeito estado,Seca,Perfeito estado,,Não há placas,,Única,Faixa seccionada,,
2019-03-13,22:30:00,SEM VÍTIMA,FINALIZADA,PORTO DA MADEIRA,AV BEBERIBE,3173,,FRENTE Nº 3173,AV BEBERIBE,3173,FRENTE Nº 3173,PORTO DA MADEIRA,,CIDADE,ABALROAMENTO LONGITUDINAL,ENTRE ÔNIBUS E AUTO PASSEIO. S/V,1,,,,,1,,,,0,,Longo da via,Bom,Não existe,Perfeito estado,Seca,Perfeito estado,Não existe,,50 km/h,Dupla,Faixa seccionada,,
2019-03-14,07:42:00,SEM VÍTIMA,FINALIZADA,DERBY,AV GOVERNADOR AGAMENON MAGALHAES,,,PISTA LOCAL DA AV GOV AGAMENON MAGALHÃES SOB O SEMÁFORO 174,AV GOVERNADOR AGAMENON MAGALHAES,,PISTA LOCAL DA AV GOV AGAMENON MAGALHÃES SOB O SEMÁFORO 174,DERBY,174,,COLISÃO TRASEIRA,TRES AUTOS,3,,,,,,,,,0,,Longo da via,Bom,Sem defeito,Perfeito estado,Seca,Perfeito estado,Agente,,60 km/h,Dupla,Faixa contínua,Blocos,Canal
2019-03-14,07:54:00,SEM VÍTIMA,FINALIZADA,ENGENHO DO MEIO,RUA LINDOLFO COLOR,334,,,RUA LINDOLFO COLOR,334,,ENGENHO DO MEIO,,CIDADE,COLISÃO TRASEIRA,SEM VITIMAS,2,,,,,,,,,0,,Longo da via,Bom,Não existe,Não existente,Seca,Perfeito estado,Não existe,Não há placas,,Dupla,,,
2019-03-14,08:43:00,SEM VÍTIMA,FINALIZADA,IPSEP,RUA ALAGOAS,240,,,RUA ALAGOAS,240,,IPSEP,,SUBURBIO,ABALROAMENTO LONGITUDINAL,DOIS AUTOS,2,,,,,,,,,0,,Longo da via,Bom,Não existe,Não existente,Molhada,Mal conservada,Não existe,Não há placas,,Dupla,Não existe,,
2019-03-14,08:58:00,COM VÍTIMA,FINALIZADA,CAMPO GRANDE,EST DE BELEM,,RUA PRUDENTE DE MORAES,EM FRENTE AO POSTO DE GASOLINA TOTAL,EST DE BELEM,,EM FRENTE AO POSTO DE GASOLINA TOTAL,CAMPO GRANDE,94,SUBURBIO,COLISÃO FRONTAL,COLISÃO ENVOLVENDO CAMINHÃO E MOTOCICLETA.,,1,,,,,1,,,1,,Cruzamento,Bom,Sem defeito,Perfeito estado,Seca,Perfeito estado,Faixa de pedestre,Outras,,Dupla,Faixa contínua,,
2019-03-14,10:23:00,SEM VÍTIMA,CANCELADA,TORRÕES,AV ENGENHEIRO ABDIAS DE CARVALHO,1300,,AO LADO DA CASA LOTERICA,AV ENGENHEIRO ABDIAS DE CARVALHO,1300,AO LADO DA CASA LOTERICA,TORRÕES,,,COLISÃO,SEM VITIMAS,2,,,,,,,,,0,,,,,,,,,,,,,,
2019-03-14,10:43:00,SEM VÍTIMA,FINALIZADA,NOVA DESCOBERTA,RUA ALTO DA BRASILEIRA,7,,EM FRENTE A CRECHE MONTE DAS OLIVEIRAS,RUA ALTO DA BRASILEIRA,7,EM FRENTE A CRECHE MONTE DAS OLIVEIRAS,NOVA DESCOBERTA,,SUBURBIO,CHOQUE VEÍCULO PARADO,CAMINHAO E AOUTO,1,,,,,,1,,,0,,Longo da via,Bom,Não existe,Perfeito estado,Seca,Perfeito estado,Não existe,Outras,30 km/h,Dupla,Não existe,,
2019-03-14,12:12:00,SEM VÍTIMA,FINALIZADA,CASA FORTE,RUA AMARAJI,151,,FRENTE AO EDF CAMBARÁ,RUA AMARAJI,151,FRENTE AO EDF CAMBARÁ,CASA FORTE,,,CHOQUE VEÍCULO PARADO,COLISÃO SEM VÍTIMA,1,,,,,,1,,,0,,Longo da via,Bom,Sem defeito,Perfeito estado,Seca,Perfeito estado,Não existe,Outras,,Dupla,Não existe,,
2019-03-14,12:14:00,SEM VÍTIMA,FINALIZADA,MADALENA,AV CAXANGA,460,,COLGIO CPI,AV CAXANGA,460,COLGIO CPI,MADALENA,,SUBURBIO,CHOQUE VEÍCULO PARADO,COLISÃO SEM VÍTIMA,2,,,,,,,,,0,,Longo da via,Bom,,,,,Não existe,Não há placas,,Dupla,Faixa contínua,Faixa seccionada,Canteiro central
2019-03-14,12:17:00,SEM VÍTIMA,FINALIZADA,PAISSANDU,AV GOVERNADOR AGAMENON MAGALHAES,4318,,EM FRENTE AO EMPRESARIAL RENATO DIAS,AV GOVERNADOR AGAMENON MAGALHAES,4318,EM FRENTE AO EMPRESARIAL RENATO DIAS,PAISSANDU,,,COLISÃO TRASEIRA,COLISÃO SEM VÍTIMA,1,,,,,,1,,,0,,Longo da via,Bom,Não existe,Perfeito estado,Seca,Perfeito estado,,,60 km/h,Dupla,Faixa seccionada,Canteiro central,Canal
2019-03-14,12:18:00,SEM VÍTIMA,FINALIZADA,AFOGADOS,RUA VINTE E UM DE ABRIL,435,,AFOGADOS CENTER,RUA VINTE E UM DE ABRIL,435,AFOGADOS CENTER,AFOGADOS,,,COLISÃO FRONTAL,COLISÃO SEM VÍTIMA,3,,,,,,,,,0,,Longo da via,Bom,Sem defeito,Perfeito estado,Seca,Perfeito estado,Não existe,Outras,,Dupla,Não existe,,
2019-03-14,12:49:00,SEM VÍTIMA,FINALIZADA,BOA VIAGEM,RUA PROFESSOR JOAO MEDEIROS,,,NO SEMÁFORO DE Nº 332,RUA PROFESSOR JOAO MEDEIROS,,NO SEMÁFORO DE Nº 332,BOA VIAGEM,332,CIDADE,ABALROAMENTO LONGITUDINAL,SEM VÍTIMAS,1,,,,,1,,,,0,,Longo da via,Bom,Sem defeito,Perfeito estado,Seca,Perfeito estado,Não existe,Não há placas,,Única,Faixa contínua,,
2019-03-14,12:51:00,SEM VÍTIMA,FINALIZADA,SANTO AMARO,AV GOVERNADOR AGAMENON MAGALHAES,,,E/F A UPE,AV GOVERNADOR AGAMENON MAGALHAES,,E/F A UPE,SANTO AMARO,465,SUBURBIO,COLISÃO TRASEIRA,COLISAO ENTRE DOIS AUTOS S/V,2,,,,,,,,,0,,Longo da via,Bom,Sem defeito,Perfeito estado,Seca,Perfeito estado,Agente,Não há placas,60 km/h,Dupla,Canteiro central,,
2019-03-14,13:01:00,SEM VÍTIMA,FINALIZADA,BOA VISTA,PRC PARQUE AMORIM,34,,EM FRENTE AO WALMART,PRC PARQUE AMORIM,34,EM FRENTE AO WALMART,BOA VISTA,,SUBURBIO,ABALROAMENTO LONGITUDINAL,COLISÃO SEM VÍTIMA,1,,,,,1,,,,0,,Longo da via,Bom,Sem defeito,Perfeito estado,Seca,Perfeito estado,Faixa de pedestre,Não há placas,,Única,Não existe,,