data,hora,natureza_acidente,situacao,bairro,endereco,numero,detalhe_endereco_acidente,complemento,endereco_cruzamento,numero_cruzamento,referencia_cruzamento,bairro_cruzamento,num_semaforo,sentido_via,tipo,descricao,auto,moto,ciclom,ciclista,pedestre,onibus,caminhao,viatura,outros,vitimas,vitimasfatais,acidente_verificado,tempo_clima,situacao_semaforo,sinalizacao,condicao_via,conservacao_via,ponto_controle,situacao_placa,velocidade_max_via,mao_direcao,divisao_via1,divisao_via2,divisao_via3
2019-03-14,13:23:00,COM VÍTIMA,FINALIZADA,ALTO SANTA TERESINHA,AV ANIBAL BENEVOLO,533,,E/F AO CLUBE BELA VISTA,AV ANIBAL BENEVOLO,533,E/F AO CLUBE BELA VISTA,ALTO SANTA TERESINHA,,CIDADE,COLISÃO FRONTAL,COLISÃO ENVOLVENDO AUTOMÓVEL E MOTOCICLETA.,1,1,,,,,,,,1,,Longo da via,Bom,Não existe,Não existente,Seca,Perfeito estado,Não existe,Não há placas,30 km/h,Dupla,Não existe,,
2019-03-14,13:44:00,SEM VÍTIMA,FINALIZADA,BOA VISTA,RUA JOAO FERNANDES VIEIRA,34,PRC PARQUE AMORIM,EM FRENTE AO WALMART,RUA JOAO FERNANDES VIEIRA,34,EM FRENTE AO WALMART,BOA VISTA,,SUBURBIO,ABALROAMENTO LONGITUDINAL,ÔNIBUS X AUTO S/V.,1,,,,,1,,,,0,,,Bom,Sem defeito,Não existente,Seca,Perfeito estado,Não existe,Não há placas,,Única,Não existe,,
2019-03-14,13:48:00,SEM VÍTIMA,FINALIZADA,CABANGA,AV SUL,,RUA CABO JOSE GOMES,,AV SUL,,,CABANGA,,CIDADE,ABALROAMENTO TRANSVERSAL,COLISÃO SEM VÍTIMA,2,,,,,,,,,0,,Longo da via,Bom,Sem defeito,Perfeito estado,Seca,Perfeito estado,Não existe,Não há placas,,Única,Faixa seccionada,,
2019-03-14,14:07:00,SEM VÍTIMA,FINALIZADA,BOA VIAGEM,AVENIDA CELSO FURTADO (VIA MANGUE),,,SOBR EO VIADUTO DOM JOÃO VI,AVENIDA CELSO FURTADO (VIA MANGUE),,SOBR EO VIADUTO DOM JOÃO VI,BOA VIAGEM,,CIDADE,ABALROAMENTO LONGITUDINAL,COLISÃO SEM VÍTIMA,1,,,,,,1,,,0,,Longo da via,Bom,Não existe,Perfeito estado,Seca,Perfeito estado,,,60 km/h,Dupla,Faixa seccionada,Canteiro central,Blocos
2019-03-14,14:28:00,SEM VÍTIMA,FINALIZADA,BAIRRO DO RECIFE,CAIS DO APOLO,,,AO LADO DO BANCO DO BRASIL,CAIS DO APOLO,,AO LADO DO BANCO DO BRASIL,BAIRRO DO RECIFE,19,SUBURBIO,ABALROAMENTO LONGITUDINAL,COLISAO ENTRE DOIS AUTOS S/V,2,,,,,,,,,0,,Longo da via,Bom,Sem defeito,Perfeito estado,Seca,Perfeito estado,Faixa de pedestre,Outras,,Dupla,Canteiro central,,
2019-03-14,14:50:00,SEM VÍTIMA,FINALIZADA,PINA,AV BRASILIA FORMOSA,,,PROXIMO AO BAR DO PEIXE,AV BRASILIA FORMOSA,,PROXIMO AO BAR DO PEIXE,PINA,,SUBURBIO,ABALROAMENTO TRANSVERSAL,COLISÃO SEM VÍTIMA,1,,,,,1,,,,0,,Longo da via,Bom,Não existe,Perfeito estado,Seca,Perfeito estado,Não existe,Não há placas,,Dupla,Faixa seccionada,,
2019-03-14,15:43:00,SEM VÍTIMA,FINALIZADA,IMBIRIBEIRA,AV MARECHAL MASCARENHAS DE MORAES,,,EM FRENTE A ITALIANA,AV MARECHAL MASCARENHAS DE MORAES,,EM FRENTE A ITALIANA,IMBIRIBEIRA,501,SUBURBIO,COLISÃO TRASEIRA,COLISÃO SEM VÍTIMA,2,,,,,,,,,0,,Longo da via,Bom,Sem defeito,Perfeito estado,Seca,Perfeito estado,Faixa de pedestre,R-6a,,Dupla,Canteiro central,,
2019-03-14,17:26:00,SEM VÍTIMA,FINALIZADA,PAISSANDU,RUA PAISSANDU,632,,EM FRENTE AO COLEGIO GGE,RUA PAISSANDU,632,EM FRENTE AO COLEGIO GGE,PAISSANDU,,SUBURBIO,COLISÃO TRASEIRA,4 VEICULOS ENVOLVIDOS,4,,,,,,,,,0,,Longo da via,Bom,Sem defeito,Perfeito estado,Seca,Perfeito estado,,Não há placas,,Dupla,Canteiro central,,
2019-03-14,17:32:00,SEM VÍTIMA,FINALIZADA,IMBIRIBEIRA,AV MARECHAL MASCARENHAS DE MORAES,,,E/F A KIA MOTOS,AV MARECHAL MASCARENHAS DE MORAES,,E/F A KIA MOTOS,IMBIRIBEIRA,,SUBURBIO,ABALROAMENTO LONGITUDINAL,COLISAO ENTRE CAMINHAO  MOTO E AUTO COM UMA VITIMA S/T AEROPORTO,1,1,,,,,1,,,0,,Longo da via,Bom,Sem defeito,Perfeito estado,Seca,Perfeito estado,Não existe,Não há placas,,Única,Faixa seccionada,,
2019-03-14,17:39:00,COM VÍTIMA,FINALIZADA,JARDIM SÃO PAULO,AV LIBERDADE,110,,EM FRENTE AO CONDOMÍNIO CLUB VILA JARDIM,AV LIBERDADE,110,EM FRENTE AO CONDOMÍNIO CLUB VILA JARDIM,JARDIM SÃO PAULO,,SUBURBIO,ABALROAMENTO LONGITUDINAL,COLISÃO ENVOLVENDO AUTOMÓVEL E MOTOCICLETA.,1,1,,,,,,,,1,,Longo da via,Bom,Não existe,,Seca,Outros,Não existe,Outras,,Dupla,Faixa,,
2019-03-14,18:37:00,SEM VÍTIMA,FINALIZADA,DOIS IRMÃOS,RUA DOIS IRMAOS,,,EM FRENTE AO LAFEPE,RUA DOIS IRMAOS,,EM FRENTE AO LAFEPE,DOIS IRMÃOS,,SUBURBIO,ABALROAMENTO LONGITUDINAL,COLISÃO SEM VÍTIMA,2,,,,,,,,,0,,Longo da via,Bom,Não existe,Perfeito estado,Seca,Perfeito estado,,Não há placas,40 km/h,Dupla,,,
2019-03-14,18:59:00,SEM VÍTIMA,FINALIZADA,,AV GOVERNADOR AGAMENON MAGALHAES,,,APÓS A UPE,AV GOVERNADOR AGAMENON MAGALHAES,,APÓS A UPE,,378,SUBURBIO,ABALROAMENTO LONGITUDINAL,COLISÃO SEM VÍTIMA,2,,,,,,,,,0,,Longo da via,Bom,Sem defeito,Perfeito estado,Seca,Perfeito estado,Agente,Não há placas,60 km/h,Dupla,Canteiro central,,
2019-03-14,19:20:00,COM VÍTIMA,FINALIZADA,CAMPO GRANDE,RUA MARQUES DE BAIPENDI,160,RUA MATEUS TARTARUGA,PROX AO CALDINHO DA NENE E O ARRUDA E GIRATORIO,RUA MARQUES DE BAIPENDI,160,PROX AO CALDINHO DA NENE E O ARRUDA E GIRATORIO,CAMPO GRANDE,,CIDADE,ABALROAMENTO TRANSVERSAL,COLISÃO ENVOLVENDO AUTOMÓVEL E CICLOMOTOR.,1,,1,,,,,,,1,,Cruzamento,Bom,Não existe,Não existente,Seca,Perfeito estado,Não existe,Não há placas,,Dupla,Não existe,,
2019-03-14,19:23:00,SEM VÍTIMA,FINALIZADA,CAXANGÁ,AV CAXANGA,,,EM FRENTE A G1 VEICULOS,AV CAXANGA,,EM FRENTE A G1 VEICULOS,CAXANGÁ,,SUBURBIO,ABALROAMENTO LONGITUDINAL,COLISÃO SEM VITIMAS,2,,,,,,,,,0,,Longo da via,Bom,Sem defeito,Perfeito estado,Seca,Perfeito estado,Não existe,Não há placas,60 km/h,Única,Faixa seccionada,,
2019-03-14,20:28:00,SEM VÍTIMA,FINALIZADA,AFOGADOS,RUA SAO MIGUEL,116,RUA PEDRO CABRAL DE OLIVEIRA,ORAL SAÚDE / CARTÓRIO DE AFOGADOS,RUA SAO MIGUEL,116,ORAL SAÚDE / CARTÓRIO DE AFOGADOS,AFOGADOS,116,CIDADE,ABALROAMENTO TRANSVERSAL,ONIBUS METROPOLITANA X LOGAN,1,,,,,1,,,,0,,Cruzamento,Bom,Não existe,Perfeito estado,Seca,Perfeito estado,Não existe,Outras,,Dupla,Faixa seccionada,,
2019-03-14,21:12:00,COM VÍTIMA,FINALIZADA,ENCRUZILHADA,AV BEBERIBE,603,,EM FRENTE A ESCOLA DE ENFERMAGEM ATITUDE. FERREIRA PINTO,AV BEBERIBE,603,EM FRENTE A ESCOLA DE ENFERMAGEM ATITUDE. FERREIRA PINTO,ENCRUZILHADA,480,SUBURBIO,ABALROAMENTO TRANSVERSAL,COLISÃO COM VITIMA,,2,,,,,,,,2,,Longo da via,Bom,Sem defeito,Perfeito estado,Outros,Mal conservada,Faixa de pedestre,Não há placas,60 km/h,Dupla,Faixa contínua,Faixa seccionada,
2019-03-14,21:46:00,SEM VÍTIMA,FINALIZADA,DERBY,AV GOVERNADOR AGAMENON MAGALHAES,,RUA JORNALISTA PAULO BITTENCOURT,,AV GOVERNADOR AGAMENON MAGALHAES,,,DERBY,650,SUBURBIO,COLISÃO TRASEIRA,HB 2O X GOL,2,,,,,,,,,0,,,Bom,Sem defeito,Perfeito estado,Seca,Perfeito estado,Outros,Não há placas,,Dupla,Canteiro central,Canal,
2019-03-14,23:40:00,SEM VÍTIMA,FINALIZADA,CASA FORTE,EST DAS UBAIAS ,,,EM FRENTE AO FOOD PARK NAS UBAIAS,EST DAS UBAIAS ,,EM FRENTE AO FOOD PARK NAS UBAIAS,CASA FORTE,,SUBURBIO,ABALROAMENTO LONGITUDINAL,ONIBUS X ONIX,1,,,,,1,,,,0,,Longo da via,Bom,Não existe,Ilegível,Seca,Mal iluminada,Não existe,Não há placas,,Dupla,Não existe,,
2019-03-15,02:04:00,SEM VÍTIMA,CANCELADA,NOVA DESCOBERTA,RUA BETINHA,,,UMA ENTRADA ANTES DO CORREGO DA AREIA // EM FRENTE A MOVELAR,RUA BETINHA,,UMA ENTRADA ANTES DO CORREGO DA AREIA // EM FRENTE A MOVELAR,NOVA DESCOBERTA,,,CHOQUE VEÍCULO PARADO,CONDUTOR PERDEU O CONTROLE DO VEÍCULO APÓS PERDER O FREIO NA SUBIDA DA LADEIRA E CHOCOU-SE CONTRA UM VEÍCULO ESTACIONADO,2,,,,,,,,,0,,,,,,,,,,,,,,
2019-03-15,07:06:00,SEM VÍTIMA,FINALIZADA,AFOGADOS,AV SUL,2088,RUA NICOLAU PEREIRA,,AV SUL,2088,,AFOGADOS,,CIDADE,ABALROAMENTO TRANSVERSAL,SEM VÍTIMAS,2,,,,,,,,,0,,,Bom,Não existe,Perfeito estado,Seca,Perfeito estado,Não existe,Não há placas,,Única,Faixa contínua,,
2019-03-15,07:08:00,SEM VÍTIMA,FINALIZADA,BOA VIAGEM,AV CONSELHEIRO AGUIAR,,RUA ANTONIO FALCAO,,AV CONSELHEIRO AGUIAR,,,BOA VIAGEM,6,CIDADE,ABALROAMENTO LONGITUDINAL,DOIS AUTOS,2,,,,,,,,,0,,Cruzamento,Bom,Sem defeito,Perfeito estado,Seca,Perfeito estado,Faixa de pedestre,R-6a,60 km/h,Única,Faixa contínua,,
2019-03-15,07:28:00,SEM VÍTIMA,FINALIZADA,ILHA DO LEITE,AV BEIRA RIO,,,PRÓX AO TUNEL DO SPORT CLUBE DO RECIFE,AV BEIRA RIO,,PRÓX AO TUNEL DO SPORT CLUBE DO RECIFE,ILHA DO LEITE,,SUBURBIO,COLISÃO TRASEIRA,COLISÃO SEM VITIMAS,1,1,,,,,,,,0,,Longo da via,Bom,Não existe,Perfeito estado,Seca,Perfeito estado,Faixa de pedestre,,,Dupla,Faixa contínua,,
2019-03-15,07:37:00,SEM VÍTIMA,FINALIZADA,SANTO ANTÔNIO,AV DANTAS BARRETO,,RUA SIQUEIRA CAMPOS,,AV DANTAS BARRETO,,,SANTO ANTÔNIO,141,CIDADE,ABALROAMENTO TRANSVERSAL,,1,,,,,1,,,,0,,Cruzamento,Nublado,Sem defeito,Perfeito estado,Seca,Perfeito estado,Faixa de pedestre,Outras,,Única,Faixa seccionada,,
2019-03-15,07:47:00,SEM VÍTIMA,FINALIZADA,PRADO,RUA PANDIA CALOGERAS,,RUA JOAO IVO DA SILVA,,RUA PANDIA CALOGERAS,,,PRADO,,CIDADE,ABALROAMENTO LONGITUDINAL,AUTO E CAMINHÃO,1,,,,,,1,,,0,,,Bom,Não existe,Incompleta,Seca,Perfeito estado,Outros,Outras,,Única,Não existe,,
2019-03-15,07:54:00,SEM VÍTIMA,FINALIZADA,AFOGADOS,AV SUL,,RUA DOUTOR LEONIDAS CRAVO GAMA,,AV SUL,,,AFOGADOS,320,CIDADE,ABALROAMENTO LONGITUDINAL,COLISÃO SEM VITIMAS,2,,,,,,,,,0,,,Bom,Sem defeito,Perfeito estado,Seca,Perfeito estado,Não existe,Não há placas,,Dupla,Canteiro central,,
2019-03-15,08:01:00,SEM VÍTIMA,FINALIZADA,BEBERIBE,PRC DA CONVENCAO,,,EM FRENTE AO SUPERMERCADO STILLOS,PRC DA CONVENCAO,,EM FRENTE AO SUPERMERCADO STILLOS,BEBERIBE,,SUBURBIO,ABALROAMENTO LONGITUDINAL,ONIBUS E MOTO,1,1,,,,,,,,0,,,Bom,Não existe,Perfeito estado,Seca,Perfeito estado,Não existe,R-6a,,Dupla,Não existe,,
2019-03-15,08:13:00,SEM VÍTIMA,FINALIZADA,ILHA DO RETIRO,AV BEIRA RIO,,,EDF COSTA REGO,AV BEIRA RIO,,EDF COSTA REGO,ILHA DO RETIRO,,SUBURBIO,ABALROAMENTO LONGITUDINAL,SEM VÍTIMAS. VT 17 NO LOCAL.,1,,,,,,1,,,0,,,Bom,Não existe,Perfeito estado,Seca,Perfeito estado,Não existe,R-6a,,Dupla,Faixa contínua,,
2019-03-15,08:40:00,COM VÍTIMA,CANCELADA,CAXANGÁ,AV CAXANGA,2231,,EM FRENTE AO RESTAURANTE GALETUS,AV CAXANGA,2231,EM FRENTE AO RESTAURANTE GALETUS,CAXANGÁ,,CIDADE,ATROPELAMENTO,ACIDENTE ENTRE MOTO E AUTO,,1,,,1,,,,,1,,,,,,,,,,,,,,
2019-03-15,09:32:00,SEM VÍTIMA,FINALIZADA,TEJIPIÓ,AV DR JOSE RUFINO,,,SOBRE O VIADUTO,AV DR JOSE RUFINO,,SOBRE O VIADUTO,TEJIPIÓ,,CIDADE,ABALROAMENTO LONGITUDINAL,DOIS AUTOS,2,,,,,,,,,0,,Longo da via,Bom,Sem defeito,Perfeito estado,Seca,Perfeito estado,Faixa de pedestre,Outras,,Dupla,Faixa contínua,Faixa seccionada,
2019-03-15,09:38:00,SEM VÍTIMA,CANCELADA,AFOGADOS,RUA CORONEL ALFREDO DUARTE,,RUA COSME VIANA,ESTACIONADOS EM FRENTE AO POSTO SETA,RUA CORONEL ALFREDO DUARTE,,ESTACIONADOS EM FRENTE AO POSTO SETA,AFOGADOS,430,,COLISÃO,AMBULANCIA E AUTO,1,,,,,,,1,,0,,,,,,,,,,,,,,
2019-03-15,09:44:00,SEM VÍTIMA,FINALIZADA,BOA VIAGEM,RUA VISCONDE DE JEQUITINHONHA,,RUA RIBEIRO DE BRITO,SEMÁFORO 298,RUA VISCONDE DE JEQUITINHONHA,,SEMÁFORO 298,BOA VIAGEM,298,CIDADE,ABALROAMENTO LONGITUDINAL,DOIS AUTOS,2,,,,,,,,,0,,Longo da via,Bom,Sem defeito,Perfeito estado,Seca,Perfeito estado,Agente,Não há placas,,Única,,,
2019-03-15,09:49:00,COM VÍTIMA,FINALIZADA,TAMARINEIRA,RUA CONEGO BARATA,2224,,EM FRENTE A LOJA CASA JOSE ARAUJO,RUA CONEGO BARATA,2224,EM FRENTE A LOJA CASA JOSE ARAUJO,TAMARINEIRA,61,SUBURBIO,COLISÃO TRASEIRA,COLISÃO COM VITIMA A ESPERA DO SAMU,2,1,,,,,,,,1,,Longo da via,Bom,Sem defeito,Perfeito estado,Seca,Perfeito estado,Faixa de pedestre,R-6a,,Dupla,Faixa seccionada,Canteiro central,
2019-03-15,09:57:00,SEM VÍTIMA,FINALIZADA,AFOGADOS,AV SUL,82,RUA NICOLAU PEREIRA,EM FRENTE A LOJA DE TINTAS 14 BIS,AV SUL,82,EM FRENTE A LOJA DE TINTAS 14 BIS,AFOGADOS,,,ABALROAMENTO LONGITUDINAL,COLISÃO SEM VITIMAS,1,,,,,,1,,,0,,Longo da via,Bom,Não existe,Incompleta,Seca,Perfeito estado,Não existe,Não há placas,,Única,Faixa seccionada,,
2019-03-15,09:59:00,SEM VÍTIMA,FINALIZADA,ESPINHEIRO,RUA MARQUES DO PARANA,25,RUA DR FERNANDO ALLAIN,EM FRENTE AO MARTELINHO DE OURO,RUA MARQUES DO PARANA,25,EM FRENTE AO MARTELINHO DE OURO,ESPINHEIRO,,,ABALROAMENTO LONGITUDINAL,DOIS AUTOS,2,,,,,,,,,0,,Cruzamento,Bom,Não existe,Não existente,Seca,Perfeito estado,Não existe,R-6a,,Dupla,Não existe,,
2019-03-15,10:05:00,SEM VÍTIMA,CANCELADA,AFOGADOS,RUA SAO MIGUEL,86 A,,EM FRENTE A OFICINA FLAVIO MOTOS,RUA SAO MIGUEL,86 A,EM FRENTE A OFICINA FLAVIO MOTOS,AFOGADOS,553,,COLISÃO,COLISÃO SEM VITIMAS,2,,,,,,,,,0,,,,,,,,,,,,,,
2019-03-15,10:05:00,SEM VÍTIMA,FINALIZADA,BOA VIAGEM,RUA BARAO DE SOUZA LEAO,,RUA RIO AZUL,SEMÁFORO 476,RUA BARAO DE SOUZA LEAO,,SEMÁFORO 476,BOA VIAGEM,476,,ABALROAMENTO TRANSVERSAL,SEM VÍTIMAS,2,,,,,,,,,0,,Cruzamento,Bom,Sem defeito,Incompleta,Seca,Perfeito estado,,Não há placas,40 km/h,Única,Faixa contínua,,
2019-03-15,10:12:00,SEM VÍTIMA,FINALIZADA,ILHA DO RETIRO,EST DOS REMEDIOS,1988,,E/F A HC PNEUS,EST DOS REMEDIOS,1988,E/F A HC PNEUS,ILHA DO RETIRO,,,COLISÃO TRASEIRA,SEM VÍTIMAS,2,,,,,,,,,0,,Longo da via,Bom,Não existe,Perfeito estado,Seca,Perfeito estado,Não existe,R-6a,,Única,Faixa seccionada,,
2019-03-15,10:13:00,SEM VÍTIMA,CANCELADA,COELHOS,LGO DOS COELHOS,78,,EM FRENTE AO INSTITUTO DOM HELDER CÁMARA,LGO DOS COELHOS,78,EM FRENTE AO INSTITUTO DOM HELDER CÁMARA,COELHOS,,,COLISÃO,COLISÃO SEM VITIMAS,2,,,,,,,,,0,,,,,,,,,,,,,,
2019-03-15,10:41:00,SEM VÍTIMA,CANCELADA,COELHOS,LGO DOS COELHOS,78,,EM FRENTE A CASA DO FREI FRANCISCO,LGO DOS COELHOS,78,EM FRENTE A CASA DO FREI FRANCISCO,COELHOS,,,COLISÃO,DOIS AUTOS,2,,,,,,,,,0,,,,,,,,,,,,,,
2019-03-15,11:11:00,SEM VÍTIMA,FINALIZADA,VÁRZEA,AV CAXANGA,,RUA MINISTRO JOAO ALBERTO,EM FRENTE A FIAT ITALIANA,AV CAXANGA,,EM FRENTE A FIAT ITALIANA,VÁRZEA,231,SUBURBIO,ABALROAMENTO LONGITUDINAL,MOTO E AUTO,1,1,,,,,,,,0,,Cruzamento,Bom,Sem defeito,Perfeito estado,Seca,Perfeito estado,Faixa de pedestre,,,Única,Faixa contínua,,
2019-03-15,11:27:00,SEM VÍTIMA,CANCELADA,CASA AMARELA,RUA XAVANTES,150,,EM FRENTE AO CONSULTORIO DE OFTALMOLOGIA,RUA XAVANTES,150,EM FRENTE AO CONSULTORIO DE OFTALMOLOGIA,CASA AMARELA,,,COLISÃO,COLISÃO SEM VITIMAS,2,,,,,,,,,0,,,,,,,,,,,,,,
2019-03-15,11:49:00,SEM VÍTIMA,FINALIZADA,ENGENHO DO MEIO,RUA ANTONIO CURADO,351,,,RUA ANTONIO CURADO,351,,ENGENHO DO MEIO,,SUBURBIO,COLISÃO TRASEIRA,SEM VÍTIMAS,2,,,,,,,,,0,,Longo da via,Bom,Não existe,Não existente,Seca,Perfeito estado,Não existe,Não há placas,,Dupla,Faixa contínua,,
2019-03-15,12:06:00,SEM VÍTIMA,FINALIZADA,AFOGADOS,RUA IMPERIAL,,,MARINHEIRO DESEMPENO DE MOTOS,RUA IMPERIAL,,MARINHEIRO DESEMPENO DE MOTOS,AFOGADOS,,SUBURBIO,ABALROAMENTO LONGITUDINAL,COLISÃO SEM VÍTIMA,1,1,,,,,,,,0,,Longo da via,Bom,Não existe,Perfeito estado,Seca,Perfeito estado,Não existe,R-6a,,Única,Faixa seccionada,,
2019-03-15,12:08:00,SEM VÍTIMA,CANCELADA,CAXANGÁ,AV CAXANGA,,AV JOAQUIM RIBEIRO,PRÓX À UPA,AV CAXANGA,,PRÓX À UPA,CAXANGÁ,,,COLISÃO,AUTO X MOTO S/V.,1,1,,,,,,,,0,,,,,,,,,,,,,,
2019-03-15,12:30:00,SEM VÍTIMA,FINALIZADA,SANTO ANTÔNIO,AV MARTINS DE BARROS,,,PONTE BUARQUE DE MACEDO,AV MARTINS DE BARROS,,PONTE BUARQUE DE MACEDO,SANTO ANTÔNIO,164,,ABALROAMENTO TRANSVERSAL,COLISAO ENTRE AUTO E MOTO S/V,1,1,,,,,,,,0,,Cruzamento,Bom,Sem defeito,Perfeito estado,Seca,Perfeito estado,Faixa de pedestre,Não há placas,,Única,,,
2019-03-15,12:45:00,SEM VÍTIMA,FINALIZADA,ARRUDA,RUA DAS MOCAS,,RUA DO MACHADO,,RUA DAS MOCAS,,,ARRUDA,,SUBURBIO,ABALROAMENTO LONGITUDINAL,COLISÃO SEM VÍTIMA,1,,,,,,1,,,0,,,Bom,Não existe,Perfeito estado,Seca,Perfeito estado,Faixa de retenção,Placas Pare,30 km/h,Dupla,Não existe,,
2019-03-15,13:10:00,SEM VÍTIMA,FINALIZADA,PARNAMIRIM,AV DEZESSETE DE AGOSTO,76,,LADO OPOSTO AO BANCO BRADESCO,AV DEZESSETE DE AGOSTO,76,LADO OPOSTO AO BANCO BRADESCO,PARNAMIRIM,,SUBURBIO,ABALROAMENTO LONGITUDINAL,COLISAO ENTRE ONIBUS E AUTO S/V,1,,,,,1,,,,0,,Longo da via,Bom,Não existe,Perfeito estado,Seca,Perfeito estado,Não existe,R-6a,,Dupla,Faixa seccionada,,
2019-03-15,13:20:00,SEM VÍTIMA,FINALIZADA,CÓRREGO DO JENIPAPO,RUA ERUNDINA NEGREIROS DE ARAUJO,203,,,RUA ERUNDINA NEGREIROS DE ARAUJO,203,,CÓRREGO DO JENIPAPO,,SUBURBIO,CHOQUE VEÍCULO PARADO,COLISÃO SEM VÍTIMA,1,1,,,,,,,,0,,Longo da via,Bom,Não existe,Não existente,Seca,Mal conservada,Não existe,Não há placas,,Dupla,Não existe,,
2019-03-15,13:25:00,SEM VÍTIMA,CANCELADA,IBURA,AV DOIS RIOS,1127,,PROX. A PAGUE MENOS,AV DOIS RIOS,1127,PROX. A PAGUE MENOS,IBURA,,,COLISÃO,AUTO E KOMBI S/V,1,1,,,,,,,,0,,,,,,,,,,,,,,
2019-03-15,13:26:00,SEM VÍTIMA,FINALIZADA,IMBIRIBEIRA,AV MARECHAL MASCARENHAS DE MORAES,,RUA JOAQUIM BANDEIRA,,AV MARECHAL MASCARENHAS DE MORAES,,,IMBIRIBEIRA,534,SUBURBIO,ABALROAMENTO LONGITUDINAL,COLISÃO SEM VÍTIMA,2,,,,,,,,,0,,Cruzamento,Bom,Sem defeito,Perfeito estado,Seca,Perfeito estado,,Outras,,Dupla,Faixa contínua,Faixa seccionada,Canteiro central
2019-03-15,13:34:00,COM VÍTIMA,FINALIZADA,MADALENA,RUA BENFICA,,RUA EUCLIDES DA CUNHA,EM FRENTE AO INTERNACIONAL,RUA BENFICA,,EM FRENTE AO INTERNACIONAL,MADALENA,,CIDADE,ABALROAMENTO LONGITUDINAL,,1,1,,,,,,,,1,,Cruzamento,Bom,Sem defeito,Perfeito estado,Seca,Perfeito estado,,Placas Pare,,Única,Faixa,,
2019-03-15,13:40:00,SEM VÍTIMA,FINALIZADA,BAIRRO DO RECIFE,CAIS DO APOLO,,,EM FRENTE A PREFEITURA,CAIS DO APOLO,,EM FRENTE A PREFEITURA,BAIRRO DO RECIFE,340,CIDADE,COLISÃO TRASEIRA,ENTRE DOIS AUTOS S/V,2,,,,,,,,,0,,Longo da via,Bom,Sem defeito,Perfeito estado,Seca,Perfeito estado,Agente,Outras,,Dupla,Canteiro central,,
2019-03-15,14:24:00,SEM VÍTIMA,FINALIZADA,PRADO,RUA SANTA EDWIRGES,295,RUA PADRE TEOFILO TWORZ,,RUA SANTA EDWIRGES,295,,PRADO,,CIDADE,ABALROAMENTO TRANSVERSAL,COLISÃO SEM VÍTIMA,2,,,,,,,,,0,,Cruzamento,Bom,Não existe,Não existente,Seca,Perfeito estado,Não existe,Não há placas,,,Não existe,,
2019-03-15,14:49:00,SEM VÍTIMA,FINALIZADA,ESPINHEIRO,RUA CONS PORTELA,504,RUA QUARENTA E OITO,EM FRENTE A PAGUE MENOS,RUA CONS PORTELA,504,EM FRENTE A PAGUE MENOS,ESPINHEIRO,11,CIDADE,ABALROAMENTO TRANSVERSAL,COLISÃO SEM VÍTIMA,1,,,,,1,,,,0,,Cruzamento,Bom,Sem defeito,Perfeito estado,Seca,Perfeito estado,Faixa de pedestre,R-6a,,Única,Faixa contínua,Faixa seccionada,
2019-03-15,15:16:00,COM VÍTIMA,FINALIZADA,CASA FORTE,AV DEZESSETE DE AGOSTO,784,RUA SAMUEL FARIAS,EM FRENTE AO PARQUE REGIONAL,AV DEZESSETE DE AGOSTO,784,EM FRENTE AO PARQUE REGIONAL,CASA FORTE,,CIDADE,ABALROAMENTO LONGITUDINAL,COLISÃO ENTRE TRÊS AUTOMÓVEIS.,3,,,,,,,,,2,,Esquina,Bom,Não existe,Perfeito estado,Seca,Perfeito estado,Não existe,R-6a,60 km/h,Dupla,Faixa contínua,,
2019-03-15,15:49:00,SEM VÍTIMA,FINALIZADA,CASA AMARELA,RUA MAJOR NEREU GUERRA,87,,EDF ACACIA,RUA MAJOR NEREU GUERRA,87,EDF ACACIA,CASA AMARELA,,SUBURBIO,ABALROAMENTO LONGITUDINAL,AUTO X MOTO S/V,1,1,,,,,,,,0,,Longo da via,Bom,Não existe,Perfeito estado,Seca,Perfeito estado,Não existe,R-33,,Dupla,Faixa seccionada,,
2019-03-15,15:50:00,SEM VÍTIMA,FINALIZADA,PRADO,RUA MANOEL DE ARRUDA CAMARA,,,EM FRENTE AO BAILE PERFUMADO,RUA MANOEL DE ARRUDA CAMARA,,EM FRENTE AO BAILE PERFUMADO,PRADO,348,SUBURBIO,COLISÃO TRASEIRA,COLISÃO SEM VÍTIMA,1,,,,,1,,,,0,,Longo da via,Bom,Sem defeito,Perfeito estado,Seca,Perfeito estado,Faixa de pedestre,Não há placas,,Única,Não existe,,
2019-03-15,16:27:00,SEM VÍTIMA,CANCELADA,SANTO AMARO,AV CRUZ CABUGA,,,E/F A ESCOLA DE APRENDIZ DE MARINHEIRO S/T OLINDA,AV CRUZ CABUGA,,E/F A ESCOLA DE APRENDIZ DE MARINHEIRO S/T OLINDA,SANTO AMARO,,,COLISÃO,COLISAO ENTRE AUTO E ONIBUS S/T,1,,,,,1,,,,0,,,,,,,,,,,,,,
2019-03-15,16:36:00,SEM VÍTIMA,CANCELADA,JORDÃO,AV MARIA IRENE,116,,AO LADO DO MURO DA BASE AEREA,AV MARIA IRENE,116,AO LADO DO MURO DA BASE AEREA,JORDÃO,,,COLISÃO,COLISAO ENTRE MOTO E AUTOS S/V,1,1,,,,,,,,0,,,,,,,,,,,,,,