data,hora,natureza_acidente,situacao,bairro,endereco,numero,detalhe_endereco_acidente,complemento,endereco_cruzamento,numero_cruzamento,referencia_cruzamento,bairro_cruzamento,num_semaforo,sentido_via,tipo,descricao,auto,moto,ciclom,ciclista,pedestre,onibus,caminhao,viatura,outros,vitimas,vitimasfatais,acidente_verificado,tempo_clima,situacao_semaforo,sinalizacao,condicao_via,conservacao_via,ponto_controle,situacao_placa,velocidade_max_via,mao_direcao,divisao_via1,divisao_via2,divisao_via3
2019-03-17,20:09:00,COM VÍTIMA,FINALIZADA,BOMBA DO HEMETÉRIO,RUA JACYARA,408,RUA RIOLANDIA,,RUA JACYARA,408,,BOMBA DO HEMETÉRIO,,SUBURBIO,COLISÃO FRONTAL,COLISÃO ENTRE AUTOMÓVEL E MOTOCICLETA. O VEÍCULO É UMA VIATURA POLICIAL. SEGUNDO INFORMAÇÕES  UM MOTOQUEIRO EM FUGA COLIDIU NELA.,,1,,,,,,1,,1,,Cruzamento,Bom,Não existe,Perfeito estado,Seca,Perfeito estado,,,,Dupla,,,
2019-03-17,21:43:00,SEM VÍTIMA,FINALIZADA,,AV GOVERNADOR AGAMENON MAGALHAES,,,SEMÁFORO 037,AV GOVERNADOR AGAMENON MAGALHAES,,SEMÁFORO 037,,37,SUBURBIO,COLISÃO TRASEIRA,HONDA CIT X RENAULT CLIO,2,,,,,,,,,0,,Longo da via,Bom,Sem defeito,Perfeito estado,Seca,Perfeito estado,Faixa de pedestre,Não há placas,,Única,Faixa contínua,Faixa seccionada,Canteiro central
2019-03-17,21:52:00,SEM VÍTIMA,FINALIZADA,ARRUDA,AV BEBERIBE,,AV PROFESSOR JOSE DOS ANJOS,SEMÁFORO 131,AV BEBERIBE,,SEMÁFORO 131,ARRUDA,131,SUBURBIO,ABALROAMENTO LONGITUDINAL,ENTRE AUTO E ÔNIBUS. S/V,1,,,,,1,,,,0,,Cruzamento,Bom,Sem defeito,Perfeito estado,Seca,Perfeito estado,Faixa de retenção,R-6a,60 km/h,Única,Faixa seccionada,,
2019-03-17,22:05:00,SEM VÍTIMA,FINALIZADA,TAMARINEIRA,RUA CONEGO BARATA,,,ENF A FERREIRA COSTA,RUA CONEGO BARATA,,ENF A FERREIRA COSTA,TAMARINEIRA,,SUBURBIO,ABALROAMENTO LONGITUDINAL,DOIS AUTO,2,,,,,,,,,0,,Longo da via,Bom,Não existe,Perfeito estado,Seca,Perfeito estado,Não existe,Não há placas,,Única,Faixa contínua,Faixa seccionada,Canteiro central
2019-03-18,00:15:00,SEM VÍTIMA,FINALIZADA,PINA,AV HERCULANO BANDEIRA,,,,AV HERCULANO BANDEIRA,,,PINA,660,SUBURBIO,CHOQUE VEÍCULO PARADO,COLISÃO ENTRE AUTO E CAMINHÃO S/V,1,,,,,,1,,,0,,Longo da via,Bom,Sem defeito,Perfeito estado,Seca,Perfeito estado,Faixa de retenção,Não há placas,,Única,Faixa contínua,,
2019-03-18,04:17:00,SEM VÍTIMA,CANCELADA,IMBIRIBEIRA,AV MARECHAL MASCARENHAS DE MORAES,,,E FRENTE AO SAMS CLUB  AO LADO DO POSTO PETROBRAS,AV MARECHAL MASCARENHAS DE MORAES,,E FRENTE AO SAMS CLUB  AO LADO DO POSTO PETROBRAS,IMBIRIBEIRA,,SUBURBIO,COLISÃO,COLISÃO ENTRE DOIS AUTOS S/V,2,,,,,,,,,0,,,,,,,,,,,,,,
2019-03-18,07:10:00,SEM VÍTIMA,FINALIZADA,JARDIM SÃO PAULO,AV RECIFE,5536,,5536,AV RECIFE,5536,5536,JARDIM SÃO PAULO,,CIDADE,COLISÃO FRONTAL,SEM VITIMAS VEICULOS VÃO SE DIRIGIR PARA O POSTO BR AO LADO.,3,,,,,,,,,0,,Longo da via,Chuvoso,Sem defeito,Perfeito estado,Molhada,Perfeito estado,Não existe,Outras,,Dupla,Faixa seccionada,Canteiro central,
2019-03-18,07:10:00,SEM VÍTIMA,FINALIZADA,ENCRUZILHADA,AV NORTE,,,EM FRENTE A JACAUNA,AV NORTE,,EM FRENTE A JACAUNA,ENCRUZILHADA,,CIDADE,ABALROAMENTO LONGITUDINAL,COLISÃO COM VITIMA,1,,,,,1,,,,0,,Longo da via,Chuvoso,Não existe,Perfeito estado,Molhada,Perfeito estado,Não existe,Não há placas,,Única,Faixa seccionada,,
2019-03-18,07:33:00,SEM VÍTIMA,FINALIZADA,CORDEIRO,RUA GOMES TABORDA,,RUA FIRMINO DE BARROS,,RUA GOMES TABORDA,,,CORDEIRO,,SUBURBIO,ABALROAMENTO LONGITUDINAL,SEM VÍTIMAS,2,,,,,,,,,0,,Cruzamento,Chuvoso,Não existe,Perfeito estado,Molhada,Perfeito estado,Não existe,R-6a,,Dupla,Faixa seccionada,,
2019-03-18,07:34:00,SEM VÍTIMA,FINALIZADA,MADALENA,RUA JOAO IVO DA SILVA,294,,,RUA JOAO IVO DA SILVA,294,,MADALENA,,,COLISÃO TRASEIRA,ONIBUS E AUTO,1,,,,,1,,,,0,,Longo da via,Chuvoso,Não existe,Perfeito estado,Molhada,Perfeito estado,Não existe,,,Única,Faixa seccionada,,
2019-03-18,07:56:00,SEM VÍTIMA,FINALIZADA,ESTÂNCIA,RUA JOAO TEIXEIRA,292,AV DR JOSE RUFINO,,RUA JOAO TEIXEIRA,292,,ESTÂNCIA,82,,ABALROAMENTO LONGITUDINAL,AUTO E CAMINHAO DA EMLURB,1,,,,,,1,,,0,,,Bom,Sem defeito,Perfeito estado,Molhada,Perfeito estado,Faixa de pedestre,R-6a,,Única,Faixa seccionada,,
2019-03-18,08:01:00,SEM VÍTIMA,FINALIZADA,PRADO,AV ENGENHEIRO ABDIAS DE CARVALHO,,RUA JOAO IVO DA SILVA,,AV ENGENHEIRO ABDIAS DE CARVALHO,,,PRADO,132,SUBURBIO,COLISÃO TRASEIRA,SEM VÍTIMAS,2,,,,,,,,,0,,Cruzamento,Chuvoso,Sem defeito,Perfeito estado,Molhada,Perfeito estado,Faixa de pedestre,,,Dupla,Faixa seccionada,Canteiro central,
2019-03-18,08:05:00,SEM VÍTIMA,DUPLICIDADE,PRADO,RUA GOMES TABORDA,1758,,EM FRENTE A PANIFICADORA PRIMORINA,RUA GOMES TABORDA,1758,EM FRENTE A PANIFICADORA PRIMORINA,PRADO,,,COLISÃO,SEM VITIMAS.,2,,,,,,,,,0,,,,,,,,,,,,,,
2019-03-18,08:09:00,SEM VÍTIMA,DUPLICIDADE,BAIRRO DO RECIFE,CAIS DO APOLO,,,EM FRENTE AO TRF,CAIS DO APOLO,,EM FRENTE AO TRF,BAIRRO DO RECIFE,,,COLISÃO,SEM VITIMAS,3,,,,,,,,,0,,,,,,,,,,,,,,
2019-03-18,08:09:00,SEM VÍTIMA,CANCELADA,BAIRRO DO RECIFE,CAIS DO APOLO,739,,E/F AO CONDOMINIO RECIFE DIGITAL CENTER.,CAIS DO APOLO,739,E/F AO CONDOMINIO RECIFE DIGITAL CENTER.,BAIRRO DO RECIFE,,SUBURBIO,COLISÃO,SEM VÍTIMAS,2,,,,,,,,,0,,,,,,,,,,,,,,
2019-03-18,08:11:00,COM VÍTIMA,FINALIZADA,TEJIPIÓ,AV DR JOSE RUFINO,2984,,RUA DO COLEGIO CASTELO BRANCO,AV DR JOSE RUFINO,2984,RUA DO COLEGIO CASTELO BRANCO,TEJIPIÓ,156,CIDADE,ABALROAMENTO TRANSVERSAL,MOTO E AUTO,1,1,,,,,,,,1,,Longo da via,Chuvoso,Não existe,Perfeito estado,Molhada,Perfeito estado,Não existe,R-6a,,Dupla,Faixa,,
2019-03-18,08:12:00,SEM VÍTIMA,CANCELADA,BOA VISTA,RUA DOM BOSCO,1329,,EM FRENTE A FACULDADE SAO MIGUEL,RUA DOM BOSCO,1329,EM FRENTE A FACULDADE SAO MIGUEL,BOA VISTA,,,COLISÃO,CAMINHÃO E AUTO,1,,,,,,1,,,0,,,,,,,,,,,,,,
2019-03-18,08:45:00,SEM VÍTIMA,FINALIZADA,DERBY,RUA HENRIQUE DIAS,906,RUA JENER DE SOUZA,,RUA HENRIQUE DIAS,906,,DERBY,,CIDADE,ABALROAMENTO TRANSVERSAL,ONIBUS E AUTO PASSEIO,1,,,,,1,,,,0,,,Chuvoso,Não existe,Perfeito estado,Molhada,Perfeito estado,Outros,Outras,,Única,Faixa contínua,,
2019-03-18,08:48:00,SEM VÍTIMA,FINALIZADA,ESPINHEIRO,RUA DA HORA,399,RUA SANTO ELIAS,PROX. A FARMACIA ROVAL,RUA DA HORA,399,PROX. A FARMACIA ROVAL,ESPINHEIRO,,CIDADE,ABALROAMENTO TRANSVERSAL,DOIS AUTOS,2,,,,,,,,,0,,Cruzamento,Chuvoso,Não existe,Perfeito estado,Molhada,Perfeito estado,Faixa de pedestre,Outras,,Única,Faixa contínua,,
2019-03-18,09:17:00,SEM VÍTIMA,FINALIZADA,TORRE,RUA CONDE DE IRAJA,,,EM FRENTE A LOJA SYSTEM SERVIÇO AUTORIZADA SAMSUNG,RUA CONDE DE IRAJA,,EM FRENTE A LOJA SYSTEM SERVIÇO AUTORIZADA SAMSUNG,TORRE,,SUBURBIO,ABALROAMENTO LONGITUDINAL,SEM VITIMAS,2,,,,,,,,,0,,Longo da via,Chuvoso,Sem defeito,Perfeito estado,Molhada,Perfeito estado,Faixa de pedestre,R-6a,,Única,Faixa contínua,,
2019-03-18,09:20:00,COM VÍTIMA,FINALIZADA,APIPUCOS,RUA MANDACARU,738,RUA DE APIPUCOS,PROX. AO POSTO DE GASOLINA DE APIPUCOS E POINT DO GALETO,RUA MANDACARU,738,PROX. AO POSTO DE GASOLINA DE APIPUCOS E POINT DO GALETO,APIPUCOS,,SUBURBIO,COLISÃO FRONTAL,AUTO E MOTO,1,1,,,,,,,,1,,Longo da via,Chuvoso,Não existe,Perfeito estado,Molhada,Perfeito estado,Não existe,Não há placas,,Dupla,Não existe,,
2019-03-18,09:21:00,COM VÍTIMA,FINALIZADA,MONTEIRO,RUA DE APIPUCOS,644,RUA DR PEDRO CORREA,LADO OPOSTO AO NÚMERO INFORMADO NO CAMPO NÚMERO DESTE PROTOCOLO.,RUA DE APIPUCOS,644,LADO OPOSTO AO NÚMERO INFORMADO NO CAMPO NÚMERO DESTE PROTOCOLO.,MONTEIRO,,SUBURBIO,COLISÃO FRONTAL,COLISÃO ENTRE AUTOMÓVEL E MOTOCICLETA.,1,1,,,,,,,,1,,Longo da via,Chuvoso,Sem defeito,Perfeito estado,Molhada,Perfeito estado,Não existe,Não há placas,,Dupla,Faixa seccionada,,
2019-03-18,09:32:00,SEM VÍTIMA,CANCELADA,CORDEIRO,RUA CLAUDIO BROTHERHOOD,148,,ESCOLA LUZ DO AMANHÃ,RUA CLAUDIO BROTHERHOOD,148,ESCOLA LUZ DO AMANHÃ,CORDEIRO,,SUBURBIO,ABALROAMENTO TRANSVERSAL,DOIS AUTOS,2,,,,,,,,,0,,,,,,,,,,,,,,
2019-03-18,09:50:00,SEM VÍTIMA,FINALIZADA,BOA VIAGEM,AV BOA VIAGEM,5526,,EDF MARIA BEATRIZ,AV BOA VIAGEM,5526,EDF MARIA BEATRIZ,BOA VIAGEM,148,CIDADE,COLISÃO TRASEIRA,TRES AUTOS,3,,,,,,,,,0,,Longo da via,Chuvoso,Sem defeito,Perfeito estado,Molhada,Perfeito estado,Faixa de pedestre,Não há placas,60 km/h,Única,Faixa contínua,,
2019-03-18,10:09:00,COM VÍTIMA,FINALIZADA,JAQUEIRA,PRC PROFESSOR FLEMING,,,EM FRENTE A LOJA CÃO Q RI,PRC PROFESSOR FLEMING,,EM FRENTE A LOJA CÃO Q RI,JAQUEIRA,,CIDADE,ABALROAMENTO LONGITUDINAL,COM UMA VÍTIMA SAMU ACIONADO,1,1,,,,,,,,1,,Longo da via,Bom,Não existe,Perfeito estado,Seca,Perfeito estado,Não existe,Não há placas,,Única,Faixa seccionada,,
2019-03-18,10:10:00,SEM VÍTIMA,FINALIZADA,IPUTINGA,RUA EMILIANO BRAGA,163,RUA MANOEL JOAQUIM DE ALMEIDA,,RUA EMILIANO BRAGA,163,,IPUTINGA,,SUBURBIO,ABALROAMENTO LONGITUDINAL,DOIS AUTOS,3,,,,,,,,,0,,Cruzamento,Bom,Não existe,Perfeito estado,Seca,Perfeito estado,Não existe,R-6a,,,Não existe,,
2019-03-18,10:50:00,SEM VÍTIMA,FINALIZADA,IMBIRIBEIRA,AV MARECHAL MASCARENHAS DE MORAES,,,EM FRENTE AO POSTO SHELL,AV MARECHAL MASCARENHAS DE MORAES,,EM FRENTE AO POSTO SHELL,IMBIRIBEIRA,530,SUBURBIO,COLISÃO TRASEIRA,DOIS AUTOS,2,,,,,,,,,0,,Longo da via,Bom,Sem defeito,Perfeito estado,Molhada,Perfeito estado,Faixa de pedestre,Outras,60 km/h,Dupla,Canteiro central,,
2019-03-18,11:16:00,SEM VÍTIMA,FINALIZADA,IMBIRIBEIRA,AV MARECHAL MASCARENHAS DE MORAES,7935A,,,AV MARECHAL MASCARENHAS DE MORAES,7935A,,IMBIRIBEIRA,,SUBURBIO,COLISÃO TRASEIRA,DOIS AUTOS,2,,,,,,,,,0,,Longo da via,Chuvoso,Não existe,Perfeito estado,Molhada,Perfeito estado,Não existe,Não há placas,,Única,Faixa seccionada,,
2019-03-18,12:19:00,SEM VÍTIMA,FINALIZADA,,AV ARMINDO MOURA,,RUA VISCONDE DE JEQUITINHONHA,SEMÁFORO 258,AV ARMINDO MOURA,,SEMÁFORO 258,,258,CIDADE,ABALROAMENTO LONGITUDINAL,ENTRE CARRO OFICIAL DA PF E AUTO PASSEIO,1,,,,,,,1,,0,,Cruzamento,Bom,Sem defeito,Perfeito estado,Seca,Perfeito estado,Faixa de pedestre,Outras,,Dupla,Faixa contínua,Canteiro central,
2019-03-18,12:21:00,SEM VÍTIMA,FINALIZADA,PINA,AV ANTONIO DE GOES,60,,EM FRENTE AO JCPM,AV ANTONIO DE GOES,60,EM FRENTE AO JCPM,PINA,,CIDADE,COLISÃO TRASEIRA,COLISÃO SEM VITIMAS,2,,,,,,,,,0,,Longo da via,Bom,Não existe,Perfeito estado,Seca,Perfeito estado,Não existe,R-6a,60 km/h,Única,Canteiro central,,
2019-03-18,12:23:00,SEM VÍTIMA,FINALIZADA,IMBIRIBEIRA,AV MARECHAL MASCARENHAS DE MORAES,,RUA CORONEL FABRICIANO,PROX AO ATACADO DOS PRESENTE,AV MARECHAL MASCARENHAS DE MORAES,,PROX AO ATACADO DOS PRESENTE,IMBIRIBEIRA,310,CIDADE,ABALROAMENTO LONGITUDINAL,COLISAO ENTRE CAMINHAO E AUTO S/V,1,,,,,,1,,,0,,Cruzamento,Bom,Sem defeito,Perfeito estado,Seca,Perfeito estado,Faixa de pedestre,Não há placas,60 km/h,Dupla,Canteiro central,,
2019-03-18,13:29:00,SEM VÍTIMA,FINALIZADA,DERBY,AV GOVERNADOR AGAMENON MAGALHAES,55,,EM FRENTE A ODONTO COMPANY,AV GOVERNADOR AGAMENON MAGALHAES,55,EM FRENTE A ODONTO COMPANY,DERBY,75,SUBURBIO,COLISÃO TRASEIRA,COLISÃO SEM VITIMAS,2,,,,,,,,,0,,Longo da via,Bom,Sem defeito,Perfeito estado,Seca,Perfeito estado,Agente,,,Única,,,
2019-03-18,13:41:00,SEM VÍTIMA,FINALIZADA,IPSEP,RUA JEAN EMILE FAVRE,1278,,PAPELARIA IMEDIATA,RUA JEAN EMILE FAVRE,1278,PAPELARIA IMEDIATA,IPSEP,,SUBURBIO,CHOQUE VEÍCULO PARADO,COLISAO ENTRE DOIS AUTO S/V,2,,,,,,,,,0,,Longo da via,Bom,Não existe,Perfeito estado,Seca,Perfeito estado,Faixa de pedestre,R-6a,,Dupla,Faixa contínua,,
2019-03-18,14:05:00,SEM VÍTIMA,CANCELADA,BOA VIAGEM,RUA ERNESTO DE PAULA SANTOS,,,EM FRENTE AO HOLIDAY,RUA ERNESTO DE PAULA SANTOS,,EM FRENTE AO HOLIDAY,BOA VIAGEM,,,COLISÃO,COLISÃO SEM VITIMAS,2,,,,,,,,,0,,,,,,,,,,,,,,
2019-03-18,14:06:00,SEM VÍTIMA,FINALIZADA,BOA VIAGEM,RUA RIBEIRO DE BRITO,,,EDF HOLIDAY,RUA RIBEIRO DE BRITO,,EDF HOLIDAY,BOA VIAGEM,147,CIDADE,COLISÃO TRASEIRA,MANIFESTO DOS MORADORES,2,,,,,,,,,0,,Longo da via,Bom,Sem defeito,Perfeito estado,Seca,Perfeito estado,Faixa de pedestre,Não há placas,,Única,Faixa contínua,,
2019-03-18,14:45:00,COM VÍTIMA,FINALIZADA,ESPINHEIRO,RUA SANTO ELIAS,462,RUA DO ESPINHEIRO,EM FRENTE AO POSTO DE COMBUSTÍVEL IPIRANGA.,RUA SANTO ELIAS,462,EM FRENTE AO POSTO DE COMBUSTÍVEL IPIRANGA.,ESPINHEIRO,,CIDADE,ABALROAMENTO TRANSVERSAL,COLISÃO ENTRE AUTOMÓVEL E MOTOCICLETA.,1,1,,,,,,,,1,,Cruzamento,Bom,Não existe,Perfeito estado,Seca,Perfeito estado,Faixa de pedestre,Outras,,Única,Faixa seccionada,,
2019-03-18,14:47:00,SEM VÍTIMA,FINALIZADA,BOA VIAGEM,AV ENGENHEIRO DOMINGOS FERREIRA,2238,,EM FRENTE AO Nº 2238,AV ENGENHEIRO DOMINGOS FERREIRA,2238,EM FRENTE AO Nº 2238,BOA VIAGEM,,,CHOQUE OBJETO FIXO,VEICULO SE CHOCOU EM UM POSTE  S/V,1,,,,,,,,,0,,Longo da via,Bom,Não existe,Perfeito estado,Seca,Perfeito estado,,Outras,,Dupla,Faixa contínua,Faixa seccionada,Canteiro central
2019-03-18,15:10:00,SEM VÍTIMA,FINALIZADA,ESPINHEIRO,RUA JOAO FERNANDES VIEIRA,699,,EM FRENTE HAPVIDA,RUA JOAO FERNANDES VIEIRA,699,EM FRENTE HAPVIDA,ESPINHEIRO,,SUBURBIO,ABALROAMENTO LONGITUDINAL,AUTO E ONIBUS DA CAXANGA S/V,1,,,,,1,,,,0,,Longo da via,Bom,Não existe,Perfeito estado,Seca,Perfeito estado,Não existe,Não há placas,,Única,Não existe,,
2019-03-18,15:21:00,SEM VÍTIMA,FINALIZADA,IMBIRIBEIRA,RUA ZEFERINO PINHO,,AV PINHEIROS,FARMACIA BRILHANTE,RUA ZEFERINO PINHO,,FARMACIA BRILHANTE,IMBIRIBEIRA,,SUBURBIO,ABALROAMENTO TRANSVERSAL,COLISÃO SEM VITIMAS,2,,,,,,,,,0,,Cruzamento,Bom,Não existe,Perfeito estado,Seca,Perfeito estado,Não existe,Não há placas,,Dupla,Faixa contínua,,
2019-03-18,15:30:00,SEM VÍTIMA,CANCELADA,VÁRZEA,RUA RODRIGUES FERREIRA,,AV AFONSO OLINDENSE,PROX. AO RESIDENCIAL CAXANGA,RUA RODRIGUES FERREIRA,,PROX. AO RESIDENCIAL CAXANGA,VÁRZEA,638,,COLISÃO,ENTRE BRT E AUTO PASSEIO  S/V,1,,,,,1,,,,0,,,,,,,,,,,,,,
2019-03-18,15:51:00,SEM VÍTIMA,CANCELADA,BOA VIAGEM,AV FERNANDO SIMOES BARBOSA,572,RUA JACK AYRES,AO LADO DA GALERIA LUIZ SEVERIANO RIBEIRO,AV FERNANDO SIMOES BARBOSA,572,AO LADO DA GALERIA LUIZ SEVERIANO RIBEIRO,BOA VIAGEM,183,,COLISÃO,COLISÃO SEM VITIMAS,1,,,,,1,,,,0,,,,,,,,,,,,,,
2019-03-18,16:05:00,SEM VÍTIMA,CANCELADA,IMBIRIBEIRA,AV RECIFE,,,AO LADO DO SAL E BRASA  EM FRENTE AO POSTO BR  SENTIDO AEROPORTO,AV RECIFE,,AO LADO DO SAL E BRASA  EM FRENTE AO POSTO BR  SENTIDO AEROPORTO,IMBIRIBEIRA,,,COLISÃO,ENTRE MICRO-ÔNIBUS E UMA VAN  S/V,1,,,,,1,,,,0,,,,,,,,,,,,,,
2019-03-18,16:07:00,SEM VÍTIMA,CANCELADA,NOVA DESCOBERTA,RUA NOVA DESCOBERTA,688,,,RUA NOVA DESCOBERTA,688,,NOVA DESCOBERTA,,,COLISÃO,COLISÃO ENTRE MICROÔNIBUS E AUTO,1,,,,,1,,,,0,,,,,,,,,,,,,,
2019-03-18,17:07:00,SEM VÍTIMA,FINALIZADA,ESTÂNCIA,AV RECIFE,5388,,PROX. A RECIPÃO,AV RECIFE,5388,PROX. A RECIPÃO,ESTÂNCIA,,CIDADE,COLISÃO TRASEIRA,COLISÃO SEM VITIMAS,2,,,,,,,,,0,,Longo da via,Bom,Não existe,Perfeito estado,Seca,Perfeito estado,Não existe,,,Dupla,Canteiro central,,
2019-03-18,18:11:00,SEM VÍTIMA,FINALIZADA,BOA VIAGEM,AV ENGENHEIRO DOMINGOS FERREIRA,,,LADO OPOSTO NEW PRINT INFORMATICA,AV ENGENHEIRO DOMINGOS FERREIRA,,LADO OPOSTO NEW PRINT INFORMATICA,BOA VIAGEM,,SUBURBIO,COLISÃO TRASEIRA,TRES AUTO,3,,,,,,,,,0,,Longo da via,Bom,Não existe,Perfeito estado,Seca,Perfeito estado,,,,Única,,,
2019-03-18,18:41:00,SEM VÍTIMA,FINALIZADA,CAXANGÁ,AV CAXANGA,612-A,RUA JOSE OSORIO,E/F A CONCESSIONÁRIA ALEMÃO AUTOMÓVEIS,AV CAXANGA,612-A,E/F A CONCESSIONÁRIA ALEMÃO AUTOMÓVEIS,CAXANGÁ,489,SUBURBIO,ABALROAMENTO LONGITUDINAL,ENTRE 2 AUTOS. S/V,2,,,,,,,,,0,,Cruzamento,Bom,Sem defeito,Perfeito estado,Seca,Perfeito estado,Faixa de pedestre,Outras,,Dupla,Canteiro central,,
2019-03-18,19:04:00,SEM VÍTIMA,FINALIZADA,MADALENA,RUA PADRE ANCHIETA,,,EM FRENTE A PADARIA MASSA NOBRE,RUA PADRE ANCHIETA,,EM FRENTE A PADARIA MASSA NOBRE,MADALENA,193,CIDADE,ABALROAMENTO LONGITUDINAL,ENTRE AUTO E ÔNIBUS. S/V,1,,,,,1,,,,0,,Longo da via,Bom,Sem defeito,Perfeito estado,Seca,Perfeito estado,Faixa de pedestre,R-6a,,Única,Não existe,,
2019-03-18,19:23:00,COM VÍTIMA,FINALIZADA,SÃO JOSÉ,AV SUL,,TRV DO GASPAR,APÓS O VIADUTO DO METRÔ / PRÓX A OFICINA ABELARDO  SNT CID,AV SUL,,APÓS O VIADUTO DO METRÔ / PRÓX A OFICINA ABELARDO  SNT CID,SÃO JOSÉ,,CIDADE,ABALROAMENTO TRANSVERSAL,ENTRE CARRETA E MOTOCICLISTA. C/V,,1,,,,,1,,,1,,Esquina,Bom,Não existe,Incompleta,Seca,Perfeito estado,,Não há placas,50 km/h,Dupla,Canteiro central,,
2019-03-18,19:47:00,COM VÍTIMA,FINALIZADA,JORDÃO,AV MARIA IRENE,,RUA ALBERTO LUNDGREN,E/F A PRAÇA DE JORDÃO BAIXO / SEMÁFORO 581,AV MARIA IRENE,,E/F A PRAÇA DE JORDÃO BAIXO / SEMÁFORO 581,JORDÃO,581,SUBURBIO,ABALROAMENTO LONGITUDINAL,ENTRE ÕNIBUS E MOTO. C/V,,1,,,,1,,,,1,,Cruzamento,Bom,Sem defeito,Não existente,Seca,Mal conservada,Não existe,Não há placas,,Dupla,Não existe,,
2019-03-18,20:21:00,COM VÍTIMA,FINALIZADA,COHAB,RUA EXP FRANCISCO VITORIANO,31,RUA DR BENIGNO JORDAO DE VASCONCELOS,NO TREVO E MERCADO TREVO // LOJA VITORIA,RUA EXP FRANCISCO VITORIANO,31,NO TREVO E MERCADO TREVO // LOJA VITORIA,COHAB,,,ABALROAMENTO TRANSVERSAL,NISSAN FRONTIER X MOTO,1,1,,,,,,,,1,,,Bom,Não existe,Incompleta,Seca,Perfeito estado,Não existe,Não há placas,,Dupla,Faixa seccionada,,
2019-03-18,20:38:00,SEM VÍTIMA,CANCELADA,AFLITOS,RUA CONS PORTELA,665,,E/F A GALERIA CONSELHEIRO PORTELA CENTER / PRÓX A ENCRUZILHADA,RUA CONS PORTELA,665,E/F A GALERIA CONSELHEIRO PORTELA CENTER / PRÓX A ENCRUZILHADA,AFLITOS,,,COLISÃO,ENTRE 2 AUTOS. S/V,2,,,,,,,,,0,,,,,,,,,,,,,,
2019-03-18,22:35:00,COM VÍTIMA,FINALIZADA,TAMARINEIRA,RUA CONEGO BARATA,,,ENF AO HOSPITAL ULISSES PE. E FERREIRA COSTA // SENTIDO TORRE,RUA CONEGO BARATA,,AO LADO DO SHOPING RIO-MAR - ENTRADA 03,TAMARINEIRA,,SUBURBIO,ABALROAMENTO LONGITUDINAL,AUTO E MOTO,1,1,,,,,,,,1,,Longo da via,Bom,Não existe,Perfeito estado,Seca,Perfeito estado,,Não há placas,,Dupla,Faixa seccionada,Canteiro central,
2019-03-19,06:42:00,SEM VÍTIMA,FINALIZADA,VÁRZEA,AV PROFESSOR LUIZ FREIRE,,,AO LADO DA CIDADE UNIVERSITÁRIA,AV PROFESSOR LUIZ FREIRE,,AO LADO DA CIDADE UNIVERSITÁRIA,VÁRZEA,,CIDADE,ABALROAMENTO LONGITUDINAL,SEM VÍTIMAS,2,,,,,,,,,0,,Longo da via,Bom,Não existe,Incompleta,Seca,Mal conservada,Outros,Outras,,,,,
2019-03-19,06:49:00,SEM VÍTIMA,FINALIZADA,SÃO JOSÉ,AV SUL,502,,EM FRENTE A LOJA LEO INJEÇÃO,AV SUL,502,EM FRENTE A LOJA LEO INJEÇÃO,SÃO JOSÉ,,CIDADE,COLISÃO TRASEIRA,SEM VITIMAS,2,,,,,,,,,0,,Longo da via,Bom,Não existe,Perfeito estado,Seca,Perfeito estado,Não existe,Não há placas,,Dupla,Canteiro central,,
2019-03-19,06:51:00,SEM VÍTIMA,FINALIZADA,CASA FORTE,RUA ENGENHEIRO OSCAR FERREIRA,,EST DO ENCANAMENTO,EM FRENTE AO BAR FERRO E FOGO,RUA ENGENHEIRO OSCAR FERREIRA,,EM FRENTE AO BAR FERRO E FOGO,CASA FORTE,,SUBURBIO,COLISÃO TRASEIRA,COLISÃO SEM VITIMAS,2,,,,,,,,,0,,Cruzamento,Bom,Não existe,Perfeito estado,Seca,Perfeito estado,Faixa de retenção,Outras,,Única,Não existe,,
2019-03-19,07:04:00,SEM VÍTIMA,FINALIZADA,CIDADE UNIVERSITÁRIA,AV PROFESSOR LUIZ FREIRE,,,PRÓXIMO A 7º REGIAO MILITAR,AV PROFESSOR LUIZ FREIRE,,PRÓXIMO A 7º REGIAO MILITAR,CIDADE UNIVERSITÁRIA,,CIDADE,ABALROAMENTO TRANSVERSAL,MOTO E AUTO PASSEIO,1,1,,,,,,,,0,,Longo da via,Bom,Não existe,Ilegível,Seca,Mal conservada,Não existe,Não há placas,,Dupla,Faixa seccionada,,
2019-03-19,08:02:00,SEM VÍTIMA,FINALIZADA,AFOGADOS,RUA DA PAZ,243,,EM FRENTE AS LOJAS ORTOBOM,RUA DA PAZ,243,EM FRENTE AS LOJAS ORTOBOM,AFOGADOS,,SUBURBIO,ABALROAMENTO LONGITUDINAL,ONIBUS E AUTO PASSEIO,1,,,,,1,,,,0,,Longo da via,Bom,Sem defeito,Perfeito estado,Seca,Perfeito estado,Faixa de pedestre,Outras,,Única,Faixa contínua,Faixa seccionada,