data,hora,natureza_acidente,situacao,bairro,endereco,numero,detalhe_endereco_acidente,complemento,endereco_cruzamento,numero_cruzamento,referencia_cruzamento,bairro_cruzamento,num_semaforo,sentido_via,tipo,descricao,auto,moto,ciclom,ciclista,pedestre,onibus,caminhao,viatura,outros,vitimas,vitimasfatais,acidente_verificado,tempo_clima,situacao_semaforo,sinalizacao,condicao_via,conservacao_via,ponto_controle,situacao_placa,velocidade_max_via,mao_direcao,divisao_via1,divisao_via2,divisao_via3
2019-03-20,16:05:00,SEM VÍTIMA,FINALIZADA,ILHA DO RETIRO,RUA BENFICA,92,,EM FRENTE A AUTO ESCOLA UNIÃO,RUA BENFICA,92,EM FRENTE A AUTO ESCOLA UNIÃO,ILHA DO RETIRO,,SUBURBIO,ABALROAMENTO LONGITUDINAL,COLISÃO SEM VITIMAS,1,,,,,,1,,,0,,Longo da via,Bom,Não existe,Ilegível,Seca,Perfeito estado,Não existe,Não há placas,,Única,Não existe,,
2019-03-20,16:14:00,COM VÍTIMA,FINALIZADA,IMBIRIBEIRA,RUA JALISCO,,,AO LADO DO GERALDÃO,RUA JALISCO,,AO LADO DO GERALDÃO,IMBIRIBEIRA,,SUBURBIO,CHOQUE VEÍCULO PARADO,MOTO CHOCOU SE COM VEÍCULO PARADO E UM OUTRO VEÍCULO COLIDIU COM O MOTOCICLISTA,1,1,,,,,,,,1,,Longo da via,Bom,Não existe,Ilegível,Seca,Perfeito estado,Não existe,Não há placas,,Dupla,Não existe,,
2019-03-20,16:18:00,COM VÍTIMA,FINALIZADA,BONGI,AV ENGENHEIRO ABDIAS DE CARVALHO,,RUA SANTA EDWIRGES,LADO OPOSTO AO POSTO BR,AV ENGENHEIRO ABDIAS DE CARVALHO,,LADO OPOSTO AO POSTO BR,BONGI,534,CIDADE,ABALROAMENTO TRANSVERSAL,COLISÃO ENTRE 2 MOTOCICLETAS  COM VÍTIMA.,,2,,,,,,,,2,,Cruzamento,Bom,Sem defeito,Perfeito estado,Seca,Perfeito estado,Faixa de pedestre,R-6a,,Dupla,Faixa contínua,Faixa seccionada,Canteiro central
2019-03-20,16:30:00,SEM VÍTIMA,CANCELADA,ARRUDA,RUA ZEFERINO AGRA,,RUA DO MACHADO,NA ESQUINA DA IGREJA SANTO ANTONIO,RUA ZEFERINO AGRA,,NA ESQUINA DA IGREJA SANTO ANTONIO,ARRUDA,,,COLISÃO,COLISÃO SEM VITIMAS,1,1,,,,,,,,0,,,,,,,,,,,,,,
2019-03-20,16:44:00,SEM VÍTIMA,FINALIZADA,SANTO AMARO,AV CRUZ CABUGA,,RUA LEAO FALCAO,,AV CRUZ CABUGA,,,SANTO AMARO,,SUBURBIO,ABALROAMENTO TRANSVERSAL,COLISAO ENTRE DOIS AUTOS S/V,2,,,,,,,,,0,,Cruzamento,Bom,Não existe,Perfeito estado,Seca,Perfeito estado,Não existe,Não há placas,,Única,Faixa seccionada,,
2019-03-20,16:46:00,SEM VÍTIMA,FINALIZADA,VÁRZEA,RUA PROFESSOR ANTONIO COELHO,139,,,RUA PROFESSOR ANTONIO COELHO,139,,VÁRZEA,,SUBURBIO,COLISÃO TRASEIRA,COLISÃO SEM VÍTIMA,2,,,,,,,,,0,,Longo da via,Bom,Não existe,Perfeito estado,Seca,Perfeito estado,Não existe,Não há placas,,Dupla,Faixa seccionada,,
2019-03-20,18:04:00,SEM VÍTIMA,FINALIZADA,BOA VIAGEM,AV DOM JOAO VI,,,CRUZAMENTO COM BARÃO DE SOUZA LEÃO,AV DOM JOAO VI,,CRUZAMENTO COM BARÃO DE SOUZA LEÃO,BOA VIAGEM,476,SUBURBIO,ABALROAMENTO LONGITUDINAL,COLISÃO SEM VITIMAS,1,,,,,,1,,,0,,Longo da via,Bom,Sem defeito,Perfeito estado,Seca,Perfeito estado,Agente,Não há placas,40 km/h,Única,Faixa seccionada,,
2019-03-20,18:24:00,SEM VÍTIMA,CANCELADA,BEBERIBE,AV BEBERIBE,,,ESQUINA DA DROGASIL COM O CALDINHO DO GAL,AV BEBERIBE,,ESQUINA DA DROGASIL COM O CALDINHO DO GAL,BEBERIBE,,,COLISÃO,COLISÃO SEM VITIMAS,2,,,,,,,,,0,,,,,,,,,,,,,,
2019-03-20,19:52:00,COM VÍTIMA,FINALIZADA,CAMPO GRANDE,RUA ODORICO MENDES,326,,EM FRENTE AO CLUBE DAS PAES. IGREJA EVANGÉLICA CRISTO VIVE.,RUA ODORICO MENDES,326,EM FRENTE AO CLUBE DAS PAES. IGREJA EVANGÉLICA CRISTO VIVE.,CAMPO GRANDE,357,CIDADE,COLISÃO TRASEIRA,COLISÃO ENTRE AUTOMÓVEL E MOTOCICLETA.,1,1,,,,,,,,1,,Longo da via,Bom,Sem defeito,,Seca,Perfeito estado,Faixa de pedestre,Não há placas,,Dupla,Faixa seccionada,,
2019-03-20,21:50:00,SEM VÍTIMA,FINALIZADA,IPUTINGA,RUA PROFESSOR MUSSA HAZIN,,AV LUIZ DE LACERDA,ENF A ESCOLA DESAFIO,RUA PROFESSOR MUSSA HAZIN,,ENF A ESCOLA DESAFIO,IPUTINGA,,SUBURBIO,ABALROAMENTO TRANSVERSAL,HONDA FIT X PALIO,2,,,,,,,,,0,,Longo da via,Bom,Não existe,Perfeito estado,Seca,Perfeito estado,Faixa de pedestre,Placas Pare,,Única,Não existe,,
2019-03-20,22:31:00,SEM VÍTIMA,FINALIZADA,IMBIRIBEIRA,RUA ITACARI,,RUA ITAJAI,,RUA ITACARI,,,IMBIRIBEIRA,,SUBURBIO,ABALROAMENTO TRANSVERSAL,VT DESCARACTERIZADA DA CIVIL X VOYAGE,1,,,,,,,1,,0,,Cruzamento,Bom,Não existe,Incompleta,Seca,Mal iluminada,Faixa de pedestre,Placas Pare,,Única,Faixa seccionada,,
2019-03-21,01:52:00,SEM VÍTIMA,FINALIZADA,IPSEP,AV RECIFE,2240,,,AV RECIFE,2240,,IPSEP,,SUBURBIO,CHOQUE OBJETO FIXO,CONDUTOR PERDEU O CONTROLE DO VEÍCULO E CHOCOU-SE CONTRA UM POSTE,1,,,,,,,,,0,,Longo da via,Bom,Não existe,Perfeito estado,Seca,Perfeito estado,Não existe,Outras,,Dupla,Faixa seccionada,Canteiro central,
2019-03-21,07:20:00,COM VÍTIMA,FINALIZADA,CASA AMARELA,EST DO ARRAIAL,3720,RUA ANTONIO DE CASTRO,E/F AO CONDOMINIO VALDIR PESSOA,EST DO ARRAIAL,3720,E/F AO CONDOMINIO VALDIR PESSOA,CASA AMARELA,,SUBURBIO,COLISÃO COM CICLISTA,COLISÃO ENTRE TÁXI E BICICLETA.,1,,,1,,,,,,1,,Esquina,Bom,Não existe,Perfeito estado,Seca,Perfeito estado,Outros,R-19,40 km/h,Única,Faixa seccionada,,
2019-03-21,07:35:00,SEM VÍTIMA,FINALIZADA,CASA AMARELA,AV PROFESSOR JOSE DOS ANJOS,405,RUA GUIMARAES PEIXOTO,,AV PROFESSOR JOSE DOS ANJOS,405,,CASA AMARELA,,CIDADE,ABALROAMENTO LONGITUDINAL,COLISÃO SEM VITIMAS,1,,,,,,1,,,0,,Cruzamento,Bom,Não existe,Não existente,Seca,Perfeito estado,Não existe,R-6a,,Única,Não existe,,
2019-03-21,07:53:00,SEM VÍTIMA,FINALIZADA,BOA VIAGEM,AV BOA VIAGEM,,RUA DR VICENTE GOMES,,AV BOA VIAGEM,,,BOA VIAGEM,483,CIDADE,COLISÃO TRASEIRA,,1,1,,,,,,,,0,,Longo da via,Bom,Sem defeito,Perfeito estado,Seca,Perfeito estado,Faixa de pedestre,Outras,60 km/h,Única,Faixa contínua,,
2019-03-21,08:01:00,SEM VÍTIMA,FINALIZADA,PAISSANDU,AV GOVERNADOR AGAMENON MAGALHAES,,,SOBRE A PONTE JOSÉ BARROS DE LIMA,AV GOVERNADOR AGAMENON MAGALHAES,,SOBRE A PONTE JOSÉ BARROS DE LIMA,PAISSANDU,,CIDADE,COLISÃO TRASEIRA,ONIBUS E AUTO PASSEIO,1,,,,,1,,,,0,,Longo da via,Bom,Não existe,Perfeito estado,Seca,Perfeito estado,Não existe,Não há placas,,Dupla,Faixa seccionada,,
2019-03-21,08:05:00,SEM VÍTIMA,FINALIZADA,SANTO AMARO,AV MARIO MELO,,,AO LADO DA ESCOLA SILVIO RABELO,AV MARIO MELO,,AO LADO DA ESCOLA SILVIO RABELO,SANTO AMARO,,CIDADE,COLISÃO TRASEIRA,DOIS AUTOS,2,,,,,,,,,0,,Longo da via,Bom,Sem defeito,Não existente,Seca,Perfeito estado,Não existe,Placas Pare,,Dupla,Canteiro central,,
2019-03-21,08:11:00,COM VÍTIMA,FINALIZADA,COHAB,AV CHAPADA DO ARARIPE,53,,E/F A ESCOLA MUNICIPAL JARDIM MONTE VERDE,AV CHAPADA DO ARARIPE,53,E/F A ESCOLA MUNICIPAL JARDIM MONTE VERDE,COHAB,,,ATROPELAMENTO,ATROPELAMENTO ENTRE ÔNIBUS E UMA GAROTA DE 13 ANOS DE IDADE.,,,,,1,1,,,,1,,Longo da via,Bom,Não existe,Não existente,Seca,Mal conservada,Não existe,Não há placas,,Dupla,Canal,,
2019-03-21,08:20:00,COM VÍTIMA,FINALIZADA,ROSARINHO,RUA COUTO MAGALHAES,315,AV SANTOS DUMONT,E/F AO COLÉGIO FAZER CRESCER,RUA COUTO MAGALHAES,315,E/F AO COLÉGIO FAZER CRESCER,ROSARINHO,,CIDADE,ABALROAMENTO LONGITUDINAL,COLISÃO ENTRE AUTOMÓVEL E MOTOCICLETA.,1,1,,,,,,,,1,,Cruzamento,Bom,Não existe,Perfeito estado,Seca,Perfeito estado,Não existe,R-6a,30 km/h,Única,Não existe,,
2019-03-21,08:24:00,SEM VÍTIMA,FINALIZADA,BOA VIAGEM,RUA RIBEIRO DE BRITO,734,,EMPRESARIAL VISCONDE DE JEQUITINHONHA,RUA RIBEIRO DE BRITO,734,EMPRESARIAL VISCONDE DE JEQUITINHONHA,BOA VIAGEM,228,SUBURBIO,COLISÃO TRASEIRA,COLISÃO SEM VITIMAS,2,,,,,,,,,0,,Longo da via,Bom,,Perfeito estado,Seca,Perfeito estado,Faixa de pedestre,Outras,,Única,Faixa seccionada,,
2019-03-21,08:31:00,COM VÍTIMA,FINALIZADA,ILHA DO LEITE,AV GOVERNADOR AGAMENON MAGALHAES,4575,,EM FRENTE AO EMPRESARIAL NASSAU,AV GOVERNADOR AGAMENON MAGALHAES,4575,EM FRENTE AO EMPRESARIAL NASSAU,ILHA DO LEITE,,OLINDA,ATROPELAMENTO,ATROPELAMENTO ENTRE AUTOMÓVEL  MOTOCICLETA E UM PEDESTRE.,1,1,,,1,,,,,1,,Longo da via,Bom,Sem defeito,Perfeito estado,Seca,Perfeito estado,Faixa de pedestre,R-4a,60 km/h,Dupla,Canal,Faixa,
2019-03-21,08:37:00,SEM VÍTIMA,FINALIZADA,ESPINHEIRO,RUA QUARENTA E OITO,138,,JOÃO BARBOSA ASS JURÍDICO ADVOGADOS ASSOCIADOS,RUA QUARENTA E OITO,138,JOÃO BARBOSA ASS JURÍDICO ADVOGADOS ASSOCIADOS,ESPINHEIRO,,CIDADE,ABALROAMENTO LONGITUDINAL,COLISÃO SEM VITIMAS,1,2,,,,,,,,0,,Longo da via,Bom,Não existe,Perfeito estado,Seca,Perfeito estado,Outros,R-6a,,Única,Faixa seccionada,,
2019-03-21,08:43:00,COM VÍTIMA,FINALIZADA,ENCRUZILHADA,AV BEBERIBE,,,EM FRENTE A DISNOVE,AV BEBERIBE,,EM FRENTE A DISNOVE,ENCRUZILHADA,,CIDADE,ABALROAMENTO LONGITUDINAL,COLISÃO ENTRE DUAS MOTOCICLETAS.,,2,,,,,,,,1,,Longo da via,Bom,Não existe,Perfeito estado,Seca,Perfeito estado,Não existe,R-6a,,Dupla,Faixa contínua,Faixa seccionada,
2019-03-21,08:57:00,SEM VÍTIMA,FINALIZADA,IMBIRIBEIRA,AV DOM JOAO VI,,AV ANTONIO TORRES GALVAO,PRÓX AO POSTO DE COMBUSTÍVEL BR VIA MANGUE,AV DOM JOAO VI,,PRÓX AO POSTO DE COMBUSTÍVEL BR VIA MANGUE,IMBIRIBEIRA,543,CIDADE,ABALROAMENTO TRANSVERSAL,DOIS AUTOS,2,,,,,,,,,0,,Cruzamento,Bom,Sem defeito,Perfeito estado,Seca,Perfeito estado,Faixa de pedestre,Placas Pare,,Única,Não existe,,
2019-03-21,09:08:00,SEM VÍTIMA,FINALIZADA,VÁRZEA,AV JOAQUIM RIBEIRO,,,LADO OPOSTO A UPA,AV JOAQUIM RIBEIRO,,LADO OPOSTO A UPA,VÁRZEA,281,CIDADE,CAPOTAMENTO,SEM VITIMAS,1,,,,,,,,,0,,Cruzamento,Bom,Sem defeito,Perfeito estado,Seca,Perfeito estado,,Não há placas,60 km/h,,Canteiro central,,
2019-03-21,09:10:00,SEM VÍTIMA,FINALIZADA,ESPINHEIRO,AV GOVERNADOR AGAMENON MAGALHAES,2860,,E/F AO EDF. MARIA CLARA,AV GOVERNADOR AGAMENON MAGALHAES,2860,E/F AO EDF. MARIA CLARA,ESPINHEIRO,,CIDADE,ABALROAMENTO TRANSVERSAL,SEM VÍTIMAS.,2,,,,,,,,,0,,Longo da via,Bom,Não existe,Perfeito estado,Seca,Perfeito estado,Outros,Outras,,Única,Canteiro central,,
2019-03-21,09:34:00,COM VÍTIMA,CANCELADA,SANTO AMARO,AV DR JAYME DA FONTE,112,,EM FRENTE A OFICINA DE VEICULOS,AV DR JAYME DA FONTE,112,EM FRENTE A OFICINA DE VEICULOS,SANTO AMARO,,,COLISÃO,MOTO E AUTO,1,1,,,,,,,,1,,,,,,,,,,,,,,
2019-03-21,10:16:00,SEM VÍTIMA,FINALIZADA,BOA VISTA,RUA BISPO CARDOSO AYRES,106,,,RUA BISPO CARDOSO AYRES,106,,BOA VISTA,,CIDADE,ABALROAMENTO LONGITUDINAL,COLISÃO SEM VITIMAS,2,,,,,,,,,0,,Longo da via,Bom,Não existe,,Seca,Perfeito estado,Não existe,Não há placas,,Única,Não existe,,
2019-03-21,10:40:00,SEM VÍTIMA,FINALIZADA,IBURA,RUA JORNALISTA EDSON REGIS,,,EM FRENTE A FABRICA DA FREVO,RUA JORNALISTA EDSON REGIS,,EM FRENTE A FABRICA DA FREVO,IBURA,,SUBURBIO,ABALROAMENTO LONGITUDINAL,MOTO E AUTO,1,1,,,,,,,,0,,Longo da via,Bom,Não existe,Não existente,Seca,Mal conservada,Não existe,Não há placas,,Dupla,Não existe,,
2019-03-21,10:45:00,SEM VÍTIMA,CANCELADA,SANTO AMARO,RUA DA FUNDICAO,278,,POR TRAS DO BANCO CENTRAL,RUA DA FUNDICAO,278,POR TRAS DO BANCO CENTRAL,SANTO AMARO,,,COLISÃO,DOIS CAMINHÕES,,,,,,,2,,,0,,,,,,,,,,,,,,
2019-03-21,10:56:00,SEM VÍTIMA,FINALIZADA,ARRUDA,RUA DO SOSSEGO,384,,SILVIO NEVES BAPTISTA  Nº 407,RUA DO SOSSEGO,384,SILVIO NEVES BAPTISTA  Nº 407,ARRUDA,,CIDADE,COLISÃO TRASEIRA,SEM VÍTIMAS,2,,,,,,,,,0,,Longo da via,Bom,Não existe,Não existente,Seca,Perfeito estado,Não existe,Não há placas,,Única,Não existe,,
2019-03-21,11:08:00,SEM VÍTIMA,FINALIZADA,GRAÇAS,,219,RUA DOM SEBASTIAO LEME,EM FRENTE A IGREJA MATRIZ DAS GRAÇAS,,219,EM FRENTE A IGREJA MATRIZ DAS GRAÇAS,GRAÇAS,,SUBURBIO,ABALROAMENTO TRANSVERSAL,DOIS AUTOS,2,,,,,,,,,0,,Cruzamento,Bom,Não existe,Perfeito estado,Seca,Perfeito estado,Faixa de retenção,Placas Pare,30 km/h,Dupla,Não existe,,
2019-03-21,12:11:00,SEM VÍTIMA,FINALIZADA,SÃO JOSÉ,RUA DA CONCORDIA,598,,EM FRENTE A SGA REFRIGERAÇÕES,RUA DA CONCORDIA,598,EM FRENTE A SGA REFRIGERAÇÕES,SÃO JOSÉ,,CIDADE,COLISÃO TRASEIRA,COLISÃO SEM VÍTIMA,2,,,,,,,,,0,,Longo da via,Bom,Não existe,Não existente,Seca,Perfeito estado,Não existe,R-6a,,Única,Não existe,,
2019-03-21,12:13:00,SEM VÍTIMA,FINALIZADA,ESPINHEIRO,AV CONS ROSA E SILVA,,,EM FRENTE A LOJA PÃO DE AÇUCAR,AV CONS ROSA E SILVA,,EM FRENTE A LOJA PÃO DE AÇUCAR,ESPINHEIRO,,SUBURBIO,ABALROAMENTO LONGITUDINAL,AUTO E ONIBUS S/V,1,,,,,1,,,,0,,Longo da via,Bom,Sem defeito,Perfeito estado,Seca,Perfeito estado,,R-6a,,Única,Faixa contínua,,
2019-03-21,12:20:00,COM VÍTIMA,FINALIZADA,ESPINHEIRO,RUA QUARENTA E OITO,245,RUA SAMUEL CAMPELO,GALERIA QUARENTA E OITO.,RUA QUARENTA E OITO,245,GALERIA QUARENTA E OITO.,ESPINHEIRO,,SUBURBIO,ABALROAMENTO LONGITUDINAL,COLISÃO ENTRE DUAS MOTOCICLETAS.,,2,,,,,,,,2,,Cruzamento,Bom,Não existe,Perfeito estado,Seca,Perfeito estado,Não existe,R-6a,,Única,Faixa seccionada,,
2019-03-21,12:23:00,SEM VÍTIMA,FINALIZADA,VASCO DA GAMA,AV VEREADOR OTACILIO AZEVEDO,1170,,,AV VEREADOR OTACILIO AZEVEDO,1170,,VASCO DA GAMA,,CIDADE,COLISÃO TRASEIRA,COLISÃO SEM VÍTIMA,2,,,,,,,,,0,,Longo da via,Bom,Não existe,Perfeito estado,Seca,Perfeito estado,Não existe,Não há placas,,Dupla,Outros,,
2019-03-21,12:55:00,SEM VÍTIMA,FINALIZADA,JAQUEIRA,AV RUI BARBOSA,1680,,E/F AO COLEGIO NUCLEO,AV RUI BARBOSA,1680,E/F AO COLEGIO NUCLEO,JAQUEIRA,,CIDADE,ABALROAMENTO LONGITUDINAL,COLISAO ENTRE AUTO E MOTO S/V,1,1,,,,,,,,0,,Longo da via,Bom,Não existe,Perfeito estado,Seca,Perfeito estado,Não existe,Não há placas,,Única,Faixa contínua,,
2019-03-21,13:32:00,SEM VÍTIMA,FINALIZADA,MADALENA,EST DOS REMEDIOS,2287,,E/F AO GRUPO SENA AUTOMÓVEIS,EST DOS REMEDIOS,2287,E/F AO GRUPO SENA AUTOMÓVEIS,MADALENA,,SUBURBIO,COLISÃO TRASEIRA,COLISAO ENTRE DOIS AUTOS S/V,2,,,,,,,,,0,,Longo da via,Bom,Não existe,Perfeito estado,Seca,Perfeito estado,Não existe,Não há placas,,Única,Faixa seccionada,,
2019-03-21,13:41:00,SEM VÍTIMA,FINALIZADA,ESPINHEIRO,AV JOAO DE BARROS,1200,,EM FRENTE AO EDIFICIO NELSON,AV JOAO DE BARROS,1200,EM FRENTE AO EDIFICIO NELSON,ESPINHEIRO,,SUBURBIO,ABALROAMENTO TRANSVERSAL,COLISÃO SEM VÍTIMA,2,,,,,,,,,0,,Longo da via,Bom,Não existe,Incompleta,Seca,Mal conservada,Não existe,R-6a,,Única,Faixa seccionada,,
2019-03-21,14:06:00,SEM VÍTIMA,FINALIZADA,BAIRRO DO RECIFE,AV ALFREDO LISBOA,,,EM FRENTE AO MINISTERIO DA FAZENDA,AV ALFREDO LISBOA,,EM FRENTE AO MINISTERIO DA FAZENDA,BAIRRO DO RECIFE,,SUBURBIO,ABALROAMENTO LONGITUDINAL,ENTRE DOIS AUTOS S/V,2,,,,,,,,,0,,Longo da via,Bom,Não existe,Perfeito estado,Seca,Perfeito estado,Faixa de pedestre,Outras,,Única,Faixa seccionada,,
2019-03-21,14:21:00,SEM VÍTIMA,DUPLICIDADE,BAIRRO DO RECIFE,AV ALFREDO LISBOA,1168,,E/F AO MINISTERIO DA FAZENDA,AV ALFREDO LISBOA,1168,E/F AO MINISTERIO DA FAZENDA,BAIRRO DO RECIFE,,,COLISÃO,COLISAO ENTRE DOIS AUTOS S/V,2,,,,,,,,,0,,,,,,,,,,,,,,
2019-03-21,14:27:00,SEM VÍTIMA,CANCELADA,MADALENA,RUA ANTONIO CAMILO DIAS,25,,EM FRENTE AO EDIFICIO BENFICA PRINCE,RUA ANTONIO CAMILO DIAS,25,EM FRENTE AO EDIFICIO BENFICA PRINCE,MADALENA,,,COLISÃO,COLISÃO SEM VÍTIMA,2,,,,,,,,,0,,,,,,,,,,,,,,
2019-03-21,14:36:00,SEM VÍTIMA,FINALIZADA,IMBIRIBEIRA,AV GENERAL MAC ARTHUR,,,EM FRENTE AO SEMÁFORO 402,AV GENERAL MAC ARTHUR,,EM FRENTE AO SEMÁFORO 402,IMBIRIBEIRA,402,CIDADE,ABALROAMENTO LONGITUDINAL,COLISAO ENTRE DOIS AUTOS S/V,1,,,,,,,,,0,,Longo da via,Bom,Sem defeito,Perfeito estado,Seca,Perfeito estado,Faixa de pedestre,Outras,40 km/h,Única,Faixa contínua,Faixa seccionada,
2019-03-21,15:08:00,SEM VÍTIMA,FINALIZADA,BOA VIAGEM,AV ENGENHEIRO DOMINGOS FERREIRA,,,EM FRENTE AO Nº 2574,AV ENGENHEIRO DOMINGOS FERREIRA,,EM FRENTE AO Nº 2574,BOA VIAGEM,,SUBURBIO,ABALROAMENTO LONGITUDINAL,COLISÃO SEM VÍTIMA,1,,,,,1,,,,0,,Longo da via,Bom,Sem defeito,Perfeito estado,Seca,Perfeito estado,,Não há placas,,Dupla,Canteiro central,,
2019-03-21,15:23:00,COM VÍTIMA,FINALIZADA,CAMPO GRANDE,RUA VOLUNTARIOS DA PATRIA,,RUA TENENTE AGRIPINO,COLÉGIO IMACULADA - ENTRA NA RUA DO RESTAURANTE JARDIM - EM FRENTE AO ANTIGO BANDEPE,RUA VOLUNTARIOS DA PATRIA,,COLÉGIO IMACULADA - ENTRA NA RUA DO RESTAURANTE JARDIM - EM FRENTE AO ANTIGO BANDEPE,CAMPO GRANDE,,,ABALROAMENTO TRANSVERSAL,COLISÃO ENTRE AUTOMÓVEL E MOTOCICLETA OFICIAL DA PM.,1,,,,,,,1,,1,,Cruzamento,Bom,Não existe,Perfeito estado,Seca,Perfeito estado,Não existe,Não há placas,,Dupla,Não existe,,
2019-03-21,15:23:00,SEM VÍTIMA,FINALIZADA,CORDEIRO,RUA ODETE MONTEIRO,,,PROXIMO AO GOE E EM FRENTE A CRECHE DARCY RIBEIRO,RUA ODETE MONTEIRO,,PROXIMO AO GOE E EM FRENTE A CRECHE DARCY RIBEIRO,CORDEIRO,,SUBURBIO,COLISÃO TRASEIRA,COLISÃO SEM VÍTIMA,1,1,,,,,,,,0,,Longo da via,Bom,Não existe,Não existente,Seca,Perfeito estado,Não existe,Não há placas,,Dupla,Faixa contínua,,
2019-03-21,15:41:00,SEM VÍTIMA,FINALIZADA,CABANGA,AV ENGENHEIRO JOSE ESTELITA,,,E/F A ENTRADA DO CABANGA IATE CLUBE,AV ENGENHEIRO JOSE ESTELITA,,E/F A ENTRADA DO CABANGA IATE CLUBE,CABANGA,,CIDADE,ABALROAMENTO LONGITUDINAL,COLISAO ENTRE DOIS AUTOS S/V,2,,,,,,,,,0,,Longo da via,Bom,Não existe,Perfeito estado,Seca,Perfeito estado,Outros,Outras,,Dupla,Faixa seccionada,Canteiro central,
2019-03-21,17:07:00,SEM VÍTIMA,FINALIZADA,ESPINHEIRO,RUA DO ESPINHEIRO,,,AO LADO DO HOSPITAL DO SERVIDOR,RUA DO ESPINHEIRO,,AO LADO DO HOSPITAL DO SERVIDOR,ESPINHEIRO,,SUBURBIO,COLISÃO TRASEIRA,COLISÃO SEM VÍTIMA,2,,,,,,,,,0,,Longo da via,Bom,Sem defeito,Perfeito estado,Seca,Perfeito estado,Faixa de pedestre,R-6a,,Única,Faixa seccionada,,
2019-03-21,17:23:00,SEM VÍTIMA,FINALIZADA,PARNAMIRIM,AV DEZESSETE DE AGOSTO,,,PRAÇA JOSE VILELA,AV DEZESSETE DE AGOSTO,,PRAÇA JOSE VILELA,PARNAMIRIM,,SUBURBIO,ABALROAMENTO LONGITUDINAL,COLISAO ENVOLVENDO DOIS AUTOS SEM VITIMAS,2,,,,,,,,,0,,Longo da via,Bom,Não existe,Perfeito estado,Seca,Perfeito estado,,R-6a,,Dupla,Faixa seccionada,,
2019-03-21,17:39:00,SEM VÍTIMA,FINALIZADA,AFOGADOS,RUA AUGUSTO CALHEIROS,,RUA PROFESSOR AUGUSTO WANDERLEY FILHO,,RUA AUGUSTO CALHEIROS,,,AFOGADOS,,CIDADE,ABALROAMENTO LONGITUDINAL,DOIS AUTOS S/V,2,,,,,,,,,0,,Longo da via,Bom,Não existe,Perfeito estado,Seca,Perfeito estado,Não existe,Outras,,Única,Faixa seccionada,,
2019-03-21,18:06:00,SEM VÍTIMA,FINALIZADA,SANCHO,RUA APRIGIO GUIMARAES,810,,,RUA APRIGIO GUIMARAES,810,,SANCHO,,SUBURBIO,ABALROAMENTO LONGITUDINAL,COLISÃO SEM VÍTIMA,,,,,,1,,,1,0,,Longo da via,Bom,Não existe,Não existente,Seca,Perfeito estado,Não existe,Não há placas,,Dupla,Não existe,,
2019-03-21,18:17:00,SEM VÍTIMA,FINALIZADA,SÃO JOSÉ,AV SUL,,,LADO OPOSTO AO GRANDE RECIFE,AV SUL,,LADO OPOSTO AO GRANDE RECIFE,SÃO JOSÉ,,CIDADE,ABALROAMENTO LONGITUDINAL,COLISÃO SEM VÍTIMA,2,,,,,,,,,0,,Longo da via,Bom,Não existe,Perfeito estado,Seca,Perfeito estado,Não existe,Não há placas,60 km/h,Única,Faixa contínua,,
2019-03-21,18:32:00,SEM VÍTIMA,FINALIZADA,BOA VIAGEM,RUA RIBEIRO DE BRITO,,RUA AMALIA BERNARDINO DE SOUZA,,RUA RIBEIRO DE BRITO,,,BOA VIAGEM,,SUBURBIO,COLISÃO TRASEIRA,COLISÃO SEM VÍTIMA,3,,,,,,,,,0,,Longo da via,Bom,Não existe,Perfeito estado,Seca,Perfeito estado,Não existe,Não há placas,,Única,Faixa seccionada,,
2019-03-21,18:46:00,SEM VÍTIMA,CANCELADA,SANTO AMARO,AV VISCONDE DE SUASSUNA,338,RUA BISPO CARDOSO AYRES,PROX AO EDF NOBRE,AV VISCONDE DE SUASSUNA,338,PROX AO EDF NOBRE,SANTO AMARO,,,COLISÃO,TAXI X HB 20,2,,,,,,,,,0,,,,,,,,,,,,,,
2019-03-21,18:52:00,SEM VÍTIMA,CANCELADA,ESPINHEIRO,AV GOVERNADOR AGAMENON MAGALHAES,496,RUA DR FERNANDO ALLAIN,APOS O MINISTERIO PUBLICO FEDERAL,AV GOVERNADOR AGAMENON MAGALHAES,496,APOS O MINISTERIO PUBLICO FEDERAL,ESPINHEIRO,,,COLISÃO,HB 20 X SIENA,2,,,,,,,,,0,,,,,,,,,,,,,,
2019-03-21,18:59:00,SEM VÍTIMA,FINALIZADA,AFOGADOS,RUA SAO MIGUEL,,,ARMAZEM CORAL,RUA SAO MIGUEL,,ARMAZEM CORAL,AFOGADOS,,SUBURBIO,COLISÃO TRASEIRA,COLISÃO SEM VÍTIMA,1,1,,,,,,,,0,,Longo da via,Bom,Não existe,Não existente,Seca,Perfeito estado,Não existe,Não há placas,,Dupla,Faixa contínua,,