data,hora,natureza_acidente,situacao,bairro,endereco,numero,detalhe_endereco_acidente,complemento,endereco_cruzamento,numero_cruzamento,referencia_cruzamento,bairro_cruzamento,num_semaforo,sentido_via,tipo,descricao,auto,moto,ciclom,ciclista,pedestre,onibus,caminhao,viatura,outros,vitimas,vitimasfatais,acidente_verificado,tempo_clima,situacao_semaforo,sinalizacao,condicao_via,conservacao_via,ponto_controle,situacao_placa,velocidade_max_via,mao_direcao,divisao_via1,divisao_via2,divisao_via3
2019-03-25,19:09:00,SEM VÍTIMA,FINALIZADA,BOA VISTA,AV GOVERNADOR AGAMENON MAGALHAES,,,EM FRENTE AO COLÉGIO AMERICANO BATISTA,AV GOVERNADOR AGAMENON MAGALHAES,,EM FRENTE AO COLÉGIO AMERICANO BATISTA,BOA VISTA,,,ABALROAMENTO LONGITUDINAL,ENTRE AUTOS S/V.,2,,,,,,,,,0,,Longo da via,Bom,Sem defeito,Perfeito estado,Seca,Perfeito estado,,,,Dupla,Canteiro central,,
2019-03-25,20:42:00,COM VÍTIMA,FINALIZADA,PARNAMIRIM,AV PARNAMIRIM,,,PRÓX AO SHOPPING PARNAMIRIM E HOSPITAL MARIA LUCINDA / SEMÁFORO 010,AV PARNAMIRIM,,PRÓX AO SHOPPING PARNAMIRIM E HOSPITAL MARIA LUCINDA / SEMÁFORO 010,PARNAMIRIM,,CIDADE,COLISÃO COM CICLISTA,COLISÃO ENTRE AUTOMÓVEL E MOTOCICLETA.,1,1,,1,,,,,,1,,Longo da via,Bom,Sem defeito,Perfeito estado,Seca,Perfeito estado,Faixa de pedestre,R-6a,,Única,Faixa contínua,,
2019-03-25,21:27:00,SEM VÍTIMA,CANCELADA,NOVA DESCOBERTA,AV VEREADOR OTACILIO AZEVEDO,54,,ATRÁS DA GARAGEM DA GLOBO/ PRÓX A CELPE,AV VEREADOR OTACILIO AZEVEDO,54,ATRÁS DA GARAGEM DA GLOBO/ PRÓX A CELPE,NOVA DESCOBERTA,,,COLISÃO,ENTRE 2 AUTOS. S/V,2,,,,,,,,,0,,,,,,,,,,,,,,
2019-03-25,21:31:00,SEM VÍTIMA,FINALIZADA,IPSEP,AV RECIFE,,,EM FRENTEAO Nº 2826,AV RECIFE,,EM FRENTEAO Nº 2826,IPSEP,,SUBURBIO,ABALROAMENTO LONGITUDINAL,COLISÃO SEM VITIMA,1,1,,,,,,,,0,,Longo da via,Bom,Sem defeito,Perfeito estado,Seca,Perfeito estado,Faixa de pedestre,Não há placas,,Dupla,Canteiro central,,
2019-03-25,21:32:00,SEM VÍTIMA,FINALIZADA,BREJO DE BEBERIBE,RUA ALTO DO REFUGIO,,RUA FRANCISCO CAMARINO,TERMINAL DE ÔNIBUS,RUA ALTO DO REFUGIO,,TERMINAL DE ÔNIBUS,BREJO DE BEBERIBE,,CIDADE,ABALROAMENTO TRANSVERSAL,ENTRE 2 AUTOS. S/V,2,,,,,,,,,0,,,Bom,Não existe,Perfeito estado,Seca,Perfeito estado,,,,Dupla,,,
2019-03-25,21:45:00,SEM VÍTIMA,CANCELADA,VÁRZEA,RUA CONEGO JOSE FERNANDES MACHADO,222,,PRÓX A ANTENA DA CLARO E CAMPO DA GRANJA,RUA CONEGO JOSE FERNANDES MACHADO,222,PRÓX A ANTENA DA CLARO E CAMPO DA GRANJA,VÁRZEA,,,COLISÃO,ENTRE 2 AUTOS. S/V,2,,,,,,,,,0,,,,,,,,,,,,,,
2019-03-25,21:59:00,SEM VÍTIMA,CANCELADA,CAXANGÁ,AV JOAQUIM RIBEIRO,740,,E/F AO EDF MARCO FREIRE E MINERAL DA CAXANGÁ  SNT CAMARAGIBE / APÓS O PADRE CÍCERO,AV JOAQUIM RIBEIRO,740,E/F AO EDF MARCO FREIRE E MINERAL DA CAXANGÁ  SNT CAMARAGIBE / APÓS O PADRE CÍCERO,CAXANGÁ,,,COLISÃO,ENTRE 2 AUTOS. S/V,2,,,,,,,,,0,,,,,,,,,,,,,,
2019-03-25,22:10:00,SEM VÍTIMA,FINALIZADA,BOA VIAGEM,AV VINTE E TRES DE OUTUBRO,,,EM FRENTE AO POSTE H008431,AV VINTE E TRES DE OUTUBRO,,EM FRENTE AO POSTE H008431,BOA VIAGEM,,CIDADE,COLISÃO TRASEIRA,COLISÃO SEM VITIMA,2,,,,,,,,,0,,Longo da via,Bom,Não existe,Incompleta,Seca,Mal iluminada,Não existe,Não há placas,,Única,Faixa seccionada,,
2019-03-25,23:53:00,SEM VÍTIMA,FINALIZADA,ESTÂNCIA,AV ESTANCIA,43,RUA MORAIS E SILVA,,AV ESTANCIA,43,,ESTÂNCIA,,,ABALROAMENTO TRANSVERSAL,ENTRE 2 AUTOS. S/V,2,,,,,,,,,0,,Cruzamento,Bom,Não existe,Perfeito estado,Seca,Perfeito estado,,,,Única,,,
2019-03-26,07:40:00,SEM VÍTIMA,FINALIZADA,GRAÇAS,RUA ALBERTO PAIVA,174,,EM FRENTE A LOJA PET DAS GRAÇAS,RUA ALBERTO PAIVA,174,EM FRENTE A LOJA PET DAS GRAÇAS,GRAÇAS,,SUBURBIO,ABALROAMENTO LONGITUDINAL,COLISÃO SEM VITIMAS,1,,,,,,1,,,0,,Longo da via,Chuvoso,,Perfeito estado,Molhada,Perfeito estado,Não existe,Outras,,Única,Faixa seccionada,,
2019-03-26,07:43:00,COM VÍTIMA,FINALIZADA,SANTO AMARO,RUA TREZE DE MAIO,704,AV NORTE,,RUA TREZE DE MAIO,704,,SANTO AMARO,36,CIDADE,ATROPELAMENTO,ATROPELAMENTO ENTRE MOTOCICLETA E PEDESTRE.,,1,,,1,,,,,1,,Outros,Chuvoso,Sem defeito,Perfeito estado,Molhada,Perfeito estado,Faixa de pedestre,Não há placas,60 km/h,Dupla,Canteiro central,,
2019-03-26,07:59:00,SEM VÍTIMA,FINALIZADA,AREIAS,AV RECIFE,,,LADO OPOSTO AO Nº 3021,AV RECIFE,,LADO OPOSTO AO Nº 3021,AREIAS,,SUBURBIO,COLISÃO TRASEIRA,COLISÃO SEM VITIMAS,2,,,,,,,,,0,,Longo da via,Chuvoso,Não existe,Perfeito estado,Molhada,Perfeito estado,Não existe,,,Dupla,Canteiro central,,
2019-03-26,08:02:00,SEM VÍTIMA,FINALIZADA,DERBY,AV GOVERNADOR AGAMENON MAGALHAES,4318,,EMPRESARIAL RENATO DIAS,AV GOVERNADOR AGAMENON MAGALHAES,4318,EMPRESARIAL RENATO DIAS,DERBY,,SUBURBIO,ABALROAMENTO LONGITUDINAL,AUTO E ONIBUS,1,,,,,1,,,,0,,Longo da via,Chuvoso,Não existe,Perfeito estado,Molhada,Perfeito estado,Não existe,Não há placas,,Dupla,Canteiro central,,
2019-03-26,08:11:00,SEM VÍTIMA,CANCELADA,BOA VIAGEM,RUA CRUZEIRO DO FORTE,470,RUA WALDEMAR NERY CARNEIRO MONTEIRO,EM FRENTE AO EDF SANTA ONOFRIA,RUA CRUZEIRO DO FORTE,470,EM FRENTE AO EDF SANTA ONOFRIA,BOA VIAGEM,,,COLISÃO,SEM VITIMAS,2,,,,,,,,,0,,,,,,,,,,,,,,
2019-03-26,08:13:00,SEM VÍTIMA,FINALIZADA,CASA AMARELA,AV NORTE,,,EM FRENTE AO ARMAZEM CORAL,AV NORTE,,EM FRENTE AO ARMAZEM CORAL,CASA AMARELA,,CIDADE,COLISÃO TRASEIRA,TRES AUTOS,3,,,,,,,,,0,,Longo da via,Chuvoso,Não existe,Perfeito estado,Molhada,Perfeito estado,Não existe,Outras,60 km/h,Dupla,Canteiro central,,
2019-03-26,08:32:00,SEM VÍTIMA,FINALIZADA,BOA VISTA,AV GOVERNADOR AGAMENON MAGALHAES,,,SOB O SEMÁFORO 075,AV GOVERNADOR AGAMENON MAGALHAES,,SOB O SEMÁFORO 075,BOA VISTA,75,SUBURBIO,COLISÃO TRASEIRA,SEM VITIMAS,2,,,,,,,,,0,,Longo da via,Chuvoso,Sem defeito,Perfeito estado,Molhada,Perfeito estado,Agente,,,Dupla,Canteiro central,,
2019-03-26,08:51:00,COM VÍTIMA,FINALIZADA,BOA VISTA,AV GOVERNADOR AGAMENON MAGALHAES,,,NA SUBIDA DO VIADUTO DA INDEPENDÊNCIA  AO LADO DO CÍRCULO MILITAR.,AV GOVERNADOR AGAMENON MAGALHAES,,NA SUBIDA DO VIADUTO DA INDEPENDÊNCIA  AO LADO DO CÍRCULO MILITAR.,BOA VISTA,78,SUBURBIO,COLISÃO TRASEIRA,COLISÃO ENTRE DOIS AUTOMÓVEIS.,2,,,,,,,,,1,,Longo da via,Chuvoso,Sem defeito,Perfeito estado,Molhada,Perfeito estado,Faixa de pedestre,,,Dupla,Canal,,
2019-03-26,09:29:00,SEM VÍTIMA,FINALIZADA,CORDEIRO,RUA GOMES TABORDA,,RUA PAES CABRAL,PRÓX AO MARTELINHO DE OURO,RUA GOMES TABORDA,,PRÓX AO MARTELINHO DE OURO,CORDEIRO,,,ABALROAMENTO TRANSVERSAL,AUTO E MOTO,1,1,,,,,,,,0,,Cruzamento,Bom,Não existe,Perfeito estado,Seca,Perfeito estado,Não existe,Placas Pare,40 km/h,Dupla,Faixa seccionada,,
2019-03-26,09:32:00,SEM VÍTIMA,FINALIZADA,SANTO AMARO,AV GOVERNADOR AGAMENON MAGALHAES,,,EM FRENTE AO POSTO PETROBRAS,AV GOVERNADOR AGAMENON MAGALHAES,,EM FRENTE AO POSTO PETROBRAS,SANTO AMARO,,CIDADE,ABALROAMENTO LONGITUDINAL,COLISÃO SEM VITIMAS,1,,,,,,1,,,0,,Longo da via,Bom,Sem defeito,Perfeito estado,Seca,Perfeito estado,Faixa de pedestre,Não há placas,60 km/h,Dupla,Canteiro central,,
2019-03-26,09:36:00,COM VÍTIMA,FINALIZADA,IBURA,AV DOIS RIOS,790,,EM FRENTE A VIDRAÇARIA RF E A IGREJA PRESBITERIANA CASA SUA E AQUARIUS PET SHOP.,AV DOIS RIOS,790,EM FRENTE A VIDRAÇARIA RF E A IGREJA PRESBITERIANA CASA SUA E AQUARIUS PET SHOP.,IBURA,,CIDADE,COLISÃO FRONTAL,COLISÃO ENTRE CAMIONETA E MOTOCICLETA.,1,1,,,,,,,,1,,Longo da via,Chuvoso,Não existe,Não existente,Seca,Perfeito estado,Não existe,Não há placas,60 km/h,Dupla,Faixa,,
2019-03-26,09:59:00,SEM VÍTIMA,FINALIZADA,BOA VIAGEM,AVENIDA CELSO FURTADO (VIA MANGUE),,,SOBRE O VIADUTO VIA MANGUE,AVENIDA CELSO FURTADO (VIA MANGUE),,SOBRE O VIADUTO VIA MANGUE,BOA VIAGEM,,SUBURBIO,COLISÃO TRASEIRA,SEM VITIMAS,3,,,,,,,,,0,,Viaduto,Bom,Não existe,Perfeito estado,Seca,Perfeito estado,Não existe,Outras,,Dupla,Canteiro central,,
2019-03-26,10:38:00,COM VÍTIMA,FINALIZADA,SÃO JOSÉ,RUA IMPERIAL,1553,,EM FRENTE A JUNTA COMERCIAL,RUA IMPERIAL,1553,EM FRENTE A JUNTA COMERCIAL,SÃO JOSÉ,,SUBURBIO,COLISÃO TRASEIRA,COLISÃO ENTRE AUTOMÓVEL E MOTOCICLETA.,1,1,,,,,,,,1,,Longo da via,Bom,Não existe,Perfeito estado,Seca,Perfeito estado,Não existe,Não há placas,,Única,Faixa,,
2019-03-26,11:03:00,SEM VÍTIMA,FINALIZADA,IMBIRIBEIRA,AV MARECHAL MASCARENHAS DE MORAES,4490,,ESTACIONAMENTO SANPARK,AV MARECHAL MASCARENHAS DE MORAES,4490,ESTACIONAMENTO SANPARK,IMBIRIBEIRA,,SUBURBIO,COLISÃO TRASEIRA,COLISÃO SEM VITIMAS,2,,,,,,,,,0,,,Bom,Não existe,Perfeito estado,Seca,Perfeito estado,Não existe,Não há placas,60 km/h,Única,Canteiro central,,
2019-03-26,11:18:00,SEM VÍTIMA,FINALIZADA,PINA,AV HERCULANO BANDEIRA,840,,PASTELARIA DA AVENIDA,AV HERCULANO BANDEIRA,840,PASTELARIA DA AVENIDA,PINA,,SUBURBIO,COLISÃO TRASEIRA,SEM VITIMAS,2,,,,,,,,,0,,Longo da via,Bom,Não existe,Perfeito estado,Seca,Perfeito estado,Não existe,Não há placas,60 km/h,Única,Faixa seccionada,,
2019-03-26,11:22:00,SEM VÍTIMA,FINALIZADA,MADALENA,RUA REAL DA TORRE,651,,,RUA REAL DA TORRE,651,,MADALENA,,SUBURBIO,ABALROAMENTO LONGITUDINAL,COLISÃO SEM VITIMAS,2,,,,,,,,,0,,Longo da via,Bom,Sem defeito,Perfeito estado,Seca,Perfeito estado,Não existe,Outras,,Dupla,Não existe,,
2019-03-26,12:49:00,SEM VÍTIMA,CANCELADA,BOA VIAGEM,RUA CARLOS PEREIRA FALCAO,464,,EM FRENTE A ACADEMIA MATCH HIT,RUA CARLOS PEREIRA FALCAO,464,EM FRENTE A ACADEMIA MATCH HIT,BOA VIAGEM,,,COLISÃO,COLISÃO SEM VÍTIMA,3,,,,,,,,,0,,,,,,,,,,,,,,
2019-03-26,12:50:00,SEM VÍTIMA,CANCELADA,JARDIM SÃO PAULO,RUA CAMPINAS,103,,E/F AO POSTO TOTAL,RUA CAMPINAS,103,E/F AO POSTO TOTAL,JARDIM SÃO PAULO,,,COLISÃO,COLISAO ENTRE AUTO E MOTO S/V,1,1,,,,,,,,0,,,,,,,,,,,,,,
2019-03-26,13:01:00,SEM VÍTIMA,CANCELADA,BOA VIAGEM,RUA CAMBOIM,140,RUA SARGENTO MELO JUNIOR,EM FRENTE AO EDIFICIO ESPAÑA,RUA CAMBOIM,140,EM FRENTE AO EDIFICIO ESPAÑA,BOA VIAGEM,,,COLISÃO,COLISÃO SEM VÍTIMA,2,,,,,,,,,0,,,,,,,,,,,,,,
2019-03-26,13:13:00,SEM VÍTIMA,FINALIZADA,VASCO DA GAMA,RUA VASCO DA GAMA,1108,,PROXIMO A DELEGACIA DO VASCO,RUA VASCO DA GAMA,1108,PROXIMO A DELEGACIA DO VASCO,VASCO DA GAMA,,CIDADE,ABALROAMENTO LONGITUDINAL,COLISÃO SEM VÍTIMA,1,,,,,1,,,,0,,Longo da via,Chuvoso,Não existe,Perfeito estado,Molhada,Perfeito estado,Não existe,Outras,,Dupla,Não existe,,
2019-03-26,13:15:00,SEM VÍTIMA,FINALIZADA,CABANGA,RUA CAPITAO TEMUDO,,,EM FRENTE AO Nº 130,RUA CAPITAO TEMUDO,,EM FRENTE AO Nº 130,CABANGA,,,ABALROAMENTO LONGITUDINAL,ENTRE AUTOS S/V.,2,,,,,,,,,0,,Longo da via,Chuvoso,Não existe,Incompleta,Molhada,Mal conservada,,Placas Pare,,Única,Não existe,,
2019-03-26,13:48:00,SEM VÍTIMA,FINALIZADA,CAJUEIRO,RUA NOVA BETANEA,,RUA BELO HORIZONTE,,RUA NOVA BETANEA,,,CAJUEIRO,,SUBURBIO,ABALROAMENTO TRANSVERSAL,COLISÃO SEM VITIMAS,2,,,,,,,,,0,,Cruzamento,Chuvoso,Não existe,Perfeito estado,Seca,Perfeito estado,Não existe,Não há placas,40 km/h,Dupla,Não existe,,
2019-03-26,13:58:00,SEM VÍTIMA,FINALIZADA,PINA,AV HERCULANO BANDEIRA,1001,,ENTRE O ATACADO DA CONSTRUÇÃO,AV HERCULANO BANDEIRA,1001,ENTRE O ATACADO DA CONSTRUÇÃO,PINA,,SUBURBIO,ABALROAMENTO LONGITUDINAL,COLISAO ENTRE DOIS VEICULOS E MOTO S/V,2,1,,,,,,,,0,,Longo da via,Chuvoso,Não existe,Perfeito estado,Molhada,Perfeito estado,Faixa de pedestre,Não há placas,,Única,Faixa contínua,,
2019-03-26,14:03:00,SEM VÍTIMA,FINALIZADA,SANTO AMARO,AV JOAO DE BARROS,,,EM FRENTE A CELPE,AV JOAO DE BARROS,,EM FRENTE A CELPE,SANTO AMARO,,CIDADE,COLISÃO TRASEIRA,COLISÃO SEM VITIMAS,1,,,,,,,1,,0,,Longo da via,Chuvoso,Sem defeito,Perfeito estado,Molhada,Perfeito estado,Não existe,Não há placas,,Única,Faixa seccionada,,
2019-03-26,14:34:00,SEM VÍTIMA,FINALIZADA,IPUTINGA,AV JORNALISTA POSSIDONIO CAVALCANTI BASTOS,675,EST DO BARBALHO,,AV JORNALISTA POSSIDONIO CAVALCANTI BASTOS,675,,IPUTINGA,,,ABALROAMENTO LONGITUDINAL,COLISÃO SEM VITIMAS,,1,,,,,,,1,0,,,Chuvoso,Não existe,Não existente,Molhada,Perfeito estado,Não existe,Não há placas,,Dupla,Não existe,,
2019-03-26,14:49:00,COM VÍTIMA,CANCELADA,JORDÃO,AV JULIO CESAR,97A,,EM FRENTE A EMPRESA SUA MAJESTADE E PROXIMO A SAIDA DO JORDÃO,AV JULIO CESAR,97A,EM FRENTE A EMPRESA SUA MAJESTADE E PROXIMO A SAIDA DO JORDÃO,JORDÃO,,,COLISÃO,COLISÃO COM VÍTIMA,1,1,,,,,,,,1,,,,,,,,,,,,,,
2019-03-26,14:56:00,COM VÍTIMA,CANCELADA,BOA VIAGEM,AV BOA VIAGEM,342,,EDIF. JOÃO ERACLIO,AV BOA VIAGEM,342,EDIF. JOÃO ERACLIO,BOA VIAGEM,,,ACID. DE PERCURSO,MOTOCICLISTA ASSUSTOU-SE COM UM VEICULO QUE FEZ ULTRAPASSAGEM  O FAZENDO PERDER O CONTROLE.,,1,,,,,,,,1,,,,,,,,,,,,,,
2019-03-26,15:08:00,SEM VÍTIMA,FINALIZADA,TAMARINEIRA,RUA CONEGO BARATA,,RUA SILVEIRA LIRA,EM FRENTE AO RESTAURANTE AROMA,RUA CONEGO BARATA,,EM FRENTE AO RESTAURANTE AROMA,TAMARINEIRA,,,COLISÃO TRASEIRA,ENTRE AUTOS S/V.,2,,,,,,,,,0,,,Chuvoso,Não existe,Perfeito estado,Seca,Perfeito estado,Não existe,Não há placas,,Dupla,Canteiro central,,
2019-03-26,15:22:00,COM VÍTIMA,FINALIZADA,IPSEP,AV RECIFE,1277,RUA PINTOR LULA CARDOSO AYRES,PRÓX AO SAL E BRASA,AV RECIFE,1277,PRÓX AO SAL E BRASA,IPSEP,,SUBURBIO,ABALROAMENTO TRANSVERSAL,COLISÃO ENTRE CAMIONETA E MOTOCICLETA.,1,1,,,,,,,,1,,Cruzamento,Chuvoso,Com defeito,Perfeito estado,Molhada,Perfeito estado,Não existe,Placas Pare,60 km/h,Única,Canteiro central,,
2019-03-26,15:57:00,SEM VÍTIMA,FINALIZADA,CORDEIRO,AV CAXANGA,,RUA GENERAL CANDIDO BORGES CASTELO BRANCO,3455,AV CAXANGA,,3455,CORDEIRO,229,CIDADE,ABALROAMENTO LONGITUDINAL,COLISAO ENTRE AUTO E MOTO S/V,1,1,,,,,,,,0,,Cruzamento,Chuvoso,Sem defeito,Perfeito estado,Molhada,Perfeito estado,Faixa de pedestre,Outras,,Única,Faixa seccionada,,
2019-03-26,16:39:00,SEM VÍTIMA,FINALIZADA,CAXANGÁ,AV JOAQUIM RIBEIRO,,RUA RIBEIRO PESSOA,EM FRENTE A UPA DA CAXANGÁ,AV JOAQUIM RIBEIRO,,EM FRENTE A UPA DA CAXANGÁ,CAXANGÁ,281,CIDADE,ABALROAMENTO LONGITUDINAL,SEM VITIMA,1,1,,,,,,,,0,,Cruzamento,Bom,Sem defeito,Perfeito estado,Seca,Perfeito estado,Faixa de pedestre,Outras,,Dupla,Faixa seccionada,Canteiro central,
2019-03-26,17:05:00,SEM VÍTIMA,FINALIZADA,PINA,AV CONSELHEIRO AGUIAR,857,RUA ATLANTICO,E/F BARBEARIA TROIS,AV CONSELHEIRO AGUIAR,857,E/F BARBEARIA TROIS,PINA,,CIDADE,ABALROAMENTO LONGITUDINAL,COLISAO ENTRE DOIS AUTOS S/V,2,,,,,,,,,0,,Cruzamento,Bom,Não existe,Perfeito estado,Seca,Perfeito estado,Outros,R-6a,60 km/h,Única,Faixa seccionada,,
2019-03-26,17:12:00,SEM VÍTIMA,CANCELADA,MADALENA,RUA RENATO DE MEDEIROS,92,,AO LADO DA ASTRAL VEÍCULOS,RUA RENATO DE MEDEIROS,92,AO LADO DA ASTRAL VEÍCULOS,MADALENA,,,COLISÃO,COLISÃO SEM VÍTIMA,2,,,,,,,,,0,,,,,,,,,,,,,,
2019-03-26,17:29:00,SEM VÍTIMA,FINALIZADA,PINA,AV DR DIRCEU VELLOSO TOSCANO DE BRITO,294,,MC IMOVEIS PLANEJADOS E MARCENARIA,AV DR DIRCEU VELLOSO TOSCANO DE BRITO,294,MC IMOVEIS PLANEJADOS E MARCENARIA,PINA,,SUBURBIO,ABALROAMENTO LONGITUDINAL,COLISÃO SEM VÍTIMA,,,,,,1,,1,,0,,Longo da via,Bom,Não existe,Ilegível,Seca,Perfeito estado,Não existe,Não há placas,,Única,Não existe,,
2019-03-26,17:48:00,COM VÍTIMA,FINALIZADA,SANTO AMARO,AV DR JAYME DA FONTE,,,EM FRENTE AO CAMPO DO ONZE,AV DR JAYME DA FONTE,,EM FRENTE AO CAMPO DO ONZE,SANTO AMARO,,CIDADE,ATROPELAMENTO,ATROPELAMENTO ENTRE MOTOCICLETA E PEDESTRE.,,1,,,1,,,,,1,,Longo da via,Bom,Não existe,Perfeito estado,Seca,Perfeito estado,Não existe,Não há placas,,Dupla,Canteiro central,,
2019-03-26,17:53:00,SEM VÍTIMA,FINALIZADA,IPSEP,RUA JEAN EMILE FAVRE,,RUA MACHADO DE ASSIS,,RUA JEAN EMILE FAVRE,,,IPSEP,,SUBURBIO,ABALROAMENTO LONGITUDINAL,COLISÃO SEM VITIMAS,2,,,,,,,,,0,,Cruzamento,Bom,Não existe,Perfeito estado,Seca,Perfeito estado,,,,Dupla,Faixa seccionada,,
2019-03-26,18:33:00,SEM VÍTIMA,CANCELADA,ESPINHEIRO,RUA MARQUES DO PARANA,1350,AV JOAO DE BARROS,ENF A GALERIA ALAMEDA DAS OLIVEIRAS,RUA MARQUES DO PARANA,1350,ENF A GALERIA ALAMEDA DAS OLIVEIRAS,ESPINHEIRO,,,COLISÃO,VOYAGE X SAVEIRO,2,,,,,,,,,0,,,,,,,,,,,,,,
2019-03-26,19:01:00,SEM VÍTIMA,FINALIZADA,ARRUDA,RUA ZEFERINO AGRA,843,RUA DAS MOCAS,EM FRENTE A FARMACIA SANTO ANTONIO,RUA ZEFERINO AGRA,843,EM FRENTE A FARMACIA SANTO ANTONIO,ARRUDA,,,ABALROAMENTO TRANSVERSAL,COLISÃO SEM VITIMAS,2,,,,,,,,,0,,Cruzamento,Bom,Não existe,Incompleta,Seca,,Não existe,Não há placas,,Dupla,Faixa contínua,,
2019-03-26,21:35:00,SEM VÍTIMA,CANCELADA,CIDADE UNIVERSITÁRIA,AV REITOR JOAQUIM AMAZONAS,,,ENF AO RESTAURANTE R.U NA ESQUINA DO CENTRO E ARTE,AV REITOR JOAQUIM AMAZONAS,,ENF AO RESTAURANTE R.U NA ESQUINA DO CENTRO E ARTE,CIDADE UNIVERSITÁRIA,,,COLISÃO,PRISMA X PALIO,2,,,,,,,,,0,,,,,,,,,,,,,,
2019-03-26,21:39:00,SEM VÍTIMA,FINALIZADA,CAJUEIRO,AV BEBERIBE,,,AO LADO DA PRAÇA DR ALBERTO WANDERLEY,AV BEBERIBE,,AO LADO DA PRAÇA DR ALBERTO WANDERLEY,CAJUEIRO,,SUBURBIO,COLISÃO TRASEIRA,COLISÃO SEM VITIMAS,2,,,,,,,,,0,,Longo da via,Bom,Não existe,Perfeito estado,Seca,Perfeito estado,,Não há placas,40 km/h,Dupla,Canteiro central,,
2019-03-26,22:53:00,SEM VÍTIMA,FINALIZADA,PINA,RUA ARQUITETO AUGUSTO REINALDO,,AV ANTONIO DE GOES,AO LADO DA BMW SAEL,RUA ARQUITETO AUGUSTO REINALDO,,AO LADO DA BMW SAEL,PINA,,SUBURBIO,ABALROAMENTO LONGITUDINAL,VOYAGE X HONDA FIT,2,,,,,,,,,0,,,Bom,Não existe,Incompleta,Seca,Perfeito estado,Não existe,Não há placas,,Única,Não existe,,
2019-03-27,04:17:00,SEM VÍTIMA,FINALIZADA,ESPINHEIRO,AV JOAO DE BARROS,,RUA DO ESPINHEIRO,EM FRENTE AO EXTRA,AV JOAO DE BARROS,,EM FRENTE AO EXTRA,ESPINHEIRO,89,SUBURBIO,COLISÃO TRASEIRA,COLISÃO ENTRE AUTO E CAMINHÃO S/V,1,,,,,,1,,,0,,Cruzamento,Chuvoso,,Perfeito estado,Molhada,Perfeito estado,Faixa de pedestre,R-6a,40 km/h,Única,,,
2019-03-27,07:34:00,SEM VÍTIMA,FINALIZADA,SÃO JOSÉ,RUA IMPERIAL,2110,,E/F A SECRETARIA DA FAZENDA,RUA IMPERIAL,2110,E/F A SECRETARIA DA FAZENDA,SÃO JOSÉ,,SUBURBIO,ABALROAMENTO LONGITUDINAL,SEM VÍTIMAS,1,,,,,,1,,,0,,Longo da via,Bom,Não existe,Perfeito estado,Seca,Mal conservada,Outros,Outras,,Única,Não existe,,
2019-03-27,07:35:00,COM VÍTIMA,FINALIZADA,BOA VIAGEM,RUA SERINHAEM,93,,PROX AO EDIFICIO HOLIDAY,RUA SERINHAEM,93,PROX AO EDIFICIO HOLIDAY,BOA VIAGEM,,,ABALROAMENTO LONGITUDINAL,COLISÃO COM VITIMA SOCORRIDO PELO SAMU,1,1,,,,,,,,1,,Longo da via,Bom,,Não existente,Seca,Perfeito estado,Não existe,Não há placas,30 km/h,Dupla,Não existe,,
2019-03-27,07:36:00,SEM VÍTIMA,FINALIZADA,BONGI,AV ENGENHEIRO ABDIAS DE CARVALHO,,,NO SEMAFORO 422,AV ENGENHEIRO ABDIAS DE CARVALHO,,NO SEMAFORO 422,BONGI,422,CIDADE,COLISÃO TRASEIRA,DOIS AUTOS PONTO FIXO,2,,,,,,,,,0,,Longo da via,Chuvoso,Sem defeito,Perfeito estado,Molhada,Perfeito estado,Faixa de pedestre,Não há placas,60 km/h,Dupla,Canteiro central,,
2019-03-27,08:30:00,SEM VÍTIMA,FINALIZADA,AREIAS,RUA IPOJUCA,229,,AO LADO DA ESCOLA MUNICIPAL DE AREIAS,RUA IPOJUCA,229,AO LADO DA ESCOLA MUNICIPAL DE AREIAS,AREIAS,,SUBURBIO,COLISÃO TRASEIRA,SEM VÍTIMAS,2,,,,,,,,,0,,Longo da via,Bom,Sem defeito,Perfeito estado,Seca,Perfeito estado,Não existe,Não há placas,,Dupla,Não existe,,
2019-03-27,08:56:00,COM VÍTIMA,FINALIZADA,CAMPO GRANDE,EST DE BELEM,190,,EM FRENTE A IGREJA DE BELEM. EDF JULIO II,EST DE BELEM,190,EM FRENTE A IGREJA DE BELEM. EDF JULIO II,CAMPO GRANDE,,SUBURBIO,ATROPELAMENTO,AUTO E PEDESTRE,1,,,,1,,,,,1,,Longo da via,Bom,Não existe,Perfeito estado,Seca,Perfeito estado,Não existe,R-6a,,Dupla,Faixa contínua,,
2019-03-27,09:05:00,COM VÍTIMA,FINALIZADA,CAMPO GRANDE,RUA MADRE ROSA GATTORNO,107,1TR MARQUES DE BAIPENDI,RESIDENCIA PROX A ANTIGA FABRICA DA COCA COLA,RUA MADRE ROSA GATTORNO,107,RESIDENCIA PROX A ANTIGA FABRICA DA COCA COLA,CAMPO GRANDE,,CIDADE,COLISÃO COM CICLISTA,VITIMA SOCORRIDO PELO SAMU,1,,,1,,,,,,1,,Cruzamento,Chuvoso,Não existe,Ilegível,Seca,Perfeito estado,Não existe,Não há placas,,Dupla,,,
2019-03-27,09:38:00,SEM VÍTIMA,FINALIZADA,ENCRUZILHADA,AV NORTE,,,EM FRENTE A NISSAN,AV NORTE,,EM FRENTE A NISSAN,ENCRUZILHADA,,CIDADE,COLISÃO TRASEIRA,ONIBUS E AUTO,1,,,,,1,,,,0,,Longo da via,Bom,Sem defeito,Perfeito estado,Seca,Perfeito estado,Agente,Não há placas,,Dupla,Canteiro central,,