data,hora,natureza_acidente,situacao,bairro,endereco,numero,detalhe_endereco_acidente,complemento,endereco_cruzamento,numero_cruzamento,referencia_cruzamento,bairro_cruzamento,num_semaforo,sentido_via,tipo,descricao,auto,moto,ciclom,ciclista,pedestre,onibus,caminhao,viatura,outros,vitimas,vitimasfatais,acidente_verificado,tempo_clima,situacao_semaforo,sinalizacao,condicao_via,conservacao_via,ponto_controle,situacao_placa,velocidade_max_via,mao_direcao,divisao_via1,divisao_via2,divisao_via3
2019-03-27,09:41:00,SEM VÍTIMA,CANCELADA,IMBIRIBEIRA,RUA ITAMARACA,,,EM FRENTE A LOJA SIDERAL,RUA ITAMARACA,,EM FRENTE A LOJA SIDERAL,IMBIRIBEIRA,,PRAZERES,COLISÃO,COLISÃO SEM VITIMAS,1,,,,,,1,,,0,,,,,,,,,,,,,,
2019-03-27,11:07:00,SEM VÍTIMA,FINALIZADA,BOA VIAGEM,RUA VISCONDE DE JEQUITINHONHA,2686,,EM FRENTE AO EDIFICIO PLAZA NIRÓ,RUA VISCONDE DE JEQUITINHONHA,2686,EM FRENTE AO EDIFICIO PLAZA NIRÓ,BOA VIAGEM,,SUBURBIO,COLISÃO TRASEIRA,COLISÃO SEM VITIMAS,2,,,,,,1,,,0,,Longo da via,Chuvoso,Não existe,Perfeito estado,Molhada,Perfeito estado,Não existe,Outras,60 km/h,Única,Canteiro central,,
2019-03-27,11:28:00,COM VÍTIMA,CANCELADA,BOA VIAGEM,RUA ERNESTO DE PAULA SANTOS,,RUA AMALIA BERNARDINO DE SOUZA,E/F AO POSTO BR,RUA ERNESTO DE PAULA SANTOS,,E/F AO POSTO BR,BOA VIAGEM,,,COLISÃO,COM UMA VÍTIMA JÁ SOCORRIDA PELO SAMU,1,1,,,,,,,,1,,,,,,,,,,,,,,
2019-03-27,11:30:00,SEM VÍTIMA,FINALIZADA,BOA VIAGEM,RUA FELIX DE BRITO E MELO,1617,RUA DOS NAVEGANTES,,RUA FELIX DE BRITO E MELO,1617,,BOA VIAGEM,,,ABALROAMENTO TRANSVERSAL,DOIS AUTOS,2,,,,,,,,,0,,Cruzamento,Bom,Não existe,Perfeito estado,Seca,Perfeito estado,Não existe,Placas Pare,,Única,Não existe,,
2019-03-27,11:55:00,COM VÍTIMA,FINALIZADA,CASA FORTE,AV DEZESSETE DE AGOSTO,1712,,EM FRENTE A EXTRAFARMA,AV DEZESSETE DE AGOSTO,1712,EM FRENTE A EXTRAFARMA,CASA FORTE,469,SUBURBIO,ABALROAMENTO LONGITUDINAL,CAMINHÃO E AUTO,1,,,,,,1,,,1,,Longo da via,Bom,Sem defeito,Perfeito estado,Seca,Perfeito estado,Faixa de pedestre,R-6a,60 km/h,Dupla,Faixa contínua,,
2019-03-27,12:09:00,SEM VÍTIMA,FINALIZADA,COQUEIRAL,RUA PLANURA,160,,3º TRAVESSA DA PLANURA,RUA PLANURA,160,3º TRAVESSA DA PLANURA,COQUEIRAL,,,COLISÃO TRASEIRA,COLISÃO SEM VÍTIMA,1,,,,,,1,,,0,,,Bom,Não existe,Não existente,Seca,Perfeito estado,Não existe,R-6a,,Dupla,Não existe,,
2019-03-27,12:51:00,SEM VÍTIMA,FINALIZADA,BOA VIAGEM,RUA DOS NAVEGANTES,3312,,EDF SAINT MOKITZ,RUA DOS NAVEGANTES,3312,EDF SAINT MOKITZ,BOA VIAGEM,,SUBURBIO,COLISÃO TRASEIRA,ENTRE DOIS AUTOS S/V,2,,,,,,,,,0,,Longo da via,Bom,Não existe,Perfeito estado,Seca,Perfeito estado,Não existe,Não há placas,,Dupla,Não existe,,
2019-03-27,12:55:00,SEM VÍTIMA,FINALIZADA,PARNAMIRIM,AV PARNAMIRIM,,,EM FRENTE AO SERPRO,AV PARNAMIRIM,,EM FRENTE AO SERPRO,PARNAMIRIM,,CIDADE,COLISÃO TRASEIRA,COLISAO ENTRE DOIS AUTOS S/V,2,,,,,,,,,0,,Longo da via,Bom,Sem defeito,Perfeito estado,Seca,Perfeito estado,Faixa de pedestre,R-6a,,Única,Faixa seccionada,,
2019-03-27,13:42:00,SEM VÍTIMA,FINALIZADA,PINA,RUA CACILDA IOLANDA PORCIUNCULA,,AV ANTONIO DE GOES,POLICIA RODOVIÁRIA FEDERAL,RUA CACILDA IOLANDA PORCIUNCULA,,POLICIA RODOVIÁRIA FEDERAL,PINA,,CIDADE,COLISÃO TRASEIRA,COLISÃO SEM VÍTIMA,2,,,,,,,,,0,,Longo da via,Bom,Não existe,Incompleta,Seca,Perfeito estado,Não existe,Placas Pare,,Única,Faixa seccionada,,
2019-03-27,14:18:00,SEM VÍTIMA,FINALIZADA,ESPINHEIRO,RUA AMELIA,707,,EDF COSTA AZEVEDO,RUA AMELIA,707,EDF COSTA AZEVEDO,ESPINHEIRO,,CIDADE,COLISÃO TRASEIRA,ENTRE AUTOS S/V.,2,,,,,,,,,0,,Longo da via,Bom,Não existe,Perfeito estado,Seca,Perfeito estado,Não existe,R-6a,40 km/h,Única,Faixa seccionada,,
2019-03-27,14:40:00,SEM VÍTIMA,FINALIZADA,BEBERIBE,AV BEBERIBE,,,EM FRENTE A LOJA BOTICARIO,AV BEBERIBE,,EM FRENTE A LOJA BOTICARIO,BEBERIBE,,CIDADE,COLISÃO TRASEIRA,COLISAO ENTRE DOIS AUTOS S/V,2,,,,,,,,,0,,Longo da via,Bom,Não existe,,Seca,Perfeito estado,Não existe,Outras,,Dupla,,,
2019-03-27,14:46:00,SEM VÍTIMA,FINALIZADA,SANTO AMARO,AV GOVERNADOR AGAMENON MAGALHAES,,,EM FRENTE A UPE/ SENTIDO OLINDA,AV GOVERNADOR AGAMENON MAGALHAES,,EM FRENTE A UPE/ SENTIDO OLINDA,SANTO AMARO,,SUBURBIO,ABALROAMENTO TRANSVERSAL,COLISÃO COM VÍTIMA,1,1,,,,,,,,0,,Longo da via,Chuvoso,Não existe,Perfeito estado,Molhada,Perfeito estado,Não existe,Outras,,Dupla,Canteiro central,,
2019-03-27,15:01:00,SEM VÍTIMA,FINALIZADA,BAIRRO DO RECIFE,PTE DO LIMOEIRO,,,SOBRE A PONTE,PTE DO LIMOEIRO,,SOBRE A PONTE,BAIRRO DO RECIFE,243,SUBURBIO,COLISÃO TRASEIRA,COLISÃO SEM VÍTIMA,2,,,,,,,,,0,,Ponte,Chuvoso,Sem defeito,Perfeito estado,Seca,Perfeito estado,Faixa de pedestre,Outras,60 km/h,Dupla,Faixa contínua,,
2019-03-27,15:42:00,SEM VÍTIMA,FINALIZADA,MADALENA,EST DOS REMEDIOS,2416,,EM FRENTE À POLICLÍNICA LESSA DE ANDRADE,EST DOS REMEDIOS,2416,EM FRENTE À POLICLÍNICA LESSA DE ANDRADE,MADALENA,353,CIDADE,COLISÃO TRASEIRA,AUTO X MOTO S/V,1,1,,,,,,,,0,,Longo da via,Bom,Sem defeito,Perfeito estado,Seca,Perfeito estado,Agente,Outras,,Única,Faixa seccionada,,
2019-03-27,15:44:00,SEM VÍTIMA,FINALIZADA,IBURA,RUA PINTOR AGENOR DE ALBUQUERQUE CESAR,,,EM FRENTE AO Nº 260,RUA PINTOR AGENOR DE ALBUQUERQUE CESAR,,EM FRENTE AO Nº 260,IBURA,,SUBURBIO,CHOQUE VEÍCULO PARADO,COLISAO ENTRE ONIBUS E AUTO S/V,,,,,,1,,,,0,,Longo da via,Bom,Não existe,Perfeito estado,Seca,Perfeito estado,,Não há placas,,Dupla,Não existe,,
2019-03-27,15:51:00,SEM VÍTIMA,CANCELADA,VÁRZEA,RUA BARAO DE MURIBECA,,,EM FRENTE AO GRUPO CORNELIO BRENNAND,RUA BARAO DE MURIBECA,,EM FRENTE AO GRUPO CORNELIO BRENNAND,VÁRZEA,,,COLISÃO,ENTRE AUTO E CARRETA S/V,,,,,,,,,,0,,,,,,,,,,,,,,
2019-03-27,15:58:00,SEM VÍTIMA,FINALIZADA,CABANGA,VIADUTO CAPITAO TEMUDO,,,SOBRE O VIADUTO,VIADUTO CAPITAO TEMUDO,,SOBRE O VIADUTO,CABANGA,,SUBURBIO,ABALROAMENTO LONGITUDINAL,ENTRE TRES AUTOS S/V,3,,,,,,,,,0,,Viaduto,Bom,Não existe,Perfeito estado,Seca,Perfeito estado,Não existe,Não há placas,60 km/h,Dupla,Outros,,
2019-03-27,16:14:00,SEM VÍTIMA,FINALIZADA,ÁGUA FRIA,RUA DO MACHADO,826,,,RUA DO MACHADO,826,,ÁGUA FRIA,,CIDADE,ABALROAMENTO LONGITUDINAL,COLISÃO SEM VÍTIMA,1,,,,,1,,,,0,,Longo da via,Bom,Não existe,Perfeito estado,Seca,Perfeito estado,Não existe,Outras,30 km/h,Dupla,Faixa contínua,,
2019-03-27,16:42:00,SEM VÍTIMA,FINALIZADA,IMBIRIBEIRA,AV MARECHAL MASCARENHAS DE MORAES,,,POSTO PETROBRAS,AV MARECHAL MASCARENHAS DE MORAES,,POSTO PETROBRAS,IMBIRIBEIRA,,SUBURBIO,ABALROAMENTO LONGITUDINAL,COLISÃO SEM VÍTIMA,1,2,,,,,,,,0,,Longo da via,Bom,Sem defeito,Perfeito estado,Seca,Perfeito estado,Faixa de pedestre,Outras,,Dupla,Faixa contínua,Canteiro central,
2019-03-27,16:47:00,SEM VÍTIMA,FINALIZADA,ÁGUA FRIA,AV BEBERIBE,,,APÓS O MERCADO SOBERANO,AV BEBERIBE,,APÓS O MERCADO SOBERANO,ÁGUA FRIA,,SUBURBIO,COLISÃO TRASEIRA,ENTRE TRES AUTOS S/V,3,,,,,,,,,0,,Longo da via,Bom,Não existe,Perfeito estado,Seca,Perfeito estado,,R-6a,,Dupla,Faixa seccionada,,
2019-03-27,16:56:00,SEM VÍTIMA,FINALIZADA,CORDEIRO,RUA PROFESSOR JOAQUIM XAVIER DE BRITO,,RUA EURICO DE SOUZA LEAO,,RUA PROFESSOR JOAQUIM XAVIER DE BRITO,,,CORDEIRO,,CIDADE,ABALROAMENTO LONGITUDINAL,COLISÃO SEM VÍTIMA,2,,,,,,,,,0,,,Bom,Não existe,Perfeito estado,Seca,Perfeito estado,Não existe,Placas Pare,,Dupla,Não existe,,
2019-03-27,17:02:00,SEM VÍTIMA,FINALIZADA,,RUA BALTAZAR PASSOS,220,,EM FRENTE A ACADEMIA TOPFIT,RUA BALTAZAR PASSOS,220,EM FRENTE A ACADEMIA TOPFIT,,,,ABALROAMENTO LONGITUDINAL,COLISÃO SEM VÍTIMA,1,,,,,,1,,,0,,Longo da via,Bom,Não existe,Perfeito estado,Seca,Perfeito estado,Faixa de pedestre,Outras,,Única,Faixa seccionada,,
2019-03-27,18:16:00,SEM VÍTIMA,FINALIZADA,TAMARINEIRA,EST DO ARRAIAL,,,ENF A FARMACIA PAGUE MENOS,EST DO ARRAIAL,,ENF A FARMACIA PAGUE MENOS,TAMARINEIRA,,,COLISÃO TRASEIRA,TRES AUTO OBS:: VEICULOS NO ESTACIONAMENTO DA PAGUE MENOS,2,,,,,,,,,0,,Longo da via,Bom,Não existe,Perfeito estado,Seca,Perfeito estado,Não existe,Outras,,Única,Faixa seccionada,,
2019-03-27,18:18:00,COM VÍTIMA,CANCELADA,ÁGUA FRIA,RUA DR EUDES COSTA,451,,EM FRENTE AO PASTEL DO BOLINHO,RUA DR EUDES COSTA,451,EM FRENTE AO PASTEL DO BOLINHO,ÁGUA FRIA,,,COLISÃO,COLISÃO COM VITIMA  AGUARDANDO NO LOCAL,1,1,,,,,,,,1,,,,,,,,,,,,,,
2019-03-27,18:21:00,SEM VÍTIMA,FINALIZADA,ILHA DO LEITE,RUA PADRE VENANCIO,,RUA DOS COELHOS,,RUA PADRE VENANCIO,,,ILHA DO LEITE,,CIDADE,ABALROAMENTO LONGITUDINAL,ONIBUS METROPOLITANA X CORSA,1,,,,,1,,,,0,,Cruzamento,Chuvoso,Não existe,Perfeito estado,Molhada,Perfeito estado,Não existe,R-6a,20 km/h,Dupla,Faixa seccionada,,
2019-03-27,19:17:00,SEM VÍTIMA,FINALIZADA,ESPINHEIRO,RUA QUARENTA E OITO,739,,PRT 6º REGIÃO,RUA QUARENTA E OITO,739,PRT 6º REGIÃO,ESPINHEIRO,,CIDADE,ABALROAMENTO LONGITUDINAL,SANDERO X PRISMA,2,,,,,,,,,0,,Longo da via,Chuvoso,Não existe,Perfeito estado,Molhada,Perfeito estado,Outros,Outras,,Única,Faixa seccionada,,
2019-03-27,19:25:00,SEM VÍTIMA,FINALIZADA,IMBIRIBEIRA,AV MARECHAL MASCARENHAS DE MORAES,,,EM FRENTE AO POSTO BR,AV MARECHAL MASCARENHAS DE MORAES,,EM FRENTE AO POSTO BR,IMBIRIBEIRA,,SUBURBIO,ABALROAMENTO LONGITUDINAL,COLISÃO SEM VITIMAS,1,,,,,,1,,,0,,Longo da via,Chuvoso,,Perfeito estado,Molhada,Perfeito estado,Não existe,Não há placas,,Dupla,Canteiro central,,
2019-03-27,21:45:00,SEM VÍTIMA,FINALIZADA,SANTO AMARO,RUA TREZE DE MAIO,914,RUA FREI CASSIMIRO,,RUA TREZE DE MAIO,914,,SANTO AMARO,,CIDADE,ABALROAMENTO LONGITUDINAL,AUTO E MOTO,1,1,,,,,,,,0,,Cruzamento,Chuvoso,Não existe,Perfeito estado,Molhada,Perfeito estado,Não existe,Não há placas,40 km/h,Dupla,Faixa contínua,,
2019-03-27,22:20:00,SEM VÍTIMA,FINALIZADA,PRADO,AV ENGENHEIRO ABDIAS DE CARVALHO,,,POSTO DISLUB,AV ENGENHEIRO ABDIAS DE CARVALHO,,POSTO DISLUB,PRADO,,CIDADE,ABALROAMENTO LONGITUDINAL,DOIS AUTO,2,,,,,,,,,0,,Longo da via,Chuvoso,,Perfeito estado,Molhada,Perfeito estado,Outros,Outras,,Dupla,Canteiro central,,
2019-03-28,01:06:00,SEM VÍTIMA,FINALIZADA,IPSEP,AV RECIFE,,,,AV RECIFE,,,IPSEP,16,SUBURBIO,ABALROAMENTO TRANSVERSAL,COLISÃO ENTRE DOIS AUTOS S/V  FIAT AROGO ESTÁ COM AS RODAS TRAVADAS IMPOSSIBILITANDO A RETIRADA DO VEÍCULO DO MEIO DO CRUZAMENTO,2,,,,,,,,,0,,Cruzamento,Chuvoso,Sem defeito,Perfeito estado,Molhada,Perfeito estado,Faixa de pedestre,R-6a,60 km/h,Dupla,Canteiro central,,
2019-03-28,06:58:00,SEM VÍTIMA,CANCELADA,BOA VISTA,AV GOVERNADOR AGAMENON MAGALHAES,2860,,EM FRENTE AO EDF MARIA CLARA,AV GOVERNADOR AGAMENON MAGALHAES,2860,EM FRENTE AO EDF MARIA CLARA,BOA VISTA,,BOA VIAGEM,COLISÃO,SEM VITIMAS,2,,,,,,,,,0,,,,,,,,,,,,,,
2019-03-28,07:07:00,SEM VÍTIMA,CANCELADA,NOVA DESCOBERTA,AV VEREADOR OTACILIO AZEVEDO,,,EM FRENTE AO COLEGIO ROTARY NOVA DESCOBERTA,AV VEREADOR OTACILIO AZEVEDO,,EM FRENTE AO COLEGIO ROTARY NOVA DESCOBERTA,NOVA DESCOBERTA,,,COLISÃO,COLISÃO SEM VITIMAS,1,1,,,,,,,,0,,,,,,,,,,,,,,
2019-03-28,07:29:00,SEM VÍTIMA,FINALIZADA,,AV MARECHAL MASCARENHAS DE MORAES,,,POSTO PETROBRAS,AV MARECHAL MASCARENHAS DE MORAES,,POSTO PETROBRAS,,,SUBURBIO,ABALROAMENTO LONGITUDINAL,,1,2,,,,,,,,0,,Longo da via,Bom,Sem defeito,Perfeito estado,Seca,Perfeito estado,Faixa de pedestre,,,Dupla,Faixa contínua,Canteiro central,
2019-03-28,07:50:00,SEM VÍTIMA,FINALIZADA,MADALENA,AV CAXANGA,,,ESTAÇÃO ABOLIÇÃO ( BRT),AV CAXANGA,,ESTAÇÃO ABOLIÇÃO ( BRT),MADALENA,264,CIDADE,ABALROAMENTO LONGITUDINAL,COLISÃO ENTRE ÔNIBUS E DOIS AUTOS PASSEIOS,2,,,,,1,,,,0,,Longo da via,Bom,Sem defeito,Perfeito estado,Seca,Perfeito estado,Faixa de pedestre,,,Dupla,Canteiro central,,
2019-03-28,08:04:00,SEM VÍTIMA,FINALIZADA,ROSARINHO,AV NORTE,3300,,EM FRENTE AO Nº 3300,AV NORTE,3300,EM FRENTE AO Nº 3300,ROSARINHO,,,CHOQUE OBJETO FIXO,VEÍCULO CHOCOU SE COM DIVISOR DE PISTA,1,,,,,,,,,0,,Longo da via,Chuvoso,Não existe,Perfeito estado,Seca,Perfeito estado,Não existe,Outras,,Dupla,Canteiro central,,
2019-03-28,08:12:00,SEM VÍTIMA,FINALIZADA,CORDEIRO,AV CAXANGA,3342,RUA DR NINA RODRIGUES,AO LADO DO BANCO SANTANDER,AV CAXANGA,3342,AO LADO DO BANCO SANTANDER,CORDEIRO,,CID/SUB,COLISÃO TRASEIRA,COLISÃO SEM VITIMAS,1,,,,,,1,,,0,,Longo da via,Nublado,Não existe,Perfeito estado,Seca,,Não existe,Outras,,Única,Faixa,,
2019-03-28,08:47:00,SEM VÍTIMA,FINALIZADA,BOA VIAGEM,AV CONSELHEIRO AGUIAR,4010,,,AV CONSELHEIRO AGUIAR,4010,,BOA VIAGEM,,CIDADE,ABALROAMENTO LONGITUDINAL,COLISÃO SEM VITIMAS,1,,,,,1,,,,0,,Longo da via,Bom,,,,,Não existe,R-6a,60 km/h,Única,Faixa seccionada,,
2019-03-28,08:57:00,SEM VÍTIMA,FINALIZADA,CORDEIRO,AV GENERAL SAN MARTIN,1083,,EM FRENTE AO CENTRO PAULO BREGARO,AV GENERAL SAN MARTIN,1083,EM FRENTE AO CENTRO PAULO BREGARO,CORDEIRO,,SUBURBIO,ABALROAMENTO LONGITUDINAL,CAMINHÃO E AUTO,1,,,,,,1,,,0,,Longo da via,Nublado,Sem defeito,Perfeito estado,Seca,Perfeito estado,Faixa de pedestre,Placas Pare,,Dupla,Faixa contínua,Faixa seccionada,
2019-03-28,09:13:00,SEM VÍTIMA,FINALIZADA,BREJO DA GUABIRABA,AV VEREADOR OTACILIO AZEVEDO,1030,,,AV VEREADOR OTACILIO AZEVEDO,1030,,BREJO DA GUABIRABA,,,ABALROAMENTO TRANSVERSAL,COLISÃO SEM VITIMAS.,1,1,,,,,,,,0,,Longo da via,Bom,Não existe,Não existente,Seca,Perfeito estado,Não existe,Não há placas,50 km/h,Dupla,Não existe,,
2019-03-28,09:24:00,SEM VÍTIMA,CANCELADA,IPSEP,AV RECIFE,2662,,MARTELINHO DE OURO,AV RECIFE,2662,MARTELINHO DE OURO,IPSEP,,SUBURBIO,COLISÃO,COLISÃO ENVOLVENDO AUTO PASSEIO E CAMINHÃO,1,,,,,,1,,,0,,,,,,,,,,,,,,
2019-03-28,09:32:00,SEM VÍTIMA,FINALIZADA,IPSEP,AV RECIFE,,RUA PINTOR ANTONIO ALBUQUERQUE,EM FRENTE AO POSTO SHELL COMBUSTIVEIS,AV RECIFE,,EM FRENTE AO POSTO SHELL COMBUSTIVEIS,IPSEP,55,SUBURBIO,ABALROAMENTO LONGITUDINAL,COLISÃO SEM VITIMAS,1,,,,,,1,,,0,,Longo da via,Bom,Sem defeito,Perfeito estado,Seca,Perfeito estado,Agente,,,Única,Faixa contínua,,
2019-03-28,09:36:00,SEM VÍTIMA,FINALIZADA,MADALENA,RUA REAL DA TORRE,1275,,,RUA REAL DA TORRE,1275,,MADALENA,106,CIDADE,ABALROAMENTO LONGITUDINAL,SEM VITIMAS,1,,,,,,1,,,0,,Longo da via,Bom,Sem defeito,Perfeito estado,Seca,Perfeito estado,Faixa de pedestre,R-6a,,Única,Faixa seccionada,,
2019-03-28,09:44:00,SEM VÍTIMA,FINALIZADA,CASA AMARELA,RUA MANDACARU,,,EM FRENTE A PADARIA MANDACARU,RUA MANDACARU,,EM FRENTE A PADARIA MANDACARU,CASA AMARELA,,,CHOQUE VEÍCULO PARADO,COLISÃO SEM VITIMAS,2,,,,,,,,,0,,Longo da via,Bom,Não existe,Não existente,Seca,Perfeito estado,Não existe,Não há placas,,Dupla,Não existe,,
2019-03-28,10:37:00,SEM VÍTIMA,CANCELADA,BRASÍLIA TEIMOSA,RUA COMENDADOR MORAES,,,AO LADO DO JCPM,RUA COMENDADOR MORAES,,AO LADO DO JCPM,BRASÍLIA TEIMOSA,,,COLISÃO,COLISÃO ENTRE VT PM E AUTO PASSEIO. SEM VÍTIMAS,1,,,,,,,1,,0,,,,,,,,,,,,,,
2019-03-28,10:39:00,COM VÍTIMA,FINALIZADA,SANTO ANTÔNIO,RUA SANTA RITA,600,RUA SANTA RITA,EM FRENTE A O GRANDE RECIFE,RUA SANTA RITA,600,EM FRENTE A O GRANDE RECIFE,SANTO ANTÔNIO,,SUBURBIO,ABALROAMENTO LONGITUDINAL,COM UMA VITIMA,1,2,,,,,,,,1,,Longo da via,Bom,Não existe,Incompleta,Seca,Perfeito estado,Não existe,Não há placas,60 km/h,Dupla,Não existe,,
2019-03-28,11:12:00,SEM VÍTIMA,FINALIZADA,GRAÇAS,RUA ALBERTO PAIVA,,,EM FRENTE AO POSTE B 009990,RUA ALBERTO PAIVA,,EM FRENTE AO POSTE B 009990,GRAÇAS,305,SUBURBIO,ABALROAMENTO LONGITUDINAL,SEM VITIMAS,2,,,,,,,,,0,,Longo da via,Bom,Sem defeito,Perfeito estado,Seca,Perfeito estado,Não existe,Outras,,Única,Faixa seccionada,,
2019-03-28,11:39:00,COM VÍTIMA,FINALIZADA,CORDEIRO,AV ENGENHEIRO ABDIAS DE CARVALHO,2880,,CAMARÃO DO LÉO,AV ENGENHEIRO ABDIAS DE CARVALHO,2880,CAMARÃO DO LÉO,CORDEIRO,,SUBURBIO,COLISÃO COM CICLISTA,COLISÃO ENTRE AUTO E BICICLETA COM 1 VÍTIMA,1,,,1,,,,,,1,,Longo da via,Bom,Não existe,Perfeito estado,Seca,Perfeito estado,Não existe,Não há placas,,Dupla,Faixa contínua,,
2019-03-28,11:48:00,SEM VÍTIMA,FINALIZADA,BOA VISTA,RUA DAS NINFAS,,RUA DO PROGRESSO,EMPÓRIO TERRA DOS GRÃOS,RUA DAS NINFAS,,EMPÓRIO TERRA DOS GRÃOS,BOA VISTA,,SUBURBIO,ABALROAMENTO TRANSVERSAL,SEM VÍTIMAS,1,1,,,,,,,,0,,Longo da via,Bom,Não existe,Incompleta,Seca,Mal conservada,Não existe,Placas Pare,,Dupla,Não existe,,
2019-03-28,12:07:00,SEM VÍTIMA,FINALIZADA,SANTO AMARO,AV CRUZ CABUGA,644,,EM FRENTE AO MARTELINHO DE OURO,AV CRUZ CABUGA,644,EM FRENTE AO MARTELINHO DE OURO,SANTO AMARO,627,CIDADE,COLISÃO TRASEIRA,SEM VÍTIMAS,2,,,,,,,,,0,,Longo da via,Bom,Sem defeito,Perfeito estado,Seca,Perfeito estado,Faixa de retenção,Não há placas,,Dupla,Faixa contínua,,
2019-03-28,12:13:00,SEM VÍTIMA,FINALIZADA,BOA VIAGEM,RUA FREI LEANDRO,,,EM FRENTE A PIZZARIA TOMASELLI,RUA FREI LEANDRO,,EM FRENTE A PIZZARIA TOMASELLI,BOA VIAGEM,,CIDADE,ABALROAMENTO LONGITUDINAL,COLISÃO SEM VÍTIMA,2,,,,,,,,,0,,Longo da via,Bom,Não existe,Incompleta,Seca,Perfeito estado,Não existe,Não há placas,,Única,Não existe,,
2019-03-28,13:19:00,SEM VÍTIMA,FINALIZADA,DOIS IRMÃOS,RUA RIBEIRO PESSOA,771,,,RUA RIBEIRO PESSOA,771,,DOIS IRMÃOS,,CIDADE,COLISÃO TRASEIRA,ENGAVETAMENTO ENTRE TRES AUTOS S/V,3,,,,,,,,,0,,Longo da via,Bom,Não existe,Não existente,Seca,Perfeito estado,Não existe,R-6a,,Dupla,Não existe,,
2019-03-28,13:38:00,SEM VÍTIMA,FINALIZADA,TORRE,RUA JOSE BONIFACIO,750,,APÓS O SEMÁFORO DE Nº 601,RUA JOSE BONIFACIO,750,APÓS O SEMÁFORO DE Nº 601,TORRE,,CIDADE,ABALROAMENTO LONGITUDINAL,COLISAO ENTRE DOIS AUTOS S/V,2,,,,,,,,,0,,Longo da via,Bom,Sem defeito,Não existente,Seca,Perfeito estado,Não existe,Não há placas,60 km/h,Única,Faixa seccionada,,
2019-03-28,13:54:00,SEM VÍTIMA,FINALIZADA,AFOGADOS,AV SUL,,,LADO OPOSTO À POLÍCLINICA AGAMENON MAGALHÃES,AV SUL,,LADO OPOSTO À POLÍCLINICA AGAMENON MAGALHÃES,AFOGADOS,,CIDADE,ABALROAMENTO LONGITUDINAL,COLISAO ENTRE DOIS AUTOS S/V,2,,,,,,,,,0,,Longo da via,Nublado,Não existe,Incompleta,Seca,,Não existe,Não há placas,,Única,Faixa seccionada,,
2019-03-28,14:11:00,COM VÍTIMA,FINALIZADA,TAMARINEIRA,AV PROFESSOR JOSE DOS ANJOS,521,RUA MARIO BHERING,PROXIMO A ESCOLA ESTAÇÃO DO SABER E IGREJA RHEMA/ SENTIDO ARRUDA,AV PROFESSOR JOSE DOS ANJOS,521,PROXIMO A ESCOLA ESTAÇÃO DO SABER E IGREJA RHEMA/ SENTIDO ARRUDA,TAMARINEIRA,,SUBURBIO,COLISÃO COM CICLISTA,COLISÃO ENTRE MOTOCICLETA E BICICLETA.,,1,,1,,,,,,1,,Esquina,Bom,Não existe,Perfeito estado,Seca,Perfeito estado,Faixa de pedestre,Placas Pare,40 km/h,Dupla,Canteiro central,,
2019-03-28,14:58:00,COM VÍTIMA,FINALIZADA,DERBY,PRC DO DERBY,,RUA JENER DE SOUZA,,PRC DO DERBY,,,DERBY,40,,ABALROAMENTO TRANSVERSAL,COLISÃO ENTRE AUTOMÓVEL E MOTOCICLETA.,1,1,,,,,,,,1,,Cruzamento,Bom,Com defeito,Perfeito estado,Seca,Perfeito estado,Faixa de pedestre,R-4a,,Única,Canteiro central,,
2019-03-28,15:27:00,SEM VÍTIMA,FINALIZADA,ESPINHEIRO,RUA BUENOS AYRES,166,,EM FRENTE AO CONSULTORIO DR ALEX ANTUNES,RUA BUENOS AYRES,166,EM FRENTE AO CONSULTORIO DR ALEX ANTUNES,ESPINHEIRO,,SUBURBIO,COLISÃO TRASEIRA,COLISÃO SEM VÍTIMA,1,1,,,,,,,,0,,Longo da via,Bom,Não existe,Não existente,Seca,Perfeito estado,Não existe,Outras,,Única,Não existe,,
2019-03-28,16:02:00,SEM VÍTIMA,FINALIZADA,BOA VISTA,RUA JOSE DE ALENCAR,,RUA BARAO DE SAO BORJA,EM FRENTE AO HOTEL BOA VISTA,RUA JOSE DE ALENCAR,,EM FRENTE AO HOTEL BOA VISTA,BOA VISTA,,SUBURBIO,ABALROAMENTO TRANSVERSAL,AUTO X MOTO S/V.,1,1,,,,,,,,0,,Cruzamento,Bom,Não existe,Perfeito estado,Seca,Perfeito estado,Outros,Placas Pare,,Única,Faixa seccionada,,
2019-03-28,16:11:00,SEM VÍTIMA,DUPLICIDADE,BOA VISTA,RUA JOSE DE ALENCAR,,RUA BARAO DE SAO BORJA,E/F AO HOTEL BOA VISTA,RUA JOSE DE ALENCAR,,E/F AO HOTEL BOA VISTA,BOA VISTA,,,COLISÃO,COLISAO ENTRE AUTO E MOTO S/V,1,1,,,,,,,,0,,,,,,,,,,,,,,