data,hora,natureza_acidente,situacao,bairro,endereco,numero,detalhe_endereco_acidente,complemento,endereco_cruzamento,numero_cruzamento,referencia_cruzamento,bairro_cruzamento,num_semaforo,sentido_via,tipo,descricao,auto,moto,ciclom,ciclista,pedestre,onibus,caminhao,viatura,outros,vitimas,vitimasfatais,acidente_verificado,tempo_clima,situacao_semaforo,sinalizacao,condicao_via,conservacao_via,ponto_controle,situacao_placa,velocidade_max_via,mao_direcao,divisao_via1,divisao_via2,divisao_via3
2019-03-29,17:09:00,COM VÍTIMA,FINALIZADA,COELHOS,RUA DOS COELHOS,351,,E/F AO IMIP,RUA DOS COELHOS,351,E/F AO IMIP,COELHOS,,CIDADE,ATROPELAMENTO,ATROPELAMENTO ENTRE ÔNIBUS E PEDESTRE.,,,,,1,1,,,,1,,Longo da via,Bom,Não existe,Perfeito estado,Seca,Perfeito estado,Não existe,Não há placas,,Dupla,Faixa seccionada,,
2019-03-29,17:51:00,SEM VÍTIMA,FINALIZADA,BOA VIAGEM,RUA BARAO DE SOUZA LEAO,,,AO LADO DO MEDICAL CENTER,RUA BARAO DE SOUZA LEAO,,AO LADO DO MEDICAL CENTER,BOA VIAGEM,,SUBURBIO,ABALROAMENTO LONGITUDINAL,COLISÃO SEM VÍTIMA,1,,,,,1,,,,0,,Longo da via,Bom,Sem defeito,Perfeito estado,Seca,Perfeito estado,,Não há placas,,Única,Não existe,,
2019-03-29,17:57:00,SEM VÍTIMA,FINALIZADA,VÁRZEA,RUA MARECHAL MANOEL LUIS OSORIO,,RUA PROFESSOR ANTONIO COELHO,,RUA MARECHAL MANOEL LUIS OSORIO,,,VÁRZEA,,SUBURBIO,ABALROAMENTO TRANSVERSAL,AUTO E ONIBUS DA METROPOLITANA,1,,,,,1,,,,0,,Cruzamento,Bom,Não existe,Não existente,Seca,Perfeito estado,Não existe,Não há placas,,Dupla,Não existe,,
2019-03-29,18:13:00,SEM VÍTIMA,FINALIZADA,CABANGA,PTE GOVERNADOR PAULO GUERRA,,,SOBRE A PONTE,PTE GOVERNADOR PAULO GUERRA,,SOBRE A PONTE,CABANGA,,SUBURBIO,COLISÃO TRASEIRA,ENTRE VT E AUTO PASSEIO. S/V,1,,,,,,,1,,0,,Longo da via,Bom,Sem defeito,Perfeito estado,Seca,Perfeito estado,Não existe,Outras,60 km/h,Única,Faixa seccionada,,
2019-03-29,18:18:00,SEM VÍTIMA,CANCELADA,CASA AMARELA,RUA DA HARMONIA,109,RUA CONS NABUCO,ESQUINA COM A MERCEARIA NABUCO,RUA DA HARMONIA,109,ESQUINA COM A MERCEARIA NABUCO,CASA AMARELA,,,COLISÃO,ENTRE 2 AUTOS. S/V,2,,,,,,,,,0,,,,,,,,,,,,,,
2019-03-29,18:21:00,SEM VÍTIMA,FINALIZADA,ESTÂNCIA,AV RECIFE,5516,,PROX AO PONTILHAO DO METRO,AV RECIFE,5516,PROX AO PONTILHAO DO METRO,ESTÂNCIA,,SUBURBIO,ABALROAMENTO LONGITUDINAL,CAMINHAO DA CELPE X PALIO,1,,,,,,1,,,0,,Longo da via,Chuvoso,Não existe,Perfeito estado,Molhada,,Não existe,R-6a,60 km/h,Dupla,Canteiro central,,
2019-03-29,18:31:00,SEM VÍTIMA,CANCELADA,BOA VIAGEM,AV CONSELHEIRO AGUIAR,919,,E/F AO HOTEL MALIBU,AV CONSELHEIRO AGUIAR,919,E/F AO HOTEL MALIBU,BOA VIAGEM,,,COLISÃO,,2,,,,,,,,,0,,,,,,,,,,,,,,
2019-03-29,18:36:00,SEM VÍTIMA,FINALIZADA,BARRO,AV DR JOSE RUFINO,,,EM FRENTE AO Nº 46,AV DR JOSE RUFINO,,EM FRENTE AO Nº 46,BARRO,,SUBURBIO,ABALROAMENTO LONGITUDINAL,ENTRE AUTO E CAMINHÃO. S/V,1,,,,,,1,,,0,,Cruzamento,Chuvoso,Não existe,Perfeito estado,Molhada,Perfeito estado,Não existe,Outras,,Dupla,Faixa contínua,,
2019-03-29,18:42:00,SEM VÍTIMA,FINALIZADA,PRADO,AV ENGENHEIRO ABDIAS DE CARVALHO,,,ESTACIONAMENTO DA FARMÁCIA DROGASIL,AV ENGENHEIRO ABDIAS DE CARVALHO,,ESTACIONAMENTO DA FARMÁCIA DROGASIL,PRADO,,SUBURBIO,CHOQUE VEÍCULO PARADO,FORD K X SANTA FÉ,2,,,,,,,,,0,,Longo da via,Chuvoso,Sem defeito,Perfeito estado,Molhada,Perfeito estado,Faixa de pedestre,R-6a,60 km/h,Dupla,Canteiro central,,
2019-03-29,19:14:00,SEM VÍTIMA,CANCELADA,GRAÇAS,RUA JOAQUIM NABUCO,343,RUA AMARO BEZERRA,ENF AO DERBY CENTE 2,RUA JOAQUIM NABUCO,343,ENF AO DERBY CENTE 2,GRAÇAS,,,COLISÃO,HONDA CIVIC X ONIX,2,,,,,,,,,0,,,,,,,,,,,,,,
2019-03-29,19:18:00,COM VÍTIMA,FINALIZADA,IPSEP,AV RECIFE,,AV DOM HELDER CAMARA,PROX AO CHAMBARIL DO JOAO  SENTIDO CEASA,AV RECIFE,,PROX AO CHAMBARIL DO JOAO  SENTIDO CEASA,IPSEP,,CIDADE,ABALROAMENTO TRANSVERSAL,COLISÃO ENTRE AUTOMÓVEL E MOTOCICLETA.,1,1,,,,,,,,1,,Longo da via,Chuvoso,Não existe,Perfeito estado,Molhada,Perfeito estado,Outros,R-32,60 km/h,Dupla,Faixa seccionada,,
2019-03-29,20:00:00,SEM VÍTIMA,FINALIZADA,IPSEP,RUA RIO AMAZONAS,45,RUA IPOJUCA,,RUA RIO AMAZONAS,45,,IPSEP,527,SUBURBIO,ABALROAMENTO LONGITUDINAL,ENTRE AUTO E ÕNIBUS. S/V,1,,,,,1,,,,0,,Longo da via,Chuvoso,Sem defeito,Perfeito estado,Molhada,Mal conservada,Não existe,Outras,,Dupla,Não existe,,
2019-03-29,21:03:00,SEM VÍTIMA,CANCELADA,CAXANGÁ,AV CAXANGA,,AV INACIO MONTEIRO,E/F AO POSTO FEDERAL  SNT SUB/CID,AV CAXANGA,,E/F AO POSTO FEDERAL  SNT SUB/CID,CAXANGÁ,,,COLISÃO,ENTRE AUTO E MOTO. S/V,1,1,,,,,,,,0,,,,,,,,,,,,,,
2019-03-30,01:43:00,SEM VÍTIMA,CANCELADA,ESPINHEIRO,RUA DA HORA,,,EM FRENTE A GALERIA HORA 100 // EM FRENTE A FARMÁCIA INDEPENDENTE,RUA DA HORA,,EM FRENTE A GALERIA HORA 100 // EM FRENTE A FARMÁCIA INDEPENDENTE,ESPINHEIRO,,,COLISÃO,COLISÃO ENTRE DOIS AUTOS  SEM VÍTIMAS.,2,,,,,,,,,0,,,,,,,,,,,,,,
2019-03-30,05:28:00,SEM VÍTIMA,CANCELADA,CASA FORTE,AV DEZESSETE DE AGOSTO,2187,,EM FRENTE AO MUSEU DO HOMEM DO NORDESTE,AV DEZESSETE DE AGOSTO,2187,EM FRENTE AO MUSEU DO HOMEM DO NORDESTE,CASA FORTE,,,COLISÃO,COLISÃO ENTRE AUTO E ÔNIBUS  SEM VÍTIMAS.,1,,,,,1,,,,0,,,,,,,,,,,,,,
2019-03-30,08:41:00,SEM VÍTIMA,FINALIZADA,IMBIRIBEIRA,AV MARECHAL MASCARENHAS DE MORAES,,,EM FRENTE A ANAC,AV MARECHAL MASCARENHAS DE MORAES,,EM FRENTE A ANAC,IMBIRIBEIRA,626,CIDADE,COLISÃO TRASEIRA,CAMINHAO E AUTO PASSEIO,2,,,,,,,,,0,,Longo da via,Bom,Sem defeito,Perfeito estado,Seca,Perfeito estado,Faixa de pedestre,Não há placas,60 km/h,Dupla,Canteiro central,,
2019-03-30,09:10:00,COM VÍTIMA,FINALIZADA,BOA VIAGEM,RUA DEZ DE JULHO,481,RUA CAMBOIM,PROX. A ESTAÇÃO AEROPORTO,RUA DEZ DE JULHO,481,PROX. A ESTAÇÃO AEROPORTO,BOA VIAGEM,,SUBURBIO,COLISÃO TRASEIRA,COLISÃO ENTRE DOIS AUTOMÓVEIS.,2,,,,,,,,,1,,Longo da via,Bom,Não existe,Perfeito estado,Seca,Perfeito estado,Não existe,Outras,,Única,Faixa seccionada,,
2019-03-30,09:38:00,COM VÍTIMA,FINALIZADA,BOA VIAGEM,RUA ERNESTO DE PAULA SANTOS,652,RUA VISCONDE DE JEQUITINHONHA,EM FRENTE DO EDF PAPILON.,RUA ERNESTO DE PAULA SANTOS,652,EM FRENTE DO EDF PAPILON.,BOA VIAGEM,304,,ABALROAMENTO LONGITUDINAL,COLISÃO ENTRE AUTOMÓVEL E MOTOCICLETA.,1,1,,,,,,,,1,,Cruzamento,Bom,Sem defeito,Perfeito estado,Seca,Perfeito estado,Faixa de pedestre,Placas Pare,,Única,,,
2019-03-30,10:12:00,SEM VÍTIMA,FINALIZADA,SÃO JOSÉ,AV SUL,875,,EM FRENTE AO CRIS HOTEL,AV SUL,875,EM FRENTE AO CRIS HOTEL,SÃO JOSÉ,,CIDADE,ABALROAMENTO LONGITUDINAL,DOIS AUTOS,2,,,,,,,,,0,,Longo da via,Bom,Sem defeito,Perfeito estado,Seca,,,Outras,,Única,Faixa seccionada,Canteiro central,
2019-03-30,10:15:00,SEM VÍTIMA,FINALIZADA,ARRUDA,AV BEBERIBE,1526,,LADO OPOSTO AO CANAL DA CONSTRUÇÃO,AV BEBERIBE,1526,LADO OPOSTO AO CANAL DA CONSTRUÇÃO,ARRUDA,,SUBURBIO,ABALROAMENTO TRANSVERSAL,DOIS AUTOS,2,,,,,,,,,0,,Longo da via,Bom,Não existe,Perfeito estado,Seca,Perfeito estado,Não existe,Não há placas,60 km/h,Dupla,Faixa contínua,,
2019-03-30,10:42:00,SEM VÍTIMA,CANCELADA,CORDEIRO,AV INACIO MONTEIRO,892,,EM FRENTE SG CONSTRUÇOES,AV INACIO MONTEIRO,892,EM FRENTE SG CONSTRUÇOES,CORDEIRO,,,COLISÃO,DOIS AUTOS,2,,,,,,,,,0,,,,,,,,,,,,,,
2019-03-30,11:05:00,SEM VÍTIMA,FINALIZADA,PARNAMIRIM,AV PARNAMIRIM,380,,EM FRENTE AO nº 380,AV PARNAMIRIM,380,EM FRENTE AO nº 380,PARNAMIRIM,,CIDADE,ABALROAMENTO LONGITUDINAL,CAMINHÃO E AUTO,1,,,,,,1,,,0,,Longo da via,Bom,Não existe,Perfeito estado,Seca,Perfeito estado,Não existe,,,Única,Faixa seccionada,,
2019-03-30,11:18:00,COM VÍTIMA,FINALIZADA,BAIRRO DO RECIFE,AV MILITAR,,,EM FRENTE AOS POSTO BR E SHELL,AV MILITAR,,EM FRENTE AOS POSTO BR E SHELL,BAIRRO DO RECIFE,,SUBURBIO,ABALROAMENTO LONGITUDINAL,COLISÃO ENTRE CAMINHÃO ARTICULADO E MOTOCICLETA.,,1,,,,,1,,,1,,Outros,Bom,Não existe,Perfeito estado,Seca,Perfeito estado,,Não há placas,,Dupla,Faixa seccionada,Canteiro central,
2019-03-30,12:18:00,SEM VÍTIMA,FINALIZADA,PARNAMIRIM,RUA DES GOIS CAVALCANTE,270,RUA MIZAEL MONTENEGRO,AO LADO DO PAO DE AÇUCAR,RUA DES GOIS CAVALCANTE,270,AO LADO DO PAO DE AÇUCAR,PARNAMIRIM,,SUBURBIO,CHOQUE VEÍCULO PARADO,COLISAO ENTRE DOIS AUTOS E MOTO S/V,2,1,,,,,,,,0,,,Bom,Não existe,Perfeito estado,Seca,Perfeito estado,Não existe,Outras,,Única,Faixa seccionada,,
2019-03-30,13:28:00,COM VÍTIMA,FINALIZADA,PARNAMIRIM,AV DEZESSETE DE AGOSTO,317,,,AV DEZESSETE DE AGOSTO,317,,PARNAMIRIM,,SUBURBIO,TOMBAMENTO,MOTOCICLISTA DERRAPOU NA VIA.,,1,,,,,,,,1,,Longo da via,Bom,Não existe,Perfeito estado,Seca,Perfeito estado,Não existe,Não há placas,60 km/h,Dupla,Faixa contínua,,
2019-03-30,14:28:00,SEM VÍTIMA,FINALIZADA,BAIRRO DO RECIFE,PTE BUARQUE DE MACEDO,,,AO LADO DO BANCO DO BRASIL,PTE BUARQUE DE MACEDO,,AO LADO DO BANCO DO BRASIL,BAIRRO DO RECIFE,19,CIDADE,ABALROAMENTO TRANSVERSAL,COLISÃO SEM VITIMA,1,,,,,1,,,,0,,Longo da via,Bom,Sem defeito,Perfeito estado,Seca,Perfeito estado,,Não há placas,60 km/h,Única,Não existe,,
2019-03-30,15:51:00,COM VÍTIMA,CANCELADA,CASA AMARELA,AV NORTE,,AV PROFESSOR JOSE DOS ANJOS,AO LADO DO SESC,AV NORTE,,AO LADO DO SESC,CASA AMARELA,364,SUBURBIO,COLISÃO,COLISÃO AUTO E MOTO,,,,,,,,,,1,,,,,,,,,,,,,,
2019-03-30,16:24:00,COM VÍTIMA,FINALIZADA,PINA,RUA MANOEL DE BRITO,,,EM FRENTE AO NUCLEO DE POLICIA BATALHÃO 19º. AO LADO DO RIOMAR .,RUA MANOEL DE BRITO,,EM FRENTE AO NUCLEO DE POLICIA BATALHÃO 19º. AO LADO DO RIOMAR .,PINA,659,SUBURBIO,ATROPELAMENTO,ONIBUS ATROPELOU UM PEDESTRE,,,,,1,1,,,,1,,Longo da via,Bom,Não existe,Perfeito estado,Seca,Perfeito estado,Faixa de pedestre,Outras,,Única,Não existe,,
2019-03-30,17:59:00,SEM VÍTIMA,CANCELADA,SANTO AMARO,PRC GENERAL CARLOS PINTO,,,E/F AO SHOPPING TACARUNA,PRC GENERAL CARLOS PINTO,,E/F AO SHOPPING TACARUNA,SANTO AMARO,,,COLISÃO,ENTRE 2 AUTOS. S/V,2,,,,,,,,,0,,,,,,,,,,,,,,
2019-03-30,19:13:00,SEM VÍTIMA,CANCELADA,BOA VIAGEM,AV CONSELHEIRO AGUIAR,960,RUA TOME GIBSON,PADARIA MIRAMAR,AV CONSELHEIRO AGUIAR,960,PADARIA MIRAMAR,BOA VIAGEM,,,COLISÃO,COLISÃO ENTRE DOIS AUTOS S/V,2,,,,,,,,,0,,,,,,,,,,,,,,
2019-03-30,19:56:00,SEM VÍTIMA,FINALIZADA,PINA,AV ANTONIO DE GOES,,RUA MANOEL DE BRITO,,AV ANTONIO DE GOES,,,PINA,103,CIDADE,ABALROAMENTO TRANSVERSAL,COLISÃO ENTRE DOIS AUTOS S/V,2,,,,,,,,,0,,Longo da via,Chuvoso,Sem defeito,Não existente,Molhada,Perfeito estado,Não existe,Não há placas,,Única,Faixa seccionada,,
2019-03-30,20:20:00,SEM VÍTIMA,FINALIZADA,JIQUIÁ,RUA PROFESSOR CALDAS FILHO,,RUA JOAO TEIXEIRA,,RUA PROFESSOR CALDAS FILHO,,,JIQUIÁ,,,ABALROAMENTO TRANSVERSAL,COLISÃO ENTRE DOIS AUTOS S/V,2,,,,,,,,,0,,Cruzamento,Chuvoso,Não existe,,Molhada,Mal iluminada,,Placas Pare,20 km/h,Dupla,Não existe,,
2019-03-30,20:49:00,SEM VÍTIMA,FINALIZADA,AFLITOS,AV CONS ROSA E SILVA,1117,,AO LADO DO Nº 1117,AV CONS ROSA E SILVA,1117,AO LADO DO Nº 1117,AFLITOS,,SUBURBIO,ABALROAMENTO LONGITUDINAL,COLISÃO ENTRE DOIS AUTOS S/V,2,,,,,,,,,0,,Longo da via,Chuvoso,Não existe,Ilegível,Molhada,Mal iluminada,Não existe,Não há placas,,Única,Faixa seccionada,,
2019-03-31,03:01:00,SEM VÍTIMA,FINALIZADA,IPUTINGA,AV CAXANGA,,,POSTO BR,AV CAXANGA,,POSTO BR,IPUTINGA,,SUBURBIO,CHOQUE VEÍCULO PARADO,COLISÃO ENTRE DOIS AUTOS S/V,2,,,,,,,,,0,,,Chuvoso,Não existe,Perfeito estado,Molhada,Perfeito estado,Não existe,Não há placas,,Dupla,Canteiro central,,
2019-03-31,07:19:00,SEM VÍTIMA,FINALIZADA,BOA VISTA,AV CONDE DA BOA VISTA,,RUA GERVASIO PIRES,FARMACIA DROGASIL,AV CONDE DA BOA VISTA,,FARMACIA DROGASIL,BOA VISTA,24,CIDADE,ABALROAMENTO LONGITUDINAL,COLISÃO SEM VITIMAS,1,,,,,1,,,,0,,Cruzamento,Bom,Sem defeito,Perfeito estado,Seca,Perfeito estado,Faixa de pedestre,Não há placas,,Única,Não existe,,
2019-03-31,07:24:00,SEM VÍTIMA,FINALIZADA,IBURA,AV CAMPINA GRANDE,51,RUA RIO TEFE,DELEGACIA DO IBURA,AV CAMPINA GRANDE,51,DELEGACIA DO IBURA,IBURA,,CIDADE,ABALROAMENTO LONGITUDINAL,COLISÃO SEM VITIMAS,2,,,,,,,,,0,,Longo da via,Chuvoso,Não existe,Incompleta,Molhada,Perfeito estado,Não existe,Outras,,Única,Não existe,,
2019-03-31,08:15:00,SEM VÍTIMA,FINALIZADA,IMBIRIBEIRA,AV MARECHAL MASCARENHAS DE MORAES,2169,,FACULDADE UNIVERSO,AV MARECHAL MASCARENHAS DE MORAES,2169,FACULDADE UNIVERSO,IMBIRIBEIRA,501,CIDADE,COLISÃO TRASEIRA,SEM VÍTIMAS,2,,,,,,,,,0,,Longo da via,Chuvoso,Com defeito,Perfeito estado,Molhada,Perfeito estado,Faixa de pedestre,R-6a,60 km/h,Única,Faixa contínua,,
2019-03-31,08:40:00,COM VÍTIMA,FINALIZADA,SÃO JOSÉ,AV SUL,,,PRÓXIMO AS TORRE GÊMEAS. EM FRENTE AO ARMAZÉM 16,AV SUL,,PRÓXIMO AS TORRE GÊMEAS. EM FRENTE AO ARMAZÉM 16,SÃO JOSÉ,26,CIDADE,TOMBAMENTO,O GM -  QUE ESTAVA EM SERVIÇO NO EVENTO DA CORRIDAS DAS PONTES  DERRAPOU NO TRILHO DE TREM.,,1,,,,,,,,1,,Longo da via,Chuvoso,Sem defeito,Perfeito estado,Molhada,Mal conservada,Outros,Outras,60 km/h,Dupla,Canteiro central,,
2019-03-31,10:03:00,SEM VÍTIMA,FINALIZADA,CASA AMARELA,AV NORTE,,,EM FRENTE AO SEMÁFORO 079,AV NORTE,,EM FRENTE AO SEMÁFORO 079,CASA AMARELA,79,CIDADE,COLISÃO TRASEIRA,COLISAO SEM VITIMAS,2,,,,,,,,,0,,Longo da via,Chuvoso,Sem defeito,Perfeito estado,Molhada,Perfeito estado,Faixa de pedestre,Outras,,Dupla,Faixa contínua,Faixa seccionada,Canteiro central
2019-03-31,12:21:00,COM VÍTIMA,FINALIZADA,IPSEP,RUA JEAN EMILE FAVRE,1338,RUA DR RAPOSO PINTO,EM FRENTE A DOMINO'S PIZZARIA,RUA JEAN EMILE FAVRE,1338,EM FRENTE A DOMINO'S PIZZARIA,IPSEP,,SUBURBIO,ATROPELAMENTO,VEICULO PERDEU O CONTROLE  INVADIU UMA LOJA E ATROPELOU UMA PESSOA.,1,,,,1,,,,,1,,Esquina,Chuvoso,Não existe,Perfeito estado,Molhada,Perfeito estado,,R-6a,40 km/h,Dupla,Faixa contínua,,
2019-03-31,12:26:00,SEM VÍTIMA,FINALIZADA,ALTO SANTA TERESINHA,RUA TAMBOARA,567,,,RUA TAMBOARA,567,,ALTO SANTA TERESINHA,,SUBURBIO,CHOQUE VEÍCULO PARADO,COLISÃO SEM VÍTIMA,2,1,,,,,,,,0,,Longo da via,Bom,Não existe,Incompleta,Seca,Perfeito estado,Não existe,Não há placas,,Dupla,Não existe,,
2019-03-31,12:31:00,SEM VÍTIMA,CANCELADA,AREIAS,AV RECIFE,,,EM FRENTE AO WALMART  SENTIDO BOA VIAGEM,AV RECIFE,,EM FRENTE AO WALMART  SENTIDO BOA VIAGEM,AREIAS,,,COLISÃO,AUTO E CAMINHAO S/V,1,,,,,,1,,,0,,,,,,,,,,,,,,
2019-03-31,12:48:00,SEM VÍTIMA,CANCELADA,AREIAS,RUA DONA ANA AURORA,39,,PROXIMO AO FRIGORIFICO BOI QUENTE  EM FRENTE A IGREJA CRISTA MARANATA,RUA DONA ANA AURORA,39,PROXIMO AO FRIGORIFICO BOI QUENTE  EM FRENTE A IGREJA CRISTA MARANATA,AREIAS,,,COLISÃO,COLISÃO SEM VÍTIMA,1,1,,,,,,,,0,,,,,,,,,,,,,,
2019-03-31,16:01:00,SEM VÍTIMA,CANCELADA,IPSEP,AV RECIFE,1540,,EM FRENTE A LVA LOGISTICA E TRANSPORTE / SENTIDO BOA VIAGEM,AV RECIFE,1540,EM FRENTE A LVA LOGISTICA E TRANSPORTE / SENTIDO BOA VIAGEM,IPSEP,,,COLISÃO,COLISÃO SEM VÍTIMA,2,,,,,,,,,0,,,,,,,,,,,,,,
2019-03-31,16:27:00,COM VÍTIMA,CANCELADA,SÍTIO DOS PINTOS,EST DOS PINTOS,500,,PROX. AO PARQUE SANTA MARIA,EST DOS PINTOS,500,PROX. AO PARQUE SANTA MARIA,SÍTIO DOS PINTOS,,,COLISÃO,ENTRE DUAS MOTOS C/V,,2,,,,,,,,1,,,,,,,,,,,,,,
2019-03-31,17:14:00,SEM VÍTIMA,FINALIZADA,DERBY,AV GOVERNADOR AGAMENON MAGALHAES,3265,,,AV GOVERNADOR AGAMENON MAGALHAES,3265,,DERBY,,SUBURBIO,COLISÃO TRASEIRA,ENTRE DOIS AUTOS S/V,2,,,,,,,,,0,,Longo da via,Bom,Não existe,Não existente,Seca,Perfeito estado,Agente,Placas Pare,,Dupla,Canteiro central,,
2019-03-31,18:16:00,SEM VÍTIMA,CANCELADA,GUABIRABA,RUA POETA SOLANO TRINDADE,35,,E/F AO HOTEL GALANTE,RUA POETA SOLANO TRINDADE,35,E/F AO HOTEL GALANTE,GUABIRABA,,,COLISÃO,ENTRE 2 AUTOS. S/V,2,,,,,,,,,0,,,,,,,,,,,,,,
2019-03-31,19:51:00,SEM VÍTIMA,FINALIZADA,PARNAMIRIM,AV FLOR DE SANTANA,118,,Nº 118,AV FLOR DE SANTANA,118,Nº 118,PARNAMIRIM,,SUBURBIO,CHOQUE VEÍCULO PARADO,COLISÃO SEM VITIMA/ CONDUTOR DA STRADA ESTÁ APARENTEMENTE ALCOOLIZADO,2,,,,,,,,,0,,Longo da via,Bom,Não existe,Perfeito estado,Seca,Perfeito estado,Não existe,Não há placas,,Dupla,Faixa seccionada,,
2019-04-01,00:34:00,SEM VÍTIMA,FINALIZADA,BOA VIAGEM,RUA VISCONDE DE JEQUITINHONHA,,RUA CAPITAO ZUZINHA,PRÓX A LOCALIZA,RUA VISCONDE DE JEQUITINHONHA,,PRÓX A LOCALIZA,BOA VIAGEM,433,SUBURBIO,ABALROAMENTO TRANSVERSAL,COLISÃO ENTRE DOIS AUTOS S/V,2,,,,,,,,,0,,Cruzamento,Chuvoso,Sem defeito,Perfeito estado,Molhada,Perfeito estado,Faixa de pedestre,Outras,,Única,Faixa contínua,Faixa seccionada,Canteiro central
2019-04-01,07:14:00,SEM VÍTIMA,FINALIZADA,IPSEP,RUA PROFESSOR JOSE VICENTE,505,,EM FRENTE AO MERCADINHO CONVENÇÃO,RUA PROFESSOR JOSE VICENTE,505,EM FRENTE AO MERCADINHO CONVENÇÃO,IPSEP,,CIDADE,ABALROAMENTO LONGITUDINAL,COLISAO DE DOIS AUTOS,2,,,,,,,,,0,,Cruzamento,Bom,Não existe,Não existente,Seca,Perfeito estado,Não existe,Não há placas,40 km/h,Única,Não existe,,
2019-04-01,07:30:00,SEM VÍTIMA,FINALIZADA,VÁRZEA,RUA EMILIANO BRAGA,,RUA PROFESSOR ANTONIO COELHO,AO LADO DO TERMINAL INTEGRADO CDU,RUA EMILIANO BRAGA,,AO LADO DO TERMINAL INTEGRADO CDU,VÁRZEA,,SUBURBIO,COLISÃO TRASEIRA,COLISÃO ÔNIBUS / AUTO PASSEIO,1,,,,,1,,,,0,,Cruzamento,Bom,Não existe,Perfeito estado,Seca,Perfeito estado,Não existe,Placas Pare,30 km/h,Única,Faixa seccionada,,
2019-04-01,08:17:00,SEM VÍTIMA,FINALIZADA,SANTO AMARO,AV CRUZ CABUGA,,AV MARIO MELO,,AV CRUZ CABUGA,,,SANTO AMARO,171,SUBURBIO,ABALROAMENTO LONGITUDINAL,SEM VITIMAS,2,,,,,,,,,0,,Longo da via,Bom,Sem defeito,Perfeito estado,Seca,Perfeito estado,Faixa de pedestre,Outras,,Dupla,Faixa contínua,,
2019-04-01,08:19:00,SEM VÍTIMA,CANCELADA,BONGI,AV ENGENHEIRO ABDIAS DE CARVALHO,,RUA JOAO IVO DA SILVA,EM FRENTE A HABIB'S,AV ENGENHEIRO ABDIAS DE CARVALHO,,EM FRENTE A HABIB'S,BONGI,132,,COLISÃO,DOIS AUTOS,2,,,,,,,,,0,,,,,,,,,,,,,,
2019-04-01,08:31:00,SEM VÍTIMA,FINALIZADA,IPUTINGA,AV CAXANGA,,RUA PROFESSOR CHAVES BATISTA,EM FRENTE AO RESTAURANTE BOI E BRASA,AV CAXANGA,,EM FRENTE AO RESTAURANTE BOI E BRASA,IPUTINGA,230,,ABALROAMENTO LONGITUDINAL,DOIS AUTOS,2,,,,,,,,,0,,Cruzamento,Bom,Sem defeito,Perfeito estado,Seca,Perfeito estado,Faixa de pedestre,Não há placas,,Dupla,Canteiro central,,
2019-04-01,08:35:00,COM VÍTIMA,FINALIZADA,PINA,AV HERCULANO BANDEIRA,949,RUA ARQUITETO AUGUSTO REINALDO,AO LADO DO CENTRO DE SOLICITAÇÃO DE VISTO AMERICANO E JBS VEÍCULOS.,AV HERCULANO BANDEIRA,949,AO LADO DO CENTRO DE SOLICITAÇÃO DE VISTO AMERICANO E JBS VEÍCULOS.,PINA,660,SUBURBIO,ABALROAMENTO TRANSVERSAL,COLISÃO ENTRE AUTOMÓVEL E MOTOCICLETA.,1,1,,,,,,,,1,,Cruzamento,Bom,Sem defeito,Perfeito estado,Seca,Perfeito estado,Faixa de pedestre,Não há placas,60 km/h,Única,Faixa seccionada,,
2019-04-01,08:40:00,SEM VÍTIMA,FINALIZADA,CASA AMARELA,RUA PADRE LEMOS,,,SOB O SEMÁFORO 066,RUA PADRE LEMOS,,SOB O SEMÁFORO 066,CASA AMARELA,66,SUBURBIO,ABALROAMENTO LONGITUDINAL,COLISÃO AUTO E ONIBUS,1,,,,,1,,,,0,,Cruzamento,Bom,Sem defeito,Perfeito estado,Seca,Perfeito estado,Faixa de pedestre,Outras,,Dupla,Faixa contínua,,
2019-04-01,08:43:00,SEM VÍTIMA,FINALIZADA,BOA VISTA,PTE PRINCESA IZABEL,,RUA DO SOL,SOBRE Á PONTE,PTE PRINCESA IZABEL,,SOBRE Á PONTE,BOA VISTA,,CIDADE,ABALROAMENTO LONGITUDINAL,COLISÃO AUTO E ONIBUS,1,,,,,1,,,,0,,Longo da via,Bom,Sem defeito,Perfeito estado,Seca,Perfeito estado,Não existe,Não há placas,,Dupla,Faixa contínua,,
2019-04-01,08:58:00,SEM VÍTIMA,FINALIZADA,IMBIRIBEIRA,AV MARECHAL MASCARENHAS DE MORAES,,,EM FRENTE A FERREIRA COSTA,AV MARECHAL MASCARENHAS DE MORAES,,EM FRENTE A FERREIRA COSTA,IMBIRIBEIRA,,CIDADE,ABALROAMENTO LONGITUDINAL,UM AUTO E UM CAMINHÃO,1,,,,,,1,,,0,,Longo da via,Bom,Sem defeito,Perfeito estado,Seca,Perfeito estado,,,60 km/h,Dupla,Canteiro central,,