data,hora,natureza_acidente,situacao,bairro,endereco,numero,detalhe_endereco_acidente,complemento,endereco_cruzamento,numero_cruzamento,referencia_cruzamento,bairro_cruzamento,num_semaforo,sentido_via,tipo,descricao,auto,moto,ciclom,ciclista,pedestre,onibus,caminhao,viatura,outros,vitimas,vitimasfatais,acidente_verificado,tempo_clima,situacao_semaforo,sinalizacao,condicao_via,conservacao_via,ponto_controle,situacao_placa,velocidade_max_via,mao_direcao,divisao_via1,divisao_via2,divisao_via3
2019-04-02,18:20:00,SEM VÍTIMA,FINALIZADA,BOA VIAGEM,AV ENGENHEIRO DOMINGOS FERREIRA,,,EM FRENTE AO BRADESCO,AV ENGENHEIRO DOMINGOS FERREIRA,,EM FRENTE AO BRADESCO,BOA VIAGEM,,SUBURBIO,ABALROAMENTO LONGITUDINAL,ONIBUS E AUTO SEM VITIMAS,1,,,,,1,,,,0,,Longo da via,Bom,Não existe,Perfeito estado,Seca,Perfeito estado,,Não há placas,60 km/h,Única,Faixa contínua,,
2019-04-02,18:26:00,SEM VÍTIMA,FINALIZADA,TORRE,RUA JOSE BONIFACIO,636,,ENF AO CARLITOS BURGUER,RUA JOSE BONIFACIO,636,ENF AO CARLITOS BURGUER,TORRE,,SUBURBIO,COLISÃO TRASEIRA,HB 20 X SIENA,2,,,,,,,,,0,,Longo da via,Bom,Sem defeito,Perfeito estado,Seca,Perfeito estado,Faixa de pedestre,R-6a,40 km/h,Única,Faixa seccionada,,
2019-04-02,18:38:00,SEM VÍTIMA,CANCELADA,CAMPINA DO BARRETO,RUA TENENTE WANDERLEY,669,,NO TERMINAL DA CAMPINA DO BARRETO,RUA TENENTE WANDERLEY,669,NO TERMINAL DA CAMPINA DO BARRETO,CAMPINA DO BARRETO,,,COLISÃO,ONIBUS E AUTO SEM VITIMAS,1,,,,,1,,,,0,,,,,,,,,,,,,,
2019-04-02,19:04:00,SEM VÍTIMA,FINALIZADA,CORDEIRO,RUA TAMBORIL,66,RUA ARARANGUA,,RUA TAMBORIL,66,,CORDEIRO,,SUBURBIO,ABALROAMENTO TRANSVERSAL,VAN ESCOLA X HONDA CIT,1,,,,,1,,,,0,,Cruzamento,Bom,Não existe,Incompleta,Seca,Mal conservada,Faixa de retenção,Placas Pare,,Dupla,Não existe,,
2019-04-02,19:14:00,COM VÍTIMA,FINALIZADA,CASA FORTE,RUA DONA ADA VIEIRA,120,RUA SANT'ANNA,BUFFET PORTO FINO,RUA DONA ADA VIEIRA,120,BUFFET PORTO FINO,CASA FORTE,,SUBURBIO,COLISÃO COM CICLISTA,COLISÃO ENTRE AUTOMÓVEL E BICICLETA.,1,,,1,,,,,,2,,Cruzamento,Bom,Não existe,Perfeito estado,Seca,Perfeito estado,Não existe,Placas Pare,,Dupla,Faixa seccionada,,
2019-04-02,20:02:00,SEM VÍTIMA,FINALIZADA,BOA VIAGEM,AV ENGENHEIRO DOMINGOS FERREIRA,4650,,EM FRENTE AO Nº 4650,AV ENGENHEIRO DOMINGOS FERREIRA,4650,EM FRENTE AO Nº 4650,BOA VIAGEM,,SUBURBIO,COLISÃO TRASEIRA,COLISÃO AUTO E ONIBUS,1,,,,,1,,,,0,,Longo da via,Bom,Não existe,Perfeito estado,Seca,Perfeito estado,Não existe,Não há placas,,Única,Faixa contínua,,
2019-04-02,22:31:00,SEM VÍTIMA,FINALIZADA,IPUTINGA,AV CAXANGA,,AV PROFESSOR MORAES REGO,,AV CAXANGA,,,IPUTINGA,,SUBURBIO,ABALROAMENTO LONGITUDINAL,VAN ESCOLAR X FIAT UNO,1,,,,,1,,,,0,,,Bom,Não existe,Perfeito estado,Seca,,Faixa de retenção,Não há placas,,Dupla,Canteiro central,,
2019-04-02,22:49:00,SEM VÍTIMA,FINALIZADA,VÁRZEA,RUA GENERAL POLIDORO,,,AO LADO ACADEMIA REEF,RUA GENERAL POLIDORO,,AO LADO ACADEMIA REEF,VÁRZEA,,SUBURBIO,ABALROAMENTO LONGITUDINAL,DOIS AUTOS PASSEIO,2,,,,,,,,,0,,Longo da via,Bom,Não existe,Perfeito estado,Seca,Perfeito estado,Agente,Não há placas,,Única,,,
2019-04-03,06:35:00,SEM VÍTIMA,CANCELADA,AFOGADOS,RUA PROFESSOR AUGUSTO WANDERLEY FILHO,4631,RUA MOTOCOLOMBO,EM FRENTE AO TRT-6º REGIAO,RUA PROFESSOR AUGUSTO WANDERLEY FILHO,4631,EM FRENTE AO TRT-6º REGIAO,AFOGADOS,,,COLISÃO,DOIS AUTOS,2,,,,,,,,,0,,,,,,,,,,,,,,
2019-04-03,06:51:00,COM VÍTIMA,FINALIZADA,BOA VISTA,RUA JOSE DE ALENCAR,137,RUA BARAO DE SAO BORJA,EM FRENTE AO EDF JOSE DE ALENCAR,RUA JOSE DE ALENCAR,137,EM FRENTE AO EDF JOSE DE ALENCAR,BOA VISTA,,SUBURBIO,ABALROAMENTO TRANSVERSAL,COLISÃO ENTRE DOIS AUTOMÓVEIS.,2,,,,,,,,,1,,Cruzamento,Bom,Não existe,Perfeito estado,Seca,Perfeito estado,Faixa de retenção,Placas Pare,,Única,,,
2019-04-03,08:11:00,SEM VÍTIMA,FINALIZADA,BOA VIAGEM,AV BOA VIAGEM,5740,,EM FRENTE AO EDF. MANOEL DE BRITO,AV BOA VIAGEM,5740,EM FRENTE AO EDF. MANOEL DE BRITO,BOA VIAGEM,,CIDADE,COLISÃO TRASEIRA,DOIS AUTOS,2,,,,,,,,,0,,Longo da via,Bom,Sem defeito,Perfeito estado,Seca,Perfeito estado,Não existe,Não há placas,,Única,Faixa contínua,,
2019-04-03,09:58:00,SEM VÍTIMA,FINALIZADA,DERBY,PRC DO DERBY,,RUA JENER DE SOUZA,,PRC DO DERBY,,,DERBY,418,SUBURBIO,ABALROAMENTO TRANSVERSAL,COLISÃO SEM VITIMAS,2,,,,,,,,,0,,Cruzamento,Bom,Sem defeito,Perfeito estado,Seca,Perfeito estado,Faixa de pedestre,Outras,60 km/h,Única,Faixa seccionada,,
2019-04-03,10:38:00,SEM VÍTIMA,CANCELADA,ILHA DO RETIRO,RUA SPORT CLUBE DO RECIFE,,,EM FRENTE AO RESTAURANTE VARANDA,RUA SPORT CLUBE DO RECIFE,,EM FRENTE AO RESTAURANTE VARANDA,ILHA DO RETIRO,,,COLISÃO,COLISÃO SEM VITIMAS,2,,,,,,,,,0,,,,,,,,,,,,,,
2019-04-03,10:48:00,SEM VÍTIMA,FINALIZADA,CORDEIRO,RUA ODETE MONTEIRO,96,,,RUA ODETE MONTEIRO,96,,CÓRREGO DO JENIPAPO,,CIDADE,COLISÃO TRASEIRA,COLISÃO SEM VITIMAS,2,,,,,,,,,0,,Longo da via,Bom,Sem defeito,Perfeito estado,Seca,Perfeito estado,Outros,Outras,,Dupla,Faixa seccionada,,
2019-04-03,10:50:00,COM VÍTIMA,FINALIZADA,IMBIRIBEIRA,AV MARECHAL MASCARENHAS DE MORAES,,,EM FRENTE AO AEROPORTO INTERNACIONAL DO RECIFE.,AV MARECHAL MASCARENHAS DE MORAES,,EM FRENTE AO AEROPORTO INTERNACIONAL DO RECIFE.,IMBIRIBEIRA,,SUBURBIO,CHOQUE OBJETO FIXO,CHOQUE ENTRE MOTOCICLETA E OBJETO FIXO NÃO INFORMADO.,,1,,,,,,,,1,,Viaduto,Bom,Não existe,Perfeito estado,Seca,Perfeito estado,Não existe,Não há placas,,Dupla,Canteiro central,,
2019-04-03,10:59:00,SEM VÍTIMA,FINALIZADA,DERBY,AV GOVERNADOR AGAMENON MAGALHAES,,,EM FRENTE AO HOSPITAL DA RESTAURAÇÃO,AV GOVERNADOR AGAMENON MAGALHAES,,EM FRENTE AO HOSPITAL DA RESTAURAÇÃO,DERBY,174,CIDADE,ABALROAMENTO LONGITUDINAL,SEM VITMAS,3,,,,,,,,,0,,Longo da via,Bom,Sem defeito,Perfeito estado,Seca,Perfeito estado,Faixa de pedestre,,60 km/h,Dupla,Canal,,
2019-04-03,11:26:00,SEM VÍTIMA,CANCELADA,BAIRRO DO RECIFE,CAIS DA ALFANDEGA,27,,AO LADO DO PREDIO DA VOTORANTIM,CAIS DA ALFANDEGA,27,AO LADO DO PREDIO DA VOTORANTIM,BAIRRO DO RECIFE,,,COLISÃO,DOIS AUTOS,2,,,,,,,,,0,,,,,,,,,,,,,,
2019-04-03,12:07:00,SEM VÍTIMA,FINALIZADA,SANTO AMARO,RUA TREZE DE MAIO,914A,RUA FREI CASSIMIRO,,RUA TREZE DE MAIO,914A,,SANTO AMARO,,,ABALROAMENTO TRANSVERSAL,COLISÃO SEM VÍTIMA,2,,,,,,,,,0,,Cruzamento,Bom,Não existe,Incompleta,Seca,Mal conservada,Não existe,Não há placas,60 km/h,Dupla,Não existe,,
2019-04-03,12:11:00,SEM VÍTIMA,FINALIZADA,SANTO AMARO,AV GOVERNADOR AGAMENON MAGALHAES,1800,,NA FRENTE DO MINISTERIO PÚBLICO FEDERAL,AV GOVERNADOR AGAMENON MAGALHAES,1800,NA FRENTE DO MINISTERIO PÚBLICO FEDERAL,SANTO AMARO,,,ABALROAMENTO LONGITUDINAL,COLISA SEM VITIMAS,2,,,,,,,,,0,,Longo da via,Bom,Não existe,Perfeito estado,Seca,Perfeito estado,Não existe,Não há placas,60 km/h,,Faixa seccionada,,
2019-04-03,14:07:00,SEM VÍTIMA,FINALIZADA,BOA VIAGEM,AV ENGENHEIRO DOMINGOS FERREIRA,,,E/F AO POSTO BR,AV ENGENHEIRO DOMINGOS FERREIRA,,E/F AO POSTO BR,BOA VIAGEM,,SUBURBIO,COLISÃO TRASEIRA,COLISAO ENTRE DOIS AUTOS S/V,2,,,,,,,,,0,,Longo da via,Bom,Não existe,Perfeito estado,Seca,Perfeito estado,Não existe,R-6a,60 km/h,Única,Canteiro central,,
2019-04-03,14:21:00,SEM VÍTIMA,FINALIZADA,BOA VIAGEM,RUA VISCONDE DE JEQUITINHONHA,1140,,PRÓXIMO AO PARQUE DONA LINDU,RUA VISCONDE DE JEQUITINHONHA,1140,PRÓXIMO AO PARQUE DONA LINDU,BOA VIAGEM,,SUBURBIO,COLISÃO TRASEIRA,ENGAVETAMENTO DE TRES VEICULOS,3,,,,,,,,,0,,Longo da via,Bom,Sem defeito,Perfeito estado,Seca,Perfeito estado,Faixa de pedestre,,,Dupla,Canteiro central,,
2019-04-03,14:43:00,SEM VÍTIMA,FINALIZADA,IPUTINGA,AV CAXANGA,,,SOB O VIADUTO DA BR 101,AV CAXANGA,,SOB O VIADUTO DA BR 101,IPUTINGA,,CIDADE,ABALROAMENTO LONGITUDINAL,COLISAO ENTRE DOIS AUTOS S/V,2,,,,,,,,,0,,Longo da via,Bom,Não existe,Não existente,,Mal conservada,Não existe,Não há placas,,Dupla,Canteiro central,,
2019-04-03,16:30:00,SEM VÍTIMA,FINALIZADA,MADALENA,RUA BENFICA,1015,,,RUA BENFICA,1015,,MADALENA,,CIDADE,ABALROAMENTO LONGITUDINAL,COLISÃO SEM VÍTIMA,2,,,,,,,,,0,,Longo da via,Bom,Não existe,Perfeito estado,Seca,Perfeito estado,Outros,Outras,,Dupla,Faixa contínua,Faixa seccionada,
2019-04-03,16:54:00,SEM VÍTIMA,CANCELADA,ENGENHO DO MEIO,RUA MAURICEIA,,,AO LADO DA SUDENE,RUA MAURICEIA,,AO LADO DA SUDENE,ENGENHO DO MEIO,,,COLISÃO,COLISÃO SEM VÍTIMA,,,,,,,,,,0,,,,,,,,,,,,,,
2019-04-03,17:05:00,SEM VÍTIMA,FINALIZADA,ROSARINHO,RUA DES MARTINS PEREIRA,344,,VIAJE COM DARCY,RUA DES MARTINS PEREIRA,344,VIAJE COM DARCY,ROSARINHO,,SUBURBIO,ABALROAMENTO LONGITUDINAL,COLISÃO SEM VÍTIMA,2,,,,,,,,,0,,Longo da via,Bom,Não existe,Perfeito estado,Seca,Perfeito estado,Não existe,Outras,,Única,Não existe,,
2019-04-03,17:34:00,SEM VÍTIMA,FINALIZADA,PONTO DE PARADA,RUA PROFESSOR JERONIMO GUEIROS,,RUA DONA ELVIRA,,RUA PROFESSOR JERONIMO GUEIROS,,,PONTO DE PARADA,,,ABALROAMENTO TRANSVERSAL,COLISAO ENTRE DOIS AUTOS S/V,2,,,,,,,,,0,,Cruzamento,Bom,Não existe,Incompleta,Seca,Perfeito estado,Não existe,,,,,,
2019-04-03,17:59:00,SEM VÍTIMA,CANCELADA,IMBIRIBEIRA,AV MARECHAL MASCARENHAS DE MORAES,,,NA DESCIDA DA PONTE MOTOCOLOMBÓ  SNT CENTRO - BV,AV MARECHAL MASCARENHAS DE MORAES,,NA DESCIDA DA PONTE MOTOCOLOMBÓ  SNT CENTRO - BV,IMBIRIBEIRA,,,COLISÃO,ENTRE 2 AUTOS. S/V,2,,,,,,,,,0,,,,,,,,,,,,,,
2019-04-03,19:06:00,SEM VÍTIMA,CANCELADA,VÁRZEA,AV AFONSO OLINDENSE,45,,E/F AO DESAFIO JOVEM / PRÓX A PRC DA VÁRZEA,AV AFONSO OLINDENSE,45,E/F AO DESAFIO JOVEM / PRÓX A PRC DA VÁRZEA,VÁRZEA,,,COLISÃO,ENTRE CAMINHÃO E AUTO.,1,,,,,,1,,,0,,,,,,,,,,,,,,
2019-04-03,18:47:00,COM VÍTIMA,FINALIZADA,ENCRUZILHADA,RUA INACIO GALVAO DOS SANTOS,,RUA FERNANDO CESAR,PRAÇA DON MIGUEL VALVERDE,RUA INACIO GALVAO DOS SANTOS,,PRAÇA DON MIGUEL VALVERDE,ENCRUZILHADA,,,ABALROAMENTO TRANSVERSAL,COLISÃO ENTRE AUTOMÓVEL E MOTOCICLETA.,1,1,,,,,,,,1,,Cruzamento,Bom,Não existe,Incompleta,Seca,,,Placas Pare,,Única,Não existe,,
2019-04-03,19:00:00,SEM VÍTIMA,FINALIZADA,IMBIRIBEIRA,AV DOM JOAO VI,20,AV ANTONIO TORRES GALVAO,PROX AO POSTO BR,AV DOM JOAO VI,20,PROX AO POSTO BR,IMBIRIBEIRA,543,SUBURBIO,ABALROAMENTO LONGITUDINAL,MERCEDES X TUCSON,2,,,,,,,,,0,,Longo da via,Bom,Sem defeito,Perfeito estado,Seca,Mal iluminada,Faixa de pedestre,R-25a,50 km/h,Única,Não existe,,
2019-04-03,19:35:00,SEM VÍTIMA,FINALIZADA,IMBIRIBEIRA,AV MARECHAL MASCARENHAS DE MORAES,7935,,V.A FREIOS E DIREÇÕES HIDRÁULICAS,AV MARECHAL MASCARENHAS DE MORAES,7935,V.A FREIOS E DIREÇÕES HIDRÁULICAS,IMBIRIBEIRA,,SUBURBIO,ABALROAMENTO LONGITUDINAL,ENTRE 2 AUTOS. S/V,2,,,,,,,,,0,,,Chuvoso,Não existe,Não existente,Molhada,Mal iluminada,,Não há placas,50 km/h,Dupla,Canteiro central,,
2019-04-03,19:54:00,SEM VÍTIMA,FINALIZADA,IMBIRIBEIRA,AV DOM JOAO VI,20,AV ANTONIO TORRES GALVAO,ESQUINA COM O POSTO BR,AV DOM JOAO VI,20,ESQUINA COM O POSTO BR,IMBIRIBEIRA,,SUBURBIO,ABALROAMENTO LONGITUDINAL,ENTRE 2 AUTOS. S/V,2,,,,,,,,,0,,Longo da via,Bom,Sem defeito,Perfeito estado,Seca,Mal iluminada,Faixa de pedestre,Placas Pare,,Única,Não existe,,
2019-04-03,20:04:00,SEM VÍTIMA,FINALIZADA,BOA VISTA,RUA DOM BOSCO,,,AO LADO DA DROGASIL,RUA DOM BOSCO,,AO LADO DA DROGASIL,BOA VISTA,174,SUBURBIO,COLISÃO TRASEIRA,ENTRE AUTO PASSEIO E ÔNIBUS. S/V,1,,,,,1,,,,0,,Longo da via,Bom,Sem defeito,Perfeito estado,Seca,Perfeito estado,Faixa de pedestre,,,Única,Faixa seccionada,,
2019-04-03,20:11:00,SEM VÍTIMA,FINALIZADA,SAN MARTIN,AV GENERAL SAN MARTIN,,RUA JOSE VELOSO,RUA APULCRO DE ASSUNÇÃO,AV GENERAL SAN MARTIN,,RUA APULCRO DE ASSUNÇÃO,SAN MARTIN,,SUBURBIO,ABALROAMENTO TRANSVERSAL,HB 20 X ONIX,2,,,,,,,,,0,,Cruzamento,Bom,Não existe,Não existente,Seca,Mal iluminada,Não existe,Não há placas,,Dupla,Não existe,,
2019-04-03,20:25:00,SEM VÍTIMA,FINALIZADA,IMBIRIBEIRA,RUA GENERAL GOES MONTEIRO,182,RUA ENGENHEIRO JOSE BRANDAO CAVALCANTE,ADVOGADOS ARAUJO E MOURA,RUA GENERAL GOES MONTEIRO,182,ADVOGADOS ARAUJO E MOURA,IMBIRIBEIRA,,SUBURBIO,ABALROAMENTO LONGITUDINAL,ENTRE 2 AUTOS. S/V,2,,,,,,,,,0,,Cruzamento,Bom,Não existe,Incompleta,Seca,Mal iluminada,Não existe,Placas Pare,,Única,Não existe,,
2019-04-03,20:43:00,SEM VÍTIMA,FINALIZADA,CORDEIRO,AV CAXANGA,,,LADO OPOSTO A FACULDADE IMACULADA CONCEIÇÃO DO RECIFE,AV CAXANGA,,LADO OPOSTO A FACULDADE IMACULADA CONCEIÇÃO DO RECIFE,CORDEIRO,,SUBURBIO,COLISÃO TRASEIRA,ENTRE 3 AUTOS. S/V,3,,,,,,,,,0,,Longo da via,Chuvoso,Não existe,Ilegível,Molhada,Mal iluminada,Não existe,Não há placas,60 km/h,Dupla,Canteiro central,,
2019-04-03,20:51:00,SEM VÍTIMA,FINALIZADA,IMBIRIBEIRA,AV MARECHAL MASCARENHAS DE MORAES,,,POR BAIXO DO VIADUTO TRANC NEVES,AV MARECHAL MASCARENHAS DE MORAES,,POR BAIXO DO VIADUTO TRANC NEVES,IMBIRIBEIRA,,CIDADE,ABALROAMENTO LONGITUDINAL,ENTRE AUTO E ÕNIBUS. S/V,1,,,,,1,,,,0,,Longo da via,Chuvoso,Sem defeito,Perfeito estado,Molhada,Perfeito estado,,Não há placas,50 km/h,Dupla,Canteiro central,,
2019-04-03,21:41:00,SEM VÍTIMA,FINALIZADA,BOA VIAGEM,RUA PROFESSOR JOAO MEDEIROS,,RUA JACK AYRES,AO LADO DO RESTAURANTE PAPA-CAPIM,RUA PROFESSOR JOAO MEDEIROS,,AO LADO DO RESTAURANTE PAPA-CAPIM,BOA VIAGEM,183,CIDADE,COLISÃO TRASEIRA,SANDERO X CITROEN C3,2,,,,,,,,,0,,Cruzamento,Bom,Sem defeito,Perfeito estado,Seca,Perfeito estado,,R-6a,,Dupla,Faixa seccionada,Canal,
2019-04-04,00:53:00,SEM VÍTIMA,FINALIZADA,BOA VISTA,AV CONDE DA BOA VISTA,,RUA DA SOLEDADE,,AV CONDE DA BOA VISTA,,,BOA VISTA,25,,ABALROAMENTO TRANSVERSAL,COLISÃO AUTO E ONIBUS,1,,,,,1,,,,0,,Cruzamento,Chuvoso,Sem defeito,Perfeito estado,Molhada,Perfeito estado,,R-6a,,Dupla,Faixa contínua,,
2019-04-04,06:17:00,SEM VÍTIMA,FINALIZADA,PRADO,AV ENGENHEIRO ABDIAS DE CARVALHO,,RUA JOAO IVO DA SILVA,EM FRENTE A GRANVIA,AV ENGENHEIRO ABDIAS DE CARVALHO,,EM FRENTE A GRANVIA,PRADO,132,CIDADE,COLISÃO TRASEIRA,SEM VITiMAS,3,,,,,,,,,0,,Longo da via,Bom,Sem defeito,Perfeito estado,Seca,Perfeito estado,Faixa de retenção,,60 km/h,Dupla,Canteiro central,,
2019-04-04,07:14:00,COM VÍTIMA,FINALIZADA,BOMBA DO HEMETÉRIO,RUA BOMBA DO HEMETERIO,155,,EM FRENTE A EDVALDO BEBIDAS. PARADA DE ÔNIBUS Nº 120029,RUA BOMBA DO HEMETERIO,155,EM FRENTE A EDVALDO BEBIDAS. PARADA DE ÔNIBUS Nº 120029,BOMBA DO HEMETÉRIO,,CIDADE,ABALROAMENTO LONGITUDINAL,COLISÃO ENTRE AUTOMÓVEL  ÔNIBUS E MOTOCICLETA.,1,1,,,,1,,,,1,,Longo da via,Bom,Não existe,Perfeito estado,Seca,Perfeito estado,Não existe,Não há placas,,Dupla,Faixa seccionada,,
2019-04-04,07:15:00,SEM VÍTIMA,FINALIZADA,CASA AMARELA,AV NORTE,,RUA AVIADOR REGO BARROS,,AV NORTE,,,CASA AMARELA,,SUBURBIO,COLISÃO TRASEIRA,COLISÃO SEM VITIMAS,2,,,,,,,,,0,,Longo da via,Bom,Não existe,Perfeito estado,Seca,Perfeito estado,Outros,R-6a,,Dupla,Faixa seccionada,Canteiro central,
2019-04-04,07:22:00,SEM VÍTIMA,FINALIZADA,CIDADE UNIVERSITÁRIA,RUA DEPUTADO CUNHA RABELO,273,,COLÉGIO GERAÇÃO,RUA DEPUTADO CUNHA RABELO,273,COLÉGIO GERAÇÃO,CIDADE UNIVERSITÁRIA,,SUBURBIO,COLISÃO FRONTAL,SEM VITIMAS,2,,,,,,,,,0,,Longo da via,Bom,Não existe,Não existente,Seca,Mal conservada,Não existe,Não há placas,,Dupla,Não existe,,
2019-04-04,08:02:00,SEM VÍTIMA,FINALIZADA,MADALENA,AV VISCONDE DE ALBUQUERQUE,,RUA LOPES DE CARVALHO,,AV VISCONDE DE ALBUQUERQUE,,,MADALENA,,SUBURBIO,ABALROAMENTO LONGITUDINAL,COLISÃO SEM VITIMAS,2,,,,,,,,,0,,Cruzamento,Bom,Não existe,Perfeito estado,Seca,Perfeito estado,Não existe,Não há placas,,Única,Faixa seccionada,,
2019-04-04,08:36:00,SEM VÍTIMA,FINALIZADA,ENGENHO DO MEIO,RUA ANTONIO CURADO,35,,,RUA ANTONIO CURADO,35,,ENGENHO DO MEIO,,CIDADE,ABALROAMENTO LONGITUDINAL,CAMINHAO E AUTO PASSEIO,1,,,,,,1,,,0,,Longo da via,Bom,Não existe,Perfeito estado,Seca,Perfeito estado,Não existe,,40 km/h,Dupla,Não existe,,
2019-04-04,08:48:00,SEM VÍTIMA,CANCELADA,TORRE,RUA PADRE ANCHIETA,,RUA REAL DA TORRE,EM FRENTE A LANCHONETE CONFRARIA DO SANDUBA,RUA PADRE ANCHIETA,,EM FRENTE A LANCHONETE CONFRARIA DO SANDUBA,TORRE,192,,COLISÃO,SEM VITIMAS,2,,,,,,,,,0,,,,,,,,,,,,,,
2019-04-04,09:37:00,SEM VÍTIMA,FINALIZADA,BOA VIAGEM,AV DES JOSE NEVES,,RUA BARAO DE SOUZA LEAO,SEMÁFORO DE Nº 476,AV DES JOSE NEVES,,SEMÁFORO DE Nº 476,BOA VIAGEM,476,SUBURBIO,ABALROAMENTO LONGITUDINAL,SEM VITIMAS,2,,,,,,,,,0,,Cruzamento,Bom,Sem defeito,Perfeito estado,Seca,Perfeito estado,Faixa de pedestre,R-6a,,Dupla,Canteiro central,,
2019-04-04,09:42:00,SEM VÍTIMA,FINALIZADA,CAJUEIRO,AV CIDADE DE MONTEIRO,,,EM FRENTE A PARADA DE ÔNBUS DE Nº 130307,AV CIDADE DE MONTEIRO,,EM FRENTE A PARADA DE ÔNBUS DE Nº 130307,CAJUEIRO,,SUBURBIO,ABALROAMENTO LONGITUDINAL,ONIBUS E AUTO PASSEIO,1,,,,,1,,,,0,,Longo da via,Bom,Não existe,Ilegível,Seca,Perfeito estado,Não existe,Outras,,Dupla,,,
2019-04-04,09:43:00,SEM VÍTIMA,CANCELADA,TORRE,RUA JOSE BONIFACIO,621,,AO LADO DE MONICA CABELEREIRO,RUA JOSE BONIFACIO,621,AO LADO DE MONICA CABELEREIRO,TORRE,191,,COLISÃO,SEM VITIMAS,1,1,,,,,,,,0,,,,,,,,,,,,,,
2019-04-04,10:18:00,COM VÍTIMA,FINALIZADA,IMBIRIBEIRA,RUA ITAJAI,162,RUA ITACARI,RUA DO INOVE,RUA ITAJAI,162,RUA DO INOVE,IMBIRIBEIRA,,SUBURBIO,ABALROAMENTO TRANSVERSAL,MOTO / AUTO PASSEIO,1,1,,,,,,,,1,,Cruzamento,Bom,Não existe,Perfeito estado,Seca,Perfeito estado,Faixa de pedestre,Placas Pare,,Única,Faixa contínua,Faixa seccionada,
2019-04-04,10:33:00,SEM VÍTIMA,CANCELADA,BOA VIAGEM,RUA SA E SOUZA,725,RUA DR LUIZ INACIO PESSOA DE MELO,EM FRENTE AO EMPRESARIAL SÁ E SOUZA,RUA SA E SOUZA,725,EM FRENTE AO EMPRESARIAL SÁ E SOUZA,BOA VIAGEM,,,COLISÃO,SEM VITIMAS,,1,,,,,1,,,0,,,,,,,,,,,,,,
2019-04-04,10:56:00,SEM VÍTIMA,FINALIZADA,PINA,PTE GOVERNADOR PAULO GUERRA,,,AO LADO DA COMPESA,PTE GOVERNADOR PAULO GUERRA,,AO LADO DA COMPESA,PINA,,,COLISÃO FRONTAL,COLISÃO SEM VITIMAS,1,1,,,,,,,,0,,Longo da via,Bom,Não existe,Perfeito estado,Seca,Perfeito estado,Não existe,Não há placas,60 km/h,Única,Faixa contínua,,
2019-04-04,11:17:00,SEM VÍTIMA,FINALIZADA,DERBY,AV GOVERNADOR AGAMENON MAGALHAES,,,EM FRENTE AO HOSPITAL DA RESTAURAÇAO ( EMERGÊNCIA CLÍNICA),AV GOVERNADOR AGAMENON MAGALHAES,,EM FRENTE AO HOSPITAL DA RESTAURAÇAO ( EMERGÊNCIA CLÍNICA),DERBY,650,,COLISÃO TRASEIRA,DOIS AUTOS,2,,,,,,,,,0,,Longo da via,Bom,Sem defeito,Perfeito estado,Seca,Perfeito estado,Faixa de pedestre,Não há placas,,Dupla,Faixa contínua,,
2019-04-04,11:39:00,SEM VÍTIMA,FINALIZADA,BOA VISTA,RUA BARAO DE SAO BORJA,308,RUA DA SOLEDADE,,RUA BARAO DE SAO BORJA,308,,BOA VISTA,,SUBURBIO,ABALROAMENTO LONGITUDINAL,SEM VITIMAS,1,,,,,1,,,,0,,Longo da via,Bom,Sem defeito,Incompleta,Seca,Perfeito estado,Outros,Não há placas,40 km/h,Única,Faixa seccionada,,
2019-04-04,12:02:00,SEM VÍTIMA,FINALIZADA,TORRE,RUA PADRE LANDIM,,,POR TRAZ DA IGREJA DA TORRE/ ESCOLA MUNICIPAL PAROQUIAL CRISTOVÃO REI,RUA PADRE LANDIM,,POR TRAZ DA IGREJA DA TORRE/ ESCOLA MUNICIPAL PAROQUIAL CRISTOVÃO REI,TORRE,252,,COLISÃO,COLISÃO SEM VITIMA,1,,,,,,1,,,0,,,,,,,,,,,,,,
2019-04-04,12:03:00,SEM VÍTIMA,CANCELADA,DERBY,AV GOVERNADOR AGAMENON MAGALHAES,,,PROX AO RESTAURANTE SPETTUS PISTA LOCAL,AV GOVERNADOR AGAMENON MAGALHAES,,PROX AO RESTAURANTE SPETTUS PISTA LOCAL,DERBY,,,COLISÃO,COLISAO ENTRE DOIS AUTOS S/V,2,,,,,,,,,0,,,,,,,,,,,,,,
2019-04-04,13:12:00,SEM VÍTIMA,FINALIZADA,BOA VIAGEM,AVENIDA CELSO FURTADO (VIA MANGUE),75,,TUNEL DO CANAL,AVENIDA CELSO FURTADO (VIA MANGUE),75,TUNEL DO CANAL,BOA VIAGEM,,SUBURBIO,COLISÃO TRASEIRA,COLISÃO SEM VITIMA,3,,,,,,,,,0,,Longo da via,Bom,Não existe,Perfeito estado,Seca,Perfeito estado,Outros,Outras,50 km/h,Dupla,Canal,,
2019-04-04,14:21:00,SEM VÍTIMA,CANCELADA,BOMBA DO HEMETÉRIO,RUA BOMBA DO HEMETERIO,560,,PARAIBA DAS AGUAS (DEPOSITO DE AGUA0,RUA BOMBA DO HEMETERIO,560,PARAIBA DAS AGUAS (DEPOSITO DE AGUA0,BOMBA DO HEMETÉRIO,,CIDADE,COLISÃO,COLISAO SEM VITIMA,1,,,,,1,,,,0,,,,,,,,,,,,,,
2019-04-04,13:27:00,SEM VÍTIMA,FINALIZADA,DERBY,RUA BENFICA,,RUA DR SEVERINO PINHEIRO,,RUA BENFICA,,,DERBY,,CIDADE,COLISÃO TRASEIRA,COLISÃO SEM VITIMA,2,,,,,,,,,0,,,Bom,Não existe,Perfeito estado,Seca,Perfeito estado,Faixa de pedestre,R-6a,40 km/h,Única,Faixa seccionada,,