data,hora,natureza_acidente,situacao,bairro,endereco,numero,detalhe_endereco_acidente,complemento,endereco_cruzamento,numero_cruzamento,referencia_cruzamento,bairro_cruzamento,num_semaforo,sentido_via,tipo,descricao,auto,moto,ciclom,ciclista,pedestre,onibus,caminhao,viatura,outros,vitimas,vitimasfatais,acidente_verificado,tempo_clima,situacao_semaforo,sinalizacao,condicao_via,conservacao_via,ponto_controle,situacao_placa,velocidade_max_via,mao_direcao,divisao_via1,divisao_via2,divisao_via3
2019-04-09,16:57:00,COM VÍTIMA,FINALIZADA,CAJUEIRO,RUA DR ALBERTO WANDERLEY,418,AV SEBASTIAO SALAZAR,ESQUINA DO BAR DA FAVA,RUA DR ALBERTO WANDERLEY,418,ESQUINA DO BAR DA FAVA,CAJUEIRO,,CIDADE,COLISÃO COM CICLISTA,COLISÃO ENTRE AUTOMÓVEL E BICICLETA.,1,,,1,,,,,,1,,Longo da via,Bom,Não existe,Não existente,Seca,Perfeito estado,Faixa de pedestre,Outras,,Dupla,Não existe,,
2019-04-09,17:04:00,SEM VÍTIMA,FINALIZADA,PINA,AV HERCULANO BANDEIRA,742,,E/F A CAIXA ECONOMICA,AV HERCULANO BANDEIRA,742,E/F A CAIXA ECONOMICA,PINA,,SUBURBIO,ABALROAMENTO LONGITUDINAL,COLISAO ENTRE DOIS AUTOS S/V,2,,,,,,,,,0,,Longo da via,Bom,Não existe,Perfeito estado,Seca,Perfeito estado,Não existe,Outras,60 km/h,Única,Faixa seccionada,,
2019-04-09,17:20:00,COM VÍTIMA,FINALIZADA,AREIAS,AV CAPITAO GREGORIO DE CALDAS,,RUA DEPUTADO MANOEL PAES,AO LADO DO WALMART,AV CAPITAO GREGORIO DE CALDAS,,AO LADO DO WALMART,AREIAS,,CIDADE,ABALROAMENTO LONGITUDINAL,COLISÃO ENTRE AUTOMÓVEL E MOTOCICLETA,1,1,,,,,,,,1,,Esquina,Bom,Não existe,Incompleta,Seca,Perfeito estado,Não existe,Não há placas,,Dupla,Faixa seccionada,,
2019-04-09,17:20:00,SEM VÍTIMA,FINALIZADA,ILHA DO LEITE,RUA ANTONIO GOMES DE FREITAS,,RUA ESTADO DE ISRAEL,PRAÇA MANOEL BANDEIRA,RUA ANTONIO GOMES DE FREITAS,,PRAÇA MANOEL BANDEIRA,ILHA DO LEITE,,CIDADE,ABALROAMENTO LONGITUDINAL,COLISÃO SEM VITIMA,1,,,,,1,,,,0,,Cruzamento,Bom,Não existe,Perfeito estado,Seca,Perfeito estado,Não existe,R-6a,,Única,Não existe,,
2019-04-09,17:21:00,SEM VÍTIMA,FINALIZADA,TORRE,RUA JOSE BONIFACIO,,RUA VISCONDE DE ITAPARICA,,RUA JOSE BONIFACIO,,,TORRE,,,ABALROAMENTO LONGITUDINAL,COLISÃO SEM VÍTIMA,1,,,,,,1,,,0,,Longo da via,Bom,Não existe,Perfeito estado,Seca,Perfeito estado,Não existe,Não há placas,,Única,Faixa seccionada,,
2019-04-09,18:16:00,SEM VÍTIMA,FINALIZADA,DERBY,AV GOVERNADOR AGAMENON MAGALHAES,,,LADO OPOSTO AO BANCO SAFRA,AV GOVERNADOR AGAMENON MAGALHAES,,LADO OPOSTO AO BANCO SAFRA,DERBY,69,,COLISÃO TRASEIRA,COLISÃO SEM VÍTIMAS  ENTRE 2 AUTOS.,2,,,,,,,,,0,,Longo da via,Bom,Sem defeito,,Seca,Perfeito estado,,Não há placas,60 km/h,Dupla,Canteiro central,,
2019-04-09,18:16:00,SEM VÍTIMA,CANCELADA,SANTO AMARO,AV CRUZ CABUGA,,,PRÓXIMO A VICE GOVERNADORIA,AV CRUZ CABUGA,,PRÓXIMO A VICE GOVERNADORIA,SANTO AMARO,,,COLISÃO,COLISÃO SEM VÍTIMAS  ENTRE 2 AUTOS.,2,,,,,,,,,0,,,,,,,,,,,,,,
2019-04-09,18:24:00,SEM VÍTIMA,FINALIZADA,SANTO AMARO,AV GOVERNADOR AGAMENON MAGALHAES,,,VIADUTO INDEPENDÊNCIA,AV GOVERNADOR AGAMENON MAGALHAES,,VIADUTO INDEPENDÊNCIA,SANTO AMARO,,,COLISÃO TRASEIRA,TRES AUTOS,3,,,,,,,,,0,,Viaduto,Bom,Não existe,Perfeito estado,Seca,Perfeito estado,Não existe,Não há placas,,Única,Faixa contínua,Canteiro central,
2019-04-09,18:51:00,SEM VÍTIMA,CANCELADA,AREIAS,AV DR JOSE RUFINO,548,,APÓS O VIADUTO DE ESTANCIA  SNT AFOGADOS / PRÓX A IGREJA SANTA LUZIA,AV DR JOSE RUFINO,548,APÓS O VIADUTO DE ESTANCIA  SNT AFOGADOS / PRÓX A IGREJA SANTA LUZIA,AREIAS,,,COLISÃO,ENTRE ONIBUS E AUTO PASSEIO. S/V,1,,,,,1,,,,0,,,,,,,,,,,,,,
2019-04-09,23:31:00,SEM VÍTIMA,FINALIZADA,IBURA,AV ENGENHO SERRA VERDE,,,EM FRENTE AO Nº 35,AV ENGENHO SERRA VERDE,,EM FRENTE AO Nº 35,IBURA,,CIDADE,COLISÃO TRASEIRA,ENTRE AUTO E ÕNIBUS. S/V,1,,,,,1,,,,0,,Longo da via,Bom,Não existe,Perfeito estado,Seca,Perfeito estado,,R-6a,30 km/h,Única,,,
2019-04-10,07:18:00,SEM VÍTIMA,FINALIZADA,TAMARINEIRA,AV PROFESSOR JOSE DOS ANJOS,,,AO LADO DO POSTO DE GASOLINA BR,AV PROFESSOR JOSE DOS ANJOS,,AO LADO DO POSTO DE GASOLINA BR,TAMARINEIRA,,CIDADE,ABALROAMENTO LONGITUDINAL,DOIS AUTOS,2,,,,,,,,,0,,Longo da via,Bom,Não existe,Perfeito estado,Seca,Perfeito estado,Faixa de pedestre,R-19,30 km/h,Dupla,Canteiro central,,
2019-04-10,07:48:00,SEM VÍTIMA,FINALIZADA,AFOGADOS,RUA VINTE E UM DE ABRIL,398,RUA JOSE MIRANDA,,RUA VINTE E UM DE ABRIL,398,,AFOGADOS,,CIDADE,ABALROAMENTO TRANSVERSAL,DOIS AUTOS,2,,,,,,,,,0,,Longo da via,Bom,Não existe,Perfeito estado,Seca,Perfeito estado,Outros,R-6a,,Dupla,Faixa contínua,,
2019-04-10,07:53:00,SEM VÍTIMA,FINALIZADA,BOA VIAGEM,RUA BALTAZAR PASSOS,440,RUA SA E SOUZA,CULTURA INGLESA,RUA BALTAZAR PASSOS,440,CULTURA INGLESA,BOA VIAGEM,,CIDADE,ABALROAMENTO LONGITUDINAL,COLISÃO SEM VITIMAS,2,,,,,,,,,0,,Cruzamento,Bom,Não existe,Perfeito estado,Seca,Mal conservada,Faixa de retenção,Placas Pare,,Única,Faixa seccionada,,
2019-04-10,08:06:00,COM VÍTIMA,CANCELADA,DERBY,AV GOVERNADOR AGAMENON MAGALHAES,,,EM FRENTE A CHURRASCARIA SPETTUS DERBY,AV GOVERNADOR AGAMENON MAGALHAES,,EM FRENTE A CHURRASCARIA SPETTUS DERBY,DERBY,,OLINDA,COLISÃO,COLISÃO COM VITIMA PELO SAMU,2,,,,,,,,,1,,,,,,,,,,,,,,
2019-04-10,08:10:00,SEM VÍTIMA,FINALIZADA,SAN MARTIN,AV CONSUL VILARES FRAGOSO,605,RUA OUREM,LADO ESQUERDO DA CAVALARIA,AV CONSUL VILARES FRAGOSO,605,LADO ESQUERDO DA CAVALARIA,SAN MARTIN,,CIDADE,COLISÃO TRASEIRA,SEM VITIMAS,1,1,,,,,,,,0,,Longo da via,Bom,Não existe,Perfeito estado,Seca,Perfeito estado,Não existe,Outras,,Dupla,Faixa seccionada,,
2019-04-10,08:25:00,SEM VÍTIMA,FINALIZADA,BOA VIAGEM,AV CONSELHEIRO AGUIAR,3406,,EM FRENTE A CAIXA ECONOMICA FEDERAL,AV CONSELHEIRO AGUIAR,3406,EM FRENTE A CAIXA ECONOMICA FEDERAL,BOA VIAGEM,,CIDADE,ABALROAMENTO LONGITUDINAL,COLISÃO SEM VITIMAS,1,,,,,1,,,,0,,Longo da via,Bom,Não existe,Perfeito estado,Seca,Perfeito estado,Não existe,Não há placas,60 km/h,Única,Faixa seccionada,,
2019-04-10,08:46:00,SEM VÍTIMA,FINALIZADA,BOA VIAGEM,AV CONSELHEIRO AGUIAR,1650,RUA ARTUR MUNIZ,,AV CONSELHEIRO AGUIAR,1650,,BOA VIAGEM,,SUBURBIO,ABALROAMENTO TRANSVERSAL,COLISÃO SEM VITIMAS,2,,,,,,,,,0,,Longo da via,Bom,Sem defeito,Perfeito estado,Seca,Perfeito estado,Faixa de pedestre,,,,Faixa contínua,,
2019-04-10,08:50:00,SEM VÍTIMA,DUPLICIDADE,BOA VIAGEM,AV CONSELHEIRO AGUIAR,1650,RUA ARTHUR LOPES,NO CRUZAMENTO,AV CONSELHEIRO AGUIAR,1650,NO CRUZAMENTO,BOA VIAGEM,,,COLISÃO,DOIS AUTOS,2,,,,,,,,,0,,,,,,,,,,,,,,
2019-04-10,09:08:00,SEM VÍTIMA,FINALIZADA,IMBIRIBEIRA,AV MARECHAL MASCARENHAS DE MORAES,4900,,EM FRENTE AO POSTO SHELL,AV MARECHAL MASCARENHAS DE MORAES,4900,EM FRENTE AO POSTO SHELL,IMBIRIBEIRA,,SUBURBIO,COLISÃO TRASEIRA,ONIBUS E AUTO PASSEIO,1,,,,,1,,,,0,,Longo da via,Bom,Não existe,Perfeito estado,Seca,Perfeito estado,Outros,Outras,60 km/h,Única,Faixa seccionada,Canteiro central,
2019-04-10,09:25:00,SEM VÍTIMA,FINALIZADA,TAMARINEIRA,RUA PADRE ROMA,,,EM FRENTE A POLICLINICA ALBERT SABIN,RUA PADRE ROMA,,EM FRENTE A POLICLINICA ALBERT SABIN,TAMARINEIRA,223,SUBURBIO,COLISÃO TRASEIRA,SEM VITIMAS,1,,,,,,1,,,0,,Longo da via,Bom,Sem defeito,Perfeito estado,Seca,Perfeito estado,Faixa de pedestre,Outras,,Dupla,Faixa contínua,Canteiro central,
2019-04-10,09:36:00,SEM VÍTIMA,CANCELADA,DERBY,AV GOVERNADOR AGAMENON MAGALHAES,,,,AV GOVERNADOR AGAMENON MAGALHAES,,,DERBY,,,COLISÃO,,,,,,,,,,,0,,,,,,,,,,,,,,
2019-04-10,09:40:00,SEM VÍTIMA,FINALIZADA,DERBY,AV GOVERNADOR AGAMENON MAGALHAES,138,,EM FRENTE A FACE IMAGEM,AV GOVERNADOR AGAMENON MAGALHAES,138,EM FRENTE A FACE IMAGEM,DERBY,,SUBURBIO,ABALROAMENTO LONGITUDINAL,SEM VITIMAS,1,,,,,,1,,,0,,Longo da via,Bom,Sem defeito,Perfeito estado,Seca,Perfeito estado,Faixa de pedestre,Outras,60 km/h,Dupla,Canal,,
2019-04-10,10:24:00,SEM VÍTIMA,FINALIZADA,AFOGADOS,AV SUL,,RUA DOUTOR LEONIDAS CRAVO GAMA,,AV SUL,,,AFOGADOS,320,CIDADE,COLISÃO TRASEIRA,COLISÃO SEM VITIMAS,2,,,,,,,,,0,,,Bom,Sem defeito,Perfeito estado,Seca,Perfeito estado,Faixa de retenção,R-6a,,Única,Faixa seccionada,,
2019-04-10,10:35:00,SEM VÍTIMA,FINALIZADA,TORRE,RUA REAL DA TORRE,1645,,EM FRENTE A ESCOLA DESPERTAR,RUA REAL DA TORRE,1645,EM FRENTE A ESCOLA DESPERTAR,TORRE,,,COLISÃO,DUAS MOTOS,,2,,,,,,,,0,,,,,,,,,,,,,,
2019-04-10,10:40:00,SEM VÍTIMA,FINALIZADA,SANTO AMARO,RUA JOAO LIRA,,RUA DA SAUDADE,AO LADO DO PARQUE 13 DE MAIO,RUA JOAO LIRA,,AO LADO DO PARQUE 13 DE MAIO,SANTO AMARO,308,,ABALROAMENTO LONGITUDINAL,DOIS AUTOS,2,,,,,,,,,0,,Cruzamento,Bom,Com defeito,Incompleta,Seca,Perfeito estado,Faixa de pedestre,,,Única,Não existe,,
2019-04-10,11:30:00,SEM VÍTIMA,FINALIZADA,IPSEP,AV RECIFE,1277,,EM FRENTE A LOTERIA DA AV RECIFE,AV RECIFE,1277,EM FRENTE A LOTERIA DA AV RECIFE,IPSEP,,CIDADE,ABALROAMENTO LONGITUDINAL,COLISÃO SEM VITIMAS,1,,,,,,1,,,0,,Longo da via,Bom,Sem defeito,Perfeito estado,Seca,Perfeito estado,Não existe,Não há placas,,Dupla,Canteiro central,,
2019-04-10,12:15:00,SEM VÍTIMA,FINALIZADA,IBURA,RUA PINTOR AGENOR DE ALBUQUERQUE CESAR,,,VILA DO SESI AO LADO CLUBE DO SESI,RUA PINTOR AGENOR DE ALBUQUERQUE CESAR,,VILA DO SESI AO LADO CLUBE DO SESI,IBURA,,,COLISÃO,COLISAO ENTRE AUTO E MOTO S/V,1,1,,,,,,,,0,,,,,,,,,,,,,,
2019-04-10,12:19:00,SEM VÍTIMA,CANCELADA,CORDEIRO,AV GENERAL SAN MARTIN,331,,DOUTOR DO FRIO ( EM FRENTE AO HOSPITAL GETULIO VARGAS),AV GENERAL SAN MARTIN,331,DOUTOR DO FRIO ( EM FRENTE AO HOSPITAL GETULIO VARGAS),CORDEIRO,,SUBURBIO,COLISÃO,COLISÃO SEM VITIMAS,1,1,,,,,,,,0,,,,,,,,,,,,,,
2019-04-10,12:27:00,SEM VÍTIMA,CANCELADA,GRAÇAS,RUA ANTENOR NAVARRO,129,,EM FRENTE A LIVRARIA JAQUEIRA,RUA ANTENOR NAVARRO,129,EM FRENTE A LIVRARIA JAQUEIRA,GRAÇAS,,,COLISÃO,COLISÃO SEM VÍTIMA,1,1,,,,,,,,0,,,,,,,,,,,,,,
2019-04-10,12:29:00,SEM VÍTIMA,FINALIZADA,CASA FORTE,AV DEZESSETE DE AGOSTO,,RUA SAMUEL FARIAS,,AV DEZESSETE DE AGOSTO,,,CASA FORTE,,SUBURBIO,COLISÃO TRASEIRA,COLISÃO SEM VÍTIMA,2,,,,,,,,,0,,Cruzamento,Bom,Não existe,Perfeito estado,Seca,Perfeito estado,Não existe,Não há placas,60 km/h,Dupla,Faixa contínua,,
2019-04-10,12:36:00,SEM VÍTIMA,CANCELADA,TORRE,AV VISCONDE DE ALBUQUERQUE,,,E/F AO BANCO ITAU,AV VISCONDE DE ALBUQUERQUE,,E/F AO BANCO ITAU,TORRE,,,COLISÃO,COLISAO ENTRE ONIBUS E AUTO S/V,1,,,,,1,,,,0,,,,,,,,,,,,,,
2019-04-10,12:41:00,COM VÍTIMA,FINALIZADA,GRAÇAS,RUA JOAQUIM NABUCO,600,,EM FRENTE AO BLOCO D DO CENTRO UNIVERSITÁRIO MAURÍCIO DE NASSAU.,RUA JOAQUIM NABUCO,600,EM FRENTE AO BLOCO D DO CENTRO UNIVERSITÁRIO MAURÍCIO DE NASSAU.,GRAÇAS,,SUBURBIO,ABALROAMENTO LONGITUDINAL,COLISÃO ENTRE DOIS AUTOMÓVEIS E UMA MOTOCICLETA.,2,1,,,,,,,,1,,Longo da via,Bom,Sem defeito,Perfeito estado,Seca,Perfeito estado,Faixa de pedestre,Outras,40 km/h,Única,Faixa,,
2019-04-10,13:05:00,SEM VÍTIMA,FINALIZADA,IMBIRIBEIRA,RUA JOAQUIM BANDEIRA,,AV SUL,,RUA JOAQUIM BANDEIRA,,,IMBIRIBEIRA,,,ABALROAMENTO TRANSVERSAL,COLISAO ENTRE DOIS AUTOS S/V,2,,,,,,,,,0,,Cruzamento,Bom,Não existe,Perfeito estado,Seca,Perfeito estado,Não existe,Não há placas,,Única,Faixa seccionada,,
2019-04-10,13:31:00,SEM VÍTIMA,FINALIZADA,CASA AMARELA,RUA CONEGO BARATA,49,EST DO ARRAIAL,NA ESQUINA DA CASA JOSÉ ARAÚJO,RUA CONEGO BARATA,49,NA ESQUINA DA CASA JOSÉ ARAÚJO,CASA AMARELA,,,COLISÃO,COLISÃO SEM VITIMA,1,,,,,,1,,,0,,,,,,,,,,,,,,
2019-04-10,13:47:00,SEM VÍTIMA,CANCELADA,MADALENA,RUA REAL DA TORRE,,,NA ENTRADA DO TUNEL DA ABOLIÇAO,RUA REAL DA TORRE,,NA ENTRADA DO TUNEL DA ABOLIÇAO,MADALENA,,,COLISÃO,COLISAO ENTRE DOIS AUTOS S/V,2,,,,,,,,,0,,,,,,,,,,,,,,
2019-04-10,14:10:00,SEM VÍTIMA,FINALIZADA,BOA VIAGEM,RUA BRUNO VELOSO,,,SEMÁFORO 146,RUA BRUNO VELOSO,,SEMÁFORO 146,BOA VIAGEM,146,,COLISÃO TRASEIRA,COLISAO ENTRE DOIS TAXI S/V,2,,,,,,,,,0,,Longo da via,Bom,Sem defeito,Perfeito estado,Seca,Perfeito estado,Faixa de pedestre,Outras,,Única,Faixa contínua,,
2019-04-10,14:15:00,SEM VÍTIMA,CANCELADA,BOA VISTA,RUA ILDEFONSO LOPES,129,RUA CONDE D'EU,NA FRENTE A LOJA XINGO,RUA ILDEFONSO LOPES,129,NA FRENTE A LOJA XINGO,BOA VISTA,,,COLISÃO,COLISÃO SEM VITIMA,1,1,,,,,,,,0,,,,,,,,,,,,,,
2019-04-10,15:28:00,COM VÍTIMA,FINALIZADA,IMBIRIBEIRA,AV MARECHAL MASCARENHAS DE MORAES,,,E/F AO JUÍZADO ESPECIAL D PEQUENAS CAUSAS. HYUNDAI,AV MARECHAL MASCARENHAS DE MORAES,,E/F AO JUÍZADO ESPECIAL D PEQUENAS CAUSAS. HYUNDAI,IMBIRIBEIRA,,SUBURBIO,COLISÃO COM CICLISTA,ONIBUS DA EMPRESA - NÚMERO DE ORDEM - E BICICLETA,,,,1,,1,,,,1,,Longo da via,Bom,Não existe,Perfeito estado,Seca,Perfeito estado,Não existe,Não há placas,,Dupla,Faixa seccionada,,
2019-04-10,16:01:00,SEM VÍTIMA,FINALIZADA,ILHA DO LEITE,RUA GENERAL JOAQUIM INACIO,790,,EM FRENTE A SKILLUS,RUA GENERAL JOAQUIM INACIO,790,EM FRENTE A SKILLUS,ILHA DO LEITE,,SUBURBIO,ABALROAMENTO LONGITUDINAL,COLISÃO SEM VITIMAS,1,,,,,,1,,,0,,Longo da via,Bom,Não existe,Perfeito estado,Seca,Perfeito estado,Não existe,Outras,,Única,Não existe,,
2019-04-10,17:34:00,SEM VÍTIMA,FINALIZADA,ILHA DO LEITE,AV GOVERNADOR AGAMENON MAGALHAES,,RUA DR JOAO ASFORA,,AV GOVERNADOR AGAMENON MAGALHAES,,,ILHA DO LEITE,,CIDADE,ABALROAMENTO LONGITUDINAL,COLISÃO SEM VÍTIMA,2,,,,,,,,,0,,,Bom,Não existe,Perfeito estado,Seca,Perfeito estado,Não existe,R-6a,40 km/h,Dupla,Canteiro central,,
2019-04-10,18:38:00,SEM VÍTIMA,FINALIZADA,SÃO JOSÉ,AV SUL,,,ENF AO BATALHAO DECIMO SEXTO,AV SUL,,ENF AO BATALHAO DECIMO SEXTO,SÃO JOSÉ,,CIDADE,COLISÃO TRASEIRA,TRES AUTOS,2,,,,,,,,,0,,Longo da via,Bom,,Perfeito estado,Seca,Perfeito estado,,R-19,60 km/h,Dupla,Faixa contínua,Faixa seccionada,Canteiro central
2019-04-10,18:39:00,COM VÍTIMA,CANCELADA,BOA VIAGEM,AVENIDA CELSO FURTADO (VIA MANGUE),,,NA DESCIDA QUE DA NO WALLMART,AVENIDA CELSO FURTADO (VIA MANGUE),,NA DESCIDA QUE DA NO WALLMART,BOA VIAGEM,,,COLISÃO,ENTRE 2 AUTOS. S/V,2,,,,,,,,,,,,,,,,,,,,,,,
2019-04-10,19:19:00,SEM VÍTIMA,CANCELADA,BOA VIAGEM,RUA DOS NAVEGANTES,1617,,E/F AO EDF MIRAGE / PRÓX AO PIRES ADVOGADOS,RUA DOS NAVEGANTES,1617,E/F AO EDF MIRAGE / PRÓX AO PIRES ADVOGADOS,BOA VIAGEM,,,COLISÃO,ENTRE 2 AUTOS. S/V,2,,,,,,,,,0,,,,,,,,,,,,,,
2019-04-10,19:58:00,SEM VÍTIMA,FINALIZADA,AFOGADOS,RUA DA PAZ,,,,RUA DA PAZ,,,AFOGADOS,53,SUBURBIO,ABALROAMENTO LONGITUDINAL,CAMINHAO X GOL,1,,,,,,1,,,0,,Longo da via,Bom,Sem defeito,Perfeito estado,Seca,Perfeito estado,Faixa de pedestre,R-6a,,Única,Faixa seccionada,,
2019-04-10,20:06:00,SEM VÍTIMA,FINALIZADA,IMBIRIBEIRA,RUA ARQUITETO LUIZ NUNES,,,AO LADO OPOSTO Nº 909,RUA ARQUITETO LUIZ NUNES,,AO LADO OPOSTO Nº 909,IMBIRIBEIRA,,SUBURBIO,COLISÃO TRASEIRA,VT 02 DA CTTU NO LOCAL,1,1,,,,,,,,0,,Longo da via,Bom,Não existe,Perfeito estado,Seca,Perfeito estado,Não existe,Não há placas,,Dupla,Faixa contínua,,
2019-04-10,20:10:00,SEM VÍTIMA,FINALIZADA,BOA VIAGEM,RUA PROFESSOR JOAO MEDEIROS,,,ENF AO WALMART,RUA PROFESSOR JOAO MEDEIROS,,ENF AO WALMART,BOA VIAGEM,,SUBURBIO,ABALROAMENTO LONGITUDINAL,CAMINHAO BAU X COROLA,1,,,,,,1,,,0,,Longo da via,Bom,,Perfeito estado,,,,R-6a,,Dupla,Faixa contínua,Faixa seccionada,Canteiro central
2019-04-10,21:09:00,SEM VÍTIMA,CANCELADA,SANTO ANTÔNIO,RUA ENGENHEIRO UBALDO GOMES DE MATOS,119,,POR TRÁS DO EDF JK / E/F AO EDF MARQUES DE RECIFE,RUA ENGENHEIRO UBALDO GOMES DE MATOS,119,POR TRÁS DO EDF JK / E/F AO EDF MARQUES DE RECIFE,SANTO ANTÔNIO,,,COLISÃO,ENTRE 2 AUTOS. S/V,2,,,,,,,,,0,,,,,,,,,,,,,,
2019-04-10,21:28:00,SEM VÍTIMA,FINALIZADA,MUSTARDINHA,RUA SAO MIGUEL,,,EM FRENTE AO BODE DO NÔ,RUA SAO MIGUEL,,EM FRENTE AO BODE DO NÔ,MUSTARDINHA,,CIDADE,ABALROAMENTO LONGITUDINAL,CAMINHAO X GOL,1,,,,,,1,,,0,,Longo da via,Bom,Não existe,Perfeito estado,Seca,Perfeito estado,Não existe,Não há placas,,Dupla,Faixa seccionada,,
2019-04-10,21:34:00,SEM VÍTIMA,FINALIZADA,IBURA,AV DOM HELDER CAMARA,,,POSTE H022173,AV DOM HELDER CAMARA,,POSTE H022173,IBURA,,SUBURBIO,COLISÃO TRASEIRA,ENTRE 2 AUTOS. S/V,2,,,,,,,,,0,,Longo da via,Bom,Não existe,Perfeito estado,Seca,Perfeito estado,Não existe,Não há placas,,Dupla,Canteiro central,,
2019-04-10,21:48:00,SEM VÍTIMA,FINALIZADA,GUABIRABA,RUA DAS FLORES,,,NO TERMINAL DA GUABIRABA,RUA DAS FLORES,,NO TERMINAL DA GUABIRABA,GUABIRABA,,,CHOQUE VEÍCULO PARADO,ONIBUS X MICRO-ONIBUS,,,,,,2,,,,0,,Longo da via,Bom,Não existe,Não existente,Seca,Perfeito estado,Não existe,Não há placas,,Dupla,,,
2019-04-10,00:00:00,SEM VÍTIMA,FINALIZADA,BOA VIAGEM,RUA RIO AZUL,,RUA BARAO DE SOUZA LEAO,,RUA RIO AZUL,,,BOA VIAGEM,476,CIDADE,COLISÃO TRASEIRA,,2,,,,,,,,,0,,Cruzamento,Bom,Sem defeito,Perfeito estado,Seca,Perfeito estado,Não existe,Não há placas,,Única,Não existe,,
2019-04-11,07:04:00,SEM VÍTIMA,FINALIZADA,BOA VIAGEM,AV DOM JOAO VI,,,COLEGIO GGE,AV DOM JOAO VI,,COLEGIO GGE,BOA VIAGEM,,SUBURBIO,ABALROAMENTO LONGITUDINAL,2 AUTOS,2,,,,,,,,,0,,Longo da via,Bom,Não existe,Perfeito estado,Seca,Perfeito estado,Não existe,Placas Pare,60 km/h,Única,Faixa contínua,,
2019-04-11,07:16:00,SEM VÍTIMA,FINALIZADA,ILHA DO LEITE,PTE JOSE DE BARROS LIMA,,,,PTE JOSE DE BARROS LIMA,,,ILHA DO LEITE,,,COLISÃO TRASEIRA,ONIBUS E AUTO,1,,,,,1,,,,0,,Ponte,Bom,Não existe,Perfeito estado,Seca,Perfeito estado,Não existe,Não há placas,,Dupla,Canal,,
2019-04-11,07:21:00,SEM VÍTIMA,FINALIZADA,BOA VIAGEM,RUA JOSE DOMINGUES DA SILVA,,,,RUA JOSE DOMINGUES DA SILVA,,,BOA VIAGEM,,,ABALROAMENTO TRANSVERSAL,DOIS AUTOS,2,,,,,,,,,0,,Longo da via,Bom,Não existe,Ilegível,Seca,Perfeito estado,Não existe,Não há placas,,Dupla,Faixa seccionada,,
2019-04-11,07:23:00,SEM VÍTIMA,FINALIZADA,BOA VIAGEM,AVENIDA CELSO FURTADO (VIA MANGUE),,,SOBRE O VIADUTO DOM JOÃO VI,AVENIDA CELSO FURTADO (VIA MANGUE),,SOBRE O VIADUTO DOM JOÃO VI,BOA VIAGEM,,SUBURBIO,COLISÃO TRASEIRA,SEM VITIMAS,3,,,,,,,,,0,,Viaduto,Bom,Não existe,Perfeito estado,Seca,Perfeito estado,Não existe,Não há placas,60 km/h,Única,Faixa contínua,,
2019-04-11,08:01:00,SEM VÍTIMA,FINALIZADA,CORDEIRO,RUA GOMES TABORDA,1331,,PHS E FRIOS,RUA GOMES TABORDA,1331,PHS E FRIOS,CORDEIRO,,CIDADE,ABALROAMENTO LONGITUDINAL,SEM VITIMAS,1,,,,,,1,,,0,,Longo da via,Bom,Sem defeito,Perfeito estado,Seca,,,Outras,,Dupla,Faixa seccionada,,
2019-04-11,08:11:00,SEM VÍTIMA,FINALIZADA,ESPINHEIRO,AV GOVERNADOR AGAMENON MAGALHAES,2000,,EM FRENTE AO MINISTERIO DO TRABALHO,AV GOVERNADOR AGAMENON MAGALHAES,2000,EM FRENTE AO MINISTERIO DO TRABALHO,ESPINHEIRO,,BOA VIAGEM,COLISÃO,DOIS AUTOS,2,,,,,,,,,0,,,,,,,,,,,,,,
2019-04-11,08:53:00,SEM VÍTIMA,FINALIZADA,CAXANGÁ,RUA RIBEIRO PESSOA,,,AO LADO DO PSTO SHELL,RUA RIBEIRO PESSOA,,AO LADO DO PSTO SHELL,CAXANGÁ,281,SUBURBIO,COLISÃO,SEM VITIMAS,1,,,,,,1,,,0,,,,,,,,,,,,,,
2019-04-11,09:53:00,SEM VÍTIMA,FINALIZADA,ARRUDA,RUA DAS MOCAS,309,RUA DO MACHADO,EM FRENTE AO Nº 305,RUA DAS MOCAS,309,EM FRENTE AO Nº 305,ARRUDA,,CIDADE,COLISÃO FRONTAL,,2,,,,,,,,,0,,Cruzamento,Bom,Não existe,Incompleta,Seca,Perfeito estado,Faixa de retenção,Placas Pare,,Dupla,Não existe,,
2019-04-11,09:55:00,SEM VÍTIMA,FINALIZADA,VÁRZEA,AV JOAQUIM RIBEIRO,,RUA GASTAO VIDIGAL,,AV JOAQUIM RIBEIRO,,,VÁRZEA,281,CIDADE,ABALROAMENTO TRANSVERSAL,DOIS AUTOS,2,,,,,,,,,0,,Cruzamento,Nublado,Sem defeito,Perfeito estado,Molhada,Perfeito estado,Faixa de pedestre,,,Dupla,Faixa contínua,Faixa seccionada,Canteiro central
2019-04-11,09:59:00,SEM VÍTIMA,FINALIZADA,GRAÇAS,AV BEIRA RIO,660,RUA DEMOSTENES DE OLINDA,,AV BEIRA RIO,660,,GRAÇAS,,,ABALROAMENTO LONGITUDINAL,SEM VITIMAS,2,,,,,,,,,0,,,Bom,Não existe,Perfeito estado,Seca,Perfeito estado,Faixa de retenção,R-6a,,Dupla,Faixa seccionada,,
2019-04-11,10:00:00,SEM VÍTIMA,FINALIZADA,VÁRZEA,RUA PROFESSOR CHAVES BATISTA,,RUA EMILIANO BRAGA,,RUA PROFESSOR CHAVES BATISTA,,,VÁRZEA,,,ABALROAMENTO LONGITUDINAL,,2,,,,,,,,,0,,Cruzamento,Nublado,Não existe,Não existente,Seca,Perfeito estado,Não existe,Não há placas,,Dupla,Não existe,,