data,hora,natureza_acidente,situacao,bairro,endereco,numero,detalhe_endereco_acidente,complemento,endereco_cruzamento,numero_cruzamento,referencia_cruzamento,bairro_cruzamento,num_semaforo,sentido_via,tipo,descricao,auto,moto,ciclom,ciclista,pedestre,onibus,caminhao,viatura,outros,vitimas,vitimasfatais,acidente_verificado,tempo_clima,situacao_semaforo,sinalizacao,condicao_via,conservacao_via,ponto_controle,situacao_placa,velocidade_max_via,mao_direcao,divisao_via1,divisao_via2,divisao_via3
2019-04-11,10:07:00,SEM VÍTIMA,FINALIZADA,IPSEP,AV RECIFE,165,,EM FRENTE A LOJA GILVAN DOS PARABRISAS -,AV RECIFE,165,EM FRENTE A LOJA GILVAN DOS PARABRISAS -,IPSEP,319,SUBURBIO,COLISÃO TRASEIRA,DOIS AUTOS,2,,,,,,,,,0,,Longo da via,Bom,Sem defeito,Perfeito estado,Seca,Perfeito estado,Não existe,Outras,,Dupla,Canteiro central,,
2019-04-11,11:45:00,SEM VÍTIMA,CANCELADA,IPUTINGA,EST DO BARBALHO,174,AV CAXANGA,EM FRENTE SUPLANOR,EST DO BARBALHO,174,EM FRENTE SUPLANOR,IPUTINGA,,,COLISÃO,SEM VITIMAS,2,,,,,,,,,0,,,,,,,,,,,,,,
2019-04-11,11:53:00,SEM VÍTIMA,FINALIZADA,MADALENA,AV BEIRA RIO,192,,EM FRENTE A O REMO DO SPORT,AV BEIRA RIO,192,EM FRENTE A O REMO DO SPORT,MADALENA,,SUBURBIO,COLISÃO TRASEIRA,SEM VITIMAS,3,,,,,,,,,0,,Longo da via,Bom,Não existe,Perfeito estado,Seca,Perfeito estado,Faixa de pedestre,R-6a,,Dupla,Faixa contínua,,
2019-04-11,12:40:00,SEM VÍTIMA,FINALIZADA,ARRUDA,AV PROFESSOR JOSE DOS ANJOS,,,SNTES DO DENOCS,AV PROFESSOR JOSE DOS ANJOS,,SNTES DO DENOCS,ARRUDA,,ARRUDA,COLISÃO,DOIS AUTOS SEM VITIMA,0,,,,,,,,,0,,,,,,,,,,,,,,
2019-04-11,12:56:00,COM VÍTIMA,FINALIZADA,BOA VISTA,RUA BISPO CARDOSO AYRES,321,,EM FRENTE A BANCA DE REVISTA UNIVERSIDADE.,RUA BISPO CARDOSO AYRES,321,EM FRENTE A BANCA DE REVISTA UNIVERSIDADE.,BOA VISTA,,CIDADE,ABALROAMENTO LONGITUDINAL,ACIDENTE ENVOLVENDO AUTOMÓVEL E MOTOCICLETA.,1,1,,,,,,,,1,,Longo da via,Bom,Não existe,Perfeito estado,Seca,Perfeito estado,Não existe,Outras,30 km/h,Única,Não existe,,
2019-04-11,13:13:00,SEM VÍTIMA,FINALIZADA,VÁRZEA,RUA VISCONDE DE BARBACENA,140,AV PROFESSOR ARTUR DE SA,CONDOMINIO RESIDENCIAL 3 ENGENHOS,RUA VISCONDE DE BARBACENA,140,CONDOMINIO RESIDENCIAL 3 ENGENHOS,VÁRZEA,,SUBURBIO,ABALROAMENTO LONGITUDINAL,AUTO E CAMINHÃO SEM VITIMAS,1,,,,,,1,,,0,,,Bom,Não existe,Não existente,Seca,Perfeito estado,Não existe,Não há placas,,Dupla,Não existe,,
2019-04-11,13:26:00,SEM VÍTIMA,DUPLICIDADE,VÁRZEA,AV PROFESSOR ARTUR DE SA,140,,E/F AO CONDOMINIO RESIDENCIAL TRES ENGENHOS,AV PROFESSOR ARTUR DE SA,140,E/F AO CONDOMINIO RESIDENCIAL TRES ENGENHOS,VÁRZEA,,,COLISÃO,COLISAO ENTRE CAMINHAO E AUTO S/V,1,,,,,,1,,,0,,,,,,,,,,,,,,
2019-04-11,14:05:00,COM VÍTIMA,FINALIZADA,MADALENA,AV CAXANGA,642,,LADO OPOSTO A G1 VEICULOS,AV CAXANGA,642,LADO OPOSTO A G1 VEICULOS,MADALENA,,CIDADE,COLISÃO TRASEIRA,ACIDENTE ENVOLVENDO AUTOMÓVEL E MOTOCICLETA.,1,1,,,,,,,,1,,Longo da via,Bom,Não existe,Perfeito estado,Seca,Perfeito estado,Não existe,Não há placas,,Dupla,Canteiro central,,
2019-04-11,14:08:00,SEM VÍTIMA,FINALIZADA,MADALENA,RUA BENFICA,,,E/F AO BOMPREÇO,RUA BENFICA,,E/F AO BOMPREÇO,MADALENA,,,COLISÃO,COLISAO ENTRE BRT E AUTO S/V,1,,,,,1,,,,0,,,,,,,,,,,,,,
2019-04-11,14:46:00,SEM VÍTIMA,FINALIZADA,BOA VIAGEM,RUA ANTONIO LUMACK DO MONTE,,,HOTEL IMPERIAL SUITES,RUA ANTONIO LUMACK DO MONTE,,HOTEL IMPERIAL SUITES,BOA VIAGEM,,SUBURBIO,COLISÃO TRASEIRA,COLISÃO SEM VITIMAS,2,,,,,,,,,0,,Longo da via,Bom,Não existe,Perfeito estado,Seca,Perfeito estado,Não existe,Não há placas,,Única,Não existe,,
2019-04-11,14:47:00,COM VÍTIMA,FINALIZADA,IMBIRIBEIRA,RUA SARGENTO SILVINO DE MACEDO,,RUA JOAQUIM BANDEIRA,E/F A ANATEL BATEDOR 26/09 NO LOCAL,RUA SARGENTO SILVINO DE MACEDO,,E/F A ANATEL BATEDOR 26/09 NO LOCAL,IMBIRIBEIRA,,,ABALROAMENTO TRANSVERSAL,COLISAO ENTRE AUTO E MOTO,1,1,,,,,,,,1,,Cruzamento,Bom,Não existe,Não existente,Seca,Perfeito estado,Não existe,Não há placas,40 km/h,Dupla,Não existe,,
2019-04-11,16:17:00,SEM VÍTIMA,FINALIZADA,CORDEIRO,RUA DR MIGUEL VIEIRA FERREIRA,,RUA CLAUDIO BROTHERHOOD,,RUA DR MIGUEL VIEIRA FERREIRA,,,CORDEIRO,,SUBURBIO,ABALROAMENTO LONGITUDINAL,COLISAO ENTRE ONIBUS E AUTO S/V,1,,,,,1,,,,0,,Cruzamento,Bom,Não existe,Ilegível,Seca,Mal conservada,Não existe,Não há placas,,Dupla,Não existe,,
2019-04-11,16:29:00,SEM VÍTIMA,CANCELADA,TEJIPIÓ,AV DR JOSE RUFINO,,,E/F AO POSTO DE GASOLINA IPIRANGA,AV DR JOSE RUFINO,,E/F AO POSTO DE GASOLINA IPIRANGA,TEJIPIÓ,434,CIDADE,COLISÃO,AUTO E MOTO,1,1,,,,,,,,0,,,,,,,,,,,,,,
2019-04-11,17:46:00,SEM VÍTIMA,FINALIZADA,DOIS IRMÃOS,RUA DOIS IRMAOS,321,,EM FRENTE AO LAVA JATO (JUNIOR JATO),RUA DOIS IRMAOS,321,EM FRENTE AO LAVA JATO (JUNIOR JATO),DOIS IRMÃOS,,,COLISÃO,COLISÃO SEM VITIMAS,,1,,,,1,,,,0,,,,,,,,,,,,,,
2019-04-11,18:30:00,COM VÍTIMA,FINALIZADA,SOLEDADE,RUA AFONSO PENA,387,AV VISCONDE DE SUASSUNA,PROX A CEAPE CREDITOS PARA PEQUENOS NEGOCIOS. LADO OPOSTO A DELÍCIAS CATÓLICA.,RUA AFONSO PENA,387,PROX A CEAPE CREDITOS PARA PEQUENOS NEGOCIOS. LADO OPOSTO A DELÍCIAS CATÓLICA.,SOLEDADE,,SUBURBIO,COLISÃO TRASEIRA,ACIDENTE ENVOLVENDO DOIS AUTOMÓVEIS E UMA MOTOCICLETA.,2,1,,,,,,,,1,,Longo da via,Bom,Não existe,Perfeito estado,Seca,Perfeito estado,Não existe,Outras,,Única,Não existe,,
2019-04-11,18:34:00,SEM VÍTIMA,FINALIZADA,BOA VIAGEM,AV ENGENHEIRO DOMINGOS FERREIRA,1202,RUA ANTONIO PEDRO DE FIGUEIREDO,E/F AO POSTO SHELL - FAIXA DA DIREITA / AO LADO DA LAND ROVER / PRÓX A PAGUE MENOS E HIPERBOMPREÇO,AV ENGENHEIRO DOMINGOS FERREIRA,1202,E/F AO POSTO SHELL - FAIXA DA DIREITA / AO LADO DA LAND ROVER / PRÓX A PAGUE MENOS E HIPERBOMPREÇO,BOA VIAGEM,,,COLISÃO,ENTRE 2 AUTOS. S/V,2,,,,,,,,,0,,,,,,,,,,,,,,
2019-04-11,19:25:00,SEM VÍTIMA,FINALIZADA,ESTÂNCIA,AV DR JOSE RUFINO,,,E/F AO COLÉGIO VISÃO,AV DR JOSE RUFINO,,E/F AO COLÉGIO VISÃO,ESTÂNCIA,,SUBURBIO,COLISÃO TRASEIRA,ENTRE 2 AUTOS. S/V,2,,,,,,,,,0,,Longo da via,Bom,Sem defeito,Perfeito estado,Seca,Perfeito estado,Outros,Outras,,Dupla,Faixa contínua,,
2019-04-11,19:44:00,SEM VÍTIMA,FINALIZADA,BOA VIAGEM,RUA DES JOAO PAES,1044,RUA AMALIA BERNARDINO DE SOUZA,EDF AMANDA DIAS,RUA DES JOAO PAES,1044,EDF AMANDA DIAS,BOA VIAGEM,,SUBURBIO,CHOQUE VEÍCULO PARADO,ENTRE 2 AUTOS. S/V,2,,,,,,,,,0,,Esquina,Bom,Não existe,Perfeito estado,Seca,Perfeito estado,,Placas Pare,30 km/h,Única,,,
2019-04-11,21:36:00,SEM VÍTIMA,CANCELADA,SAN MARTIN,AV GENERAL SAN MARTIN,,AV ENGENHEIRO ABDIAS DE CARVALHO,ENF AO COMPAZ,AV GENERAL SAN MARTIN,,ENF AO COMPAZ,SAN MARTIN,,,COLISÃO,ONIX X PALIO,2,,,,,,,,,0,,,,,,,,,,,,,,
2019-04-11,23:14:00,SEM VÍTIMA,FINALIZADA,ESPINHEIRO,RUA SANTO ELIAS,,RUA DO ESPINHEIRO,,RUA SANTO ELIAS,,,ESPINHEIRO,,,ABALROAMENTO TRANSVERSAL,FOX X LOGAN,2,,,,,,,,,0,,Cruzamento,Bom,Não existe,,Seca,Perfeito estado,Faixa de pedestre,Placas Pare,40 km/h,Dupla,Faixa seccionada,,
2019-04-12,00:16:00,SEM VÍTIMA,FINALIZADA,ILHA DO RETIRO,RUA ASTORGA,436,RUA COMENDADOR BENTO AGUIAR,,RUA ASTORGA,436,,ILHA DO RETIRO,,,COLISÃO,COLISÃO ENTRE DOIS CAARROS S/V,2,,,,,,,,,0,,,,,,,,,,,,,,
2019-04-12,00:16:00,SEM VÍTIMA,FINALIZADA,ILHA DO RETIRO,RUA ASTORGA,,RUA COMENDADOR BENTO AGUIAR,,RUA ASTORGA,,,ILHA DO RETIRO,,SUBURBIO,ABALROAMENTO TRANSVERSAL,COLISÃO ENTRE DOIS CAARROS S/V,2,,,,,,,,,0,,Cruzamento,Bom,Não existe,Não existente,Seca,Perfeito estado,Não existe,Não há placas,,Dupla,Não existe,,
2019-04-12,06:46:00,COM VÍTIMA,FINALIZADA,MADALENA,RUA BENFICA,1015,,EM FRENTE A MAXTROC,RUA BENFICA,1015,EM FRENTE A MAXTROC,MADALENA,,CIDADE,COLISÃO COM CICLISTA,COLISÃO ENTRE ÔNIBUS E BICICLETA.,,,,1,,1,,,,1,,Longo da via,Bom,Não existe,Perfeito estado,Seca,Perfeito estado,Não existe,Não há placas,,Dupla,Faixa contínua,,
2019-04-12,07:21:00,SEM VÍTIMA,FINALIZADA,GRAÇAS,PRC DO ENTRONCAMENTO,104,AV RUI BARBOSA,AO LADO DO BANCO DO ITAU,PRC DO ENTRONCAMENTO,104,AO LADO DO BANCO DO ITAU,GRAÇAS,,CIDADE,ABALROAMENTO LONGITUDINAL,COLISÃO SEM VITIMAS,1,,,,,,1,,,0,,Longo da via,Chuvoso,Não existe,Perfeito estado,Molhada,Perfeito estado,Outros,R-6a,,Única,Faixa seccionada,,
2019-04-12,07:31:00,SEM VÍTIMA,FINALIZADA,IBURA,RUA CAPITAO VICENTE CURADO,,,EM FRENTE A UPINHA DESEMBARGADOR JOSÉ MANOEL DE FREITAS,RUA CAPITAO VICENTE CURADO,,EM FRENTE A UPINHA DESEMBARGADOR JOSÉ MANOEL DE FREITAS,IBURA,,SUBURBIO,COLISÃO TRASEIRA,COLISÃO SEM VITIMAS,2,,,,,,,,,0,,Longo da via,Bom,Não existe,Não existente,Seca,Perfeito estado,Não existe,Não há placas,,Dupla,Não existe,,
2019-04-12,07:45:00,COM VÍTIMA,FINALIZADA,CORDEIRO,RUA PIERRE CURIE,158,RUA ODETE MONTEIRO,EM FRENTE AO POSTO BR DE COMBUSTÍVEIS.,RUA PIERRE CURIE,158,EM FRENTE AO POSTO BR DE COMBUSTÍVEIS.,CORDEIRO,,CIDADE,ABALROAMENTO LONGITUDINAL,ACIDENTE ENVOLVENDO AUTOMÓVEL E MOTOCICLETA.,1,1,,,,,,,,2,,Cruzamento,Chuvoso,Não existe,Incompleta,Molhada,Perfeito estado,Não existe,Não há placas,40 km/h,Dupla,Faixa seccionada,,
2019-04-12,07:54:00,SEM VÍTIMA,FINALIZADA,DOIS IRMÃOS,RUA DOIS IRMAOS,,,EMBAIXO DO VIADUTO,RUA DOIS IRMAOS,,EMBAIXO DO VIADUTO,DOIS IRMÃOS,416,SUBURBIO,COLISÃO TRASEIRA,DOIS AUTOS SEM VITIMA,2,,,,,,,,,0,,Longo da via,Chuvoso,Sem defeito,Perfeito estado,Molhada,Perfeito estado,Não existe,Não há placas,,Dupla,Não existe,,
2019-04-12,08:02:00,SEM VÍTIMA,FINALIZADA,CAXANGÁ,AV CAXANGA,3751,,EM FRENTE A FACULDADE IMACULADA CONÇEICAO,AV CAXANGA,3751,EM FRENTE A FACULDADE IMACULADA CONÇEICAO,CAXANGÁ,8,CIDADE,ABALROAMENTO LONGITUDINAL,SEM VITIMAS,1,,,,,1,,,,0,,Longo da via,Chuvoso,Não existe,Perfeito estado,Molhada,Perfeito estado,Não existe,Outras,,Dupla,Faixa seccionada,,
2019-04-12,08:22:00,SEM VÍTIMA,FINALIZADA,IPUTINGA,AV CAXANGA,,,PERNAMBUCO DA SORTE,AV CAXANGA,,PERNAMBUCO DA SORTE,IPUTINGA,,CIDADE,COLISÃO TRASEIRA,COLISÃO SEM V ITIMAS,1,,,,,1,,,,0,,Longo da via,Chuvoso,Sem defeito,Perfeito estado,Molhada,Perfeito estado,Faixa de pedestre,Outras,,Única,Faixa seccionada,Canteiro central,
2019-04-12,08:22:00,SEM VÍTIMA,CANCELADA,CAMPO GRANDE,RUA ODORICO MENDES,,,EM FRENTE AO SUPERMERCADO STILLUS,RUA ODORICO MENDES,,EM FRENTE AO SUPERMERCADO STILLUS,CAMPO GRANDE,,SUBURBIO,COLISÃO,COM UMA VÍTIMA,1,1,,,,,,,,0,,,,,,,,,,,,,,
2019-04-12,08:29:00,COM VÍTIMA,FINALIZADA,PINA,AV ANTONIO DE GOES,,,EM FRENTE DE DNIT,AV ANTONIO DE GOES,,EM FRENTE DE DNIT,PINA,,,TOMBAMENTO,CONDUTOR DA MOTOCICLETA PERDEU O CONTROLE E CAIU NA VIA SEM OUTRO VEÍCULO ENVOLVIDO NO ACIDENTE.,,1,,,,,,,,1,,Longo da via,Chuvoso,Desligado,Perfeito estado,Molhada,Perfeito estado,Não existe,Não há placas,60 km/h,Única,Faixa contínua,,
2019-04-12,08:38:00,SEM VÍTIMA,FINALIZADA,TORRE,RUA MARQUES DE MARICA,,RUA JOSE DE HOLANDA,,RUA MARQUES DE MARICA,,,TORRE,,SUBURBIO,ABALROAMENTO TRANSVERSAL,MOTO E AUTO,1,1,,,,,,,,0,,,Chuvoso,Não existe,Não existente,Molhada,Perfeito estado,Não existe,Não há placas,,Dupla,Faixa contínua,,
2019-04-12,08:50:00,SEM VÍTIMA,FINALIZADA,DERBY,AV GOVERNADOR AGAMENON MAGALHAES,7,,EM FRENTE AO Nº 7,AV GOVERNADOR AGAMENON MAGALHAES,7,EM FRENTE AO Nº 7,DERBY,,SUBURBIO,ABALROAMENTO LONGITUDINAL,,,,,,,1,1,,,0,,Longo da via,Chuvoso,Sem defeito,,Molhada,Perfeito estado,Faixa de pedestre,Não há placas,60 km/h,Dupla,Canteiro central,,
2019-04-12,09:00:00,SEM VÍTIMA,FINALIZADA,BOA VIAGEM,AV ENGENHEIRO DOMINGOS FERREIRA,4215,,,AV ENGENHEIRO DOMINGOS FERREIRA,4215,,BOA VIAGEM,,SUBURBIO,COLISÃO TRASEIRA,SEM VITIMAS,2,,,,,,,,,0,,Longo da via,Chuvoso,Não existe,Perfeito estado,Molhada,Perfeito estado,Não existe,,60 km/h,,Faixa seccionada,,
2019-04-12,09:39:00,SEM VÍTIMA,FINALIZADA,SANTO AMARO,AV GOVERNADOR AGAMENON MAGALHAES,,,LADO OPOSTO AO CICLO MILITAR,AV GOVERNADOR AGAMENON MAGALHAES,,LADO OPOSTO AO CICLO MILITAR,SANTO AMARO,,,COLISÃO TRASEIRA,COLISÃO SEM VITIMAS,2,,,,,,,,,0,,Longo da via,Chuvoso,Não existe,Perfeito estado,Molhada,Perfeito estado,Outros,R-6a,,Dupla,Faixa contínua,Faixa seccionada,Canteiro central
2019-04-12,10:17:00,SEM VÍTIMA,FINALIZADA,BOA VISTA,RUA DOM BOSCO,,,EM FRENTE A FACULDADE AO LADO DO COLEGIO AMERICANO BATISTA,RUA DOM BOSCO,,EM FRENTE A FACULDADE AO LADO DO COLEGIO AMERICANO BATISTA,BOA VISTA,174,SUBURBIO,COLISÃO TRASEIRA,SEM VITIMAS,1,,,,,,1,,,0,,Longo da via,Chuvoso,Sem defeito,Perfeito estado,Molhada,Perfeito estado,Faixa de pedestre,R-6a,,Única,Faixa contínua,Faixa seccionada,
2019-04-12,11:07:00,SEM VÍTIMA,FINALIZADA,SÃO JOSÉ,RUA IMPERIAL,,,EM FRENTE A IGREJA MATRIZ DO BAIRRO DE SÃO JOSE,RUA IMPERIAL,,EM FRENTE A IGREJA MATRIZ DO BAIRRO DE SÃO JOSE,SÃO JOSÉ,207,SUBURBIO,COLISÃO TRASEIRA,SEM VITIMAS,1,,,,,1,,,,0,,Longo da via,Chuvoso,Sem defeito,Perfeito estado,Molhada,Perfeito estado,Não existe,Não há placas,40 km/h,Única,Faixa seccionada,,
2019-04-12,11:15:00,SEM VÍTIMA,FINALIZADA,ESPINHEIRO,RUA DO ESPINHEIRO,,RUA SANTO ELIAS,,RUA DO ESPINHEIRO,,,ESPINHEIRO,,CIDADE,ABALROAMENTO LONGITUDINAL,COLISÃO SEM VITIMAS,2,,,,,,,,,0,,Cruzamento,Chuvoso,Não existe,Perfeito estado,Molhada,Perfeito estado,Não existe,Placas Pare,,,Não existe,,
2019-04-12,11:17:00,SEM VÍTIMA,FINALIZADA,CASA AMARELA,RUA ALTO SANTA ISABEL,,RUA CASA AMARELA,,RUA ALTO SANTA ISABEL,,,CASA AMARELA,,SUBURBIO,ABALROAMENTO TRANSVERSAL,SEM VITMAS,2,,,,,,,,,0,,Cruzamento,Chuvoso,Não existe,Perfeito estado,Molhada,Perfeito estado,Agente,Outras,40 km/h,Dupla,Não existe,,
2019-04-12,12:01:00,SEM VÍTIMA,FINALIZADA,BAIRRO DO RECIFE,RUA ALVARES CABRAL,,RUA MADRE DEUS,,RUA ALVARES CABRAL,,,BAIRRO DO RECIFE,20,,ABALROAMENTO TRANSVERSAL,COLISÃO SEM VITIMAS,2,,,,,,,,,0,,Cruzamento,Chuvoso,Sem defeito,Perfeito estado,Molhada,Perfeito estado,Não existe,Não há placas,,Única,Faixa seccionada,,
2019-04-12,12:21:00,SEM VÍTIMA,CANCELADA,SANTO AMARO,AV GOVERNADOR AGAMENON MAGALHAES,,,EM FRENTE A UPE (SENTIDO OLINDA),AV GOVERNADOR AGAMENON MAGALHAES,,EM FRENTE A UPE (SENTIDO OLINDA),SANTO AMARO,,SUBURBIO,COLISÃO,DOIS AUTOS,2,,,,,,,,,0,,,,,,,,,,,,,,
2019-04-12,12:21:00,SEM VÍTIMA,FINALIZADA,SANTO AMARO,AV GOVERNADOR AGAMENON MAGALHAES,,,SEMÁFORO 465,AV GOVERNADOR AGAMENON MAGALHAES,,SEMÁFORO 465,SANTO AMARO,465,,COLISÃO TRASEIRA,COLISAO ENTRE DOIS AUTOS S/V,2,,,,,,,,,0,,Longo da via,Chuvoso,Sem defeito,Perfeito estado,Molhada,Perfeito estado,Faixa de pedestre,Outras,,Dupla,Canteiro central,Canal,
2019-04-12,12:31:00,SEM VÍTIMA,CANCELADA,BOA VIAGEM,AV ENGENHEIRO DOMINGOS FERREIRA,2574,,EM FRENTE AO EDIFICIO RESIDENCIAL JK,AV ENGENHEIRO DOMINGOS FERREIRA,2574,EM FRENTE AO EDIFICIO RESIDENCIAL JK,BOA VIAGEM,550,,COLISÃO,UM AUTO E UM ÔNIBUS,1,,,,,1,,,,0,,,,,,,,,,,,,,
2019-04-12,12:34:00,SEM VÍTIMA,FINALIZADA,BOA VISTA,RUA DO HOSPICIO,,AV CONDE DA BOA VISTA,,RUA DO HOSPICIO,,,BOA VISTA,23,SUBURBIO,ABALROAMENTO TRANSVERSAL,COLISAO ENTRE DOIS AONIBUS S/V,,,,,,2,,,,0,,Cruzamento,Chuvoso,Sem defeito,Perfeito estado,Molhada,Perfeito estado,Agente,R-6a,30 km/h,Única,Faixa seccionada,,
2019-04-12,12:35:00,COM VÍTIMA,FINALIZADA,TORRE,RUA REAL DA TORRE,1645,RUA VISCONDE DE ITAPARICA,EM FRENTE A ESCOLA DESPERTAR,RUA REAL DA TORRE,1645,EM FRENTE A ESCOLA DESPERTAR,TORRE,,CIDADE,ABALROAMENTO TRANSVERSAL,ACIDENTE ENVOLVENDO AUTOMÓVEL E MOTOCICLETA.,1,1,,,,,,,,1,,Cruzamento,Chuvoso,Não existe,Perfeito estado,Molhada,Perfeito estado,Faixa de pedestre,Placas Pare,,Única,Não existe,,
2019-04-12,12:43:00,SEM VÍTIMA,FINALIZADA,TORRÕES,RUA DR MIGUEL VIEIRA FERREIRA,,RUA CRISTIANOPOLIS,,RUA DR MIGUEL VIEIRA FERREIRA,,,TORRÕES,,SUBURBIO,ABALROAMENTO TRANSVERSAL,DOIS AUTOS,2,,,,,,,,,0,,Cruzamento,Chuvoso,Não existe,Não existente,Molhada,Perfeito estado,Não existe,Não há placas,,Dupla,Não existe,,
2019-04-12,12:47:00,SEM VÍTIMA,CANCELADA,BOA VIAGEM,AV CONSELHEIRO AGUIAR,4141,RUA RIBEIRO DE BRITO,EM FRENTE AO POSTO PETROBRAS,AV CONSELHEIRO AGUIAR,4141,EM FRENTE AO POSTO PETROBRAS,BOA VIAGEM,147,,COLISÃO,COLISÃO SEM VÍTIMA,2,,,,,,,,,0,,,,,,,,,,,,,,
2019-04-12,13:13:00,SEM VÍTIMA,FINALIZADA,CASA FORTE,RUA LEONARDO BEZERRA CAVALCANTE,,PRC JORNALISTA FRANCISCO PESSOA DE QUEIROZ JR,,RUA LEONARDO BEZERRA CAVALCANTE,,,CASA FORTE,595,SUBURBIO,ABALROAMENTO TRANSVERSAL,COLISAO ENTRE DOIS AUTOS S/V,2,,,,,,,,,0,,Longo da via,Chuvoso,Sem defeito,Perfeito estado,Molhada,Perfeito estado,Faixa de pedestre,Placas Dê a preferência,,Única,Faixa seccionada,,
2019-04-12,14:33:00,SEM VÍTIMA,FINALIZADA,SAN MARTIN,RUA VINTE E UM DE ABRIL,2149,,ESCOLA ANTÔNIO FARIAS,RUA VINTE E UM DE ABRIL,2149,ESCOLA ANTÔNIO FARIAS,SAN MARTIN,,CIDADE,ABALROAMENTO LONGITUDINAL,COLISÃO SEM VITIMA,1,,,,,1,,,,0,,Longo da via,Bom,Não existe,Incompleta,Seca,Perfeito estado,Não existe,Não há placas,,Dupla,Não existe,,
2019-04-12,14:55:00,SEM VÍTIMA,FINALIZADA,IMBIRIBEIRA,RUA ARQUITETO LUIZ NUNES,1664,,EM FRENTE AO EDF LUANDA,RUA ARQUITETO LUIZ NUNES,1664,EM FRENTE AO EDF LUANDA,IMBIRIBEIRA,,SUBURBIO,ABALROAMENTO LONGITUDINAL,COLISAO ENTRE DOIS AUTOS S/V,2,,,,,,,,,0,,Longo da via,Chuvoso,Não existe,Perfeito estado,Molhada,Perfeito estado,Não existe,Não há placas,50 km/h,Dupla,Faixa contínua,,
2019-04-12,15:14:00,SEM VÍTIMA,FINALIZADA,CURADO,AV GETULIO VARGAS,7316,,AUTOLINE SEMINOVOS S/T CARUARU,AV GETULIO VARGAS,7316,AUTOLINE SEMINOVOS S/T CARUARU,CURADO,,,ENGAVETAMENTO,,,,,,,,,,,0,,,,,,,,,,,,,,
2019-04-12,15:15:00,SEM VÍTIMA,FINALIZADA,CAMPO GRANDE,RUA ODORICO MENDES,65,,EM FRENTE AO COLEGIO JESUS CRUCIFICADO,RUA ODORICO MENDES,65,EM FRENTE AO COLEGIO JESUS CRUCIFICADO,CAMPO GRANDE,,SUBURBIO,COLISÃO TRASEIRA,COLISÃO SEM VÍTIMA,1,,,,,,1,,,0,,Longo da via,Bom,Não existe,Perfeito estado,Seca,Perfeito estado,Não existe,R-6a,,Única,Faixa seccionada,,
2019-04-12,15:20:00,COM VÍTIMA,FINALIZADA,TEJIPIÓ,RUA FALCAO DE LACERDA,511,RUA QUEIRA DEUS,PROXIMO A PRAÇA DA ENTRADA DO PACHECO,RUA FALCAO DE LACERDA,511,PROXIMO A PRAÇA DA ENTRADA DO PACHECO,TEJIPIÓ,,,COLISÃO FRONTAL,COLISÃO COM VITIMA ENTRE DOIS AUTOMÓVEIS E UMA MOTOCICLETA.,2,1,,,,,,,,1,,Esquina,Bom,Não existe,Não existente,Seca,Perfeito estado,Não existe,Não há placas,,Dupla,Faixa seccionada,,
2019-04-12,15:50:00,SEM VÍTIMA,FINALIZADA,MACAXEIRA,AV DA RECUPERACAO,,,EM FRENTE AO T.I. DA MACAXEIRA (NA ROTATORIA),AV DA RECUPERACAO,,EM FRENTE AO T.I. DA MACAXEIRA (NA ROTATORIA),MACAXEIRA,,CIDADE,ABALROAMENTO LONGITUDINAL,COLISÃO S/VITIMA COM UM AUTO E UM ONIBUS,1,,,,,1,,,,0,,,Chuvoso,Não existe,,Seca,,Não existe,Outras,,Dupla,Canteiro central,,
2019-04-12,16:41:00,SEM VÍTIMA,FINALIZADA,BOA VISTA,AV CONDE DA BOA VISTA,,RUA DAS NINFAS,,AV CONDE DA BOA VISTA,,,BOA VISTA,,SUBURBIO,ABALROAMENTO TRANSVERSAL,COLISÃO SEM VÍTIMA,1,,,,,1,,,,0,,Longo da via,Bom,,Perfeito estado,Seca,Perfeito estado,Não existe,Outras,,Dupla,Canteiro central,,
2019-04-12,16:51:00,SEM VÍTIMA,CANCELADA,SÃO JOSÉ,RUA SIQUEIRA CAMPOS,,,POR TRÁS DO CORREIOS,RUA SIQUEIRA CAMPOS,,POR TRÁS DO CORREIOS,SÃO JOSÉ,,,COLISÃO,COLISÃO S/ VITIMA DOIS AUTOS,2,,,,,,,,,0,,,,,,,,,,,,,,
2019-04-12,17:05:00,SEM VÍTIMA,CANCELADA,AFOGADOS,RUA COSME VIANA,,EST DO BONGI,NO SEMÁFORO 100,RUA COSME VIANA,,NO SEMÁFORO 100,AFOGADOS,100,,COLISÃO,COLISÃO SEM VÍTIMA,2,,,,,,,,,0,,,,,,,,,,,,,,
2019-04-12,17:30:00,COM VÍTIMA,FINALIZADA,BOA VIAGEM,,572,AV FERNANDO SIMOES BARBOSA,NA SAIDA DO SHOPPING RECIFE,,572,NA SAIDA DO SHOPPING RECIFE,BOA VIAGEM,,,ACID. DE PERCURSO,COM MOTO E ONIBUS,,1,,,,,,,,1,,Cruzamento,Bom,Sem defeito,Perfeito estado,Seca,Perfeito estado,Faixa de pedestre,R-6a,,Dupla,Canteiro central,Canal,
2019-04-12,17:49:00,SEM VÍTIMA,FINALIZADA,BOA VIAGEM,RUA CORONEL BENEDITO CHAVES,,AV ENGENHEIRO DOMINGOS FERREIRA,AO LADO DO MUNDO DO CABELEIREIRO,RUA CORONEL BENEDITO CHAVES,,AO LADO DO MUNDO DO CABELEIREIRO,BOA VIAGEM,128,SUBURBIO,COLISÃO TRASEIRA,ENTRE 2 AUTOS. S/V,2,,,,,,,,,0,,Longo da via,Bom,Sem defeito,Perfeito estado,Seca,Perfeito estado,Não existe,Não há placas,,Única,Não existe,,