data,hora,natureza_acidente,situacao,bairro,endereco,numero,detalhe_endereco_acidente,complemento,endereco_cruzamento,numero_cruzamento,referencia_cruzamento,bairro_cruzamento,num_semaforo,sentido_via,tipo,descricao,auto,moto,ciclom,ciclista,pedestre,onibus,caminhao,viatura,outros,vitimas,vitimasfatais,acidente_verificado,tempo_clima,situacao_semaforo,sinalizacao,condicao_via,conservacao_via,ponto_controle,situacao_placa,velocidade_max_via,mao_direcao,divisao_via1,divisao_via2,divisao_via3
2019-04-12,20:16:00,SEM VÍTIMA,FINALIZADA,IPSEP,AV RECIFE,,,,AV RECIFE,,,IPSEP,16,,ABALROAMENTO LONGITUDINAL,ENTRE 2 AUTOS. S/V,2,,,,,,,,,0,,Cruzamento,Bom,Sem defeito,Perfeito estado,Seca,Perfeito estado,Faixa de pedestre,Não há placas,60 km/h,Dupla,Canteiro central,,
2019-04-12,20:28:00,SEM VÍTIMA,FINALIZADA,CORDEIRO,AV GENERAL SAN MARTIN,,RUA GOMES TABORDA,SEMÁFORO 67,AV GENERAL SAN MARTIN,,SEMÁFORO 67,CORDEIRO,67,SUBURBIO,ABALROAMENTO LONGITUDINAL,DOIS AUTO SEM VITMAS,2,,,,,,,,,0,,Cruzamento,Bom,Sem defeito,Perfeito estado,Seca,Perfeito estado,Faixa de pedestre,Outras,,Dupla,Faixa contínua,,
2019-04-12,23:30:00,SEM VÍTIMA,FINALIZADA,SAN MARTIN,RUA COMENDADOR FRANCO FERREIRA,504,,,RUA COMENDADOR FRANCO FERREIRA,504,,SAN MARTIN,,SUBURBIO,CHOQUE VEÍCULO PARADO,DOIS AUTO SEM VITMAS,2,,,,,,,,,0,,Longo da via,Chuvoso,Não existe,Não existente,Molhada,Mal conservada,Não existe,Não há placas,20 km/h,Dupla,Não existe,,
2019-04-12,23:57:00,SEM VÍTIMA,FINALIZADA,TORRÕES,AV BICENTENARIO DA REVOLUCAO FRANCESA,610,RUA MAESTRO JONES JOHNSON,CRUZAMENTO Nº 610,AV BICENTENARIO DA REVOLUCAO FRANCESA,610,CRUZAMENTO Nº 610,TORRÕES,,SUBURBIO,ATROPELAMENTO ANIMAL,UM AUTO E ANIMAL,1,,,,,,,,,0,,Cruzamento,Chuvoso,Não existe,Não existente,Molhada,Perfeito estado,Não existe,Não há placas,,Dupla,Não existe,,
2019-04-13,07:56:00,COM VÍTIMA,FINALIZADA,SANTO AMARO,AV GOVERNADOR AGAMENON MAGALHAES,,,EM FRENTE AO TACARUNA  SENTIDO OLINDA,AV GOVERNADOR AGAMENON MAGALHAES,,EM FRENTE AO TACARUNA  SENTIDO OLINDA,SANTO AMARO,,OLINDA,COLISÃO TRASEIRA,COM VITIMA,3,,,,,,,,,1,,Longo da via,Chuvoso,Não existe,,Molhada,,,Outras,60 km/h,Única,Faixa,Canteiro central,Canal
2019-04-13,08:29:00,SEM VÍTIMA,FINALIZADA,IMBIRIBEIRA,AV MARECHAL MASCARENHAS DE MORAES,,,LADO OPOSTO A FIAT ITALIANA,AV MARECHAL MASCARENHAS DE MORAES,,LADO OPOSTO A FIAT ITALIANA,IMBIRIBEIRA,501,CIDADE,COLISÃO TRASEIRA,COLISÃO/ VITIMA UM AUTO E UM CAMINHÃO,1,,,,,,1,,,0,,Longo da via,Chuvoso,Sem defeito,Perfeito estado,Molhada,Perfeito estado,Faixa de pedestre,Outras,,Dupla,Canteiro central,,
2019-04-13,08:52:00,SEM VÍTIMA,FINALIZADA,ILHA DO LEITE,AV GOVERNADOR AGAMENON MAGALHAES,,,SAÍDA DO HOSPITAL PORTUGUÊS,AV GOVERNADOR AGAMENON MAGALHAES,,SAÍDA DO HOSPITAL PORTUGUÊS,ILHA DO LEITE,,CIDADE,ABALROAMENTO LONGITUDINAL,COLISÃO S/ VITIMA UM ONIBUS E UM AUTO PASSEIO,1,,,,,1,,,,0,,Longo da via,Chuvoso,Não existe,Perfeito estado,Molhada,Perfeito estado,Não existe,Outras,60 km/h,Dupla,Canteiro central,,
2019-04-13,09:14:00,SEM VÍTIMA,FINALIZADA,BOA VIAGEM,RUA BALTAZAR PASSOS,480,,EM FRENTE A CULTURA INGLESA,RUA BALTAZAR PASSOS,480,EM FRENTE A CULTURA INGLESA,BOA VIAGEM,,,ABALROAMENTO LONGITUDINAL,COLISÃO SEM VITIMAS,2,,,,,,,,,0,,Longo da via,Bom,Não existe,Perfeito estado,Seca,Perfeito estado,Faixa de retenção,Placas Pare,,,,,
2019-04-13,09:20:00,SEM VÍTIMA,FINALIZADA,CASA AMARELA,RUA CORREGO DO EUCLIDES,140,,FRENTE AO Nº 140,RUA CORREGO DO EUCLIDES,140,FRENTE AO Nº 140,CASA AMARELA,,CIDADE,ABALROAMENTO TRANSVERSAL,COLISÃO SEM VITIMAS,1,1,,,,,,,,0,,Longo da via,Bom,Não existe,Perfeito estado,Seca,Perfeito estado,,Placas Pare,,Dupla,Faixa seccionada,,
2019-04-13,09:30:00,SEM VÍTIMA,DUPLICIDADE,MADALENA,EST DOS REMEDIOS,,,EM FRENTE A NAGEM,EST DOS REMEDIOS,,EM FRENTE A NAGEM,MADALENA,,,COLISÃO,CAMINHAO E AUTO S/VITIMA,1,,,,,,1,,,0,,,,,,,,,,,,,,
2019-04-13,09:33:00,SEM VÍTIMA,FINALIZADA,JORDÃO,AV JULIO CESAR,230,,,AV JULIO CESAR,230,,JORDÃO,,SUBURBIO,ABALROAMENTO LONGITUDINAL,COLISÃO SEM VITIMAS,1,,,,,,1,,,0,,Longo da via,Bom,Não existe,Não existente,Seca,Mal conservada,Não existe,Não há placas,,Dupla,Não existe,,
2019-04-13,09:43:00,SEM VÍTIMA,DUPLICIDADE,BOA VIAGEM,RUA SA E SOUZA,480,RUA BALTAZAR PASSOS,EM FRENTE AO EDIFICIO CLARISE CAVALCANTI,RUA SA E SOUZA,480,EM FRENTE AO EDIFICIO CLARISE CAVALCANTI,BOA VIAGEM,,,COLISÃO,COLISAO S/ VTIMA DOIS AUTOS DE PASSEIO,2,,,,,,,,,0,,,,,,,,,,,,,,
2019-04-13,09:46:00,SEM VÍTIMA,FINALIZADA,MADALENA,EST DOS REMEDIOS,2340,,EM FRENTE A ASSISTENCIA TECNICA DE ORTOPEDIA,EST DOS REMEDIOS,2340,EM FRENTE A ASSISTENCIA TECNICA DE ORTOPEDIA,MADALENA,,,COLISÃO,CAMINHAO E AUTO,1,,,,,,1,,,0,,,,,,,,,,,,,,
2019-04-13,10:24:00,SEM VÍTIMA,CANCELADA,MACAXEIRA,RUA TIJUCAL,,AV NORTE,EM FRENTE AO PARQUE URBANO DA MACAXEIRA (SENTIDO TERMINAL DA MACAXEIRA),RUA TIJUCAL,,EM FRENTE AO PARQUE URBANO DA MACAXEIRA (SENTIDO TERMINAL DA MACAXEIRA),MACAXEIRA,451,,COLISÃO,COLISAO S/ VITIMA DOIS AUTO PASSEIO,2,,,,,,,,,0,,,,,,,,,,,,,,
2019-04-13,12:04:00,SEM VÍTIMA,FINALIZADA,ILHA DO RETIRO,RUA SPORT CLUBE DO RECIFE,,RUA JOAO ELISIO RAMOS,AO LADO DO SPORT CLUBE,RUA SPORT CLUBE DO RECIFE,,AO LADO DO SPORT CLUBE,ILHA DO RETIRO,355,SUBURBIO,COLISÃO TRASEIRA,COLISÃO SEM VÍTIMA,2,,,,,,,,,0,,Cruzamento,Bom,Sem defeito,Perfeito estado,Seca,,,Outras,60 km/h,Dupla,Faixa seccionada,Canteiro central,
2019-04-13,12:20:00,SEM VÍTIMA,CANCELADA,TORRE,RUA JOSE BONIFACIO,,,EM FRENTE A EDELSON CABELELEIRO,RUA JOSE BONIFACIO,,EM FRENTE A EDELSON CABELELEIRO,TORRE,,,COLISÃO,COLISÃO SEM VÍTIMA,1,,,,,,1,,,0,,,,,,,,,,,,,,
2019-04-13,12:39:00,SEM VÍTIMA,CANCELADA,ESPINHEIRO,RUA AMELIA,,RUA DO ESPINHEIRO,SHOPPING ESPINHEIRO,RUA AMELIA,,SHOPPING ESPINHEIRO,ESPINHEIRO,,,COLISÃO,AUTO E MOTO SEM VITIMAS,1,1,,,,,,,,0,,,,,,,,,,,,,,
2019-04-13,13:05:00,COM VÍTIMA,FINALIZADA,DERBY,AV GOVERNADOR AGAMENON MAGALHAES,,,E/F AO BRADESCO S/T BOA VIAGEM,AV GOVERNADOR AGAMENON MAGALHAES,,E/F AO BRADESCO S/T BOA VIAGEM,DERBY,75,BOA VIAGEM,ATROPELAMENTO,ONIBUS ATROPELOU UM PEDESTRE,,,,,1,1,,,,1,,Longo da via,Bom,Sem defeito,Perfeito estado,Seca,Perfeito estado,Faixa de pedestre,Outras,,Dupla,Faixa seccionada,,
2019-04-13,13:30:00,SEM VÍTIMA,FINALIZADA,IMBIRIBEIRA,AVENIDA CELSO FURTADO (VIA MANGUE),821,RUA ANTONIO FALCAO,AO LADO DA NEW MOVEIS PLANEJADOS,AVENIDA CELSO FURTADO (VIA MANGUE),821,AO LADO DA NEW MOVEIS PLANEJADOS,IMBIRIBEIRA,648,CIDADE,ABALROAMENTO LONGITUDINAL,COLISAO ENTRE AUTO E ONIBUS S/V,1,,,,,1,,,,0,,Longo da via,Bom,Sem defeito,Perfeito estado,Seca,Perfeito estado,Faixa de pedestre,Outras,,Única,Não existe,,
2019-04-13,13:52:00,SEM VÍTIMA,FINALIZADA,GRAÇAS,AV CONS ROSA E SILVA,,RUA DR BANDEIRA FILHO,EM FRENTE AO CLUBE PORTUGUES,AV CONS ROSA E SILVA,,EM FRENTE AO CLUBE PORTUGUES,GRAÇAS,,,ABALROAMENTO LONGITUDINAL,COLISÃO SEM VÍTIMA,2,,,,,,,,,0,,Longo da via,Bom,Não existe,Perfeito estado,Seca,Perfeito estado,Não existe,R-6c,60 km/h,Única,Faixa seccionada,,
2019-04-13,14:12:00,SEM VÍTIMA,FINALIZADA,IBURA,AV DOIS RIOS,,RUA RIO TAPADO,,AV DOIS RIOS,,,IBURA,351,,ABALROAMENTO LONGITUDINAL,COLISAO ENTRE AUTO E CAMINHAO,2,,,,,,,,,0,,Cruzamento,Bom,Sem defeito,Não existente,Seca,Perfeito estado,Faixa de pedestre,Não há placas,,Dupla,Faixa contínua,,
2019-04-13,14:34:00,COM VÍTIMA,FINALIZADA,AFOGADOS,EST DOS REMEDIOS,,RUA PADRE TEOFILO TWORZ,PROXIMO A CONCESSIONARIA PEGOUT,EST DOS REMEDIOS,,PROXIMO A CONCESSIONARIA PEGOUT,AFOGADOS,390,MADALENA,COLISÃO TRASEIRA,ACIDENTE ENVOLVENDO AUTOMÓVEL E MOTOCICLETA.,1,1,,,,,,,,1,,Longo da via,Chuvoso,Sem defeito,Perfeito estado,Seca,Perfeito estado,Faixa de pedestre,R-6c,,Única,Faixa contínua,Faixa seccionada,
2019-04-13,14:42:00,SEM VÍTIMA,FINALIZADA,ALTO JOSÉ DO PINHO,RUA SEVERINO BERNARDINO PEREIRA,,,EM FRENTE AO Nº 390,RUA SEVERINO BERNARDINO PEREIRA,,EM FRENTE AO Nº 390,ALTO JOSÉ DO PINHO,,CIDADE,ABALROAMENTO LONGITUDINAL,COLISAO ENTRE ONIBUS E AUT S/V,1,1,,,,,,,,0,,Longo da via,Bom,Não existe,Não existente,Seca,Perfeito estado,Não existe,Não há placas,,Dupla,Não existe,,
2019-04-13,14:44:00,SEM VÍTIMA,FINALIZADA,ESTÂNCIA,AV DR JOSE RUFINO,,,EM FRENTE A PANIFICADORA SITIENCE,AV DR JOSE RUFINO,,EM FRENTE A PANIFICADORA SITIENCE,ESTÂNCIA,,SUBURBIO,COLISÃO TRASEIRA,DOIS AUTO SEM VITIMAS,2,,,,,,,,,0,,Longo da via,Bom,Não existe,Perfeito estado,Molhada,Perfeito estado,Não existe,Outras,,Dupla,Faixa contínua,,
2019-04-13,15:17:00,SEM VÍTIMA,FINALIZADA,BOA VIAGEM,RUA SARGENTO MELO JUNIOR,,,AO LADO DA ESTAÇAO AEROPORTO,RUA SARGENTO MELO JUNIOR,,AO LADO DA ESTAÇAO AEROPORTO,BOA VIAGEM,,SUBURBIO,ABALROAMENTO LONGITUDINAL,COLISAO ENTRE DOIS AUTOS S/V,2,,,,,,,,,0,,Longo da via,Bom,Não existe,Perfeito estado,Seca,Perfeito estado,Não existe,Outras,,Dupla,Não existe,,
2019-04-13,15:20:00,SEM VÍTIMA,FINALIZADA,BRASÍLIA TEIMOSA,AV ANTONIO DE GOES,,,NA FRENTE DO JCPM,AV ANTONIO DE GOES,,NA FRENTE DO JCPM,BRASÍLIA TEIMOSA,,CIDADE,ABALROAMENTO LONGITUDINAL,COLISÃO SEM VITIMAS,1,1,,,,,,,,0,,Longo da via,Bom,Não existe,Perfeito estado,Seca,Perfeito estado,Não existe,,60 km/h,Única,Faixa seccionada,,
2019-04-13,15:46:00,SEM VÍTIMA,FINALIZADA,ESPINHEIRO,RUA DO ESPINHEIRO,,RUA BARAO DE ITAMARACA,,RUA DO ESPINHEIRO,,,ESPINHEIRO,86,SUBURBIO,ABALROAMENTO LONGITUDINAL,COLISAO ENTRE CAMINHAO E AUTO S/V,1,,,,,,1,,,0,,Cruzamento,Bom,Sem defeito,Perfeito estado,Seca,Perfeito estado,Faixa de pedestre,R-6a,,Única,Faixa contínua,,
2019-04-13,16:14:00,SEM VÍTIMA,CANCELADA,BOA VIAGEM,RUA DR LUIZ INACIO PESSOA DE MELO,350,,EM FRENTE AO RM EXPRESS,RUA DR LUIZ INACIO PESSOA DE MELO,350,EM FRENTE AO RM EXPRESS,BOA VIAGEM,,,COLISÃO,COLISÃO SEM VÍTIMA,3,,,,,,,,,0,,,,,,,,,,,,,,
2019-04-13,16:34:00,SEM VÍTIMA,FINALIZADA,ALTO DO MANDU,AV NORTE,6736,,LADO OPOSTO DO Nº 6736,AV NORTE,6736,LADO OPOSTO DO Nº 6736,ALTO DO MANDU,,SUBURBIO,COLISÃO TRASEIRA,DOIS AUTO SEM VITIMAS ( SITOMAS DE EMBRIAGUEZ ),2,,,,,,,,,0,,Longo da via,Bom,Não existe,Perfeito estado,Seca,Perfeito estado,Não existe,Outras,,Dupla,Outros,,
2019-04-13,17:01:00,SEM VÍTIMA,EQUIPE EM DESLOCAMENTO,JORDÃO,AV MARIA IRENE,277,,APOS A ENTRADA DA AERONAULTICA,AV MARIA IRENE,277,APOS A ENTRADA DA AERONAULTICA,JORDÃO,,,COLISÃO,COLISAO ENTRE DOIS AUTOS S/V,2,,,,,,,,,0,,,,,,,,,,,,,,
2019-04-13,17:20:00,SEM VÍTIMA,CANCELADA,DERBY,AV GOVERNADOR AGAMENON MAGALHAES,,,E/F A PRAÇA DO DERBY S/T BOA VIAGEM,AV GOVERNADOR AGAMENON MAGALHAES,,E/F A PRAÇA DO DERBY S/T BOA VIAGEM,DERBY,,,COLISÃO,COLISAO ENTRE ONIBUS E AUTOS S/V,1,,,,,1,,,,0,,,,,,,,,,,,,,
2019-04-13,18:55:00,SEM VÍTIMA,FINALIZADA,CASA AMARELA,AV NORTE,5811,AV PEDRO ALLAIN,LARGO DOM LUIZ VAREJÃO DAS FRALDAS,AV NORTE,5811,LARGO DOM LUIZ VAREJÃO DAS FRALDAS,CASA AMARELA,95,,COLISÃO TRASEIRA,COLISÃO SEM VITIMAS,1,,,,,1,,,,0,,Longo da via,Bom,Sem defeito,Perfeito estado,Seca,Perfeito estado,Faixa de pedestre,Outras,,Única,Faixa seccionada,,
2019-04-13,22:24:00,SEM VÍTIMA,CANCELADA,TEJIPIÓ,RUA FALCAO DE LACERDA,,AV QUINZE DE NOVEMBRO,SOB O PONTILHAO DE TEJIPIO,RUA FALCAO DE LACERDA,,SOB O PONTILHAO DE TEJIPIO,TEJIPIÓ,,,COLISÃO,TAXI X SIENA OBS: SUSPEITA DE EMBRIAGUEZ,2,,,,,,,,,0,,,,,,,,,,,,,,
2019-04-14,01:56:00,COM VÍTIMA,FINALIZADA,ESPINHEIRO,AV GOVERNADOR AGAMENON MAGALHAES,,,EM FRENTE A MEDICAL // PRÓX AO CLUBE PORTUGUÊS,AV GOVERNADOR AGAMENON MAGALHAES,,EM FRENTE A MEDICAL // PRÓX AO CLUBE PORTUGUÊS,ESPINHEIRO,,CIDADE,COLISÃO TRASEIRA,COLISÃO ENTRE AUTO E MOTO  COM VÍTIMAS,1,1,,,,,,,,1,,Longo da via,Bom,Não existe,Perfeito estado,Seca,Perfeito estado,Não existe,Outras,,Dupla,Canal,Faixa seccionada,
2019-04-14,08:32:00,SEM VÍTIMA,FINALIZADA,MADALENA,AV VISCONDE DE ALBUQUERQUE,964,,EM FRENTE AO POSTO IPIRANGA,AV VISCONDE DE ALBUQUERQUE,964,EM FRENTE AO POSTO IPIRANGA,MADALENA,576,,COLISÃO TRASEIRA,,2,,,,,,,,,0,,Longo da via,Bom,Sem defeito,Perfeito estado,Seca,Perfeito estado,Faixa de pedestre,Outras,,Única,Faixa seccionada,,
2019-04-14,12:11:00,SEM VÍTIMA,CANCELADA,MADALENA,RUA BENFICA,,,PRAÇA DO INTERNACIONAL,RUA BENFICA,,PRAÇA DO INTERNACIONAL,MADALENA,,,COLISÃO,COLISÃO SEM VITIMA,2,,,,,,,,,0,,,,,,,,,,,,,,
2019-04-14,12:24:00,SEM VÍTIMA,FINALIZADA,PAISSANDU,AV GOVERNADOR AGAMENON MAGALHAES,,,EM FRENTE AO HOSPITAL PORTUGUES,AV GOVERNADOR AGAMENON MAGALHAES,,EM FRENTE AO HOSPITAL PORTUGUES,PAISSANDU,349,,COLISÃO TRASEIRA,COLISÃO SEM VÍTIMA,2,,,,,,,,,0,,Longo da via,Bom,Sem defeito,Perfeito estado,Seca,Perfeito estado,Agente,Outras,,Única,Faixa contínua,Faixa seccionada,
2019-04-14,13:12:00,SEM VÍTIMA,FINALIZADA,SANTO AMARO,AV NORTE,,AV CRUZ CABUGA,PRÓXIMO AO SESI,AV NORTE,,PRÓXIMO AO SESI,SANTO AMARO,34,SUBURBIO,ABALROAMENTO LONGITUDINAL,COLISÃO SEM VÍTIMA,1,,,,,1,,,,0,,Cruzamento,Bom,Sem defeito,Perfeito estado,Seca,Perfeito estado,Faixa de pedestre,R-4a,40 km/h,Dupla,Canteiro central,,
2019-04-14,13:59:00,SEM VÍTIMA,FINALIZADA,GRAÇAS,RUA ALBERTO PAIVA,138,RUA SERGIO MAGALHAES,,RUA ALBERTO PAIVA,138,,GRAÇAS,,SUBURBIO,ABALROAMENTO LONGITUDINAL,COLISAÕ SEM VITIMAS,2,,,,,,,,,0,,Longo da via,Bom,Não existe,Perfeito estado,Seca,Perfeito estado,Não existe,R-6a,,Única,Faixa seccionada,,
2019-04-14,15:44:00,SEM VÍTIMA,FINALIZADA,BOA VIAGEM,AV CONSELHEIRO AGUIAR,,RUA PROFESSOR ALOISIO PESSOA DE ARAUJO,,AV CONSELHEIRO AGUIAR,,,BOA VIAGEM,,CIDADE,ABALROAMENTO TRANSVERSAL,COLISÃO SEM VITIMAS,2,,,,,,,,,0,,,Bom,Não existe,Incompleta,Seca,Perfeito estado,Não existe,Não há placas,60 km/h,Única,Faixa seccionada,,
2019-04-14,16:04:00,SEM VÍTIMA,CANCELADA,BAIRRO DO RECIFE,CAIS DO APOLO,,,EM FRENTE A ESMAFE - ESCOLA DE MAGISTRATURA / SENTIDO AV NORTE,CAIS DO APOLO,,EM FRENTE A ESMAFE - ESCOLA DE MAGISTRATURA / SENTIDO AV NORTE,BAIRRO DO RECIFE,,,COLISÃO,COLISÃO SEM VÍTIMA,2,,,,,,,,,0,,,,,,,,,,,,,,
2019-04-14,16:30:00,COM VÍTIMA,FINALIZADA,ESPINHEIRO,RUA AMELIA,,RUA DR VICENTE MEIRA,AO LADO ESPINHEIRO SHOPPING,RUA AMELIA,,AO LADO ESPINHEIRO SHOPPING,ESPINHEIRO,,CIDADE,COLISÃO TRASEIRA,ACIDENTE ENVOLVENDO AUTOMÓVEL E MOTOCICLETA.,1,1,,,,,,,,1,,Cruzamento,Bom,Não existe,Perfeito estado,Seca,Perfeito estado,Não existe,Placas Pare,40 km/h,,Faixa seccionada,,
2019-04-14,16:41:00,SEM VÍTIMA,FINALIZADA,AFOGADOS,EST DOS REMEDIOS,,,EM FRENTE AO ATLETICO CLUB,EST DOS REMEDIOS,,EM FRENTE AO ATLETICO CLUB,AFOGADOS,,,COLISÃO,COLISÃO SEM VITIMA,2,,,,,,,,,0,,,,,,,,,,,,,,
2019-04-14,16:50:00,SEM VÍTIMA,FINALIZADA,MADALENA,RUA BENFICA,,EST DOS REMEDIOS,,RUA BENFICA,,,MADALENA,,SUBURBIO,COLISÃO TRASEIRA,COLISÃO SEM VÍTIMA,2,,,,,,,,,0,,Cruzamento,Bom,Sem defeito,Perfeito estado,Seca,Perfeito estado,Faixa de pedestre,Outras,60 km/h,Única,Faixa contínua,Faixa seccionada,
2019-04-14,17:01:00,SEM VÍTIMA,FINALIZADA,DERBY,PRC DO DERBY,,RUA JENER DE SOUZA,,PRC DO DERBY,,,DERBY,418,CIDADE,ABALROAMENTO LONGITUDINAL,COLISÃO SEM VITIMAS,2,,,,,,,,,0,,Cruzamento,Bom,Sem defeito,Perfeito estado,Seca,Perfeito estado,Faixa de pedestre,R-6a,,Única,Não existe,,
2019-04-14,17:09:00,COM VÍTIMA,FINALIZADA,CORDEIRO,AV CAXANGA,,,,AV CAXANGA,,,CORDEIRO,234,CIDADE,ATROPELAMENTO,,,,,,1,,,,,1,,Cruzamento,Bom,Sem defeito,Perfeito estado,Seca,Perfeito estado,,Não há placas,,Dupla,Canteiro central,,
2019-04-14,17:13:00,SEM VÍTIMA,FINALIZADA,SÃO JOSÉ,RUA IMPERIAL,2012,,EM FRENTE A IMPERIOCAR,RUA IMPERIAL,2012,EM FRENTE A IMPERIOCAR,SÃO JOSÉ,,SUBURBIO,COLISÃO TRASEIRA,COLISÃO SEM VITIMAS,3,,,,,,,,,0,,Longo da via,Bom,Não existe,Incompleta,Molhada,Mal conservada,Outros,Outras,,Única,Não existe,,
2019-04-14,19:14:00,COM VÍTIMA,FINALIZADA,MADALENA,RUA MONSENHOR JULIO MARIA,,RUA NOBRE DE LACERDA,PROX AO CENTRO COMERCIAL NOBRE DE LACERDA,RUA MONSENHOR JULIO MARIA,,PROX AO CENTRO COMERCIAL NOBRE DE LACERDA,MADALENA,,CIDADE,ABALROAMENTO TRANSVERSAL,ACIDENTE ENVOLVENDO DOIS AUTOMÓVEIS.,2,,,,,,,,,1,,Cruzamento,Bom,Não existe,Perfeito estado,Seca,Perfeito estado,,Placas Pare,,Única,Não existe,,
2019-04-14,19:38:00,SEM VÍTIMA,CANCELADA,BOA VIAGEM,RUA VISCONDE DE JEQUITINHONHA,\,,SUPERMERCADO SOBERANO,RUA VISCONDE DE JEQUITINHONHA,\,SUPERMERCADO SOBERANO,BOA VIAGEM,,CIDADE,COLISÃO,DOIS AUTO SEM VITIMAS,2,,,,,,,,,0,,,,,,,,,,,,,,
2019-04-14,19:48:00,SEM VÍTIMA,FINALIZADA,AREIAS,AV RECIFE,,AV DOM HELDER CAMARA,SEMÁFORO 55,AV RECIFE,,SEMÁFORO 55,AREIAS,55,SUBURBIO,ABALROAMENTO LONGITUDINAL,AUTO E ONIBUS SEM VITIMAS,1,,,,,1,,,,0,,Longo da via,Bom,Sem defeito,Perfeito estado,Seca,Perfeito estado,Faixa de pedestre,Outras,,Única,Faixa seccionada,Canteiro central,
2019-04-14,20:15:00,SEM VÍTIMA,FINALIZADA,CORDEIRO,AV CAXANGA,,,E/F BANCO ITAU,AV CAXANGA,,E/F BANCO ITAU,CORDEIRO,,CIDADE,COLISÃO TRASEIRA,QUATRO AUTO SEM VITIMAS,3,,,,,,,,,0,,Longo da via,Bom,Sem defeito,Perfeito estado,Seca,Perfeito estado,,,,Dupla,Canteiro central,,
2019-04-14,21:11:00,SEM VÍTIMA,CANCELADA,IMBIRIBEIRA,AV MARECHAL MASCARENHAS DE MORAES,2314,,ENF A MARAVILHA MOTOS // SENTIDO AFOGADOS,AV MARECHAL MASCARENHAS DE MORAES,2314,ENF A MARAVILHA MOTOS // SENTIDO AFOGADOS,IMBIRIBEIRA,,,COLISÃO,VAN 150 X VAN 150 OBS: SUSPEITA DE EMBRIAGUEZ,,2,,,,,,,,0,,,,,,,,,,,,,,
2019-04-14,22:10:00,SEM VÍTIMA,FINALIZADA,CASA AMARELA,RUA DR GENARO GUIMARAES,221,,ED VEREDA PRNCE,RUA DR GENARO GUIMARAES,221,ED VEREDA PRNCE,CASA AMARELA,,CIDADE,ABALROAMENTO LONGITUDINAL,CLASSIC X GOL,2,,,,,,,,,0,,Longo da via,Bom,Não existe,Perfeito estado,Seca,Perfeito estado,Não existe,R-6a,,Única,Não existe,,
2019-04-14,22:42:00,COM VÍTIMA,FINALIZADA,IPSEP,RUA JEAN EMILE FAVRE,S/N,RUA ARACATUBA,PRAÇA DA MAURICÉA,RUA JEAN EMILE FAVRE,S/N,PRAÇA DA MAURICÉA,IPSEP,,SUBURBIO,ABALROAMENTO LONGITUDINAL,ACIDENTE ENVOLVENDO AUTOMÓVEL E MOTOCICLETA.,1,1,,,,,,,,1,,Longo da via,Bom,Não existe,Perfeito estado,Seca,Perfeito estado,Não existe,Placas Pare,,Dupla,Faixa contínua,Faixa seccionada,
2019-04-15,05:20:00,SEM VÍTIMA,FINALIZADA,PARNAMIRIM,RUA TITO ROSAS,,,SEMÁFORO 10,RUA TITO ROSAS,,SEMÁFORO 10,PARNAMIRIM,10,CIDADE,ABALROAMENTO LONGITUDINAL,COLISÃO ENTRE DOIS AUTOS S/V,2,,,,,,,,,0,,Longo da via,Bom,Sem defeito,Perfeito estado,Seca,Perfeito estado,Agente,Outras,,Única,,,
2019-04-15,07:02:00,SEM VÍTIMA,FINALIZADA,BOA VIAGEM,RUA PROF AURELIO DE CASTRO CAVALCANTI,615,AV VINTE DE JANEIRO,RH EXTRA BOM,RUA PROF AURELIO DE CASTRO CAVALCANTI,615,RH EXTRA BOM,BOA VIAGEM,,SUBURBIO,ABALROAMENTO LONGITUDINAL,CAMINHÃO E AUTO,1,,,,,,1,,,0,,Cruzamento,Bom,Não existe,Perfeito estado,Seca,Perfeito estado,Não existe,Não há placas,40 km/h,Dupla,Faixa seccionada,,
2019-04-15,07:16:00,SEM VÍTIMA,FINALIZADA,BOA VISTA,RUA JOAO FERNANDES VIEIRA,,AV GOVERNADOR AGAMENON MAGALHAES,AO LADO DA PRAÇA PARQUE AMORIM,RUA JOAO FERNANDES VIEIRA,,AO LADO DA PRAÇA PARQUE AMORIM,BOA VISTA,,,ABALROAMENTO LONGITUDINAL,DOIS AUTOS,2,,,,,,,,,0,,Longo da via,Bom,Não existe,Não existente,Seca,Perfeito estado,,Não há placas,60 km/h,Única,,,
2019-04-15,07:32:00,SEM VÍTIMA,FINALIZADA,CASA FORTE,EST DO ENCANAMENTO,,RUA ENGENHEIRO OSCAR FERREIRA,,EST DO ENCANAMENTO,,,CASA FORTE,,CIDADE,COLISÃO FRONTAL,DOIS AUTOS,2,,,,,,,,,0,,Cruzamento,Bom,Não existe,Perfeito estado,Seca,Perfeito estado,Faixa de retenção,Placas Pare,,Dupla,Não existe,,
2019-04-15,07:33:00,COM VÍTIMA,FINALIZADA,BEBERIBE,AV BEBERIBE,1753,,LADO OPOSTO AO COLÉGIO E HOTELZINHO QI,AV BEBERIBE,1753,LADO OPOSTO AO COLÉGIO E HOTELZINHO QI,BEBERIBE,,CIDADE,ABALROAMENTO LONGITUDINAL,ACIDENTE ENVOLVENDO AUTOMÓVEL E MOTOCICLETA.,1,1,,,,,,,,1,,Longo da via,Bom,Não existe,Perfeito estado,Seca,Perfeito estado,,Outras,,Dupla,Faixa contínua,,