data,hora,natureza_acidente,situacao,bairro,endereco,numero,detalhe_endereco_acidente,complemento,endereco_cruzamento,numero_cruzamento,referencia_cruzamento,bairro_cruzamento,num_semaforo,sentido_via,tipo,descricao,auto,moto,ciclom,ciclista,pedestre,onibus,caminhao,viatura,outros,vitimas,vitimasfatais,acidente_verificado,tempo_clima,situacao_semaforo,sinalizacao,condicao_via,conservacao_via,ponto_controle,situacao_placa,velocidade_max_via,mao_direcao,divisao_via1,divisao_via2,divisao_via3
2019-04-17,21:54:00,SEM VÍTIMA,FINALIZADA,IPSEP,AV RECIFE,,RUA PINTOR ANTONIO ALBUQUERQUE,,AV RECIFE,,,IPSEP,55,SUBURBIO,COLISÃO TRASEIRA,ENTRE 2 AUTOS. S/V,2,,,,,,,,,0,,Longo da via,Bom,Sem defeito,Perfeito estado,Seca,Perfeito estado,Faixa de pedestre,R-6a,,Dupla,Canteiro central,,
2019-04-18,06:17:00,SEM VÍTIMA,FINALIZADA,BOA VIAGEM,AV ENGENHEIRO DOMINGOS FERREIRA,2600,RUA PROFESSOR JOSE BRANDAO,EM FRENTE A FARMACIA INDEPENDENTE,AV ENGENHEIRO DOMINGOS FERREIRA,2600,EM FRENTE A FARMACIA INDEPENDENTE,BOA VIAGEM,550,SUBURBIO,ABALROAMENTO TRANSVERSAL,COLISÃO SEM VITIMAS,2,,,,,,,,,0,,Cruzamento,Bom,Sem defeito,Perfeito estado,Seca,Perfeito estado,Faixa de pedestre,Não há placas,60 km/h,Única,Faixa contínua,Canteiro central,
2019-04-18,06:48:00,COM VÍTIMA,FINALIZADA,IMBIRIBEIRA,AV MARECHAL MASCARENHAS DE MORAES,2755,,EM FRENTE AO BANCO BRADESCO E NEO BLINDADOS  SENT. AFOGADOS.,AV MARECHAL MASCARENHAS DE MORAES,2755,EM FRENTE AO BANCO BRADESCO E NEO BLINDADOS  SENT. AFOGADOS.,IMBIRIBEIRA,631,CIDADE,COLISÃO TRASEIRA,COLISÃO ENTRE TRÊS AUTOMÓVEIS.,3,,,,,,,,,1,,Longo da via,Bom,Intermitente,Perfeito estado,Seca,Perfeito estado,Faixa de pedestre,R-6a,60 km/h,Dupla,Faixa seccionada,Canteiro central,
2019-04-18,08:07:00,SEM VÍTIMA,FINALIZADA,MADALENA,AV CAXANGA,1381,,AO LADO DA IGREJA CATOLICA SÃO SEBASTIÃO,AV CAXANGA,1381,AO LADO DA IGREJA CATOLICA SÃO SEBASTIÃO,MADALENA,,CIDADE,COLISÃO TRASEIRA,SEN VITIMAS,2,,,,,,,,,0,,Longo da via,Bom,Não existe,Perfeito estado,Seca,Perfeito estado,Não existe,R-6a,,Dupla,Faixa seccionada,,
2019-04-18,09:23:00,SEM VÍTIMA,FINALIZADA,SANTO AMARO,AV GOVERNADOR AGAMENON MAGALHAES,,,LADO OPOSTO AO MINISTÉRIO PUBLICO FEDERAL,AV GOVERNADOR AGAMENON MAGALHAES,,LADO OPOSTO AO MINISTÉRIO PUBLICO FEDERAL,SANTO AMARO,,,ABALROAMENTO TRANSVERSAL,COLISÃO SEM VITIMAS,2,,,,,,,,,0,,Longo da via,Bom,Não existe,Perfeito estado,Seca,Perfeito estado,Outros,R-6a,60 km/h,Dupla,Faixa contínua,Faixa seccionada,Canteiro central
2019-04-18,10:04:00,SEM VÍTIMA,FINALIZADA,CASA FORTE,EST DO ENCANAMENTO,,,EM FRENTE AO Nº 1135,EST DO ENCANAMENTO,,EM FRENTE AO Nº 1135,CASA FORTE,,CIDADE,ABALROAMENTO LONGITUDINAL,TRES AUTOS,3,,,,,,,,,0,,Longo da via,Bom,Não existe,Perfeito estado,Seca,Perfeito estado,,,,Única,Faixa seccionada,,
2019-04-18,10:49:00,SEM VÍTIMA,FINALIZADA,BOMBA DO HEMETÉRIO,RUA CORREGO JOSE GRANDE,538,,,RUA CORREGO JOSE GRANDE,538,,BOMBA DO HEMETÉRIO,,SUBURBIO,CHOQUE VEÍCULO PARADO,COLISÃO SEM VITIMAS,1,,,,,1,,,,0,,Longo da via,Bom,Não existe,Perfeito estado,Seca,Perfeito estado,Não existe,Não há placas,,Dupla,Não existe,,
2019-04-18,10:52:00,SEM VÍTIMA,FINALIZADA,TAMARINEIRA,RUA DR JOSE MARIA,,AV CONS ROSA E SILVA,EM FRENTE A EXTRAFARMA,RUA DR JOSE MARIA,,EM FRENTE A EXTRAFARMA,TAMARINEIRA,253,SUBURBIO,ABALROAMENTO TRANSVERSAL,DOIS AUTOS,2,,,,,,,,,0,,Cruzamento,Bom,Sem defeito,Perfeito estado,Seca,Perfeito estado,Faixa de pedestre,R-6a,30 km/h,Única,Faixa seccionada,,
2019-04-18,10:56:00,SEM VÍTIMA,FINALIZADA,SANCHO,AV LIBERDADE,1488,,LADO OPOSTO A VIDRAÇARIA RR,AV LIBERDADE,1488,LADO OPOSTO A VIDRAÇARIA RR,SANCHO,,CIDADE,ABALROAMENTO LONGITUDINAL,COLISÃO SEM VITIMAS,2,,,,,1,,,,0,,Longo da via,Bom,Não existe,Perfeito estado,Seca,Perfeito estado,Não existe,,50 km/h,Dupla,Não existe,,
2019-04-18,11:14:00,SEM VÍTIMA,FINALIZADA,BOA VIAGEM,AV BOA VIAGEM,3174,,EM FRENTE AO EDIFICIO DOM AFONSO HENRIQUES,AV BOA VIAGEM,3174,EM FRENTE AO EDIFICIO DOM AFONSO HENRIQUES,BOA VIAGEM,,CIDADE,COLISÃO TRASEIRA,COLISÃO SEM VITIMAS,1,1,,,,,,,,0,,Longo da via,Bom,Sem defeito,Perfeito estado,Seca,Perfeito estado,Faixa de pedestre,Não há placas,,Única,Faixa contínua,,
2019-04-18,12:05:00,SEM VÍTIMA,FINALIZADA,AREIAS,AV RECIFE,,,EM FRENTE AO WALMART,AV RECIFE,,EM FRENTE AO WALMART,AREIAS,,SUBURBIO,ABALROAMENTO LONGITUDINAL,COLISÃO SEM VÍTIMA,2,,,,,,,,,0,,Longo da via,Bom,Não existe,Perfeito estado,Seca,Perfeito estado,Não existe,Não há placas,,Dupla,Faixa seccionada,,
2019-04-18,13:14:00,SEM VÍTIMA,FINALIZADA,CASA FORTE,AV DEZESSETE DE AGOSTO,1117,,EDIF. SENZALA,AV DEZESSETE DE AGOSTO,1117,EDIF. SENZALA,CASA FORTE,,SUBURBIO,ABALROAMENTO LONGITUDINAL,COLISÃO SEM VITIMA,1,,,,,,1,,,0,,Longo da via,Bom,Sem defeito,Perfeito estado,Seca,Perfeito estado,Faixa de pedestre,Outras,,Dupla,Faixa contínua,Faixa seccionada,
2019-04-18,14:12:00,SEM VÍTIMA,FINALIZADA,HIPÓDROMO,RUA FONSECA OLIVEIRA,,RUA CARLOS FERNANDES,,RUA FONSECA OLIVEIRA,,,HIPÓDROMO,,,ABALROAMENTO TRANSVERSAL,COLISÃO SEM VÍTIMA,1,1,,,,,,,,0,,Cruzamento,Bom,Não existe,Perfeito estado,Seca,Perfeito estado,Não existe,Placas Pare,,Dupla,Faixa seccionada,,
2019-04-18,14:29:00,SEM VÍTIMA,FINALIZADA,SÃO JOSÉ,RUA DA CONCORDIA,485,,,RUA DA CONCORDIA,485,,SÃO JOSÉ,,CIDADE,ABALROAMENTO LONGITUDINAL,COLISÃO SEM VÍTIMA,1,,,,,,1,,,0,,Longo da via,Bom,Não existe,Perfeito estado,Seca,Perfeito estado,Não existe,R-6a,40 km/h,Única,Não existe,,
2019-04-18,14:55:00,SEM VÍTIMA,FINALIZADA,SANTO AMARO,AV MARIO MELO,,RUA SAO GERALDO,,AV MARIO MELO,,,SANTO AMARO,,SUBURBIO,ABALROAMENTO LONGITUDINAL,COLISAO ENTRE DOIS AUTOS S/V,2,,,,,,,,,0,,Cruzamento,Bom,Não existe,Perfeito estado,Seca,Perfeito estado,Não existe,R-6a,40 km/h,Dupla,Canteiro central,,
2019-04-18,15:10:00,SEM VÍTIMA,FINALIZADA,BOA VIAGEM,RUA BRUNO VELOSO,1203,RUA DOS NAVEGANTES,ED HIDE PARK,RUA BRUNO VELOSO,1203,ED HIDE PARK,BOA VIAGEM,160,CIDADE,COLISÃO TRASEIRA,COLISAO UM TAXI E AUTO S/V,2,,,,,,,,,0,,Cruzamento,Bom,Sem defeito,Perfeito estado,Seca,Perfeito estado,Faixa de pedestre,Não há placas,,Única,Faixa contínua,,
2019-04-18,15:14:00,COM VÍTIMA,FINALIZADA,CASA FORTE,AV DEZESSETE DE AGOSTO,1256,,EM FRENTE A DROGASIL,AV DEZESSETE DE AGOSTO,1256,EM FRENTE A DROGASIL,CASA FORTE,,CIDADE,ABALROAMENTO LONGITUDINAL,COLISÃO ENTRE AUTOMÓVEL E MOTOCICLETA.,1,1,,,,,,,,1,,Longo da via,Bom,Não existe,Perfeito estado,Seca,Perfeito estado,Não existe,Outras,,Dupla,Faixa contínua,Faixa seccionada,
2019-04-18,15:21:00,SEM VÍTIMA,DUPLICIDADE,BOA VIAGEM,RUA BRUNO VELOSO,,RUA DOS NAVEGANTES,EM FRENTE AO HOTEL INTERNACIONAL PALACE,RUA BRUNO VELOSO,,EM FRENTE AO HOTEL INTERNACIONAL PALACE,BOA VIAGEM,160,,COLISÃO,,2,,,,,,,,,0,,,,,,,,,,,,,,
2019-04-18,15:47:00,COM VÍTIMA,FINALIZADA,BOA VIAGEM,AV BOA VIAGEM,3870,,POINT DO AÇAÍ.,AV BOA VIAGEM,3870,POINT DO AÇAÍ.,BOA VIAGEM,,CIDADE,ATROPELAMENTO,VEÍCULO EVADIU-SE DO LOCAL  NÃO SENDO POSSÍVEL IDENTIFICÁ-LO.,1,,,,1,,,,,1,,Longo da via,Bom,Sem defeito,Perfeito estado,Seca,Perfeito estado,Outros,Outras,60 km/h,Única,Faixa seccionada,,
2019-04-18,16:10:00,SEM VÍTIMA,FINALIZADA,MANGABEIRA,AV PROFESSOR JOSE DOS ANJOS,,,NO SEMAFORO 306,AV PROFESSOR JOSE DOS ANJOS,,NO SEMAFORO 306,MANGABEIRA,306,CIDADE,COLISÃO TRASEIRA,COLISAO ENTRE AUTO E CAMINHAO S/V,1,,,,,,1,,,0,,Longo da via,Bom,Sem defeito,Perfeito estado,Seca,Perfeito estado,Faixa de pedestre,Outras,40 km/h,Única,Faixa seccionada,,
2019-04-18,16:28:00,SEM VÍTIMA,FINALIZADA,ESPINHEIRO,RUA AMELIA,,RUA DR VICENTE MEIRA,,RUA AMELIA,,,ESPINHEIRO,,SUBURBIO,ABALROAMENTO LONGITUDINAL,COLISAO C/VITIMA UMA MOTO E UM AUTO,1,1,,,,,,,,0,,,Bom,Não existe,Perfeito estado,Seca,Perfeito estado,,R-6a,,Única,Faixa seccionada,,
2019-04-18,17:09:00,SEM VÍTIMA,FINALIZADA,AFOGADOS,RUA COSME VIANA,1229,,EM FRENTE A ESCAN LOCAÇÕES PARA CONSTRUÇÃO,RUA COSME VIANA,1229,EM FRENTE A ESCAN LOCAÇÕES PARA CONSTRUÇÃO,AFOGADOS,,,COLISÃO TRASEIRA,COLISAO S/ VITIMA DOIS AUTOS,2,,,,,,,,,0,,Longo da via,Bom,Não existe,Incompleta,Seca,,Não existe,Não há placas,,Única,Faixa seccionada,,
2019-04-18,17:30:00,SEM VÍTIMA,FINALIZADA,BOA VIAGEM,AV CONSELHEIRO AGUIAR,4265,,EM FRENTE AO HABIBS,AV CONSELHEIRO AGUIAR,4265,EM FRENTE AO HABIBS,BOA VIAGEM,,CIDADE,COLISÃO TRASEIRA,COLISÃO SEM VÍTIMA,2,,,,,,,,,0,,Longo da via,Bom,Sem defeito,Perfeito estado,Seca,Perfeito estado,Faixa de pedestre,R-6a,60 km/h,Única,Faixa contínua,,
2019-04-18,18:00:00,SEM VÍTIMA,FINALIZADA,BAIRRO DO RECIFE,AV ALFREDO LISBOA,,,E/F AO MARCO ZERO,AV ALFREDO LISBOA,,E/F AO MARCO ZERO,BAIRRO DO RECIFE,,SUBURBIO,ABALROAMENTO LONGITUDINAL,AUTO E CAMINHÃO SEM VITIMAS,1,,,,,,1,,,0,,Longo da via,Bom,Não existe,Perfeito estado,Seca,Perfeito estado,Faixa de pedestre,R-19,30 km/h,Única,Faixa seccionada,,
2019-04-18,18:26:00,SEM VÍTIMA,CANCELADA,IMBIRIBEIRA,AV MARECHAL MASCARENHAS DE MORAES,2716,,E/F AO INTER HOTEL E GERALDÃO  SNT IPSEP,AV MARECHAL MASCARENHAS DE MORAES,2716,E/F AO INTER HOTEL E GERALDÃO  SNT IPSEP,IMBIRIBEIRA,,,COLISÃO,ENTRE 2 AUTOS. S/V,2,,,,,,,,,0,,,,,,,,,,,,,,
2019-04-18,19:05:00,SEM VÍTIMA,FINALIZADA,BOMBA DO HEMETÉRIO,RUA BOMBA DO HEMETERIO,203,,,RUA BOMBA DO HEMETERIO,203,,BOMBA DO HEMETÉRIO,,SUBURBIO,ABALROAMENTO LONGITUDINAL,AUTO E ONIBUS SEM VITIMAS,1,,,,,1,,,,0,,Longo da via,Bom,Não existe,Perfeito estado,Seca,Perfeito estado,,,30 km/h,Dupla,Faixa contínua,Faixa seccionada,
2019-04-18,19:38:00,SEM VÍTIMA,FINALIZADA,,RUA DEZ DE JULHO,,,SEMÁFORO 572,RUA DEZ DE JULHO,,SEMÁFORO 572,,572,,COLISÃO TRASEIRA,ENTRE AUTO E ÕNIBUS. S/V,1,,,,,1,,,,0,,Longo da via,Bom,Sem defeito,Perfeito estado,Seca,Perfeito estado,Faixa de pedestre,,,Única,,,
2019-04-18,21:27:00,COM VÍTIMA,FINALIZADA,ENCRUZILHADA,RUA FERNANDO CESAR,,RUA AMARO COUTINHO,E/F A PRAÇA MIGUEL VALVERDE,RUA FERNANDO CESAR,,E/F A PRAÇA MIGUEL VALVERDE,ENCRUZILHADA,,CIDADE,ABALROAMENTO TRANSVERSAL,AUTO E MOTO COM VITIMAS (MOTOQUEIRO COM SITOMAS DE EMBRIAGUEZ),1,1,,,,,,,,1,,Cruzamento,Bom,Não existe,Perfeito estado,Seca,Perfeito estado,Não existe,Placas Pare,,Única,Não existe,,
2019-04-19,00:17:00,COM VÍTIMA,CANCELADA,FUNDÃO,RUA MANOEL SILVA,,,PRÓX AO ESPETINHO DO BÊU // PRÓX AO BAR IRRESPONSÁVEL,RUA MANOEL SILVA,,PRÓX AO ESPETINHO DO BÊU // PRÓX AO BAR IRRESPONSÁVEL,FUNDÃO,,,CHOQUE,MOTO CHOCOU-SE CONTRA VEÍCULO ESTACIONADO,1,1,,,,,,,,1,,,,,,,,,,,,,,
2019-04-19,05:41:00,SEM VÍTIMA,FINALIZADA,MANGUEIRA,RUA DR JOAO ELISIO,373,,,RUA DR JOAO ELISIO,373,,MANGUEIRA,,SUBURBIO,COLISÃO TRASEIRA,COLISÃO ENTRE TRÊS AUTOS S/V,3,,,,,,,,,0,,Longo da via,Bom,Não existe,Incompleta,Seca,Perfeito estado,Não existe,Outras,30 km/h,Dupla,Não existe,,
2019-04-19,05:48:00,COM VÍTIMA,FINALIZADA,AREIAS,AV DR JOSE RUFINO,1688,,EM FRENTE A ANTIGA FABRICA MANUCHAR,AV DR JOSE RUFINO,1688,EM FRENTE A ANTIGA FABRICA MANUCHAR,AREIAS,557,CIDADE,CHOQUE VEÍCULO PARADO,CHOQUE ENTRE AUTOMÓVEL E MOTOCICLETA.,1,1,,,,,,,,2,,Longo da via,Bom,Sem defeito,Perfeito estado,Seca,Perfeito estado,Faixa de pedestre,Não há placas,,Dupla,Faixa,,
2019-04-19,10:34:00,SEM VÍTIMA,FINALIZADA,PAISSANDU,AV GOVERNADOR AGAMENON MAGALHAES,4318,,AO LADO DO BANCO HSBC,AV GOVERNADOR AGAMENON MAGALHAES,4318,AO LADO DO BANCO HSBC,PAISSANDU,,BOA VIAGEM,COLISÃO,SEM VITIMAS,2,,,,,,,,,0,,,,,,,,,,,,,,
2019-04-19,12:31:00,SEM VÍTIMA,FINALIZADA,BOA VIAGEM,RUA ERNESTO DE PAULA SANTOS,652,RUA VISCONDE DE JEQUITINHONHA,E/F AO SUPERMERCADO SOBERANO,RUA ERNESTO DE PAULA SANTOS,652,E/F AO SUPERMERCADO SOBERANO,BOA VIAGEM,304,SUBURBIO,ABALROAMENTO LONGITUDINAL,COLISAO ENTRE TRES AUTOS S/V,3,,,,,,,,,0,,Cruzamento,Bom,Sem defeito,Perfeito estado,Seca,Perfeito estado,Faixa de pedestre,Outras,,Única,Faixa seccionada,,
2019-04-19,12:46:00,COM VÍTIMA,CANCELADA,PINA,PTE AGAMENON MAGALHAES,,,NA PONTE,PTE AGAMENON MAGALHAES,,NA PONTE,PINA,,CABANGA,COLISÃO COM CICLISTA,AUTO E CICLISTA,0,,,1,,,,,,1,,,,,,,,,,,,,,
2019-04-19,15:36:00,SEM VÍTIMA,FINALIZADA,SANTO AMARO,AV GOVERNADOR AGAMENON MAGALHAES,,,EM FRENTE AO CIRCULO MILITAR,AV GOVERNADOR AGAMENON MAGALHAES,,EM FRENTE AO CIRCULO MILITAR,SANTO AMARO,,SUBURBIO,ABALROAMENTO LONGITUDINAL,COLISÃO SEM VITIMA,3,,,,,,,,,0,,Longo da via,Bom,Sem defeito,Perfeito estado,Seca,Perfeito estado,,Outras,60 km/h,Única,Faixa seccionada,Canteiro central,
2019-04-19,17:00:00,COM VÍTIMA,FINALIZADA,DOIS UNIDOS,AV HILDEBRANDO DE VASCONCELOS,845,RUA DA BELA VISTA,EM FRENTE A ASINHA DO TONHO.,AV HILDEBRANDO DE VASCONCELOS,845,EM FRENTE A ASINHA DO TONHO.,DOIS UNIDOS,,SUBURBIO,ABALROAMENTO TRANSVERSAL,COLISÃO ENTRE DOIS AUTOS E UMA MOTO.,2,1,,,,,,,,1,,Longo da via,Bom,Não existe,Perfeito estado,Seca,Perfeito estado,Não existe,Não há placas,40 km/h,Dupla,Faixa seccionada,,
2019-04-19,17:23:00,COM VÍTIMA,FINALIZADA,CASA AMARELA,RUA TAQUARITINGA,149,RUA PADRE LEMOS,DE ESQUINA COM A LOJA TROPICAL,RUA TAQUARITINGA,149,DE ESQUINA COM A LOJA TROPICAL,CASA AMARELA,,,CHOQUE VEÍCULO PARADO,DOIS AUTO COM VITIMAS,2,,,,,,,,,1,,Longo da via,Bom,Não existe,Perfeito estado,Seca,Perfeito estado,Não existe,Não há placas,,Única,Não existe,,
2019-04-20,00:31:00,SEM VÍTIMA,FINALIZADA,GRAÇAS,AV RUI BARBOSA,879,RUA AMELIA,POSTO CEMOPEL,AV RUI BARBOSA,879,POSTO CEMOPEL,GRAÇAS,,SUBURBIO,CHOQUE OBJETO FIXO,AUTO CHOCOU-SE CONTRA UMA BOMBA DE COMBUSTÍVEL,1,,,,,,,,,0,,,Bom,Não existe,Incompleta,Seca,Perfeito estado,Não existe,Não há placas,,Única,Faixa seccionada,,
2019-04-20,02:08:00,SEM VÍTIMA,FINALIZADA,ALTO DO MANDU,AV DR EURICO CHAVES,677,,EM FRENTE IGREJA NOSSA SENHORA DE LURDES,AV DR EURICO CHAVES,677,EM FRENTE IGREJA NOSSA SENHORA DE LURDES,ALTO DO MANDU,,,CHOQUE VEÍCULO PARADO,AUTO CHOCOU-SE EM VEÍCULO PARADO S/V,2,,,,,,,,,0,,Longo da via,Chuvoso,Não existe,Perfeito estado,Seca,Perfeito estado,Não existe,Não há placas,40 km/h,Dupla,Não existe,,
2019-04-20,02:17:00,SEM VÍTIMA,FINALIZADA,BOA VIAGEM,RUA FRANCISCO DA CUNHA,,RUA MARIA CAROLINA,,RUA FRANCISCO DA CUNHA,,,BOA VIAGEM,,SUBURBIO,ABALROAMENTO TRANSVERSAL,COLISÃO ENTRE DOIS AUTOS S/V,2,,,,,,,,,0,,Cruzamento,Chuvoso,Não existe,Ilegível,Seca,Mal iluminada,Faixa de retenção,Placas Pare,,Dupla,Não existe,,
2019-04-20,07:18:00,COM VÍTIMA,FINALIZADA,ILHA DO LEITE,RUA SENADOR JOSE HENRIQUE,141,AV FREI MATIAS TEVES,EM FRENTE AO HOSPITAL ALBERT SABIN,RUA SENADOR JOSE HENRIQUE,141,EM FRENTE AO HOSPITAL ALBERT SABIN,ILHA DO LEITE,,SUBURBIO,ABALROAMENTO LONGITUDINAL,COLISÃO ENTRE DUAS MOTOS.,,2,,,,,,,,1,,Cruzamento,Chuvoso,Não existe,Perfeito estado,Molhada,Perfeito estado,Faixa de pedestre,Placas Pare,,Única,Faixa seccionada,,
2019-04-20,08:02:00,SEM VÍTIMA,FINALIZADA,IBURA,AV DOM HELDER CAMARA,,AV RECIFE,EM FRENTE A EXTRAFARMA,AV DOM HELDER CAMARA,,EM FRENTE A EXTRAFARMA,IBURA,55,CIDADE,COLISÃO TRASEIRA,CAMINHAO E AUTO,1,,,,,,1,,,0,,Cruzamento,Chuvoso,Sem defeito,Perfeito estado,Molhada,Perfeito estado,Faixa de pedestre,Não há placas,,,Canteiro central,,
2019-04-20,08:25:00,SEM VÍTIMA,CANCELADA,BONGI,AV ENGENHEIRO ABDIAS DE CARVALHO,240,,PROX. A DROGARIA BONGI  SENT. CEASA,AV ENGENHEIRO ABDIAS DE CARVALHO,240,PROX. A DROGARIA BONGI  SENT. CEASA,BONGI,,,COLISÃO,DOIS AUTOS,2,,,,,,,,,0,,,,,,,,,,,,,,
2019-04-20,08:25:00,SEM VÍTIMA,FINALIZADA,BOA VISTA,RUA GERVASIO PIRES,,AV CONDE DA BOA VISTA,,RUA GERVASIO PIRES,,,BOA VISTA,24,,ABALROAMENTO TRANSVERSAL,DOIS AUTOS,2,,,,,,,,,0,,Cruzamento,Chuvoso,Sem defeito,Perfeito estado,Molhada,Perfeito estado,Faixa de pedestre,R-6a,,Única,Faixa seccionada,,
2019-04-20,09:36:00,SEM VÍTIMA,FINALIZADA,MACAXEIRA,AV NORTE,,,ESCOLA MUNICIPAL DIÁCONO ABEL GUEIROS,AV NORTE,,ESCOLA MUNICIPAL DIÁCONO ABEL GUEIROS,MACAXEIRA,451,CIDADE,ABALROAMENTO LONGITUDINAL,COLISÃO SEM VITIMAS,1,1,,,,,,,,0,,,Chuvoso,Intermitente,Incompleta,Molhada,Perfeito estado,Faixa de retenção,Não há placas,,Dupla,Canteiro central,,
2019-04-20,11:14:00,SEM VÍTIMA,FINALIZADA,ESTÂNCIA,AV RECIFE,497,,EM FRENTE AO MARTELINHO DE OURO,AV RECIFE,497,EM FRENTE AO MARTELINHO DE OURO,ESTÂNCIA,261,CIDADE,COLISÃO TRASEIRA,QUATRO VEICULOS,4,,,,,,,,,0,,Longo da via,Nublado,Sem defeito,Perfeito estado,Molhada,Perfeito estado,Faixa de pedestre,Outras,,,,,
2019-04-20,12:06:00,COM VÍTIMA,CANCELADA,BOA VIAGEM,AV BOA VIAGEM,5300,,EM FRENTE DO HOTEL ATLANTIC PLAZA,AV BOA VIAGEM,5300,EM FRENTE DO HOTEL ATLANTIC PLAZA,BOA VIAGEM,,,COLISÃO,COLISÃO COM VITIMA/ AGUARDANDO O SAMU,1,1,,,,,,,,1,,,,,,,,,,,,,,
2019-04-20,12:35:00,SEM VÍTIMA,FINALIZADA,SÃO JOSÉ,AV DANTAS BARRETO,,RUA IMPERIAL,,AV DANTAS BARRETO,,,SÃO JOSÉ,30,SUBURBIO,ABALROAMENTO LONGITUDINAL,COLISA ENTRE ONIBUS E AUTO S/V,1,,,,,1,,,,0,,Longo da via,Chuvoso,Sem defeito,Perfeito estado,Molhada,Perfeito estado,Faixa de pedestre,Outras,,Única,Faixa seccionada,,
2019-04-20,13:06:00,SEM VÍTIMA,FINALIZADA,TORREÃO,AV GOVERNADOR AGAMENON MAGALHAES,,,SEMÁFORO 379,AV GOVERNADOR AGAMENON MAGALHAES,,SEMÁFORO 379,TORREÃO,379,,COLISÃO TRASEIRA,COLISÃO SEM VITIMA,2,,,,,,,,,0,,Longo da via,Chuvoso,Sem defeito,Perfeito estado,Molhada,Perfeito estado,Faixa de pedestre,R-19,60 km/h,Dupla,Canteiro central,,
2019-04-20,14:03:00,SEM VÍTIMA,FINALIZADA,CASA AMARELA,AV NORTE,5270,RUA DA HARMONIA,,AV NORTE,5270,,CASA AMARELA,312,CIDADE,COLISÃO TRASEIRA,COLISÃO SEM VITIMA,2,,,,,,,,,0,,Cruzamento,Chuvoso,Sem defeito,Perfeito estado,Molhada,Perfeito estado,Faixa de pedestre,R-6a,,Dupla,Faixa seccionada,Canteiro central,
2019-04-20,16:49:00,SEM VÍTIMA,FINALIZADA,IPUTINGA,AV CAXANGA,,,SOB O VIADUTO DA BR 101 SUL,AV CAXANGA,,SOB O VIADUTO DA BR 101 SUL,IPUTINGA,,CIDADE,COLISÃO TRASEIRA,COLISÃO SEM VITIMA,1,1,,,,,,,,0,,Longo da via,Chuvoso,Não existe,Perfeito estado,Molhada,Perfeito estado,Não existe,Não há placas,60 km/h,Dupla,Faixa seccionada,,
2019-04-20,18:25:00,SEM VÍTIMA,FINALIZADA,SAN MARTIN,AV GENERAL SAN MARTIN,1449,,ESTACIO,AV GENERAL SAN MARTIN,1449,ESTACIO,SAN MARTIN,,SUBURBIO,COLISÃO TRASEIRA,DOIS AUTOS SEM VITIMAS,2,,,,,,,,,0,,Longo da via,Bom,Não existe,Perfeito estado,Molhada,Perfeito estado,Não existe,Outras,,Dupla,Faixa contínua,Faixa seccionada,
2019-04-20,18:58:00,COM VÍTIMA,CANCELADA,ALTO DO MANDU,RUA MASSARANDUBA,195,,LAJE DE LIMA,RUA MASSARANDUBA,195,LAJE DE LIMA,ALTO DO MANDU,,,ATROPELAMENTO,MOTOCICLETA ATROPELOU UM PEDESTRE,,1,,,2,,,,,2,,,,,,,,,,,,,,
2019-04-20,19:14:00,SEM VÍTIMA,FINALIZADA,IMBIRIBEIRA,AV MARECHAL MASCARENHAS DE MORAES,,,E/F A LOCADORA MOVIDA,AV MARECHAL MASCARENHAS DE MORAES,,E/F A LOCADORA MOVIDA,IMBIRIBEIRA,,CIDADE,ABALROAMENTO LONGITUDINAL,ONIBUS E AUTO PASSEIO SEM VITIMAS,1,,,,,1,,,,0,,Longo da via,Bom,Não existe,Perfeito estado,Molhada,Perfeito estado,,,,Dupla,Canteiro central,,
2019-04-20,20:53:00,SEM VÍTIMA,CANCELADA,BEBERIBE,PRC DA CONVENCAO,,,AO LADO DO POSTO DE GASOLINA BR,PRC DA CONVENCAO,,AO LADO DO POSTO DE GASOLINA BR,BEBERIBE,,,COLISÃO,DOIS AUTO SEM VITIMAS,2,,,,,,,,,0,,,,,,,,,,,,,,
2019-04-20,21:06:00,SEM VÍTIMA,FINALIZADA,BEBERIBE,PRC DA CONVENCAO,96,,,PRC DA CONVENCAO,96,,BEBERIBE,,SUBURBIO,ABALROAMENTO LONGITUDINAL,DOIS AUTO SEM VITIMAS,2,,,,,,,,,0,,,Bom,Não existe,Perfeito estado,Seca,Perfeito estado,Faixa de pedestre,R-6a,,Única,Não existe,,