data,hora,natureza_acidente,situacao,bairro,endereco,numero,detalhe_endereco_acidente,complemento,endereco_cruzamento,numero_cruzamento,referencia_cruzamento,bairro_cruzamento,num_semaforo,sentido_via,tipo,descricao,auto,moto,ciclom,ciclista,pedestre,onibus,caminhao,viatura,outros,vitimas,vitimasfatais,acidente_verificado,tempo_clima,situacao_semaforo,sinalizacao,condicao_via,conservacao_via,ponto_controle,situacao_placa,velocidade_max_via,mao_direcao,divisao_via1,divisao_via2,divisao_via3
2019-04-24,18:02:00,COM VÍTIMA,FINALIZADA,BOA VISTA,AV VISCONDE DE SUASSUNA,651,RUA DOM MANOEL PEREIRA,EM FRETE AO POSTO DE COMBUSTIVEL ROMANGUEIRA E A URBANO VITALINO ADVOGADOS.,AV VISCONDE DE SUASSUNA,651,EM FRETE AO POSTO DE COMBUSTIVEL ROMANGUEIRA E A URBANO VITALINO ADVOGADOS.,BOA VISTA,,SUBURBIO,ABALROAMENTO LONGITUDINAL,COLISÃO ENTRE CAMINHÃO E MOTOCICLETA.,,1,,,,,1,,,1,,Cruzamento,Chuvoso,Não existe,Perfeito estado,Molhada,Perfeito estado,Não existe,Placas Pare,,Única,Faixa seccionada,,
2019-04-24,18:38:00,SEM VÍTIMA,FINALIZADA,BONGI,RUA ISAAC MARKMAN,,,EM FRENTE AO TERMINAL DO BONGI,RUA ISAAC MARKMAN,,EM FRENTE AO TERMINAL DO BONGI,BONGI,,SUBURBIO,COLISÃO FRONTAL,ENTRE 2 AUTOS. S/V,2,,,,,,,,,0,,Longo da via,Bom,Não existe,Perfeito estado,Seca,Perfeito estado,Não existe,Não há placas,,Dupla,Faixa seccionada,,
2019-04-24,18:49:00,SEM VÍTIMA,CANCELADA,SAN MARTIN,AV GENERAL SAN MARTIN,,,E/F A PRC DE SAN MARTIN E PADARIA SAO BENEDITO / NO GIRADOURO,AV GENERAL SAN MARTIN,,E/F A PRC DE SAN MARTIN E PADARIA SAO BENEDITO / NO GIRADOURO,SAN MARTIN,,,COLISÃO,ENTRE AUTO E MOTO. S/V,1,1,,,,,,,,0,,,,,,,,,,,,,,
2019-04-24,18:53:00,SEM VÍTIMA,CANCELADA,JORDÃO,RUA EMILIO MONTEIRO FONSECA,193,,PROX IGREJA BATISTA CENTRAL DO JORDÃO,RUA EMILIO MONTEIRO FONSECA,193,PROX IGREJA BATISTA CENTRAL DO JORDÃO,JORDÃO,,,COLISÃO,AUTO E MOTO SEM VITIMAS (CONDUTOR DO AUTO COM SITOMAS DE EMBRIAGUEZ),1,1,,,,,,,,0,,,,,,,,,,,,,,
2019-04-24,19:02:00,SEM VÍTIMA,FINALIZADA,GRAÇAS,AV RUI BARBOSA,458,,,AV RUI BARBOSA,458,,GRAÇAS,,CIDADE,COLISÃO TRASEIRA,ENTRE 3 AUTOS. S/V,3,,,,,,,,,0,,Longo da via,Chuvoso,Não existe,Perfeito estado,Molhada,Perfeito estado,Não existe,Placas Pare,,Única,Faixa seccionada,,
2019-04-24,19:58:00,SEM VÍTIMA,FINALIZADA,TORREÃO,AV NORTE,,,NA DESCIDA DO VIADUTO DA AV NORTE,AV NORTE,,NA DESCIDA DO VIADUTO DA AV NORTE,TORREÃO,,SUBURBIO,COLISÃO TRASEIRA,DUAS MOTO SEM VITIMAS,,2,,,,,,,,0,,Viaduto,Bom,Não existe,Perfeito estado,Molhada,Perfeito estado,,,,Dupla,Canteiro central,,
2019-04-24,20:38:00,SEM VÍTIMA,FINALIZADA,BOA VISTA,AV LINS PETIT,75,,E/F PRAÇA CHORA MENINO,AV LINS PETIT,75,E/F PRAÇA CHORA MENINO,BOA VISTA,,SUBURBIO,ABALROAMENTO LONGITUDINAL,DOIS AUTO SEM VITIMAS,2,,,,,,,,,0,,Longo da via,Bom,Não existe,Perfeito estado,Seca,Perfeito estado,,,,Dupla,,,
2019-04-24,21:22:00,SEM VÍTIMA,CANCELADA,DERBY,RUA JORNALISTA PAULO BITTENCOURT,,,AO LADO HOSPITAL DA RESTAURAÇÃO - GUARDAS DA CTTU PRESENTES NO LOCAL,RUA JORNALISTA PAULO BITTENCOURT,,AO LADO HOSPITAL DA RESTAURAÇÃO - GUARDAS DA CTTU PRESENTES NO LOCAL,DERBY,,,COLISÃO,ENTRE 2 AUTOS. S/V,2,,,,,,,,,0,,,,,,,,,,,,,,
2019-04-25,08:26:00,SEM VÍTIMA,FINALIZADA,BOA VIAGEM,RUA DOM JOSE LOPES,871,,EM FRENTE AO COLEGIO VENCER,RUA DOM JOSE LOPES,871,EM FRENTE AO COLEGIO VENCER,BOA VIAGEM,,SUBURBIO,ABALROAMENTO TRANSVERSAL,SEM VITIMAS,2,,,,,,,,,0,,Cruzamento,Bom,Não existe,Perfeito estado,Seca,Perfeito estado,Não existe,Placas Pare,40 km/h,Única,Não existe,,
2019-04-25,08:39:00,SEM VÍTIMA,FINALIZADA,CASA FORTE,EST DO ENCANAMENTO,909,RUA JERONIMO DE ALBUQUERQUE,,EST DO ENCANAMENTO,909,,CASA FORTE,,CIDADE,ABALROAMENTO LONGITUDINAL,COLISÃO SEM VITIMAS,,,,,,1,1,,,0,,Longo da via,Bom,Não existe,Perfeito estado,Seca,Perfeito estado,Não existe,Não há placas,60 km/h,Única,Faixa seccionada,,
2019-04-25,08:39:00,SEM VÍTIMA,FINALIZADA,MADALENA,AV CAXANGA,,,EM FRENTE A CELPE,AV CAXANGA,,EM FRENTE A CELPE,MADALENA,,CIDADE,COLISÃO TRASEIRA,SEM VITIMAS,2,,,,,,,,,0,,Longo da via,Bom,Não existe,Perfeito estado,Seca,Perfeito estado,Não existe,R-6a,,Dupla,Canteiro central,,
2019-04-25,09:11:00,SEM VÍTIMA,FINALIZADA,JOANA BEZERRA,RUA JARAGUARI,,,PRÓXIMO A ACADEMIA DA CIDADE,RUA JARAGUARI,,PRÓXIMO A ACADEMIA DA CIDADE,JOANA BEZERRA,,SUBURBIO,ABALROAMENTO LONGITUDINAL,COLISÃO S/VITIMA ENTRE DOIS ONIBUS,,,,,,2,,,,0,,Longo da via,Chuvoso,Não existe,Perfeito estado,Seca,Perfeito estado,Não existe,Não há placas,,Dupla,Não existe,,
2019-04-25,09:18:00,SEM VÍTIMA,FINALIZADA,AFOGADOS,EST DOS REMEDIOS,1161,,,EST DOS REMEDIOS,1161,,AFOGADOS,,CIDADE,ABALROAMENTO LONGITUDINAL,COLISÃO SEM VITIMAS ENTRE AU PASSEIO E CARRO FORTE,2,,,,,,,,,0,,Longo da via,Bom,Não existe,Perfeito estado,Seca,Perfeito estado,Não existe,R-6a,,Única,Faixa seccionada,,
2019-04-25,10:29:00,SEM VÍTIMA,FINALIZADA,BOA VIAGEM,RUA VISCONDE DE JEQUITINHONHA,,RUA JOAO CARDOSO AIRES,EM FRENTE AO POSTE Nº B007469,RUA VISCONDE DE JEQUITINHONHA,,EM FRENTE AO POSTE Nº B007469,BOA VIAGEM,,SUBURBIO,ABALROAMENTO LONGITUDINAL,SEM VITIMAS VIATURA DO EXERCITO COM AUTO PASSEIO,1,,,,,,,1,,0,,,Chuvoso,Não existe,Perfeito estado,Molhada,Perfeito estado,,Não há placas,60 km/h,Única,Canteiro central,,
2019-04-25,10:43:00,SEM VÍTIMA,FINALIZADA,ESTÂNCIA,AV RECIFE,5520,,DESIGN GESSO,AV RECIFE,5520,DESIGN GESSO,ESTÂNCIA,,,ABALROAMENTO LONGITUDINAL,SEM VITIMAS,1,,,,,,1,,,0,,Longo da via,Chuvoso,Não existe,Não existente,Molhada,Perfeito estado,Não existe,Não há placas,,Dupla,Canteiro central,,
2019-04-25,11:11:00,SEM VÍTIMA,FINALIZADA,IPSEP,AV RECIFE,3129,,APÓS O SEMÁFORO DE Nº 130,AV RECIFE,3129,APÓS O SEMÁFORO DE Nº 130,IPSEP,,SUBURBIO,COLISÃO TRASEIRA,SEM VITIMAS,1,1,,,,,,,,0,,Longo da via,Chuvoso,Não existe,Perfeito estado,Molhada,Perfeito estado,Não existe,Não há placas,,Dupla,Canteiro central,,
2019-04-25,11:27:00,SEM VÍTIMA,FINALIZADA,AFOGADOS,RUA CINCO DE NOVEMBRO,,RUA JACIRA,,RUA CINCO DE NOVEMBRO,,,AFOGADOS,,CIDADE,COLISÃO TRASEIRA,AUTO E MOTO SEM VITIMAS,1,1,,,,,,,,0,,Cruzamento,Chuvoso,Não existe,Não existente,Molhada,Perfeito estado,Não existe,Não há placas,,Única,Não existe,,
2019-04-25,11:53:00,SEM VÍTIMA,FINALIZADA,SANTO AMARO,AV PREFEITO ARTUR LIMA CAVALCANTI,,AV CRUZ CABUGA,,AV PREFEITO ARTUR LIMA CAVALCANTI,,,SANTO AMARO,343,SUBURBIO,ABALROAMENTO LONGITUDINAL,CARRETA E UM AUTO PASSEIO,1,,,,,,1,,1,0,,Cruzamento,Chuvoso,Sem defeito,Perfeito estado,Molhada,Perfeito estado,Faixa de pedestre,Outras,,Dupla,Canteiro central,,
2019-04-25,12:23:00,SEM VÍTIMA,FINALIZADA,ESPINHEIRO,RUA CONS PORTELA,139,,EM FRENTE DO EDF VILLA VERDE,RUA CONS PORTELA,139,EM FRENTE DO EDF VILLA VERDE,ESPINHEIRO,,,COLISÃO,DOIS AUTO SEM VITIMAS,2,,,,,,,,,0,,,,,,,,,,,,,,
2019-04-25,12:32:00,SEM VÍTIMA,FINALIZADA,BOA VIAGEM,AV ENGENHEIRO DOMINGOS FERREIRA,2324,,ADROALDO,AV ENGENHEIRO DOMINGOS FERREIRA,2324,ADROALDO,BOA VIAGEM,139,SUBURBIO,COLISÃO TRASEIRA,COLISÃO SEM VÍTIMA,3,,,,,,,,,0,,Longo da via,Chuvoso,Sem defeito,Perfeito estado,Molhada,Perfeito estado,Não existe,R-6a,,Única,Canteiro central,,
2019-04-25,12:40:00,SEM VÍTIMA,CANCELADA,IMBIRIBEIRA,RUA ITACARI,57,,AO LADO DO BANCO ITAU,RUA ITACARI,57,AO LADO DO BANCO ITAU,IMBIRIBEIRA,,,COLISÃO,ONIBUS E AUTO,1,,,,,1,,,,0,,,,,,,,,,,,,,
2019-04-26,06:54:00,SEM VÍTIMA,FINALIZADA,BAIRRO DO RECIFE,CAIS DO APOLO,,,EM FRENTE A PREFEITURA,CAIS DO APOLO,,EM FRENTE A PREFEITURA,BAIRRO DO RECIFE,436,,COLISÃO TRASEIRA,DOIS AUTOS SEM VITIMAS,1,,,,,,1,,,0,,Longo da via,Chuvoso,Sem defeito,Perfeito estado,Molhada,Perfeito estado,Faixa de pedestre,Outras,,Dupla,Canteiro central,,
2019-04-25,13:58:00,SEM VÍTIMA,FINALIZADA,AREIAS,RUA JORGE ABRANTES,,,,RUA JORGE ABRANTES,,,AREIAS,,SUBURBIO,ABALROAMENTO LONGITUDINAL,,2,,,,,,,,,0,,Cruzamento,Chuvoso,Não existe,Não existente,Molhada,Mal conservada,Não existe,Placas Pare,,Dupla,Não existe,,
2019-04-25,14:19:00,SEM VÍTIMA,FINALIZADA,BOA VIAGEM,RUA BRUNO VELOSO,,AV ENGENHEIRO DOMINGOS FERREIRA,SOB O SEMÁFORO Nº 338,AV ENGENHEIRO DOMINGOS FERREIRA,,SAIDA DO SHOPPING RECIFE (A1),BOA VIAGEM,338,,ABALROAMENTO LONGITUDINAL,COLISAO SEM VITIMAS,1,,,,,1,,,,0,,,Chuvoso,Sem defeito,Perfeito estado,Molhada,Perfeito estado,Faixa de pedestre,Outras,,Única,Faixa seccionada,,
2019-04-25,14:26:00,SEM VÍTIMA,FINALIZADA,TORRE,RUA CONDE DE IRAJA,629,,,RUA CONDE DE IRAJA,629,,TORRE,,SUBURBIO,ABALROAMENTO LONGITUDINAL,COLISAO SEM VITIMAS,2,,,,,,,,1,0,,Longo da via,Chuvoso,Não existe,Perfeito estado,Molhada,Perfeito estado,Não existe,R-6a,,Única,Faixa seccionada,,
2019-04-25,14:40:00,SEM VÍTIMA,FINALIZADA,TORREÃO,AV GOVERNADOR AGAMENON MAGALHAES,129,,EDF TEREZA DIAS,AV GOVERNADOR AGAMENON MAGALHAES,129,EDF TEREZA DIAS,TORREÃO,,SUBURBIO,ABALROAMENTO LONGITUDINAL,COLISÃO SEM VITIMAS,2,,,,,,,,,0,,Longo da via,Bom,Não existe,Perfeito estado,Seca,Perfeito estado,Não existe,Placas Pare,,Dupla,Não existe,,
2019-04-25,14:44:00,SEM VÍTIMA,FINALIZADA,PRADO,AV ENGENHEIRO ABDIAS DE CARVALHO,,,E/F FUNASE,AV ENGENHEIRO ABDIAS DE CARVALHO,,E/F FUNASE,PRADO,,CIDADE,COLISÃO TRASEIRA,TRES AUTO SEM VITIMAS,3,,,,,,,,,0,,Longo da via,Chuvoso,Não existe,Não existente,Molhada,Perfeito estado,Não existe,Não há placas,,Dupla,Canteiro central,,
2019-04-25,14:58:00,SEM VÍTIMA,FINALIZADA,JIQUIÁ,RUA JORGE ABRANTES,514,,POR TRAS DO MERCADO VITORIA,RUA JORGE ABRANTES,514,POR TRAS DO MERCADO VITORIA,JIQUIÁ,,,COLISÃO,DOIS AUTOS,2,,,,,,,,,0,,,,,,,,,,,,,,
2019-04-25,16:41:00,SEM VÍTIMA,CANCELADA,GRAÇAS,AV RUI BARBOSA,1087,,EM FRENTE A CLINICA JOSE ROCHA DE SÁ,AV RUI BARBOSA,1087,EM FRENTE A CLINICA JOSE ROCHA DE SÁ,GRAÇAS,,,COLISÃO,COLISÃO SEM VÍTIMA,2,,,,,,,,,0,,,,,,,,,,,,,,
2019-04-25,17:05:00,SEM VÍTIMA,FINALIZADA,ROSARINHO,RUA GENERAL ABREU E LIMA,391,,APÓS A ACADEMIA LIFT,RUA GENERAL ABREU E LIMA,391,APÓS A ACADEMIA LIFT,ROSARINHO,,SUBURBIO,ABALROAMENTO LONGITUDINAL,DOIS AUTO SEM VITIMAS,2,,,,,,,,,0,,Longo da via,Chuvoso,Não existe,Perfeito estado,Molhada,Perfeito estado,Não existe,Outras,40 km/h,Única,Não existe,,
2019-04-25,17:08:00,COM VÍTIMA,FINALIZADA,ROSARINHO,RUA GERSON DE BARROS PINANGE,145,RUA ALMIRANTE NORONHA DE CARVALHO,,RUA GERSON DE BARROS PINANGE,145,,ROSARINHO,,CIDADE,ABALROAMENTO LONGITUDINAL,COLISÃO ENTRE AUTOMÓVEL E MOTOCICLETA  ONDE O AUTOMÓVEL EVADIU-SE DO LOCAL..,1,1,,,,,,,,1,,Cruzamento,Chuvoso,Não existe,Não existente,Molhada,Perfeito estado,Não existe,Não há placas,,Dupla,,,
2019-04-25,17:13:00,SEM VÍTIMA,FINALIZADA,MADALENA,AV VISCONDE DE ALBUQUERQUE,,RUA BARTOLOMEU DE GUSMAO,,AV VISCONDE DE ALBUQUERQUE,,,MADALENA,,CIDADE,ABALROAMENTO LONGITUDINAL,,1,,,,,,1,,,0,,Cruzamento,Chuvoso,Não existe,Perfeito estado,Molhada,Perfeito estado,Não existe,Não há placas,,Única,Faixa contínua,,
2019-04-25,17:15:00,SEM VÍTIMA,FINALIZADA,ARRUDA,AV BEBERIBE,,,AO LADO DA PIZZARIA DO CHICÃO,AV BEBERIBE,,AO LADO DA PIZZARIA DO CHICÃO,ARRUDA,,,COLISÃO,COLISÃO SEM VÍTIMA,1,1,,,,,,,,0,,,,,,,,,,,,,,
2019-04-25,17:23:00,SEM VÍTIMA,FINALIZADA,CAXANGÁ,RUA RIBEIRO PESSOA,,,AO LADO DA UPA DA CAXANGA,RUA RIBEIRO PESSOA,,AO LADO DA UPA DA CAXANGA,CAXANGÁ,,SUBURBIO,ABALROAMENTO LONGITUDINAL,COLISÃO SEM VÍTIMA,2,,,,,,,,,0,,Longo da via,Bom,Não existe,Perfeito estado,Molhada,Perfeito estado,Não existe,Não há placas,40 km/h,Dupla,Não existe,,
2019-04-25,17:26:00,COM VÍTIMA,FINALIZADA,CIDADE UNIVERSITÁRIA,AV PROFESSOR ARTUR DE SA,140,,AO LADO DO HOSPITAL DAS CLÍNICAS.,AV PROFESSOR ARTUR DE SA,140,AO LADO DO HOSPITAL DAS CLÍNICAS.,CIDADE UNIVERSITÁRIA,,BR101,ATROPELAMENTO,ATROPELAMENTO ENTRE UM ÔNIBUS  DOIS AUTOMÓVEIS E UM PEDESTRE.,2,,,,1,1,,,,1,,Longo da via,Chuvoso,Não existe,Perfeito estado,Molhada,Perfeito estado,Não existe,Não há placas,,Dupla,Faixa seccionada,,
2019-04-25,17:52:00,SEM VÍTIMA,FINALIZADA,SÃO JOSÉ,AV N S DO CARMO,107,,EM FRENTE A NARCISO ENXOVAIS,AV N S DO CARMO,107,EM FRENTE A NARCISO ENXOVAIS,SÃO JOSÉ,,CIDADE,ABALROAMENTO LONGITUDINAL,COLISÃO SEM VÍTIMA,1,,,,,1,,,,0,,Longo da via,Chuvoso,Não existe,Perfeito estado,Molhada,Perfeito estado,Não existe,R-6a,,Dupla,Faixa contínua,,
2019-04-25,17:56:00,SEM VÍTIMA,FINALIZADA,JOANA BEZERRA,PTE JOSE DE BARROS LIMA,,,SUBIDA DA PONTE JOSE DE BARROS LIMA,PTE JOSE DE BARROS LIMA,,SUBIDA DA PONTE JOSE DE BARROS LIMA,JOANA BEZERRA,,,COLISÃO TRASEIRA,COLISÃO SEM VÍTIMA,1,,,,,1,,,,0,,Ponte,Bom,Não existe,Perfeito estado,Seca,Perfeito estado,Não existe,Não há placas,,Dupla,Canteiro central,,
2019-04-25,18:10:00,SEM VÍTIMA,FINALIZADA,ESTÂNCIA,AV RECIFE,5516,,,AV RECIFE,5516,,ESTÂNCIA,,,ABALROAMENTO LONGITUDINAL,COLISÃO SEM VÍTIMA,1,,,,,,1,,,0,,Longo da via,Bom,Não existe,Perfeito estado,Seca,Perfeito estado,Outros,R-6a,60 km/h,Dupla,Canteiro central,,
2019-04-25,18:33:00,SEM VÍTIMA,CANCELADA,TORRE,RUA JOSE OSORIO,,,NO SEMAFORO 387 NA PONTE DA CAPUNGA S/T CAXANGA,RUA JOSE OSORIO,,NO SEMAFORO 387 NA PONTE DA CAPUNGA S/T CAXANGA,TORRE,,,COLISÃO,COLISAO ENTRE DOIS AUTOS S/V,2,,,,,,,,,0,,,,,,,,,,,,,,
2019-04-25,18:37:00,SEM VÍTIMA,FINALIZADA,ESTÂNCIA,AV RECIFE,5516,,,AV RECIFE,5516,,ESTÂNCIA,,CIDADE,ABALROAMENTO LONGITUDINAL,CARRETA X SIENA,1,,,,,,1,,,0,,Longo da via,Bom,Não existe,Perfeito estado,Seca,Perfeito estado,Não existe,R-6a,,Dupla,Faixa seccionada,Canteiro central,
2019-04-25,18:38:00,COM VÍTIMA,CANCELADA,ALTO DO MANDU,RUA SANTA IZABEL,206,,E/F A PADARIA RENATA,RUA SANTA IZABEL,206,E/F A PADARIA RENATA,ALTO DO MANDU,,,ATROPELAMENTO,VEICULO ATRAPELOU DUAS PESSOAS,1,,,,2,,,,,2,,,,,,,,,,,,,,
2019-04-25,20:49:00,SEM VÍTIMA,FINALIZADA,CASA AMARELA,RUA DA HARMONIA,,RUA CONS NABUCO,,RUA DA HARMONIA,,,CASA AMARELA,,,ABALROAMENTO TRANSVERSAL,NISSAN X CLASSIC,2,,,,,,,,,0,,Cruzamento,Bom,Não existe,Não existente,Seca,Perfeito estado,Não existe,Outras,,Única,Faixa contínua,,
2019-04-25,22:19:00,COM VÍTIMA,FINALIZADA,BREJO DE BEBERIBE,AV VEREADOR OTACILIO AZEVEDO,928,,NO TERMINAL DO ONIBUS DO BREJO DE BEBERIBE. APÓS A UPA.,AV VEREADOR OTACILIO AZEVEDO,928,NO TERMINAL DO ONIBUS DO BREJO DE BEBERIBE. APÓS A UPA.,BREJO DE BEBERIBE,,CIDADE,COLISÃO FRONTAL,COLISÃO ENTRE DOIS AUTOMÓVEIS.,2,,,,,,,,,1,,Longo da via,Chuvoso,Não existe,Não existente,Molhada,Perfeito estado,,Não há placas,,Dupla,,,
2019-04-25,23:10:00,SEM VÍTIMA,CANCELADA,MADALENA,AV ENGENHEIRO ABDIAS DE CARVALHO,,,ENF AO HABIB´S // SENTIDO ILHA DO RETIRO,AV ENGENHEIRO ABDIAS DE CARVALHO,,ENF AO HABIB´S // SENTIDO ILHA DO RETIRO,MADALENA,,,COLISÃO,MOTO X NISSAN VERSA,1,1,,,,,,,,0,,,,,,,,,,,,,,
2019-04-26,06:06:00,SEM VÍTIMA,FINALIZADA,PRADO,AV ENGENHEIRO ABDIAS DE CARVALHO,,,,AV ENGENHEIRO ABDIAS DE CARVALHO,,PROX DO HABIBS  AO LADO DO POSTO LEÃO DA ILHA,PRADO,132,CIDADE,COLISÃO TRASEIRA,COLISÃO ENTRE AUTO E ÔNIBUS S/V,1,,,,,1,,,,0,,Longo da via,Chuvoso,Sem defeito,Perfeito estado,Molhada,Perfeito estado,Faixa de pedestre,Não há placas,60 km/h,Dupla,Canteiro central,,
2019-04-26,07:31:00,SEM VÍTIMA,FINALIZADA,CASA AMARELA,EST DO ARRAIAL,,RUA DA HARMONIA,PATEO DO POSTO SHELL,EST DO ARRAIAL,,PATEO DO POSTO SHELL,CASA AMARELA,,,ABALROAMENTO LONGITUDINAL,COLISÃO SEM VITIMAS,2,,,,,,,,,0,,,Bom,Sem defeito,Perfeito estado,Seca,Perfeito estado,Faixa de pedestre,Não há placas,,Única,Faixa seccionada,,
2019-04-26,07:39:00,SEM VÍTIMA,FINALIZADA,SANTO AMARO,AV GOVERNADOR AGAMENON MAGALHAES,,,EM FRENTE A IGREJA JESUS CRISTO DOS SANTOS ULTIMOS DIAS,AV GOVERNADOR AGAMENON MAGALHAES,,EM FRENTE A IGREJA JESUS CRISTO DOS SANTOS ULTIMOS DIAS,SANTO AMARO,,,ABALROAMENTO LONGITUDINAL,COLISÃO SEM VITIMAS,2,,,,,,,,,0,,Longo da via,Bom,Não existe,Perfeito estado,Seca,Perfeito estado,Não existe,Não há placas,60 km/h,Dupla,Canteiro central,,
2019-04-26,07:46:00,COM VÍTIMA,FINALIZADA,TORRE,RUA JOSE BONIFACIO,1356,,AOS O CARREFOUR,RUA JOSE BONIFACIO,1356,AOS O CARREFOUR,TORRE,,CID/SUB,CAPOTAMENTO,C/V,1,,,,,,,,,1,,Ponte,Bom,Não existe,Não existente,Seca,Perfeito estado,Não existe,Não há placas,60 km/h,Dupla,Canteiro central,,
2019-04-26,07:56:00,SEM VÍTIMA,FINALIZADA,CASA AMARELA,AV NORTE,,,LADO OPOSTO AO PARQUE DA MACAXEIRA,AV NORTE,,LADO OPOSTO AO PARQUE DA MACAXEIRA,CASA AMARELA,451,SUBURBIO,ABALROAMENTO LONGITUDINAL,DOIS AUTOS,2,,,,,,,,,0,,Longo da via,Bom,Sem defeito,Perfeito estado,Seca,Perfeito estado,Faixa de pedestre,R-6a,60 km/h,Única,Faixa contínua,,
2019-04-26,07:59:00,COM VÍTIMA,FINALIZADA,IPSEP,AV RECIFE,,,LADO OPOSTO AO POSTO DE GASOLINA FEDERAL.,AV RECIFE,,LADO OPOSTO AO POSTO DE GASOLINA FEDERAL.,IPSEP,,AEROPORTO,COLISÃO COM CICLISTA,COLISÃO ENTRE E CICLISTA AUTO.,1,,,1,,,,,,1,,Longo da via,Bom,Não existe,Perfeito estado,Molhada,Perfeito estado,Não existe,Não há placas,60 km/h,Dupla,Canteiro central,,
2019-04-26,08:29:00,SEM VÍTIMA,FINALIZADA,CASA AMARELA,RUA RODRIGUES SETE,,AV NORTE,,RUA RODRIGUES SETE,,,CASA AMARELA,,CIDADE,ABALROAMENTO LONGITUDINAL,AUTO E MOTO,1,1,,,,,,,,0,,Cruzamento,Bom,Não existe,Perfeito estado,Seca,Perfeito estado,Não existe,Não há placas,,Dupla,Não existe,,
2019-04-26,08:32:00,SEM VÍTIMA,FINALIZADA,PINA,AV ANTONIO DE GOES,,,EM FRENTE AO TROCAO,AV ANTONIO DE GOES,,EM FRENTE AO TROCAO,PINA,,CIDADE,COLISÃO,ONIBUS E AUTO,,,,,,,,,,0,,,,,,,,,,,,,,
2019-04-26,08:55:00,SEM VÍTIMA,FINALIZADA,BOMBA DO HEMETÉRIO,RUA CHA DE ALEGRIA,219,,EM FRENTE AO POSTO LUIS WILSON,RUA CHA DE ALEGRIA,219,EM FRENTE AO POSTO LUIS WILSON,BOMBA DO HEMETÉRIO,,SUBURBIO,ABALROAMENTO LONGITUDINAL,ONIBUS E AUTO,1,,,,,1,,,,0,,Longo da via,Bom,Não existe,Perfeito estado,Seca,Perfeito estado,Faixa de pedestre,Outras,30 km/h,Dupla,Faixa contínua,Faixa seccionada,
2019-04-26,08:59:00,SEM VÍTIMA,CANCELADA,AREIAS,AV RECIFE,,,PROX AO MACRO NA SUBIDA DO VIADUTO ULISSES GUIMARES,AV RECIFE,,PROX AO MACRO NA SUBIDA DO VIADUTO ULISSES GUIMARES,AREIAS,,BR,COLISÃO,COLISÃO SEM VITIMAS,1,,,,,,1,,,0,,,,,,,,,,,,,,
2019-04-26,09:08:00,SEM VÍTIMA,FINALIZADA,ESPINHEIRO,RUA MARQUES DO PARANA,,RUA DR FERNANDO ALLAIN,,RUA MARQUES DO PARANA,,,ESPINHEIRO,,,ABALROAMENTO TRANSVERSAL,COLISÃO SEM VITIMAS,2,,,,,,,,,0,,Cruzamento,Bom,Não existe,Perfeito estado,Seca,Perfeito estado,Não existe,Placas Pare,,Dupla,Não existe,,
2019-04-26,09:41:00,SEM VÍTIMA,FINALIZADA,BOA VIAGEM,AV CONSELHEIRO AGUIAR,3655,,EM FRENTE AO BANCO ITAÚ,AV CONSELHEIRO AGUIAR,3655,EM FRENTE AO BANCO ITAÚ,BOA VIAGEM,,CIDADE,COLISÃO TRASEIRA,COLISÃO SEM VITIMAS,1,,,,,,1,,,0,,Longo da via,Bom,Não existe,Perfeito estado,Seca,Perfeito estado,Não existe,Não há placas,60 km/h,Única,Faixa contínua,,
2019-04-26,10:27:00,SEM VÍTIMA,FINALIZADA,BOA VIAGEM,AV MARECHAL JUAREZ TAVORA,36,,,AV MARECHAL JUAREZ TAVORA,36,,BOA VIAGEM,,SUBURBIO,CHOQUE VEÍCULO PARADO,COLISÃO SEM VITIMAS / ENTRE DOIS AUTOS,2,,,,,,,,,0,,Longo da via,Bom,Não existe,Perfeito estado,Seca,Perfeito estado,Não existe,Outras,,Dupla,Canteiro central,,
2019-04-26,12:09:00,COM VÍTIMA,FINALIZADA,CASA AMARELA,AV DR EURICO CHAVES,962,,EM FRENTE A FARMACIA DO TRABALHADOR E CASA MÃE (LOJA DE MÓVEIS).,AV DR EURICO CHAVES,962,EM FRENTE A FARMACIA DO TRABALHADOR E CASA MÃE (LOJA DE MÓVEIS).,CASA AMARELA,,CIDADE,ATROPELAMENTO,ATROPELAMENTO ENTRE AUTOMÓVEL E PEDESTRE.,1,,,,1,,,,,1,,Longo da via,Bom,Não existe,Ilegível,Seca,Mal conservada,Não existe,R-6a,,Única,Faixa,,
2019-04-26,12:09:00,SEM VÍTIMA,FINALIZADA,ENCRUZILHADA,RUA CASTRO ALVES,,AV NORTE,,RUA CASTRO ALVES,,,ENCRUZILHADA,665,SUBURBIO,ABALROAMENTO LONGITUDINAL,ONIBUS E AUTO PASSEIO,1,,,,,1,,,,0,,Cruzamento,Bom,Sem defeito,Perfeito estado,Seca,Perfeito estado,Faixa de pedestre,R-6a,,Única,Faixa seccionada,,