data,hora,natureza_acidente,situacao,bairro,endereco,numero,detalhe_endereco_acidente,complemento,endereco_cruzamento,numero_cruzamento,referencia_cruzamento,bairro_cruzamento,num_semaforo,sentido_via,tipo,descricao,auto,moto,ciclom,ciclista,pedestre,onibus,caminhao,viatura,outros,vitimas,vitimasfatais,acidente_verificado,tempo_clima,situacao_semaforo,sinalizacao,condicao_via,conservacao_via,ponto_controle,situacao_placa,velocidade_max_via,mao_direcao,divisao_via1,divisao_via2,divisao_via3
2019-04-27,16:42:00,SEM VÍTIMA,FINALIZADA,JORDÃO,RUA CAMOCIM,,,RES. JARDIM PRIMAVERA,RUA CAMOCIM,,RES. JARDIM PRIMAVERA,JORDÃO,,,COLISÃO,COLISÃO SEM VÍTIMA,2,,,,,,,,,0,,,,,,,,,,,,,,
2019-04-27,16:43:00,SEM VÍTIMA,FINALIZADA,BARRO,AV CENTRAL,,,NA ENTRADA DO TERMINAL INTEGRADO DO BARRO,AV CENTRAL,,NA ENTRADA DO TERMINAL INTEGRADO DO BARRO,BARRO,,,COLISÃO,SEM VITIMAS,1,,,,,1,,,,0,,,,,,,,,,,,,,
2019-04-27,16:57:00,SEM VÍTIMA,FINALIZADA,PARNAMIRIM,RUA LEONARDO BEZERRA CAVALCANTE,11,,,RUA LEONARDO BEZERRA CAVALCANTE,11,,PARNAMIRIM,,CIDADE,COLISÃO TRASEIRA,SEM VITIMAS,2,,,,,,,,,0,,Longo da via,Bom,Não existe,Não existente,Seca,Perfeito estado,Não existe,Não há placas,,Dupla,Faixa contínua,,
2019-04-27,17:02:00,SEM VÍTIMA,PENDENTE,NOVA DESCOBERTA,RUA NOVA DESCOBERTA,,,PROX. A ASSEMBLEIA DE DEUS,RUA NOVA DESCOBERTA,,PROX. A ASSEMBLEIA DE DEUS,NOVA DESCOBERTA,,,COLISÃO,COLISÃO SEM VÍTIMA,,,,,,,,,,0,,,,,,,,,,,,,,
2019-04-27,18:58:00,COM VÍTIMA,FINALIZADA,BOA VIAGEM,AV BOA VIAGEM,2514,,ENF AO EDF MARIA EDUARDA,AV BOA VIAGEM,2514,ENF AO EDF MARIA EDUARDA,BOA VIAGEM,,CIDADE,COLISÃO TRASEIRA,COLISÃO ENTRE DOIS AUTOMÓVEIS E MOTOCICLETA. UM DOS AUTOMÓVEIS EVADIU-SE DO LOCAL.,2,1,,,,,,,,1,,Longo da via,Bom,,Perfeito estado,Seca,Perfeito estado,Não existe,Não há placas,60 km/h,Única,Faixa seccionada,,
2019-04-27,19:05:00,SEM VÍTIMA,FINALIZADA,ALTO JOSÉ BONIFÁCIO,RUA CORREGO DO EUCLIDES,322,,E/F A LOJA MIUDO WITA,RUA CORREGO DO EUCLIDES,322,E/F A LOJA MIUDO WITA,ALTO JOSÉ BONIFÁCIO,,,ENGAVETAMENTO,ENTRE 2 AUTOS E MOTO. S/V,2,1,,,,,,,,0,,Longo da via,Bom,Não existe,Não existente,Seca,Perfeito estado,Não existe,Não há placas,,Dupla,Faixa seccionada,,
2019-04-27,19:47:00,SEM VÍTIMA,FINALIZADA,ESPINHEIRO,RUA DO ESPINHEIRO,,RUA SANTO ELIAS,,RUA DO ESPINHEIRO,,,ESPINHEIRO,,,ABALROAMENTO TRANSVERSAL,SIENA X CORSA,2,,,,,,,,,0,,Cruzamento,Bom,Não existe,Ilegível,Seca,Mal iluminada,Faixa de pedestre,Placas Pare,,Única,Faixa seccionada,,
2019-04-27,20:13:00,SEM VÍTIMA,FINALIZADA,CASA FORTE,AV DEZESSETE DE AGOSTO,357,,,AV DEZESSETE DE AGOSTO,357,,CASA FORTE,614,,COLISÃO TRASEIRA,FORD K X PRISMA X I 30,3,,,,,,,,,0,,Longo da via,Bom,Sem defeito,Ilegível,Seca,Mal iluminada,Faixa de pedestre,,,Dupla,Faixa seccionada,,
2019-04-27,22:43:00,SEM VÍTIMA,FINALIZADA,ÁGUA FRIA,RUA DR EUDES COSTA,102,RUA JOAO UZEDA LUNA,,RUA DR EUDES COSTA,102,,ÁGUA FRIA,,CIDADE,ABALROAMENTO TRANSVERSAL,CLASSIC X FIESTA,2,,,,,,,,,0,,Cruzamento,Bom,Não existe,Não existente,Seca,Perfeito estado,Não existe,Não há placas,,Dupla,Não existe,,
2019-04-27,23:04:00,COM VÍTIMA,FINALIZADA,TEJIPIÓ,RUA FALCAO DE LACERDA,451,RUA PAPA JOAO VINTE E TRES,PROX A ASA MOTOS PEÇAS,RUA FALCAO DE LACERDA,451,PROX A ASA MOTOS PEÇAS,TEJIPIÓ,285,,COLISÃO FRONTAL,COLISÃO ENTRE DOIS AUTOMÓVEIS.,2,,,,,,,,,1,,Longo da via,Bom,Sem defeito,Perfeito estado,Seca,Perfeito estado,Faixa de pedestre,Outras,,Dupla,Faixa contínua,,
2019-04-27,23:17:00,SEM VÍTIMA,FINALIZADA,,AV ANIBAL BENEVOLO,,,E/F AO CLUBE BELA VISTA,AV ANIBAL BENEVOLO,,E/F AO CLUBE BELA VISTA,,,SUBURBIO,ABALROAMENTO LONGITUDINAL,ENTRE AUTO E CAMINHÃO. S/V,1,,,,,1,,,,0,,Longo da via,Bom,Não existe,Ilegível,Seca,Mal iluminada,Não existe,Não há placas,,Dupla,Não existe,,
2019-04-28,00:23:00,SEM VÍTIMA,FINALIZADA,CAMPO GRANDE,RUA VOLUNTARIOS DA PATRIA,303,RUA DR MACHADO,PRÓX AO GOLÉGIO IMACULADO,RUA VOLUNTARIOS DA PATRIA,303,PRÓX AO GOLÉGIO IMACULADO,CAMPO GRANDE,,SUBURBIO,ABALROAMENTO TRANSVERSAL,COLISÃO ENTRE DOIS AUTOS  SEM VÍTIMAS,2,,,,,,,,,0,,Cruzamento,Bom,Não existe,Perfeito estado,Seca,Perfeito estado,Faixa de pedestre,Placas Pare,,Dupla,Não existe,,
2019-04-28,00:30:00,SEM VÍTIMA,FINALIZADA,CAXANGÁ,AV CAXANGA,,AV PROFESSOR MORAES REGO,,AV CAXANGA,,,CAXANGÁ,,SUBURBIO,ABALROAMENTO LONGITUDINAL,ENTRE AUTO E CARRETA. S/V,1,,,,,,1,,,0,,Cruzamento,Bom,Não existe,Ilegível,Seca,Mal iluminada,Não existe,Não há placas,60 km/h,Dupla,Canteiro central,,
2019-04-28,01:15:00,SEM VÍTIMA,FINALIZADA,IPSEP,RUA ITAJAI,,RUA PAMPULHA,,RUA ITAJAI,,,IPSEP,,CIDADE,COLISÃO TRASEIRA,ENTRE 2 AUTOS. S/V,2,,,,,,,,,0,,Cruzamento,Bom,Não existe,Perfeito estado,Seca,Perfeito estado,,Placas Pare,,Dupla,Não existe,,
2019-04-28,01:46:00,SEM VÍTIMA,FINALIZADA,BOA VIAGEM,RUA ATLANTICO,,AV CONSELHEIRO AGUIAR,OPOSTO AO Nº 857,RUA ATLANTICO,,OPOSTO AO Nº 857,BOA VIAGEM,,CIDADE,CHOQUE OBJETO FIXO,CONDUTOR PERDEU O CONTROLE DO VEÍCULO  CHOCOU-SE CONTRA UM POSTE E ABANDONOU O MESMO NO LOCAL.,1,,,,,,,,,0,,Cruzamento,Bom,Não existe,Perfeito estado,Seca,Perfeito estado,,R-6a,,Única,Faixa contínua,Faixa seccionada,
2019-04-28,02:36:00,SEM VÍTIMA,CANCELADA,CAXANGÁ,AV CAXANGA,,RUA PROFESSOR CHAVES BATISTA,SEMÁFORO 230 / E/F AO RESTAURANTE BOI E BRASA  SNT CAMARAGIBE,AV CAXANGA,,SEMÁFORO 230 / E/F AO RESTAURANTE BOI E BRASA  SNT CAMARAGIBE,CAXANGÁ,,,COLISÃO,ENTRE 2 AUTOS. S/V,2,,,,,,,,,0,,,,,,,,,,,,,,
2019-04-28,05:50:00,SEM VÍTIMA,FINALIZADA,ÁGUA FRIA,EST VELHA DE AGUA FRIA,1420,,,EST VELHA DE AGUA FRIA,1420,,ÁGUA FRIA,,CIDADE,CHOQUE VEÍCULO PARADO,VEÍCULO CHOCOU-SE CONTRA DOIS VEÍCULOS ESTACIONADOS,2,,,,,,,,,0,,Longo da via,Bom,Não existe,Não existente,Seca,Perfeito estado,Não existe,Não há placas,,Única,Faixa seccionada,,
2019-04-28,06:44:00,SEM VÍTIMA,CANCELADA,AREIAS,AV RECIFE,,RUA CAPITAO JACINTO DA CRUZ,EM FRENTE AO ARQUIVO MORTO DO INSS,AV RECIFE,,EM FRENTE AO ARQUIVO MORTO DO INSS,AREIAS,59,SENT/CEASA,COLISÃO,SEM VITIMAS CRIANÇA NO AUTO PASSEIO,2,,,,,,,,,0,,,,,,,,,,,,,,
2019-04-28,07:38:00,SEM VÍTIMA,FINALIZADA,BOA VIAGEM,AV CONSELHEIRO AGUIAR,4417,RUA CARLOS PEREIRA FALCAO,BANCO SANTANDER,AV CONSELHEIRO AGUIAR,4417,BANCO SANTANDER,BOA VIAGEM,,CIDADE,ABALROAMENTO LONGITUDINAL,VT 02 CTTU PCJ1854 X,2,,,,,,,,,0,,Longo da via,Bom,Sem defeito,Perfeito estado,Seca,Perfeito estado,Faixa de pedestre,Outras,,Única,Faixa seccionada,,
2019-04-28,07:55:00,SEM VÍTIMA,CANCELADA,CASA AMARELA,AV NORTE,,RUA GOMES COUTINHO,,AV NORTE,,,CASA AMARELA,643,,COLISÃO,SEM VITIMAS VT 11 CTTU NO LOCAL,3,,,,,,,,,0,,,,,,,,,,,,,,
2019-04-28,08:53:00,SEM VÍTIMA,FINALIZADA,MADALENA,TUNEL DA ABOLICAO,,,AO LADO DO MUSEU DA ABOLIÇÃO,TUNEL DA ABOLICAO,,AO LADO DO MUSEU DA ABOLIÇÃO,MADALENA,,SUBURBIO,COLISÃO TRASEIRA,ABALROAMENTO ENTRE CINCO VEICULOS SEM VITIMAS,5,,,,,,,,,0,,Viaduto,Bom,Não existe,Perfeito estado,Seca,Perfeito estado,Outros,Não há placas,,Única,Faixa seccionada,,
2019-04-28,09:17:00,SEM VÍTIMA,FINALIZADA,BOA VIAGEM,AV FERNANDO SIMOES BARBOSA,,RUA FELIX DE BRITO E MELO,DE ESQUINA COM O WALMART,AV FERNANDO SIMOES BARBOSA,,DE ESQUINA COM O WALMART,BOA VIAGEM,544,SUBURBIO,ABALROAMENTO TRANSVERSAL,DOIS AUTOS,2,,,,,,,,,0,,Cruzamento,Bom,Sem defeito,Perfeito estado,Seca,Perfeito estado,Faixa de pedestre,Outras,,Única,Faixa seccionada,,
2019-04-28,10:19:00,SEM VÍTIMA,FINALIZADA,APIPUCOS,RUA DE APIPUCOS,,,SOB O SEMÁFORO Nº 248,RUA DE APIPUCOS,,SOB O SEMÁFORO Nº 248,APIPUCOS,248,SUBURBIO,ABALROAMENTO LONGITUDINAL,SEM VITIMAS.,1,1,,,,,,,,0,,Longo da via,Bom,Sem defeito,Perfeito estado,Seca,Perfeito estado,Faixa de pedestre,,60 km/h,Dupla,Faixa contínua,,
2019-04-28,10:57:00,SEM VÍTIMA,CANCELADA,VÁRZEA,RUA BARAO DE CERRO LARGO,805,,RUA DA ESCOLA MUNICIPAL PROF JOÃO BATISTA LIPO NETO,RUA BARAO DE CERRO LARGO,805,RUA DA ESCOLA MUNICIPAL PROF JOÃO BATISTA LIPO NETO,VÁRZEA,,,COLISÃO,SEM VITIMAS,2,,,,,,,,,0,,,,,,,,,,,,,,
2019-04-28,14:43:00,SEM VÍTIMA,FINALIZADA,BOA VIAGEM,AV ENGENHEIRO DOMINGOS FERREIRA,3405,,EM FRENTE A FRI SABOR,AV ENGENHEIRO DOMINGOS FERREIRA,3405,EM FRENTE A FRI SABOR,BOA VIAGEM,,SUBURBIO,COLISÃO TRASEIRA,COLISÃO SEM VITIMAS,2,,,,,,,,,0,,Longo da via,Bom,Sem defeito,Perfeito estado,Seca,,Não existe,,,Única,Canteiro central,,
2019-04-28,15:56:00,SEM VÍTIMA,CANCELADA,ILHA DO LEITE,AV GOVERNADOR AGAMENON MAGALHAES,,,EM FRENTE AO EMPRESARIAL THOMAZ EDISON/ SENTIDO OLINDA,AV GOVERNADOR AGAMENON MAGALHAES,,EM FRENTE AO EMPRESARIAL THOMAZ EDISON/ SENTIDO OLINDA,ILHA DO LEITE,,,COLISÃO,COLISÃO SEM VÍTIMA,1,,,,,1,,,,0,,,,,,,,,,,,,,
2019-04-28,16:15:00,SEM VÍTIMA,FINALIZADA,ESTÂNCIA,AV RECIFE,,AV TAPAJOS,,AV RECIFE,,,ESTÂNCIA,620,CIDADE,ABALROAMENTO LONGITUDINAL,ENTRE AUTO E ÔNIBUS. S/V,1,,,,,1,,,,0,,,Bom,Sem defeito,Perfeito estado,Seca,Perfeito estado,Faixa de pedestre,R-6a,,Dupla,Não existe,,
2019-04-28,16:41:00,SEM VÍTIMA,FINALIZADA,BOA VIAGEM,RUA RIBEIRO DE BRITO,700,,E/F A IGREJA PRESBITERIANA,RUA RIBEIRO DE BRITO,700,E/F A IGREJA PRESBITERIANA,BOA VIAGEM,298,,COLISÃO TRASEIRA,COLISÃO SEM VÍTIMA,2,,,,,,,,,0,,Longo da via,Bom,Sem defeito,Perfeito estado,Seca,Perfeito estado,Faixa de pedestre,R-6a,,Única,Faixa seccionada,,
2019-04-28,16:57:00,COM VÍTIMA,FINALIZADA,BOA VIAGEM,RUA TOME GIBSON,154,RUA AMAZONAS,EDF. ENCANTA MOÇA.,RUA TOME GIBSON,154,EDF. ENCANTA MOÇA.,BOA VIAGEM,,SUBURBIO,ABALROAMENTO LONGITUDINAL,COLISÃO ENTRE AUTOMÓVEL E MOTONETA.,1,1,,,,,,,,1,,Cruzamento,Bom,Não existe,Incompleta,Seca,Perfeito estado,Não existe,Outras,,Dupla,Não existe,,
2019-04-28,16:58:00,SEM VÍTIMA,FINALIZADA,BOA VISTA,RUA DAS NINFAS,,RUA DO PROGRESSO,,RUA DAS NINFAS,,,BOA VISTA,,,ABALROAMENTO TRANSVERSAL,COLISÃO SEM VITIMAS,2,,,,,,,,,0,,Cruzamento,Bom,Não existe,Não existente,Seca,,Não existe,Não há placas,,Dupla,Não existe,,
2019-04-28,17:55:00,COM VÍTIMA,FINALIZADA,SANTO AMARO,RUA DOS PALMARES,124,RUA GERVASIO PIRES,PRÓXIMO AO TEMPLO CENTRAL DA ASSEMBLÉIA DE DEUS.,RUA DOS PALMARES,124,PRÓXIMO AO TEMPLO CENTRAL DA ASSEMBLÉIA DE DEUS.,SANTO AMARO,,SUBURBIO,ABALROAMENTO LONGITUDINAL,COLISÃO ENTRE AUTOMÓVEL E MOTOCICLETA.,1,1,,,,,,,,1,,Longo da via,Bom,Não existe,Perfeito estado,Seca,Perfeito estado,Não existe,Outras,,Dupla,Canteiro central,,
2019-04-28,17:55:00,SEM VÍTIMA,FINALIZADA,BOA VIAGEM,RUA ERNESTO DE PAULA SANTOS,,RUA DOS NAVEGANTES,,RUA ERNESTO DE PAULA SANTOS,,,BOA VIAGEM,,SUBURBIO,ABALROAMENTO LONGITUDINAL,ENTRE 2 AUTOS. S/V,2,,,,,,,,,0,,Cruzamento,Bom,Não existe,,Seca,Perfeito estado,,Placas Pare,,Única,Faixa seccionada,,
2019-04-28,18:53:00,SEM VÍTIMA,FINALIZADA,JORDÃO,AV MARECHAL MASCARENHAS DE MORAES,6997,,,AV MARECHAL MASCARENHAS DE MORAES,6997,,JORDÃO,,CIDADE,COLISÃO TRASEIRA,PRISMA X ECOESPORT,2,,,,,,,,,0,,Longo da via,Bom,Não existe,Perfeito estado,Seca,Perfeito estado,Outros,Não há placas,,Dupla,Canteiro central,,
2019-04-28,21:49:00,SEM VÍTIMA,FINALIZADA,GRAÇAS,RUA DAS MOCAS,869,RUA ZEFERINO AGRA,,RUA DAS MOCAS,869,,GRAÇAS,,CIDADE,ABALROAMENTO TRANSVERSAL,GOL X MOTO,1,1,,,,,,,,0,,Cruzamento,Bom,Não existe,Perfeito estado,Seca,Perfeito estado,Faixa de pedestre,,,Dupla,,,
2019-04-28,21:55:00,COM VÍTIMA,FINALIZADA,IPUTINGA,AV MAURICIO DE NASSAU,31,,E/F A IGREJA CONGREGAÇÃO CRISTÃ NO BRASIL,AV MAURICIO DE NASSAU,31,E/F A IGREJA CONGREGAÇÃO CRISTÃ NO BRASIL,IPUTINGA,,BR-101,COLISÃO TRASEIRA,ENTRE 2 AUTOS E MOTO. C.V,2,1,,,,,,,,1,,Longo da via,Bom,Não existe,Perfeito estado,Seca,Perfeito estado,,R-6a,,Dupla,Faixa contínua,Faixa seccionada,
2019-04-28,22:11:00,COM VÍTIMA,CANCELADA,CORDEIRO,RUA GOMES TABORDA,,,PROX AO ATACAREJO IDEAL,RUA GOMES TABORDA,,PROX AO ATACAREJO IDEAL,CORDEIRO,,SUBURBIO,COLISÃO, MOTO X CLASSIC,1,1,,,,,,,,1,,,,,,,,,,,,,,
2019-04-29,00:14:00,SEM VÍTIMA,CANCELADA,ESPINHEIRO,RUA QUARENTA E OITO,347,RUA DO ESPINHEIRO,EM FRENTE A PADARIA DO ESPINHEIRO,RUA QUARENTA E OITO,347,EM FRENTE A PADARIA DO ESPINHEIRO,ESPINHEIRO,,,COLISÃO,COLISÃO ENTRE DOIS AUTOS S/V,2,,,,,,,,,0,,,,,,,,,,,,,,
2019-04-29,01:30:00,SEM VÍTIMA,FINALIZADA,MANGABEIRA,AV NORTE,,RUA GUIMARAES PEIXOTO,,AV NORTE,,,MANGABEIRA,96,CIDADE,ABALROAMENTO LONGITUDINAL,COLISÃO ENTRE DOIS AUTOS S/V,2,,,,,,,,,0,,Longo da via,Chuvoso,Sem defeito,Perfeito estado,Molhada,Perfeito estado,Faixa de pedestre,R-6a,,Dupla,Canteiro central,,
2019-04-29,02:04:00,SEM VÍTIMA,FINALIZADA,IMBIRIBEIRA,AV RECIFE,,,,AV RECIFE,,,IMBIRIBEIRA,393,SUBURBIO,COLISÃO TRASEIRA,COLISÃO ENTRE DOIS AUTOS S/V,2,,,,,,,,,0,,Longo da via,Chuvoso,Sem defeito,Perfeito estado,Molhada,Perfeito estado,Faixa de pedestre,R-6a,,Dupla,Canteiro central,,
2019-04-29,06:28:00,SEM VÍTIMA,FINALIZADA,BOA VIAGEM,AV PRESIDENTE DUTRA,,,EM CIMA DO VIADUTO TANCREDO NEVES,AV PRESIDENTE DUTRA,,EM CIMA DO VIADUTO TANCREDO NEVES,BOA VIAGEM,,CIDADE,ABALROAMENTO LONGITUDINAL,DOIS AUTOS,2,,,,,,,,,0,,Viaduto,Bom,Não existe,Perfeito estado,Seca,Perfeito estado,Não existe,Não há placas,60 km/h,Única,Faixa seccionada,,
2019-04-29,06:50:00,SEM VÍTIMA,FINALIZADA,CAXANGÁ,AV CAXANGA,,,EM FRENTE AO POSTO BR,AV CAXANGA,,EM FRENTE AO POSTO BR,CAXANGÁ,8,CIDADE,ABALROAMENTO LONGITUDINAL,MOTO E AUTO,1,1,,,,,,,,0,,Longo da via,Bom,Sem defeito,Perfeito estado,Seca,Perfeito estado,Não existe,,,Dupla,Canteiro central,,
2019-04-29,07:41:00,SEM VÍTIMA,FINALIZADA,IMBIRIBEIRA,AV SUL,,RUA ALAMEDA DAS HORTENCIAS,EM FRENTE A ESTAÇÃO SHOPPING,AV SUL,,EM FRENTE A ESTAÇÃO SHOPPING,IMBIRIBEIRA,,CIDADE,ABALROAMENTO LONGITUDINAL,ONIBUS E AUTO,1,,,,,1,,,,0,,Longo da via,Bom,Não existe,Ilegível,Seca,Perfeito estado,Agente,Placas Pare,30 km/h,Dupla,Não existe,,
2019-04-29,08:05:00,SEM VÍTIMA,FINALIZADA,AFOGADOS,RUA QUITERIO INACIO DE MELLO,234,,,RUA QUITERIO INACIO DE MELLO,234,,AFOGADOS,,,COLISÃO TRASEIRA,AUTO E MOTO,1,1,,,,,,,,0,,Longo da via,Bom,Não existe,Perfeito estado,Seca,Perfeito estado,Não existe,R-6a,40 km/h,Única,Faixa seccionada,,
2019-04-29,08:48:00,COM VÍTIMA,FINALIZADA,BOA VISTA,RUA MARQUES AMORIM,220,RUA VISCONDE DE GOIANA,EM FRENTE AO ESCRITORIO DE ADOVOCACIA DE MARCOS AUGUSTO FREIRE,RUA MARQUES AMORIM,220,EM FRENTE AO ESCRITORIO DE ADOVOCACIA DE MARCOS AUGUSTO FREIRE,BOA VISTA,,SUBURBIO,ABALROAMENTO TRANSVERSAL,COLISAO ENTRE UM AUTO E UMA MOTO,1,1,,,,,,,,1,,Cruzamento,Bom,Não existe,Não existente,Seca,Perfeito estado,Não existe,Não há placas,40 km/h,Única,Não existe,,
2019-04-29,09:37:00,SEM VÍTIMA,FINALIZADA,CASA AMARELA,AV PEDRO ALLAIN,420,RUA PADRE LEMOS,EM FRENTE SUPERMECADO KANELA,AV PEDRO ALLAIN,420,EM FRENTE SUPERMECADO KANELA,CASA AMARELA,,,COLISÃO,COLISÃO ENTRE UM TAXI E UM CAMINHÃO,1,,,,,,1,,,0,,,,,,,,,,,,,,
2019-04-29,09:55:00,SEM VÍTIMA,FINALIZADA,JOANA BEZERRA,PTE JOSE DE BARROS LIMA,,,SOBRE O VIADUTO / PRÓX AO FÓRUM JOANA BEZERRA,PTE JOSE DE BARROS LIMA,,SOBRE O VIADUTO / PRÓX AO FÓRUM JOANA BEZERRA,JOANA BEZERRA,,CIDADE,COLISÃO TRASEIRA,SEM VITIMAS,2,,,,,,,,,0,,Viaduto,Bom,Não existe,Ilegível,Seca,Mal conservada,Não existe,Não há placas,60 km/h,Dupla,Não existe,,
2019-04-29,10:04:00,SEM VÍTIMA,FINALIZADA,BOA VIAGEM,AV CONSELHEIRO AGUIAR,4635,,EM FRENTE A CENTRO COMERCIAL FERREIRA DA COSTA,AV CONSELHEIRO AGUIAR,4635,EM FRENTE A CENTRO COMERCIAL FERREIRA DA COSTA,BOA VIAGEM,,CIDADE,CHOQUE VEÍCULO PARADO,ONIBUS E AUTO PASSEIO,1,,,,,1,,,,0,,Longo da via,Bom,Não existe,Perfeito estado,Seca,Perfeito estado,Não existe,Não há placas,60 km/h,Única,Faixa seccionada,,
2019-04-29,10:37:00,SEM VÍTIMA,FINALIZADA,BOA VIAGEM,AV DOM JOAO VI,,,SEMÁFORO 639,AV DOM JOAO VI,,SEMÁFORO 639,BOA VIAGEM,639,SUBURBIO,COLISÃO TRASEIRA,DOIS AUTO,2,,,,,,,,,0,,Longo da via,Bom,Sem defeito,Perfeito estado,Seca,Perfeito estado,,,60 km/h,Dupla,Canal,,
2019-04-29,11:42:00,SEM VÍTIMA,FINALIZADA,PASSARINHO,RUA CORREGO DA BICA,576,,TERMINAL DOS ONIBUS DO VASCO DA GAMA /DERBY,RUA CORREGO DA BICA,576,TERMINAL DOS ONIBUS DO VASCO DA GAMA /DERBY,PASSARINHO,,,COLISÃO,SEM VITIMAS,,1,,,,1,,,,0,,,,,,,,,,,,,,
2019-04-29,12:03:00,SEM VÍTIMA,FINALIZADA,SAN MARTIN,AV GENERAL SAN MARTIN,1635 A,,,AV GENERAL SAN MARTIN,1635 A,,SAN MARTIN,,CIDADE,COLISÃO TRASEIRA,SEM VITIMAS,2,,,,,,,,,0,,Longo da via,Bom,Não existe,,Seca,,Não existe,R-6a,,Dupla,Faixa contínua,,
2019-04-29,12:05:00,SEM VÍTIMA,FINALIZADA,CASA AMARELA,AV NORTE,957,RUA MANDACARU,E/F FARMACIA MANDACAU NA DESCIDA DO ALTO DO MANDU,AV NORTE,957,E/F FARMACIA MANDACAU NA DESCIDA DO ALTO DO MANDU,CASA AMARELA,,CIDADE,COLISÃO,CAMINHÃO BAÚ E UM AUTO PASSEIO SEM VITIMAS,1,,,,,,1,,,0,,,,,,,,,,,,,,
2019-04-29,12:15:00,SEM VÍTIMA,FINALIZADA,IPUTINGA,AV CAXANGA,3198,,E/F A DISNOVE,AV CAXANGA,3198,E/F A DISNOVE,IPUTINGA,,SUBURBIO,COLISÃO TRASEIRA,ENTRE DOIS AUTOS E UMA VAN,3,,,,,,,,,0,,Longo da via,Bom,Não existe,Perfeito estado,Seca,Perfeito estado,Não existe,Não há placas,,Dupla,Canteiro central,,
2019-04-29,12:21:00,SEM VÍTIMA,CANCELADA,NOVA DESCOBERTA,RUA CORREGO DA BICA,4596,,E/F TERMINAL DE ONIBUS,RUA CORREGO DA BICA,4596,E/F TERMINAL DE ONIBUS,NOVA DESCOBERTA,,,COLISÃO,DOIS AUTO SEM VITIMAS,,,,,,1,,,1,0,,,,,,,,,,,,,,
2019-04-29,12:46:00,COM VÍTIMA,FINALIZADA,IPSEP,RUA SAO NICOLAU,362,RUA HELIO BRANDAO,EM BAIXO DO SEMAFORO 505,RUA SAO NICOLAU,362,EM BAIXO DO SEMAFORO 505,IPSEP,505,,ABALROAMENTO TRANSVERSAL,COLISAO ENTRE ONIBUS E MOTO COM UMA VITIMA,,1,,,,1,,,,1,,Cruzamento,Bom,Sem defeito,Perfeito estado,Seca,Perfeito estado,Faixa de pedestre,Outras,,Única,Faixa seccionada,,
2019-04-29,12:47:00,SEM VÍTIMA,FINALIZADA,TORREÃO,RUA DJALMA FARIAS,58,AV NORTE,EM FRENTE A SMF ADVOGADOS,RUA DJALMA FARIAS,58,EM FRENTE A SMF ADVOGADOS,TORREÃO,,SUBURBIO,COLISÃO TRASEIRA,COLISÃO SEM VITIMAS,2,,,,,,,,,0,,,Bom,Não existe,Perfeito estado,Seca,Perfeito estado,Não existe,Outras,,Dupla,Faixa seccionada,,
2019-04-30,06:52:00,SEM VÍTIMA,FINALIZADA,AREIAS,AV RECIFE,,,,AV RECIFE,,,AREIAS,621,CIDADE,COLISÃO TRASEIRA,COLISÃO SEM VITIMAS,1,,,,,,1,,,0,,Longo da via,Bom,Sem defeito,Perfeito estado,Seca,Perfeito estado,Não existe,R-6a,,Dupla,Canteiro central,,
2019-04-29,13:08:00,SEM VÍTIMA,FINALIZADA,PAISSANDU,AV GOVERNADOR AGAMENON MAGALHAES,,,E/F AO BRADESCO,AV GOVERNADOR AGAMENON MAGALHAES,,E/F AO BRADESCO,PAISSANDU,,SUBURBIO,COLISÃO TRASEIRA,ENTRE TRES AUTOS S/V,3,,,,,,,,,0,,Longo da via,Bom,Não existe,Perfeito estado,Seca,Perfeito estado,Não existe,Não há placas,,Única,Faixa seccionada,,
2019-04-29,13:16:00,SEM VÍTIMA,FINALIZADA,DERBY,AV GOVERNADOR AGAMENON MAGALHAES,,,E/F ODONTOCOPE,AV GOVERNADOR AGAMENON MAGALHAES,,E/F ODONTOCOPE,DERBY,417,,COLISÃO TRASEIRA,ONIBUS E AUTO PASSEIO SEM VITIMAS,1,,,,,1,,,,0,,Longo da via,Bom,Sem defeito,Perfeito estado,Seca,Perfeito estado,Faixa de pedestre,Não há placas,60 km/h,Única,Canal,,
2019-04-29,13:26:00,SEM VÍTIMA,CANCELADA,IMBIRIBEIRA,RUA ALAMEDA DAS HORTENCIAS,101,,E/F AO SHOPPING PARQUE,RUA ALAMEDA DAS HORTENCIAS,101,E/F AO SHOPPING PARQUE,IMBIRIBEIRA,,,COLISÃO,COLISAO ENTRE DOIS AUTOS S/V,2,,,,,,,,,0,,,,,,,,,,,,,,
2019-04-29,14:03:00,COM VÍTIMA,FINALIZADA,PAISSANDU,RUA SPORT CLUBE DO RECIFE,,,PROX AO SPORT SOBRE A PONTE S/T CURADO,RUA SPORT CLUBE DO RECIFE,,PROX AO SPORT SOBRE A PONTE S/T CURADO,PAISSANDU,,SUBURBIO,COLISÃO TRASEIRA,COLISAO ENTRE DOIS AUTOS COM UMA VUTIMA,2,,,,,,,,,1,,Ponte,Bom,Sem defeito,Perfeito estado,Seca,Perfeito estado,Não existe,R-6a,,Dupla,Faixa contínua,,
2019-04-29,14:10:00,COM VÍTIMA,FINALIZADA,IPSEP,AV RECIFE,2220,,PROX. AO PAN DE AREIAS. EM FRENTE A IGREJA KADOSH.,AV RECIFE,2220,PROX. AO PAN DE AREIAS. EM FRENTE A IGREJA KADOSH.,IPSEP,,SUBURBIO,COLISÃO TRASEIRA,COLISÃO ENTRE AUTOMÓVEL E MOTOCICLETA.,1,1,,,,,,,,1,,Longo da via,Bom,Não existe,Perfeito estado,Seca,Perfeito estado,Agente,Não há placas,60 km/h,Dupla,Canteiro central,,