data,hora,natureza_acidente,situacao,bairro,endereco,numero,detalhe_endereco_acidente,complemento,endereco_cruzamento,numero_cruzamento,referencia_cruzamento,bairro_cruzamento,num_semaforo,sentido_via,tipo,descricao,auto,moto,ciclom,ciclista,pedestre,onibus,caminhao,viatura,outros,vitimas,vitimasfatais,acidente_verificado,tempo_clima,situacao_semaforo,sinalizacao,condicao_via,conservacao_via,ponto_controle,situacao_placa,velocidade_max_via,mao_direcao,divisao_via1,divisao_via2,divisao_via3
2019-04-29,14:26:00,SEM VÍTIMA,FINALIZADA,AFLITOS,AV CONS ROSA E SILVA,810,,,AV CONS ROSA E SILVA,810,,AFLITOS,,SUBURBIO,ABALROAMENTO TRANSVERSAL,COLISÃO SEM VITIMAS,2,,,,,,,,,0,,Longo da via,Bom,Não existe,Perfeito estado,Seca,Perfeito estado,Não existe,Outras,40 km/h,Dupla,Não existe,,
2019-04-29,15:17:00,SEM VÍTIMA,FINALIZADA,BAIRRO DO RECIFE,C SANTA RITA,,,SEMAFORO 076,C SANTA RITA,,SEMAFORO 076,BAIRRO DO RECIFE,76,CIDADE,COLISÃO TRASEIRA,COLISAO ENTRE DOIS AUTOS S/V,2,,,,,,,,,0,,Longo da via,Bom,Sem defeito,Perfeito estado,Seca,Perfeito estado,Agente,Não há placas,60 km/h,Dupla,Canteiro central,,
2019-04-29,15:30:00,SEM VÍTIMA,FINALIZADA,ESPINHEIRO,RUA DR BANDEIRA FILHO,,AV GOVERNADOR AGAMENON MAGALHAES,,RUA DR BANDEIRA FILHO,,,ESPINHEIRO,173,SUBURBIO,COLISÃO TRASEIRA,DOIS AUTO SEM VITIMAS,2,,,,,,,,,0,,Longo da via,Bom,Sem defeito,Perfeito estado,Seca,Perfeito estado,Outros,Outras,,Única,Faixa seccionada,,
2019-04-29,15:49:00,SEM VÍTIMA,FINALIZADA,SANTO AMARO,AV NORTE,,,NO SEMAFORO 463 S/T SUB,AV NORTE,,NO SEMAFORO 463 S/T SUB,SANTO AMARO,,,COLISÃO,COLISAO ENTRE DOIS ONIBUS,,,,,,2,,,,0,,,,,,,,,,,,,,
2019-04-29,15:58:00,SEM VÍTIMA,FINALIZADA,IPUTINGA,RUA MAURICIO DE NASSAU,,,EM FRENTE A FUNDAÇÃO ALTINO VENTURA,RUA MAURICIO DE NASSAU,,EM FRENTE A FUNDAÇÃO ALTINO VENTURA,IPUTINGA,,CIDADE,COLISÃO TRASEIRA,COLISÃO SEM VITIMAS,2,,,,,,1,,,0,,Longo da via,Bom,Não existe,Perfeito estado,Seca,Perfeito estado,Faixa de pedestre,Não há placas,,Dupla,Faixa contínua,,
2019-04-29,16:20:00,SEM VÍTIMA,FINALIZADA,IMBIRIBEIRA,AV MARECHAL MASCARENHAS DE MORAES,,,BANCO ITAÚ,AV MARECHAL MASCARENHAS DE MORAES,,BANCO ITAÚ,IMBIRIBEIRA,,,ABALROAMENTO LONGITUDINAL,COLISÃO ENTRE DOIS AUTOS SEM VÍTIMAS,2,,,,,,,,,0,,,Bom,Sem defeito,Perfeito estado,Seca,Perfeito estado,Não existe,R-6a,,Dupla,Canteiro central,,
2019-04-29,16:25:00,SEM VÍTIMA,FINALIZADA,IPUTINGA,RUA MAURICIO DE NASSAU,95,,,RUA MAURICIO DE NASSAU,95,,IPUTINGA,,CIDADE,COLISÃO TRASEIRA,COLISAO ENTRE DOIS AUTOS S/V,2,,,,,,,,,0,,Longo da via,Bom,Não existe,Perfeito estado,Seca,Perfeito estado,Não existe,,,Dupla,Não existe,,
2019-04-29,16:28:00,COM VÍTIMA,FINALIZADA,CORDEIRO,AV CAXANGA,1916,,PRÓXIMO À EXPOSIÇÃO DE ANIMAIS DO CORDEIRO.,AV CAXANGA,1916,PRÓXIMO À EXPOSIÇÃO DE ANIMAIS DO CORDEIRO.,CORDEIRO,,SUBURBIO,ATROPELAMENTO,ATROPELAMENTO ENVOLVENDO UMA VT DA PM E 2 PEDESTRES.,,,,,2,,,1,,2,,Longo da via,Bom,Não existe,Perfeito estado,Seca,Perfeito estado,Não existe,R-6a,,Dupla,Canteiro central,,
2019-04-29,16:36:00,SEM VÍTIMA,FINALIZADA,BOA VISTA,AV MANOEL BORBA,,RUA DAS NINFAS,EM FRENTE A METROPOLE,AV MANOEL BORBA,,EM FRENTE A METROPOLE,BOA VISTA,83,SUBURBIO,COLISÃO TRASEIRA,COLISAO ENVOLVENDO DOIS AUTOS( UMA VIATURA SERTTEL),2,,,,,,,,,0,,Longo da via,Bom,Sem defeito,Perfeito estado,Seca,Perfeito estado,Faixa de pedestre,Outras,,Única,Faixa seccionada,,
2019-04-29,17:09:00,SEM VÍTIMA,CANCELADA,BOA VIAGEM,RUA AVIADOR SEVERIANO LINS,140,,PROX ACADEMIA DE NATAÇAÕ NEKITA,RUA AVIADOR SEVERIANO LINS,140,PROX ACADEMIA DE NATAÇAÕ NEKITA,BOA VIAGEM,,,COLISÃO,COLISAO ENTRE DOIS AUTOS S/V,2,,,,,,,,,0,,,,,,,,,,,,,,
2019-04-29,18:02:00,COM VÍTIMA,FINALIZADA,PARNAMIRIM,EST DO ARRAIAL,2900,RUA RODRIGUES SETE,PROX AO ESPAÇO CULTURAL ARIANO SUASSUNA,EST DO ARRAIAL,2900,PROX AO ESPAÇO CULTURAL ARIANO SUASSUNA,PARNAMIRIM,,SUBURBIO,ABALROAMENTO TRANSVERSAL,COLISÃO ENTRE MOTOCICLETA E ÔNIBUS.,,1,,,,1,,,,1,,Longo da via,Bom,Sem defeito,Perfeito estado,Seca,Perfeito estado,Não existe,Outras,50 km/h,Dupla,Não existe,,
2019-04-29,18:22:00,SEM VÍTIMA,CANCELADA,CASA AMARELA,EST DO ARRAIAL,2823,,E/F AO COLÉGIO ESPECÍFICO  APÓS O HOSPITAL AGAMENON,EST DO ARRAIAL,2823,E/F AO COLÉGIO ESPECÍFICO  APÓS O HOSPITAL AGAMENON,CASA AMARELA,,,COLISÃO,ENTRE 2 AUTOS. S/V,2,,,,,,,,,0,,,,,,,,,,,,,,
2019-04-29,18:32:00,COM VÍTIMA,FINALIZADA,GRAÇAS,RUA CARDEAL ARCOVERDE,,RUA DAS PERNAMBUCANAS,AO LADO DA PADARIA PAO E VINHO,RUA CARDEAL ARCOVERDE,,AO LADO DA PADARIA PAO E VINHO,GRAÇAS,600,,ABALROAMENTO LONGITUDINAL,COLISÃO ENTRE AUTOMÓVEL E MOTOCICLETA.,1,1,,,,,,,,1,,Cruzamento,Bom,Sem defeito,Perfeito estado,Seca,Perfeito estado,Faixa de pedestre,Outras,,Única,Não existe,,
2019-04-29,19:20:00,SEM VÍTIMA,FINALIZADA,ESPINHEIRO,AV CONS ROSA E SILVA,468,,,AV CONS ROSA E SILVA,468,,ESPINHEIRO,,SUBURBIO,ABALROAMENTO LONGITUDINAL,CAMINHAO BAU X CIVIC,1,,,,,,1,,,0,,Longo da via,Bom,Não existe,Perfeito estado,Seca,Perfeito estado,Não existe,R-6a,,Única,Faixa seccionada,,
2019-04-29,19:35:00,SEM VÍTIMA,FINALIZADA,MADALENA,RUA DOM MANOEL DA COSTA,528,,EM FRENTE AO Nº 518,RUA DOM MANOEL DA COSTA,528,EM FRENTE AO Nº 518,MADALENA,,CIDADE,COLISÃO TRASEIRA,ENTRE 2 AUTOS. S/V,2,,,,,,,,,0,,Longo da via,Bom,Não existe,Perfeito estado,Seca,Perfeito estado,Não existe,Outras,,Única,Faixa seccionada,,
2019-04-29,19:39:00,SEM VÍTIMA,CANCELADA,MADALENA,AV VISCONDE DE ALBUQUERQUE,294,RUA RENATO DE MEDEIROS,PROX ASTRAL VEICULOS,AV VISCONDE DE ALBUQUERQUE,294,PROX ASTRAL VEICULOS,MADALENA,,,COLISÃO,ONIBUS CAXANGA X SIENA,1,,,,,1,,,,0,,,,,,,,,,,,,,
2019-04-29,20:14:00,SEM VÍTIMA,CANCELADA,CASA AMARELA,RUA CONS PERETTI,115,RUA OSCAR DE BARROS,PROX ACADEMIA PILATES,RUA CONS PERETTI,115,PROX ACADEMIA PILATES,CASA AMARELA,,,COLISÃO,FOX VERMELHO X CELTA PRATA,2,,,,,,,,,0,,,,,,,,,,,,,,
2019-04-29,21:31:00,SEM VÍTIMA,FINALIZADA,PRADO,AV ENGENHEIRO ABDIAS DE CARVALHO,,RUA JOAO IVO DA SILVA,,AV ENGENHEIRO ABDIAS DE CARVALHO,,,PRADO,132,SUBURBIO,ABALROAMENTO TRANSVERSAL,ENTRE VT DA POLÍCIA E AUTO PASSEIO. S/V,1,,,,,,,1,,0,,Cruzamento,Bom,Sem defeito,Perfeito estado,Seca,Perfeito estado,Faixa de pedestre,R-6a,60 km/h,Única,Faixa seccionada,,
2019-04-30,00:47:00,SEM VÍTIMA,FINALIZADA,TOTÓ,AV LIBERDADE,1594,,,AV LIBERDADE,1594,,TOTÓ,,SUBURBIO,ABALROAMENTO TRANSVERSAL,COLISÃO ENTRE AUTO E MOTO S/V,1,1,,,,,,,,0,,Longo da via,Chuvoso,Não existe,Ilegível,Molhada,Mal iluminada,Não existe,Não há placas,,Dupla,Não existe,,
2019-04-30,05:21:00,COM VÍTIMA,FINALIZADA,BOA VIAGEM,RUA ERNESTO DE PAULA SANTOS,,RUA AMALIA BERNARDINO DE SOUZA,EM FRENTE AO POSTO BR,RUA ERNESTO DE PAULA SANTOS,,EM FRENTE AO POSTO BR,BOA VIAGEM,,CIDADE,ABALROAMENTO TRANSVERSAL,COLISÃO ENTRE DOIS AUTOS C/V,2,,,,,,,,,1,,Cruzamento,Bom,Não existe,Não existente,Seca,,,Não há placas,,Única,Faixa seccionada,,
2019-04-30,07:50:00,SEM VÍTIMA,FINALIZADA,IMBIRIBEIRA,AV MARECHAL MASCARENHAS DE MORAES,1200,,ESTORIL DELICATESSEN,AV MARECHAL MASCARENHAS DE MORAES,1200,ESTORIL DELICATESSEN,IMBIRIBEIRA,,CIDADE,COLISÃO TRASEIRA,SEM VITIMAS,3,,,,,,,,,0,,Longo da via,Chuvoso,Não existe,Perfeito estado,Molhada,Perfeito estado,Não existe,Não há placas,,Dupla,Canteiro central,,
2019-04-30,08:24:00,SEM VÍTIMA,FINALIZADA,AFOGADOS,RUA DA PAZ,194,,LADO OPOSTO A CAIXA ECONOMICA,RUA DA PAZ,194,LADO OPOSTO A CAIXA ECONOMICA,AFOGADOS,,SUBURBIO,ABALROAMENTO LONGITUDINAL,SEM VITIMAS VT 20 DA CTTU NO LOCAL,1,1,,,,,,,1,0,,Longo da via,Bom,Sem defeito,Perfeito estado,Molhada,Perfeito estado,Faixa de pedestre,Outras,,Única,Faixa seccionada,,
2019-04-30,09:36:00,SEM VÍTIMA,FINALIZADA,GRAÇAS,RUA DAS PERNAMBUCANAS,255,,PÃO E VINHO DELICATESSEN,RUA DAS PERNAMBUCANAS,255,PÃO E VINHO DELICATESSEN,GRAÇAS,600,SUBURBIO,ABALROAMENTO LONGITUDINAL,COLISÃO SEM VITIMAS,2,,,,,,,,,0,,Longo da via,Bom,Sem defeito,Perfeito estado,Seca,Perfeito estado,Não existe,R-6a,,Única,Faixa seccionada,,
2019-04-30,09:57:00,SEM VÍTIMA,FINALIZADA,VÁRZEA,AV PROFESSOR ARTUR DE SA,1570,,UFPE,AV PROFESSOR ARTUR DE SA,1570,UFPE,VÁRZEA,,SUBURBIO,ABALROAMENTO LONGITUDINAL,SEM VITIMAS,2,,,,,,,,,0,,Longo da via,Bom,Não existe,Perfeito estado,Seca,Perfeito estado,Outros,Outras,,Dupla,Faixa seccionada,,
2019-04-30,10:21:00,SEM VÍTIMA,FINALIZADA,MADALENA,AV ENGENHEIRO ABDIAS DE CARVALHO,,EST DOS REMEDIOS,,AV ENGENHEIRO ABDIAS DE CARVALHO,,,MADALENA,52,CIDADE,ABALROAMENTO TRANSVERSAL,CAMINHÃO E AUTO,1,,,,,,1,,,0,,Cruzamento,Bom,Sem defeito,Perfeito estado,Seca,Perfeito estado,Não existe,Não há placas,,Única,Faixa seccionada,,
2019-04-30,10:47:00,COM VÍTIMA,FINALIZADA,AFOGADOS,RUA VINTE E UM DE ABRIL,1056,RUA FELICIANO DE MELLO,AO LADO DA FABRICA DA PETINHO,RUA VINTE E UM DE ABRIL,1056,AO LADO DA FABRICA DA PETINHO,AFOGADOS,,SUBURBIO,ABALROAMENTO TRANSVERSAL,MOTO E AUTO,1,1,,,,,,,,1,,Longo da via,Bom,Não existe,Perfeito estado,Seca,Perfeito estado,Não existe,,,Dupla,Não existe,,
2019-04-30,11:01:00,SEM VÍTIMA,FINALIZADA,CORDEIRO,AV INACIO MONTEIRO,,RUA AUREO XAVIER,,AV INACIO MONTEIRO,,,CORDEIRO,,SUBURBIO,COLISÃO TRASEIRA,SEM VITIMAS,3,,,,,,,,,0,,Cruzamento,Bom,Não existe,Perfeito estado,Seca,Perfeito estado,Não existe,Não há placas,,Dupla,Faixa contínua,,
2019-04-30,11:15:00,SEM VÍTIMA,FINALIZADA,BOA VIAGEM,RUA TENENTE DOMINGOS DE BRITO,314,,EM FRENTE AO EMPRESARIAL CONLAR,RUA TENENTE DOMINGOS DE BRITO,314,EM FRENTE AO EMPRESARIAL CONLAR,BOA VIAGEM,330,SUBURBIO,COLISÃO TRASEIRA,QUATRO AUTOS,4,,,,,,,,,0,,Longo da via,Bom,Sem defeito,Perfeito estado,Seca,Perfeito estado,Não existe,Outras,,Única,Não existe,,
2019-04-30,11:16:00,COM VÍTIMA,FINALIZADA,IBURA,AV DOIS RIOS,1182,,EM FRENTE AO MERCADINHO DO POVO. PROX CRUZAMENTO COM A RUA RIO XINGU,AV DOIS RIOS,1182,EM FRENTE AO MERCADINHO DO POVO. PROX CRUZAMENTO COM A RUA RIO XINGU,IBURA,,SUBURBIO,ABALROAMENTO LONGITUDINAL,COM UMA VITIMA SENDO SOCORRIDA PELO SAMU,2,1,,,,,,,,1,,Longo da via,Bom,Não existe,Perfeito estado,Seca,Mal conservada,Não existe,R-6a,,Dupla,Faixa contínua,,
2019-04-30,11:36:00,COM VÍTIMA,DUPLICIDADE,IBURA,AV DOIS RIOS,,,EM FRENTE AO GUARANA DO AMAZONAS,AV DOIS RIOS,,EM FRENTE AO GUARANA DO AMAZONAS,IBURA,,,COLISÃO,COLISÃO COM VITIMA,2,1,,,,,,,,1,,,,,,,,,,,,,,
2019-04-30,11:43:00,SEM VÍTIMA,CANCELADA,IPSEP,AV RECIFE,,,APOS O BOI BRASA PROX AO POSTO DE GASOLINA IPIRANGA,AV RECIFE,,APOS O BOI BRASA PROX AO POSTO DE GASOLINA IPIRANGA,IPSEP,,IMBIRIBEIRA,COLISÃO,COLISÃO SEM VITIMAS,1,,,,,,1,,,0,,,,,,,,,,,,,,
2019-04-30,11:54:00,SEM VÍTIMA,FINALIZADA,AFOGADOS,AV CAXANGA,4302,,UNIT - CENTRO UNIVERSITÁRIO,AV CAXANGA,4302,UNIT - CENTRO UNIVERSITÁRIO,AFOGADOS,,CIDADE,ABALROAMENTO LONGITUDINAL,COLISAO ENTRE CAMINHAO  ONIBUS BRT E AUTO S/V,1,,,,,1,1,,,0,,Longo da via,Bom,Sem defeito,Perfeito estado,Seca,Perfeito estado,Faixa de pedestre,,,Dupla,Canteiro central,,
2019-04-30,12:00:00,SEM VÍTIMA,FINALIZADA,GRAÇAS,RUA RICARDO HARDMAN,130,,,RUA RICARDO HARDMAN,130,,GRAÇAS,,,ABALROAMENTO LONGITUDINAL,COLISÃO ENTRE DOIS AUTOS,2,,,,,,,,,0,,Longo da via,Bom,Não existe,Perfeito estado,Seca,Perfeito estado,Não existe,Não há placas,,Dupla,Não existe,,
2019-04-30,12:06:00,SEM VÍTIMA,FINALIZADA,ENCRUZILHADA,AV NORTE,,,INSS AV NORTE,AV NORTE,,INSS AV NORTE,ENCRUZILHADA,,SUBURBIO,ABALROAMENTO LONGITUDINAL,COLISÃO SEM VITIMA,1,,,,,1,,,,0,,Longo da via,Bom,Sem defeito,Perfeito estado,Seca,Perfeito estado,Não existe,Não há placas,,Dupla,Canteiro central,,
2019-04-30,12:18:00,SEM VÍTIMA,FINALIZADA,BARRO,AV DR JOSE RUFINO,2153,,EM FRENTE AO COLEGIO IMACULADA DA CONCEIÇÃO,AV DR JOSE RUFINO,2153,EM FRENTE AO COLEGIO IMACULADA DA CONCEIÇÃO,BARRO,,CIDADE,COLISÃO TRASEIRA,COLISÃO SEM VITIMA,1,1,,,,,,,,0,,Longo da via,Bom,Não existe,Perfeito estado,Seca,Perfeito estado,Outros,Outras,60 km/h,Dupla,Faixa contínua,,
2019-04-30,12:57:00,COM VÍTIMA,FINALIZADA,VASCO DA GAMA,RUA ALTO DO EUCALIPTO,102,,EM FRENTE AO REND MAIS,RUA ALTO DO EUCALIPTO,102,EM FRENTE AO REND MAIS,VASCO DA GAMA,,,ABALROAMENTO LONGITUDINAL,COLISÃO COM VITIMA,,1,,,,,1,,,1,,Longo da via,Bom,Não existe,Não existente,Seca,Perfeito estado,,R-6a,30 km/h,Dupla,,,
2019-04-30,13:20:00,SEM VÍTIMA,FINALIZADA,ÁGUA FRIA,EST VELHA DE AGUA FRIA,,RUA BOMBA DO HEMETERIO,LADO OPOSTO POSTO NORTEBRAZ,EST VELHA DE AGUA FRIA,,LADO OPOSTO POSTO NORTEBRAZ,ÁGUA FRIA,,SUBURBIO,ABALROAMENTO LONGITUDINAL,COLISÃO SEM VITIMA,1,,,,,,,,1,0,,,Bom,Não existe,Perfeito estado,Seca,Perfeito estado,Outros,Outras,,Dupla,Canteiro central,Blocos,
2019-04-30,13:24:00,COM VÍTIMA,FINALIZADA,SANTO AMARO,RUA LEAO FALCAO,,AV CRUZ CABUGA,E/F AO DER,RUA LEAO FALCAO,,E/F AO DER,SANTO AMARO,,,COLISÃO,COLISAO ENTRE DUAS MOTOS COM UMA VITIMA,,2,,,,,,,,1,,,,,,,,,,,,,,
2019-04-30,14:28:00,COM VÍTIMA,FINALIZADA,MADALENA,AV BEIRA RIO,741,RUA PADRE ANCHIETA,E/F ACADEMIA DA CIDADE,AV BEIRA RIO,741,E/F ACADEMIA DA CIDADE,MADALENA,77,SUBURBIO,ABALROAMENTO TRANSVERSAL,COLISAO ENTRE AUTO E MOTO COM UMA VITIMA,1,1,,,,,,,,1,,Longo da via,Bom,Não existe,Perfeito estado,Seca,Perfeito estado,Não existe,,,Única,Faixa seccionada,,
2019-04-30,14:34:00,SEM VÍTIMA,CANCELADA,CAXANGÁ,AV CAXANGA,,,EM FRENTE AO TERMINAL INTEGRADO DA CAXANGA/ SENTIDO CAMARAGIBE,AV CAXANGA,,EM FRENTE AO TERMINAL INTEGRADO DA CAXANGA/ SENTIDO CAMARAGIBE,CAXANGÁ,,,COLISÃO,COLISÃO SEM VÍTIMA,1,,,,,,1,,,0,,,,,,,,,,,,,,
2019-04-30,14:52:00,SEM VÍTIMA,FINALIZADA,SAN MARTIN,AV GENERAL SAN MARTIN,,,EM FRENTE AO QUARTEL DA CAVALERIA,AV GENERAL SAN MARTIN,,EM FRENTE AO QUARTEL DA CAVALERIA,SAN MARTIN,326,SUBURBIO,ABALROAMENTO LONGITUDINAL,COLISÃO SEM VITIMAS,1,,,,,,1,,,0,,Longo da via,Bom,Sem defeito,Perfeito estado,Seca,Perfeito estado,Faixa de pedestre,Outras,40 km/h,Dupla,Faixa contínua,Faixa seccionada,
2019-04-30,15:22:00,SEM VÍTIMA,FINALIZADA,JORDÃO,RUA CANAL DO JORDAO,,,APÓS O TÚNEL FELIPE CAMARÃO,RUA CANAL DO JORDAO,,APÓS O TÚNEL FELIPE CAMARÃO,JORDÃO,,,COLISÃO TRASEIRA,COLISÃO ENTRE UM CAMINHÃ E UM AUTO,1,,,,,,1,,,0,,Longo da via,Bom,Não existe,Perfeito estado,Seca,Perfeito estado,,Não há placas,40 km/h,Única,,,
2019-04-30,15:53:00,SEM VÍTIMA,FINALIZADA,JOANA BEZERRA,AV BEIRA RIO,,,AO LADO DO FORUM DES RODOLFO AURELIANO,AV BEIRA RIO,,AO LADO DO FORUM DES RODOLFO AURELIANO,JOANA BEZERRA,,CIDADE,ABALROAMENTO LONGITUDINAL,COLISÃO SEM VÍTIMA,,1,,,,,,1,,0,,Longo da via,Bom,Não existe,Perfeito estado,Seca,Perfeito estado,Não existe,R-6a,,Dupla,Faixa contínua,,
2019-04-30,15:54:00,SEM VÍTIMA,FINALIZADA,PAISSANDU,RUA EPAMINONDAS DE MELO,219,,EM FRENTE AO Nº 219,RUA EPAMINONDAS DE MELO,219,EM FRENTE AO Nº 219,PAISSANDU,,,ABALROAMENTO LONGITUDINAL,COLISÃO SEM VÍTIMA EM DOIS AUTOS,2,,,,,,,,,0,,Longo da via,Bom,Não existe,Perfeito estado,Seca,Mal conservada,Não existe,Outras,,Única,Não existe,,
2019-04-30,16:30:00,SEM VÍTIMA,FINALIZADA,PINA,AV BRASILIA FORMOSA,51,RUA PARU,,AV BRASILIA FORMOSA,51,,PINA,,,ABALROAMENTO LONGITUDINAL,COLISÃO SEM VÍTIMA,,,,,,1,1,,,0,,Longo da via,Bom,Não existe,Perfeito estado,Seca,Perfeito estado,Outros,R-6a,,Dupla,Faixa seccionada,,
2019-04-30,16:36:00,SEM VÍTIMA,FINALIZADA,MADALENA,RUA BENFICA,140,AV BEIRA RIO,,RUA BENFICA,140,,MADALENA,,,ABALROAMENTO LONGITUDINAL,COLISÃO SEM VÍTIMA ENTRE UM AUTO E UM CAMINHÃO,1,,,,,,1,,,0,,,Bom,Não existe,Perfeito estado,Seca,Perfeito estado,Não existe,,,Dupla,Faixa contínua,,
2019-04-30,16:36:00,SEM VÍTIMA,FINALIZADA,BARRO,AV DR JOSE RUFINO,26,,POR TRÁS DO OLYMPIKUS HOTEL,AV DR JOSE RUFINO,26,POR TRÁS DO OLYMPIKUS HOTEL,BARRO,,SUBURBIO,ABALROAMENTO TRANSVERSAL,COLISAO ENTRE DOIS AUTOS S/V,2,,,,,,,,,0,,Longo da via,Bom,Não existe,Perfeito estado,Seca,Perfeito estado,Outros,Outras,60 km/h,Dupla,Faixa contínua,,
2019-04-30,16:54:00,COM VÍTIMA,FINALIZADA,MADALENA,AV BEIRA RIO,,RUA JOSE OSORIO,SOBRE A PONTE DA CAPUNGA,AV BEIRA RIO,,SOBRE A PONTE DA CAPUNGA,MADALENA,387,SUBURBIO,COLISÃO COM CICLISTA,COLISÃO COM VITIMA,1,,,1,,,,,,1,,Longo da via,Bom,Sem defeito,Perfeito estado,Seca,Perfeito estado,Faixa de pedestre,Outras,,Dupla,Faixa seccionada,,
2019-04-30,17:45:00,SEM VÍTIMA,CANCELADA,TEJIPIÓ,RUA PIRAMBOIA,,,EM FRENTE AO NECROTERIO DO HOSPITAL OTAVIO DE FREITAS,RUA PIRAMBOIA,,EM FRENTE AO NECROTERIO DO HOSPITAL OTAVIO DE FREITAS,TEJIPIÓ,,,COLISÃO,COLISÃO SEM VÍTIMA,2,,,,,,,,,0,,,,,,,,,,,,,,
2019-04-30,19:39:00,SEM VÍTIMA,FINALIZADA,DERBY,RUA DR SEVERINO PINHEIRO,,,PONTE ESTÁCIO COIMBRA,RUA DR SEVERINO PINHEIRO,,PONTE ESTÁCIO COIMBRA,DERBY,,CIDADE,COLISÃO TRASEIRA,DOIS AUTO SEM VITIMAS,2,,,,,,,,,0,,Ponte,Bom,Não existe,Perfeito estado,Seca,Perfeito estado,Outros,Outras,,Dupla,Faixa contínua,,
2019-04-30,19:49:00,SEM VÍTIMA,FINALIZADA,IMBIRIBEIRA,AV MARECHAL MASCARENHAS DE MORAES,,,LADO OPOSTO A MERCEDES BENZ,AV MARECHAL MASCARENHAS DE MORAES,,LADO OPOSTO A MERCEDES BENZ,IMBIRIBEIRA,,CIDADE,ABALROAMENTO LONGITUDINAL,ENTRE AUTO E ÔNIBUS. S/V,1,,,,,1,,,,0,,Longo da via,Bom,Sem defeito,Perfeito estado,Seca,Perfeito estado,,R-6a,,Dupla,Canteiro central,,
2019-04-30,20:00:00,SEM VÍTIMA,CANCELADA,TORRÕES,AV ENGENHEIRO ABDIAS DE CARVALHO,,,E/F A LOMBADAS BAR   SNT SUB / PRÓX A DLP E POSTO SHELL,AV ENGENHEIRO ABDIAS DE CARVALHO,,E/F A LOMBADAS BAR   SNT SUB / PRÓX A DLP E POSTO SHELL,TORRÕES,,,ENGAVETAMENTO,ENTRE 3 AUTOS. S/V,3,,,,,,,,,0,,,,,,,,,,,,,,
2019-04-30,22:08:00,SEM VÍTIMA,FINALIZADA,BOA VIAGEM,RUA BARAO DE SOUZA LEAO,195,,,RUA BARAO DE SOUZA LEAO,195,,BOA VIAGEM,,SUBURBIO,ABALROAMENTO TRANSVERSAL,MOTO E AUTO SEM VITIMAS,1,1,,,,,,,,0,,Longo da via,Bom,Sem defeito,Perfeito estado,Seca,Perfeito estado,Faixa de pedestre,R-6a,,Única,Faixa seccionada,,
2019-04-30,22:33:00,SEM VÍTIMA,CANCELADA,DOIS UNIDOS,AV HILDEBRANDO DE VASCONCELOS,,,TERMINAL DE ONIBUS DE DOIS UNIDOS,AV HILDEBRANDO DE VASCONCELOS,,TERMINAL DE ONIBUS DE DOIS UNIDOS,DOIS UNIDOS,,,COLISÃO,ONIBUS E MOTO SEM VITIMAS,,1,,,,1,,,,0,,,,,,,,,,,,,,
2019-05-01,08:06:00,SEM VÍTIMA,FINALIZADA,ÁGUA FRIA,AV PROFESSOR JOSE DOS ANJOS,,,LADO OPOSTO AO POSTE Nº B 011023,AV PROFESSOR JOSE DOS ANJOS,,LADO OPOSTO AO POSTE Nº B 011023,ÁGUA FRIA,,SUBURBIO,ABALROAMENTO LONGITUDINAL,COLISÃO S/ VITIMA (VT.08 NO QTH) ENTRE MOTO E AUTO,1,1,,,,,,,,0,,Longo da via,Bom,Não existe,Perfeito estado,Seca,Perfeito estado,Não existe,Não há placas,60 km/h,Única,Faixa seccionada,,
2019-05-01,11:31:00,SEM VÍTIMA,FINALIZADA,BOA VIAGEM,AV ENGENHEIRO DOMINGOS FERREIRA,324,RUA ANTONIO PEDRO DE FIGUEIREDO,,AV ENGENHEIRO DOMINGOS FERREIRA,324,,BOA VIAGEM,324,SUBURBIO,COLISÃO TRASEIRA,COLISÃO S/VITIMA ENTRE DOIS AUTOS,2,,,,,,,,,0,,Longo da via,Bom,Sem defeito,Perfeito estado,Seca,Perfeito estado,Faixa de pedestre,Outras,60 km/h,Única,Canteiro central,,
2019-05-01,15:19:00,COM VÍTIMA,FINALIZADA,BEBERIBE,AV BEBERIBE,,,APÓS A PIZZARIA DO GORDO,AV BEBERIBE,,APÓS A PIZZARIA DO GORDO,BEBERIBE,314,CIDADE,COLISÃO TRASEIRA,COLISÃO ENTRE AUTO E MOTO.,1,1,,,,,,,,1,,Outros,Bom,Sem defeito,Perfeito estado,Seca,Perfeito estado,Faixa de pedestre,Não há placas,60 km/h,Dupla,Faixa,,
2019-05-01,15:30:00,COM VÍTIMA,FINALIZADA,IPSEP,AV RECIFE,2967,,POSTO FEDERAL. LADO OPOSTO AO NÚMERO INFORMADO.,AV RECIFE,2967,POSTO FEDERAL. LADO OPOSTO AO NÚMERO INFORMADO.,IPSEP,,SUBURBIO,ATROPELAMENTO,AUTO E PEDESTRE,1,,,,1,,,,,1,,Longo da via,Bom,Não existe,Perfeito estado,Seca,Perfeito estado,Não existe,Não há placas,,Dupla,Canteiro central,,
2019-05-01,15:35:00,SEM VÍTIMA,CANCELADA,AFLITOS,AV CONS ROSA E SILVA,1294,,EM FRENTE A PARLADELI,AV CONS ROSA E SILVA,1294,EM FRENTE A PARLADELI,AFLITOS,,,COLISÃO,COLISÃO SEM VÍTIMA,2,,,,,,,,,0,,,,,,,,,,,,,,