data,hora,natureza_acidente,situacao,bairro,endereco,numero,detalhe_endereco_acidente,complemento,endereco_cruzamento,numero_cruzamento,referencia_cruzamento,bairro_cruzamento,num_semaforo,sentido_via,tipo,descricao,auto,moto,ciclom,ciclista,pedestre,onibus,caminhao,viatura,outros,vitimas,vitimasfatais,acidente_verificado,tempo_clima,situacao_semaforo,sinalizacao,condicao_via,conservacao_via,ponto_controle,situacao_placa,velocidade_max_via,mao_direcao,divisao_via1,divisao_via2,divisao_via3
2019-05-03,08:35:00,SEM VÍTIMA,CANCELADA,DERBY,RUA MANOEL CAETANO,135,,HA 50 METROS DO DERBY IMAGENS,RUA MANOEL CAETANO,135,HA 50 METROS DO DERBY IMAGENS,DERBY,,,COLISÃO,SEM VITMAS,2,,,,,,,,,0,,,,,,,,,,,,,,
2019-05-03,08:40:00,SEM VÍTIMA,FINALIZADA,BOA VIAGEM,RUA RIBEIRO DE BRITO,590,,EM FRENTE AO BORIS,RUA RIBEIRO DE BRITO,590,EM FRENTE AO BORIS,BOA VIAGEM,,SUBURBIO,COLISÃO TRASEIRA,COLISÃO SEM VITIMAS,1,,,,,1,,,,0,,Longo da via,Bom,Não existe,Perfeito estado,Seca,Perfeito estado,Não existe,Outras,,Única,Não existe,,
2019-05-03,08:46:00,SEM VÍTIMA,FINALIZADA,MADALENA,RUA PADRE ANCHIETA,208,,,RUA PADRE ANCHIETA,208,,MADALENA,,CIDADE,COLISÃO TRASEIRA,COLISÃO S/ VITIMA ENTRE DOIS AUTOS,2,,,,,,,,,0,,Longo da via,Bom,Não existe,Perfeito estado,Seca,Perfeito estado,Não existe,R-6a,,Única,Faixa seccionada,,
2019-05-03,09:03:00,SEM VÍTIMA,FINALIZADA,IMBIRIBEIRA,AV MARECHAL MASCARENHAS DE MORAES,,,AO LADO DO ATACADO DOS PRESENTES,AV MARECHAL MASCARENHAS DE MORAES,,AO LADO DO ATACADO DOS PRESENTES,IMBIRIBEIRA,,,ABALROAMENTO LONGITUDINAL,SEM VITIMAS,1,,,,,,1,,,0,,Longo da via,Bom,Sem defeito,Perfeito estado,Seca,Perfeito estado,Não existe,Não há placas,,Dupla,Canteiro central,,
2019-05-03,09:14:00,SEM VÍTIMA,FINALIZADA,BOA VIAGEM,AV ENGENHEIRO DOMINGOS FERREIRA,3433,,,AV ENGENHEIRO DOMINGOS FERREIRA,3433,,BOA VIAGEM,,,COLISÃO TRASEIRA,SEM VITIMAS  CTTU NO LOCAL,2,,,,,,,,,0,,Longo da via,Bom,Sem defeito,Perfeito estado,Seca,Perfeito estado,,Outras,,Única,Faixa contínua,Faixa seccionada,Canteiro central
2019-05-03,09:34:00,SEM VÍTIMA,FINALIZADA,VÁRZEA,AV AFONSO OLINDENSE,,RUA RODRIGUES FERREIRA,NO SEMAFORO 638,AV AFONSO OLINDENSE,,NO SEMAFORO 638,VÁRZEA,638,SUBURBIO,ABALROAMENTO LONGITUDINAL,CAMINHÃO E AUTO,1,,,,,,1,,,0,,Cruzamento,Bom,Sem defeito,Perfeito estado,Seca,Perfeito estado,Não existe,Não há placas,40 km/h,Dupla,Faixa contínua,,
2019-05-03,09:44:00,SEM VÍTIMA,FINALIZADA,IMBIRIBEIRA,AV MARECHAL MASCARENHAS DE MORAES,440,,EM FRENTE AO ANTIGO PREDIO DO DHPP,AV MARECHAL MASCARENHAS DE MORAES,440,EM FRENTE AO ANTIGO PREDIO DO DHPP,IMBIRIBEIRA,279,SUBURBIO,COLISÃO TRASEIRA,SEM VITIMAS,2,,,,,,,,,0,,Longo da via,Bom,Sem defeito,Perfeito estado,Seca,Perfeito estado,Faixa de pedestre,Outras,60 km/h,Dupla,Faixa contínua,Faixa seccionada,Canteiro central
2019-05-03,09:51:00,SEM VÍTIMA,FINALIZADA,MADALENA,EST DOS REMEDIOS,,AV JOSE GONCALVES DE MEDEIROS,CASA DOS COLCHÕES,EST DOS REMEDIOS,,CASA DOS COLCHÕES,MADALENA,353,CIDADE,ABALROAMENTO LONGITUDINAL,SEM VITIMAS,2,,,,,,,,,0,,,Bom,Sem defeito,Perfeito estado,Seca,Perfeito estado,Faixa de pedestre,Outras,,Única,Faixa contínua,,
2019-05-03,09:56:00,SEM VÍTIMA,FINALIZADA,MACAXEIRA,AV NORTE,7742,,LADO OPOSTO AO PARQUE DA MACAXEIRA,AV NORTE,7742,LADO OPOSTO AO PARQUE DA MACAXEIRA,MACAXEIRA,451,SUBURBIO,ABALROAMENTO LONGITUDINAL,COLISÃO SEM VITIMAS,1,,,,,,1,,,0,,Longo da via,Bom,Sem defeito,Perfeito estado,Seca,Perfeito estado,Faixa de pedestre,Outras,,Dupla,Canteiro central,,
2019-05-03,10:04:00,COM VÍTIMA,CANCELADA,IMBIRIBEIRA,RUA ALVARO AMORIM,103,RUA ENGENHEIRO JOSE APOLINARIO,NA RUA DA SPORT CAR,RUA ALVARO AMORIM,103,NA RUA DA SPORT CAR,IMBIRIBEIRA,,,COLISÃO,COLISÃO C/VITIMA ENTRE UM AUTO E O MOTO,1,1,,,,,,,,1,,,,,,,,,,,,,,
2019-05-03,10:38:00,SEM VÍTIMA,FINALIZADA,TORRE,RUA MARCOS ANDRE,,RUA JOSE BONIFACIO,,RUA MARCOS ANDRE,,,TORRE,487,,ABALROAMENTO LONGITUDINAL,VT- DA GUARDA E AUTO,2,,,,,,,,,0,,,Bom,Sem defeito,Perfeito estado,Seca,Perfeito estado,Faixa de retenção,R-6a,,Única,Não existe,,
2019-05-03,10:54:00,SEM VÍTIMA,FINALIZADA,BEBERIBE,AV BEBERIBE,,,EM FRENTE AO Nº 4080,AV BEBERIBE,,EM FRENTE AO Nº 4080,BEBERIBE,314,CIDADE,ABALROAMENTO LONGITUDINAL,COLISÃO SEM VITIMAS,1,,,,,1,,,,0,,Longo da via,Bom,Sem defeito,Perfeito estado,Seca,Perfeito estado,Faixa de pedestre,,,Dupla,Faixa contínua,,
2019-05-03,10:55:00,COM VÍTIMA,FINALIZADA,SANTO AMARO,AV CRUZ CABUGA,165,,EM FRENTE A IGREJA INTERNACIONAL DO REINO DE DEUS,AV CRUZ CABUGA,165,EM FRENTE A IGREJA INTERNACIONAL DO REINO DE DEUS,SANTO AMARO,,CIDADE,ATROPELAMENTO,ATROPELAMENTO,1,,,,1,,,,,1,,Longo da via,Bom,Não existe,Perfeito estado,Seca,Perfeito estado,Não existe,Não há placas,,Dupla,Faixa,,
2019-05-03,11:11:00,SEM VÍTIMA,FINALIZADA,SAN MARTIN,AV GENERAL SAN MARTIN,,RUA DELMIRO GOUVEIA,,AV GENERAL SAN MARTIN,,,SAN MARTIN,326,,ABALROAMENTO LONGITUDINAL,COLISÃO SEM VITIMAS,,1,,,,,1,,,0,,Cruzamento,Bom,Sem defeito,Perfeito estado,Seca,Perfeito estado,Faixa de pedestre,R-6a,,Dupla,Faixa contínua,Faixa seccionada,
2019-05-03,11:13:00,SEM VÍTIMA,FINALIZADA,SANTO ANTÔNIO,RUA SIQUEIRA CAMPOS,251,AV DANTAS BARRETO,,RUA SIQUEIRA CAMPOS,251,,SANTO ANTÔNIO,,SUBURBIO,ABALROAMENTO LONGITUDINAL,SEM VITIMAS,1,,,,,1,,,,0,,Longo da via,Bom,Sem defeito,Perfeito estado,Seca,Mal iluminada,Não existe,Não há placas,,Única,Faixa seccionada,,
2019-05-03,12:26:00,COM VÍTIMA,FINALIZADA,BOMBA DO HEMETÉRIO,RUA BOMBA DO HEMETERIO,1293,EST VELHA DE AGUA FRIA,RODINHA,RUA BOMBA DO HEMETERIO,1293,RODINHA,BOMBA DO HEMETÉRIO,,CIDADE,ATROPELAMENTO,CAMINHÃO E CARRO DE MAÕ,,,,,1,,1,,,1,,Longo da via,Bom,Não existe,Perfeito estado,Seca,Perfeito estado,Não existe,Não há placas,,Dupla,Canteiro central,,
2019-05-03,12:48:00,COM VÍTIMA,DUPLICIDADE,ÁGUA FRIA,EST VELHA DE AGUA FRIA,,,PROX AO POSTO DE GASOLINA QUE PEGOU FOGO,EST VELHA DE AGUA FRIA,,PROX AO POSTO DE GASOLINA QUE PEGOU FOGO,ÁGUA FRIA,,,COLISÃO,COLISÃO COM VITIMA AUTO E PEDESTRE COM CARRINHO DE MÃO  SAMU ESTÁ NO LOCAL,1,,,,1,,,,,1,,,,,,,,,,,,,,
2019-05-03,12:55:00,SEM VÍTIMA,FINALIZADA,PARNAMIRIM,RUA JOAO TUDE DE MELO,,,EM FRENTE AO SHOPPING PARNAMIRIM,RUA JOAO TUDE DE MELO,,EM FRENTE AO SHOPPING PARNAMIRIM,PARNAMIRIM,,SUBURBIO,COLISÃO TRASEIRA,COLISÃO SEM VITIMAS,3,,,,,,,,,0,,Longo da via,Bom,Não existe,Perfeito estado,Seca,Perfeito estado,Não existe,Não há placas,60 km/h,Única,Faixa seccionada,,
2019-05-03,13:15:00,SEM VÍTIMA,FINALIZADA,ESTÂNCIA,AV RECIFE,3436,,SOBRE A PONTE DA LINHA FÉRREA METROREC,AV RECIFE,3436,SOBRE A PONTE DA LINHA FÉRREA METROREC,ESTÂNCIA,,SUBURBIO,ABALROAMENTO LONGITUDINAL,COLISAO ENTRE AUTO E CAMINHAO S/V,1,,,,,,1,,,0,,Ponte,Bom,Sem defeito,Perfeito estado,Seca,Perfeito estado,Não existe,,,Dupla,Faixa seccionada,Canteiro central,
2019-05-03,13:51:00,SEM VÍTIMA,FINALIZADA,BAIRRO DO RECIFE,AV MARQUES DE OLINDA,,RUA MARIZ E BARROS,EM FRENTE AO POSTE B 015987,AV MARQUES DE OLINDA,,EM FRENTE AO POSTE B 015987,BAIRRO DO RECIFE,,,ABALROAMENTO LONGITUDINAL,COLISÃO SEM VÍTIMA,1,1,,,,,,,,0,,Cruzamento,Bom,Não existe,Perfeito estado,Seca,Perfeito estado,Agente,Outras,30 km/h,Única,Faixa seccionada,,
2019-05-03,13:52:00,COM VÍTIMA,CANCELADA,CORDEIRO,RUA DIANOPOLIS,158,,PROX AO POSTO PETROCAL PARALELA DA CAXANGA,RUA DIANOPOLIS,158,PROX AO POSTO PETROCAL PARALELA DA CAXANGA,CORDEIRO,,,COLISÃO,COLISAO ENTRE MOTO AUTO COM UAM VITIMA,1,1,,,,,,,,1,,,,,,,,,,,,,,
2019-05-03,14:18:00,SEM VÍTIMA,FINALIZADA,BOA VIAGEM,AV ENGENHEIRO DOMINGOS FERREIRA,,RUA DOM JOSE LOPES,,AV ENGENHEIRO DOMINGOS FERREIRA,,,BOA VIAGEM,,SUBURBIO,ABALROAMENTO LONGITUDINAL,COLISÃO SEM VÍTIMA,2,,,,,,,,,0,,,Bom,Não existe,Perfeito estado,Seca,Perfeito estado,Outros,Outras,60 km/h,Dupla,Canteiro central,,
2019-05-03,14:21:00,SEM VÍTIMA,CANCELADA,BOA VIAGEM,AV FERNANDO SIMOES BARBOSA,,,NA SAIDA DO SHOPPING RECIFE NA SAIDA DO POSTO PETROBRAS,AV FERNANDO SIMOES BARBOSA,,NA SAIDA DO SHOPPING RECIFE NA SAIDA DO POSTO PETROBRAS,BOA VIAGEM,,,COLISÃO,COLISAO ENTRE DOIS AUTOS S/V,2,,,,,,,,,0,,,,,,,,,,,,,,
2019-05-03,14:22:00,SEM VÍTIMA,FINALIZADA,IPUTINGA,AV CAXANGA,,,EM FRENTE AO BOI E BRASA,AV CAXANGA,,EM FRENTE AO BOI E BRASA,IPUTINGA,,CIDADE,COLISÃO TRASEIRA,COLISÃO SEM VÍTIMA,2,,,,,,,,,0,,Longo da via,Bom,Sem defeito,Perfeito estado,Seca,Perfeito estado,Faixa de retenção,Outras,,Dupla,Canteiro central,,
2019-05-03,14:27:00,SEM VÍTIMA,FINALIZADA,VÁRZEA,RUA PROFESSOR ANTONIO COELHO,,AV CAXANGA,,RUA PROFESSOR ANTONIO COELHO,,,VÁRZEA,,CIDADE,ABALROAMENTO LONGITUDINAL,COLISÃO SEM VÍTIMA,1,,,,,1,,,,0,,,Bom,Sem defeito,Perfeito estado,Seca,Perfeito estado,Não existe,R-6a,,Única,Faixa seccionada,,
2019-05-03,14:49:00,SEM VÍTIMA,FINALIZADA,BOA VIAGEM,RUA TOME GIBSON,,AV ENGENHEIRO DOMINGOS FERREIRA,SEMÁFORO 200 / ED STO INACIO,RUA TOME GIBSON,,SEMÁFORO 200 / ED STO INACIO,BOA VIAGEM,200,,COLISÃO FRONTAL,COLISAO ENTRE MOTO E AUTO S/V,1,1,,,,,,,,0,,Cruzamento,Bom,Sem defeito,Perfeito estado,Seca,Perfeito estado,Faixa de pedestre,Não há placas,,Dupla,Não existe,,
2019-05-03,14:57:00,SEM VÍTIMA,CANCELADA,AFOGADOS,EST DO BONGI,,,RUA COSME VIANA,EST DO BONGI,,RUA COSME VIANA,AFOGADOS,100,,COLISÃO,COLISAÕ SEN VITIMA,2,,,,,,,,,0,,,,,,,,,,,,,,
2019-05-03,15:00:00,SEM VÍTIMA,FINALIZADA,BOA VIAGEM,RUA BALTAZAR PASSOS,54,,,RUA BALTAZAR PASSOS,54,,BOA VIAGEM,,CIDADE,ABALROAMENTO LONGITUDINAL,COLISAO ENTRE DOIS AUTOS S/V,2,,,,,,,,,0,,Cruzamento,Bom,Não existe,Perfeito estado,Seca,Perfeito estado,Não existe,Não há placas,,Única,Não existe,,
2019-05-03,15:00:00,SEM VÍTIMA,FINALIZADA,IMBIRIBEIRA,RUA ARQUITETO FERNANDO ALMEIDA,606A,,AO LADO DO ARMAZEM ACHAQUI,RUA ARQUITETO FERNANDO ALMEIDA,606A,AO LADO DO ARMAZEM ACHAQUI,IMBIRIBEIRA,286,CIDADE,COLISÃO TRASEIRA,COLISÃO SEM VÍTIMA,2,,,,,,,,,0,,Longo da via,Bom,Sem defeito,Perfeito estado,Seca,Perfeito estado,Não existe,Não há placas,40 km/h,Única,Não existe,,
2019-05-03,15:31:00,SEM VÍTIMA,CANCELADA,BOA VIAGEM,RUA DES JOAO PAES,224,,EM FRENTE AO EXTRA,RUA DES JOAO PAES,224,EM FRENTE AO EXTRA,BOA VIAGEM,,,COLISÃO,COLISÃO SEM VITIMAS,1,1,,,,,,,,0,,,,,,,,,,,,,,
2019-05-03,15:32:00,SEM VÍTIMA,FINALIZADA,BOA VIAGEM,AV CONSELHEIRO AGUIAR,3572,,E/F A GALERIA CORTA JACA,AV CONSELHEIRO AGUIAR,3572,E/F A GALERIA CORTA JACA,BOA VIAGEM,,CIDADE,ABALROAMENTO LONGITUDINAL,COLISAO ENTRE DOIS AUTOS S/V,2,,,,,,,,,0,,Longo da via,Bom,Não existe,Perfeito estado,Seca,Perfeito estado,Não existe,Não há placas,,Única,Faixa contínua,,
2019-05-03,15:39:00,SEM VÍTIMA,FINALIZADA,SANTO AMARO,AV CRUZ CABUGA,,AV NORTE,,AV CRUZ CABUGA,,,SANTO AMARO,34,CIDADE,ABALROAMENTO LONGITUDINAL,COLISAO ENTRE AUTO E MOTO S/V,1,1,,,,,,,,0,,Cruzamento,Bom,Sem defeito,Perfeito estado,Seca,Perfeito estado,Faixa de pedestre,,,Dupla,Faixa contínua,,
2019-05-03,15:54:00,SEM VÍTIMA,CANCELADA,PAISSANDU,RUA PAISSANDU,414,,EM FRENTE A UNIMED,RUA PAISSANDU,414,EM FRENTE A UNIMED,PAISSANDU,,,COLISÃO,COLISÃO SEM VÍTIMA,2,,,,,,,,,0,,,,,,,,,,,,,,
2019-05-03,15:58:00,SEM VÍTIMA,FINALIZADA,MADALENA,RUA BENFICA,,,EM FRENTE AO CLUB DO INTERNACIONAL,RUA BENFICA,,EM FRENTE AO CLUB DO INTERNACIONAL,MADALENA,515,,ABALROAMENTO LONGITUDINAL,COLISAO ENTRE DOIS AUTOS S/V,2,,,,,,,,,0,,Longo da via,Bom,Sem defeito,Perfeito estado,Seca,Perfeito estado,Faixa de pedestre,Outras,,Única,,,
2019-05-03,16:15:00,SEM VÍTIMA,FINALIZADA,BAIRRO DO RECIFE,CAIS DO APOLO,302,AV MARQUES DE OLINDA,,CAIS DO APOLO,302,,BAIRRO DO RECIFE,,,ABALROAMENTO LONGITUDINAL,COLISAO ENTRE DOIS AUTOS S/V,2,,,,,,,,,0,,Cruzamento,Bom,Sem defeito,Perfeito estado,Seca,Perfeito estado,Agente,Outras,30 km/h,Única,Faixa seccionada,,
2019-05-03,16:15:00,SEM VÍTIMA,FINALIZADA,IMBIRIBEIRA,AV MARECHAL MASCARENHAS DE MORAES,,,EM FRENTE AO ATACADO DOS PRESENTES,AV MARECHAL MASCARENHAS DE MORAES,,EM FRENTE AO ATACADO DOS PRESENTES,IMBIRIBEIRA,310,CIDADE,ABALROAMENTO LONGITUDINAL,COLISÃO SEM VITIMA,1,,,,,,1,,,0,,Longo da via,Bom,Sem defeito,Perfeito estado,Seca,Perfeito estado,Faixa de retenção,Outras,,Dupla,Faixa contínua,Canteiro central,
2019-05-03,17:18:00,SEM VÍTIMA,FINALIZADA,BOA VIAGEM,AV FERNANDO SIMOES BARBOSA,,RUA RIBEIRO DE BRITO,,AV FERNANDO SIMOES BARBOSA,,,BOA VIAGEM,332,SUBURBIO,COLISÃO TRASEIRA,COLISÃO SEM VITIMAS,2,,,,,,,,,0,,Cruzamento,Bom,Sem defeito,Perfeito estado,Seca,Perfeito estado,Faixa de pedestre,Outras,60 km/h,Única,Faixa contínua,Faixa seccionada,
2019-05-03,18:10:00,SEM VÍTIMA,CANCELADA,AFOGADOS,LARGO DA PAZ,,,EM FRENTE A ESTAÇAO LARGO DA PAZ,LARGO DA PAZ,,EM FRENTE A ESTAÇAO LARGO DA PAZ,AFOGADOS,,,COLISÃO,COLISÃO SEM VITIMA,1,,,,,,1,,,0,,,,,,,,,,,,,,
2019-05-03,18:35:00,COM VÍTIMA,FINALIZADA,BOA VISTA,RUA PRINCESA IZABEL,,RUA DO HOSPICIO,AO LADO DA CÂMERA MUNICIPAL,RUA PRINCESA IZABEL,,AO LADO DA CÂMERA MUNICIPAL,BOA VISTA,31,CIDADE,ABALROAMENTO LONGITUDINAL,ENTRE AUTO E MOTO. C/V,1,1,,,,,,,,2,,Cruzamento,Bom,Sem defeito,Perfeito estado,Seca,Perfeito estado,Faixa de pedestre,Outras,40 km/h,Dupla,Faixa contínua,,
2019-05-03,18:44:00,COM VÍTIMA,FINALIZADA,ESPINHEIRO,PTE JOAO DE BARROS,,,ENCIMA DA PONTE JAO DE BARRO SENTIDO OLINDA,PTE JOAO DE BARROS,,ENCIMA DA PONTE JAO DE BARRO SENTIDO OLINDA,ESPINHEIRO,,OLINDA,COLISÃO TRASEIRA,MOTO X FIESTA,1,1,,,,,,,,1,,Viaduto,Bom,Não existe,Perfeito estado,Seca,Perfeito estado,Não existe,Não há placas,,Única,Faixa,,
2019-05-03,19:08:00,SEM VÍTIMA,FINALIZADA,IMBIRIBEIRA,AV MARECHAL MASCARENHAS DE MORAES,,,,AV MARECHAL MASCARENHAS DE MORAES,,,IMBIRIBEIRA,279,SUBURBIO,COLISÃO TRASEIRA,MONTANA X LOGAN,2,,,,,,,,,0,,Longo da via,Bom,Sem defeito,Perfeito estado,Seca,Perfeito estado,Faixa de pedestre,R-6a,60 km/h,Única,Faixa contínua,Faixa seccionada,
2019-05-03,19:28:00,SEM VÍTIMA,FINALIZADA,IPSEP,RUA HELIO BRANDAO,340,RUA ALAGOAS,OXENTE GRÁFICA,RUA HELIO BRANDAO,340,OXENTE GRÁFICA,IPSEP,,SUBURBIO,ABALROAMENTO TRANSVERSAL,FIESTA X FIAT TORO,2,,,,,,,,,0,,Cruzamento,Bom,Não existe,Não existente,Seca,Mal iluminada,,Não há placas,30 km/h,Dupla,Faixa seccionada,,
2019-05-03,19:49:00,SEM VÍTIMA,CANCELADA,ROSARINHO,RUA REGUEIRA COSTA,52,,E/F A ACADEMIA MAXFORMA,RUA REGUEIRA COSTA,52,E/F A ACADEMIA MAXFORMA,ROSARINHO,,,COLISÃO,ENTRE AUTO E CAMINHÂO. S/V,1,,,,,,1,,,0,,,,,,,,,,,,,,
2019-05-03,21:52:00,SEM VÍTIMA,FINALIZADA,TORRE,RUA REAL DA TORRE,,,E/F AO MERCADO EXTRABOM,RUA REAL DA TORRE,,E/F AO MERCADO EXTRABOM,TORRE,,SUBURBIO,ABALROAMENTO LONGITUDINAL,ENTRE AUTO E CAMINHÂO. S/V,1,,,,,,1,,,0,,Longo da via,Bom,Não existe,Perfeito estado,Seca,Perfeito estado,Não existe,Não há placas,40 km/h,Única,,,
2019-05-06,08:52:00,SEM VÍTIMA,FINALIZADA,CASA AMARELA,AV DR EURICO CHAVES,215,,EM FRENTE AO Nº 215,AV DR EURICO CHAVES,215,EM FRENTE AO Nº 215,CASA AMARELA,,CIDADE,ABALROAMENTO LONGITUDINAL,ONIBUS X ONIX,1,,,,,1,,,,0,,Longo da via,Bom,Não existe,Perfeito estado,Seca,Perfeito estado,Não existe,R-6a,30 km/h,Dupla,Não existe,,
2019-05-04,00:55:00,SEM VÍTIMA,FINALIZADA,ENGENHO DO MEIO,AV CAXANGA,,RUA MANOEL JOAQUIM DE ALMEIDA,,AV CAXANGA,,,ENGENHO DO MEIO,533,CIDADE,ABALROAMENTO TRANSVERSAL,COLISÃO ENTRE DOIS AUTOS  SEM VÍTIMAS.,2,,,,,,,,,0,,Cruzamento,Bom,Sem defeito,Perfeito estado,Seca,Mal iluminada,Faixa de pedestre,Não há placas,60 km/h,Dupla,Canteiro central,,
2019-05-04,08:03:00,COM VÍTIMA,FINALIZADA,MACAXEIRA,AV JOSE AMERICO DE ALMEIDA,79,AV NORTE,EM FRENTE A PANICADORA SANTO ANTONIO,AV JOSE AMERICO DE ALMEIDA,79,EM FRENTE A PANICADORA SANTO ANTONIO,MACAXEIRA,,CIDADE,ABALROAMENTO TRANSVERSAL,COLISÃO ENTRE AUTO E MOTO.,1,1,,,,,,,,1,,Outros,Bom,Não existe,Perfeito estado,Seca,Perfeito estado,,Não há placas,,Dupla,Canteiro central,,
2019-05-04,08:11:00,SEM VÍTIMA,FINALIZADA,IMBIRIBEIRA,AV MARECHAL MASCARENHAS DE MORAES,2931,,,AV MARECHAL MASCARENHAS DE MORAES,2931,,IMBIRIBEIRA,631,CIDADE,COLISÃO TRASEIRA,SEM VITIMAS,1,,,,,,1,,,0,,Longo da via,Bom,Com defeito,Perfeito estado,Seca,Perfeito estado,Faixa de retenção,Outras,60 km/h,Única,Faixa contínua,,
2019-05-04,09:09:00,SEM VÍTIMA,FINALIZADA,IMBIRIBEIRA,AV MARECHAL MASCARENHAS DE MORAES,,RUA CORONEL FABRICIANO,AO LADO DO ATACADO DOS PRESENTES,AV MARECHAL MASCARENHAS DE MORAES,,AO LADO DO ATACADO DOS PRESENTES,IMBIRIBEIRA,310,,ABALROAMENTO TRANSVERSAL,SEM VITIMAS,1,,,,,1,,,,0,,Longo da via,Bom,Sem defeito,Perfeito estado,Seca,Perfeito estado,Faixa de pedestre,Não há placas,,Dupla,Canteiro central,,
2019-05-04,09:29:00,COM VÍTIMA,FINALIZADA,IMBIRIBEIRA,AV GENERAL MAC ARTHUR,,RUA JORGE DE LIMA,EM FRENTE A GEOVANE SONDA,AV GENERAL MAC ARTHUR,,EM FRENTE A GEOVANE SONDA,IMBIRIBEIRA,,IMBIRIBEIRA,COLISÃO COM CICLISTA,,1,,,1,,,,,,1,,Cruzamento,Bom,Sem defeito,Perfeito estado,Seca,Perfeito estado,Faixa de retenção,Não há placas,,Única,Faixa seccionada,,
2019-05-04,10:49:00,COM VÍTIMA,FINALIZADA,BARRO,RUA DOM ANTONIO VICOSO,,AV DR JOSE RUFINO,EM FRENTE AO COLEGIO IMACULADA,RUA DOM ANTONIO VICOSO,,EM FRENTE AO COLEGIO IMACULADA,BARRO,,,COLISÃO,COM VITIMA/ A SRº QUE SOLICITOU A V.T FOI AGREDIDA FISICA E VERBAL PELO CONDUTOR DA MOTO...,1,1,,,,,,,,1,,Longo da via,Bom,,Perfeito estado,Seca,Perfeito estado,Não existe,Não há placas,,Dupla,Não existe,,
2019-05-04,11:50:00,SEM VÍTIMA,CANCELADA,IMBIRIBEIRA,AV MARECHAL MASCARENHAS DE MORAES,,RUA JOAQUIM BANDEIRA,EM FRENTE A EUROVIA,AV MARECHAL MASCARENHAS DE MORAES,,EM FRENTE A EUROVIA,IMBIRIBEIRA,,AEROPORTO,COLISÃO,SEM VITIMAS,1,,,,,,1,,,0,,,,,,,,,,,,,,
2019-05-04,12:42:00,SEM VÍTIMA,FINALIZADA,MANGUEIRA,RUA DR JOAO ELISIO,283,,EM FRENTE A MEGA BIKE,RUA DR JOAO ELISIO,283,EM FRENTE A MEGA BIKE,MANGUEIRA,,,COLISÃO TRASEIRA,COLISÃO SEM VÍTIMA,2,,,,,,,,,0,,Longo da via,Bom,Não existe,Perfeito estado,Seca,Perfeito estado,Não existe,Não há placas,,Dupla,Não existe,,
2019-05-04,14:44:00,SEM VÍTIMA,FINALIZADA,BOA VIAGEM,AV ENGENHEIRO DOMINGOS FERREIRA,3904,,,AV ENGENHEIRO DOMINGOS FERREIRA,3904,,BOA VIAGEM,,SUBURBIO,COLISÃO TRASEIRA,COLISÃO SEM VÍTIMA,2,,,,,,,,,0,,Longo da via,Bom,Não existe,Perfeito estado,Seca,Perfeito estado,Não existe,R-6a,60 km/h,Única,Não existe,,
2019-05-04,15:21:00,COM VÍTIMA,FINALIZADA,SANTO AMARO,AV CRUZ CABUGA,,,EM FRENTE AO SANTANDER,AV CRUZ CABUGA,,EM FRENTE AO SANTANDER,SANTO AMARO,,CIDADE,ABALROAMENTO LONGITUDINAL,COLISÃO ENTRE DUAS MOTOS.,,2,,,,,,,,2,,Longo da via,Bom,Sem defeito,Perfeito estado,Seca,Perfeito estado,Outros,R-6a,,Dupla,Faixa seccionada,,
2019-05-04,18:26:00,COM VÍTIMA,CANCELADA,ESPINHEIRO,RUA CONS PORTELA,564,,PRÓX AO PÃO DE AÇÚCAR E RESTAURANTE TOMASEL / E/F AO EDF PORTICO,RUA CONS PORTELA,564,PRÓX AO PÃO DE AÇÚCAR E RESTAURANTE TOMASEL / E/F AO EDF PORTICO,ESPINHEIRO,,,COLISÃO,ENTRE AUTO E MOTO. C/V,1,1,,,,,,,,1,,,,,,,,,,,,,,
2019-05-04,20:23:00,COM VÍTIMA,FINALIZADA,ESTÂNCIA,AV DR JOSE RUFINO,12A,,PROX A FABRICA YOLANDA E VILLA KIDS OBS: ENCIMA DA PONTE,AV DR JOSE RUFINO,12A,PROX A FABRICA YOLANDA E VILLA KIDS OBS: ENCIMA DA PONTE,ESTÂNCIA,,CIDADE,ABALROAMENTO LONGITUDINAL,COLISÃO ENTRE AUTO E MOTO.,1,1,,,,,,,,1,,Longo da via,Bom,Não existe,Perfeito estado,Seca,Perfeito estado,,Não há placas,,Dupla,Faixa contínua,,
2019-05-04,20:44:00,COM VÍTIMA,FINALIZADA,VASCO DA GAMA,RUA DOIS DE FEVEREIRO,5,RUA ITAGUATIARA,NO LADO ESQUERDO QUE DA NA SUBIDA DO MORRO DA CONCEIÇÃO / E/F AO CENTRO ESPIRITA PEDRO CARNEIRO,RUA DOIS DE FEVEREIRO,5,NO LADO ESQUERDO QUE DA NA SUBIDA DO MORRO DA CONCEIÇÃO / E/F AO CENTRO ESPIRITA PEDRO CARNEIRO,VASCO DA GAMA,,SUBURBIO,ABALROAMENTO LONGITUDINAL,COLISÃO ENTRE AUTO E MOTO.,1,1,,,,,,,,1,,Cruzamento,Bom,Não existe,Não existente,Seca,Perfeito estado,,,30 km/h,Dupla,Não existe,,