data,hora,natureza_acidente,situacao,bairro,endereco,numero,detalhe_endereco_acidente,complemento,endereco_cruzamento,numero_cruzamento,referencia_cruzamento,bairro_cruzamento,num_semaforo,sentido_via,tipo,descricao,auto,moto,ciclom,ciclista,pedestre,onibus,caminhao,viatura,outros,vitimas,vitimasfatais,acidente_verificado,tempo_clima,situacao_semaforo,sinalizacao,condicao_via,conservacao_via,ponto_controle,situacao_placa,velocidade_max_via,mao_direcao,divisao_via1,divisao_via2,divisao_via3
2019-05-07,16:52:00,SEM VÍTIMA,FINALIZADA,ESTÂNCIA,AV DR JOSE RUFINO,,,EM FRENTE AO COLEGIO DECISÃO,AV DR JOSE RUFINO,,EM FRENTE AO COLEGIO DECISÃO,ESTÂNCIA,,CIDADE,ABALROAMENTO LONGITUDINAL,CARRETA E UM AUTO PASSEIO,1,,,,,,1,,,0,,Longo da via,Bom,Não existe,Ilegível,Seca,Perfeito estado,Não existe,R-6a,,Dupla,Faixa contínua,,
2019-05-07,17:03:00,SEM VÍTIMA,FINALIZADA,CASA AMARELA,RUA VASCO DA GAMA,34,AV NORTE,,RUA VASCO DA GAMA,34,,CASA AMARELA,66,,ABALROAMENTO LONGITUDINAL,COLISÃO SEM VÍTIMA,2,,,,,,,,,0,,Longo da via,Bom,Sem defeito,Perfeito estado,Seca,Perfeito estado,Não existe,Outras,,Dupla,Não existe,,
2019-05-07,18:01:00,SEM VÍTIMA,CANCELADA,BOA VIAGEM,RUA BELMONTE,,RUA SA E SOUZA,PROX A PADARIA SANTA ROSA,RUA BELMONTE,,PROX A PADARIA SANTA ROSA,BOA VIAGEM,,,COLISÃO,COLISAO ENTRE DOIS AUTOS S/V,2,,,,,,,,,0,,,,,,,,,,,,,,
2019-05-07,19:10:00,SEM VÍTIMA,FINALIZADA,CAXANGÁ,AV CAXANGA,,,,AV CAXANGA,,,CAXANGÁ,281,SUBURBIO,ABALROAMENTO LONGITUDINAL,ONIBUS BRT X SANDERO,1,,,,,1,,,,0,,Longo da via,Bom,Sem defeito,Perfeito estado,Seca,Perfeito estado,Faixa de pedestre,,60 km/h,Única,Faixa seccionada,,
2019-05-07,19:58:00,COM VÍTIMA,FINALIZADA,BOA VISTA,RUA BARAO DE SAO BORJA,161,RUA JOSE DE ALENCAR,E/F HOTEL BOA VISTA,RUA BARAO DE SAO BORJA,161,E/F HOTEL BOA VISTA,BOA VISTA,,SUBURBIO,ABALROAMENTO TRANSVERSAL,COLISÃO COM TRÊS AUTOMÓVEIS.,3,,,,,,,,,1,,Cruzamento,Chuvoso,Não existe,Perfeito estado,Molhada,Perfeito estado,Outros,Outras,,Única,Faixa contínua,,
2019-05-07,20:39:00,SEM VÍTIMA,FINALIZADA,TORREÃO,AV GOVERNADOR AGAMENON MAGALHAES,,RUA PADRE MIGUELINHO,,AV GOVERNADOR AGAMENON MAGALHAES,,,TORREÃO,,SUBURBIO,ABALROAMENTO LONGITUDINAL,DOIS AUTO SEM VITIMAS,2,,,,,,,,,0,,Cruzamento,Chuvoso,Não existe,Perfeito estado,Molhada,Perfeito estado,Não existe,,,Dupla,Não existe,,
2019-05-07,20:49:00,COM VÍTIMA,FINALIZADA,IBURA,AV DOIS RIOS,661,,E/F AO SUPERMERCADO MR,AV DOIS RIOS,661,E/F AO SUPERMERCADO MR,IBURA,325,SUBURBIO,ATROPELAMENTO,MOTO E PEDESTRE.,,1,,,1,,,,,2,,Longo da via,Chuvoso,Não existe,Ilegível,Molhada,Mal iluminada,Outros,Não há placas,,Dupla,Faixa,,
2019-05-07,21:50:00,SEM VÍTIMA,CANCELADA,BOA VISTA,RUA DO GIRIQUITI,,RUA JOSE DE ALENCAR,POR TRAS DO SHOPPING DA BOA VISTA,RUA DO GIRIQUITI,,POR TRAS DO SHOPPING DA BOA VISTA,BOA VISTA,,,COLISÃO,CELTA X NISSAN OBS: SUSPEITA DE EMBRIAGUEZ,2,,,,,,,,,0,,,,,,,,,,,,,,
2019-05-07,22:31:00,COM VÍTIMA,FINALIZADA,AFOGADOS,RUA SAO MIGUEL,1401,RUA DRA ITAMAR DE MORAIS E SILVA,,RUA SAO MIGUEL,1401,,AFOGADOS,,SUBURBIO,ABALROAMENTO TRANSVERSAL,AUTO E MOTO.,1,1,,,,,,,,1,,Cruzamento,Chuvoso,Não existe,Não existente,Molhada,Perfeito estado,Não existe,Não há placas,60 km/h,Dupla,Faixa seccionada,,
2019-05-08,01:26:00,SEM VÍTIMA,CANCELADA,BOA VIAGEM,RUA DR LUIZ INACIO PESSOA DE MELO,,,EM FRENTE AO RECIFE FLAT,RUA DR LUIZ INACIO PESSOA DE MELO,,EM FRENTE AO RECIFE FLAT,BOA VIAGEM,,,CHOQUE,CONDUTOR PERDEU O CONTROLE DO VEÍCULO E CHOCOU-SE CONTRA UMA ÁRVORE.,1,,,,,,,,,0,,,,,,,,,,,,,,
2019-05-08,07:41:00,SEM VÍTIMA,FINALIZADA,ESPINHEIRO,RUA DA HORA,797,RUA BUENOS AYRES,EM FRENTE AO EDF TENDAM,RUA DA HORA,797,EM FRENTE AO EDF TENDAM,ESPINHEIRO,,SUBURBIO,ABALROAMENTO TRANSVERSAL,DOIS AUTOS VT- 06 NO LOCAL,2,,,,,,,,,0,,Longo da via,Chuvoso,Não existe,Perfeito estado,Molhada,Perfeito estado,Outros,R-6a,,Única,Faixa seccionada,,
2019-05-08,07:42:00,SEM VÍTIMA,FINALIZADA,DERBY,RUA GUILHERME PINTO,265,,,RUA GUILHERME PINTO,265,,DERBY,,CIDADE,COLISÃO TRASEIRA,SEM VITIMAS,2,,,,,,,,,0,,Longo da via,Chuvoso,Não existe,Perfeito estado,Molhada,Perfeito estado,Faixa de pedestre,Não há placas,,Única,Não existe,,
2019-05-08,08:00:00,SEM VÍTIMA,FINALIZADA,PRADO,RUA CARLOS GOMES,914,RUA PADRE TEOFILO TWORZ,ENTRE A BIG CAR E O CENTRO DE SAUDE PROFESSOR ROMERO MARQUES,RUA CARLOS GOMES,914,ENTRE A BIG CAR E O CENTRO DE SAUDE PROFESSOR ROMERO MARQUES,PRADO,,,ABALROAMENTO TRANSVERSAL,SEM VITIMAS,1,1,,,,,,,,0,,Cruzamento,Nublado,Não existe,Incompleta,Molhada,Perfeito estado,Não existe,R-6a,,Única,Faixa seccionada,,
2019-05-08,08:08:00,SEM VÍTIMA,FINALIZADA,BOA VIAGEM,RUA DOS NAVEGANTES,,,CRUZAMENTO,RUA DOS NAVEGANTES,,CRUZAMENTO,BOA VIAGEM,,SUBURBIO,ABALROAMENTO LONGITUDINAL,DOIS AUTOS,2,,,,,,,,,0,,Cruzamento,Chuvoso,Não existe,Perfeito estado,Molhada,Perfeito estado,Faixa de retenção,Placas Pare,,Única,Não existe,,
2019-05-08,08:14:00,COM VÍTIMA,FINALIZADA,MADALENA,AV JOSE GONCALVES DE MEDEIROS,107,RUA SENADOR FABIO DE BARROS,EM FRENTE AO CENTRO AUTOMOTIVO PORTO SEGURO (SAÍDA DO EXTRA SUPERMECADO),AV JOSE GONCALVES DE MEDEIROS,107,EM FRENTE AO CENTRO AUTOMOTIVO PORTO SEGURO (SAÍDA DO EXTRA SUPERMECADO),MADALENA,,ILHA DO RETIRO,ABALROAMENTO TRANSVERSAL,COLISÃO C/ VITIMA ENTRE UMA MOTO E DOIS AUTOS,2,1,,,,,,,,1,,Longo da via,Chuvoso,Não existe,Incompleta,Molhada,Perfeito estado,Outros,R-6a,,Dupla,Faixa seccionada,,
2019-05-08,08:16:00,SEM VÍTIMA,FINALIZADA,CAMPO GRANDE,RUA JERONIMO VILELA,,AV PROFESSOR JOSE DOS ANJOS,SEMÁFORO 642,RUA JERONIMO VILELA,,SEMÁFORO 642,CAMPO GRANDE,642,,ABALROAMENTO LONGITUDINAL,AUTO E MOTO,1,1,,,,,,,,0,,Cruzamento,Chuvoso,Sem defeito,Perfeito estado,Molhada,Perfeito estado,Faixa de pedestre,R-4a,,Dupla,Faixa seccionada,,
2019-05-08,08:19:00,SEM VÍTIMA,FINALIZADA,CORDEIRO,,105,RUA MARAVILHA,,,105,,CORDEIRO,,SUBURBIO,ABALROAMENTO TRANSVERSAL,,2,,,,,,,,,0,,Longo da via,Nublado,Não existe,,Seca,Perfeito estado,Não existe,Não há placas,,Dupla,,,
2019-05-08,08:30:00,SEM VÍTIMA,CANCELADA,IPUTINGA,RUA CELESTINO NEVES,209,,RUA DO RESTAURANTE GOTA SERENA,RUA CELESTINO NEVES,209,RUA DO RESTAURANTE GOTA SERENA,IPUTINGA,,,COLISÃO,SEM VITIMAS,1,,,,,,1,,,0,,,,,,,,,,,,,,
2019-05-08,09:35:00,SEM VÍTIMA,FINALIZADA,CASA AMARELA,EST DO ARRAIAL,3259,,PROX. AO SITIO DA TRINDADE,EST DO ARRAIAL,3259,PROX. AO SITIO DA TRINDADE,CASA AMARELA,,SUBURBIO,COLISÃO TRASEIRA,DOIS AUTOS,2,,,,,,,,,0,,Longo da via,Bom,Não existe,Perfeito estado,Seca,Perfeito estado,Não existe,R-6a,40 km/h,Única,Faixa seccionada,,
2019-05-08,09:53:00,SEM VÍTIMA,FINALIZADA,CORDEIRO,AV GENERAL SAN MARTIN,,,,AV GENERAL SAN MARTIN,,,CORDEIRO,,SUBURBIO,ABALROAMENTO LONGITUDINAL,SEM VITIMAS,1,,,,,,1,,,0,,Longo da via,Bom,Não existe,Perfeito estado,Seca,Perfeito estado,Não existe,,,Única,Faixa seccionada,,
2019-05-08,10:42:00,SEM VÍTIMA,FINALIZADA,,RUA QUIPAPA,,EST DO BARBALHO,,RUA QUIPAPA,,,,,CIDADE,ABALROAMENTO TRANSVERSAL,CAMINHAO E AUTO PASSEIO,1,,,,,,1,,,0,,Cruzamento,Bom,Não existe,Não existente,Seca,Perfeito estado,Não existe,Não há placas,,Única,Não existe,,
2019-05-08,10:52:00,SEM VÍTIMA,FINALIZADA,IPUTINGA,AV MAURICIO DE NASSAU,119,RUA PEREIRA COUTINHO FILHO,,AV MAURICIO DE NASSAU,119,,IPUTINGA,,SUBURBIO,ABALROAMENTO LONGITUDINAL,SEM VITIMAS,1,1,,,,,,,,0,,Cruzamento,Bom,Não existe,Perfeito estado,Seca,Perfeito estado,Outros,Outras,40 km/h,Dupla,Faixa seccionada,,
2019-05-08,11:12:00,SEM VÍTIMA,FINALIZADA,ARRUDA,RUA DAS MOCAS,502,RUA CARLOS ALBERTO BARBOSA,,RUA DAS MOCAS,502,,ARRUDA,,,ABALROAMENTO LONGITUDINAL,CAMINHAO E AUTO PASSEIO,1,,,,,,1,,,0,,Longo da via,Bom,Não existe,Não existente,Seca,,Não existe,Não há placas,,Dupla,Faixa seccionada,,
2019-05-08,11:25:00,SEM VÍTIMA,CANCELADA,ESPINHEIRO,AV JOAO DE BARROS,,,NO POSTO DE GASOLINA SHELL  EM FRENTE AO SUPERMERCADO EXTRA,AV JOAO DE BARROS,,NO POSTO DE GASOLINA SHELL  EM FRENTE AO SUPERMERCADO EXTRA,ESPINHEIRO,,,COLISÃO,MOTO E AUTO,1,1,,,,,,,,0,,,,,,,,,,,,,,
2019-05-08,11:54:00,COM VÍTIMA,FINALIZADA,PINA,AV HERCULANO BANDEIRA,591,RUA SAO LUIZ,PROX. A IGREJA CATOLICA E FARMÁCIA DO TRABALHADOR.,AV HERCULANO BANDEIRA,591,PROX. A IGREJA CATOLICA E FARMÁCIA DO TRABALHADOR.,PINA,,SUBURBIO,COLISÃO COM CICLISTA,AUTO E CICLISTA,1,,,1,,,,,,1,,Longo da via,Chuvoso,Sem defeito,Perfeito estado,Molhada,Perfeito estado,,Outras,,Única,Faixa seccionada,,
2019-05-08,12:35:00,SEM VÍTIMA,FINALIZADA,AFOGADOS,RUA SAO MIGUEL,,RUA QUITERIO INACIO DE MELLO,,RUA SAO MIGUEL,,,AFOGADOS,333,SUBURBIO,ABALROAMENTO LONGITUDINAL,COLISÃO SEM VÍTIMA,1,,,,,,1,,,0,,Cruzamento,Chuvoso,Sem defeito,Perfeito estado,Molhada,Perfeito estado,Não existe,R-6a,,Única,Faixa seccionada,,
2019-05-08,13:00:00,SEM VÍTIMA,FINALIZADA,BOA VISTA,RUA MONTE CASTELO,87,,EM FRENTE AO Nº 87,RUA MONTE CASTELO,87,EM FRENTE AO Nº 87,BOA VISTA,,SUBURBIO,COLISÃO TRASEIRA,COLISAO ENTRE AUTO E TAXI S/V,3,,,,,,,,,0,,Longo da via,Chuvoso,Não existe,Incompleta,Molhada,Perfeito estado,Não existe,Não há placas,,Única,Não existe,,
2019-05-08,14:33:00,SEM VÍTIMA,FINALIZADA,BOA VIAGEM,AV BOA VIAGEM,,,SOB O SEMÁFORO 105,AV BOA VIAGEM,,SOB O SEMÁFORO 105,BOA VIAGEM,105,SUBURBIO,COLISÃO TRASEIRA,COLISÃO SEM VITIMAS,2,,,,,,,,,0,,Longo da via,Chuvoso,Com defeito,,Molhada,Perfeito estado,,Não há placas,60 km/h,Única,Faixa seccionada,,
2019-05-08,15:53:00,COM VÍTIMA,FINALIZADA,AFOGADOS,RUA COSME VIANA,157,RUA TRES DE AGOSTO,,RUA COSME VIANA,157,,AFOGADOS,525,CIDADE,ABALROAMENTO TRANSVERSAL,AUTO E MOTO.,1,1,,,,,,,,1,,Longo da via,Bom,Sem defeito,Perfeito estado,Seca,Perfeito estado,Faixa de pedestre,Outras,60 km/h,Única,Faixa seccionada,,
2019-05-08,16:33:00,COM VÍTIMA,FINALIZADA,CAMPO GRANDE,RUA MARQUES DE BAIPENDI,473,RUA VOLUNTARIOS DA PATRIA,EM FRENTE A PAN BENICIO,RUA MARQUES DE BAIPENDI,473,EM FRENTE A PAN BENICIO,CAMPO GRANDE,,SUBURBIO,ABALROAMENTO TRANSVERSAL,COLISÃO COM VÍTIMA  VÍTIMA SOCORRIDA PELO BOMBEIRO E LEVARAM A MOTO DO LOCAL. SÓ PERMANECE NO LOCAL O AUTO E A CONDUTORA,1,1,,,,,,,,1,,Longo da via,Chuvoso,Não existe,Perfeito estado,Seca,Perfeito estado,Faixa de pedestre,Placas Pare,30 km/h,Dupla,Faixa seccionada,,
2019-05-08,16:36:00,COM VÍTIMA,FINALIZADA,SÃO JOSÉ,RUA FLORIANO PEIXOTO,,,NO SEMAFORO 013 PROX A CASA DA CULTURA. PRAÇA JOAQUIM NABUCO.,RUA FLORIANO PEIXOTO,,NO SEMAFORO 013 PROX A CASA DA CULTURA. PRAÇA JOAQUIM NABUCO.,SÃO JOSÉ,13,SUBURBIO,ATROPELAMENTO,ATROPELAMENTO DE ONIBUS COM UM PEDESTRE,,,,,1,1,,,,1,,Longo da via,Bom,Sem defeito,Perfeito estado,Seca,Perfeito estado,Não existe,R-6a,,Única,Faixa seccionada,,
2019-05-08,17:03:00,COM VÍTIMA,FINALIZADA,APIPUCOS,RUA DE APIPUCOS,,,EM FRENTE AO AÇUDE DE APIPUCOS E A COMPESA.,RUA DE APIPUCOS,,EM FRENTE AO AÇUDE DE APIPUCOS E A COMPESA.,APIPUCOS,,SUBURBIO,ABALROAMENTO LONGITUDINAL,AUTO E MOTO.,1,1,,,,,,,,1,,Longo da via,Bom,Não existe,Perfeito estado,Seca,Perfeito estado,Não existe,R-6a,,Dupla,Faixa seccionada,,
2019-05-08,17:03:00,SEM VÍTIMA,CANCELADA,BARRO,AV DR JOSE RUFINO,,,APOS A IGRREJA DO BARRO  SENTIDO AFOGADOS,AV DR JOSE RUFINO,,APOS A IGRREJA DO BARRO  SENTIDO AFOGADOS,BARRO,,,COLISÃO,COLISÃO SEM VITIMA,1,1,,,,,,,,0,,,,,,,,,,,,,,
2019-05-08,17:06:00,SEM VÍTIMA,FINALIZADA,BOA VIAGEM,AV GENERAL MAC ARTHUR,1128,,EM FRENTE A LOJA PADRON CLIMATIZAÇÃO E AUTOMAÇÃO,AV GENERAL MAC ARTHUR,1128,EM FRENTE A LOJA PADRON CLIMATIZAÇÃO E AUTOMAÇÃO,BOA VIAGEM,,SUBURBIO,ABALROAMENTO LONGITUDINAL,COLISAO ENTRE DOIS AUTOS S/V,2,,,,,,,,,0,,Longo da via,Chuvoso,Não existe,Perfeito estado,Molhada,Perfeito estado,Não existe,Outras,40 km/h,Única,Faixa seccionada,,
2019-05-08,17:18:00,SEM VÍTIMA,FINALIZADA,IPSEP,AV RECIFE,,,LADO OPOSTO AO AO ATACAMAX,AV RECIFE,,LADO OPOSTO AO AO ATACAMAX,IPSEP,,,COLISÃO TRASEIRA,COLISÃO SEM VITIMA,3,,,,,,,,,0,,Longo da via,Bom,Não existe,Perfeito estado,Seca,Perfeito estado,Não existe,Outras,,Dupla,Canteiro central,,
2019-05-08,17:32:00,COM VÍTIMA,FINALIZADA,SANTO AMARO,AV NORTE,,RUA TREZE DE MAIO,SOB O SEMÁFORO 036,AV NORTE,,SOB O SEMÁFORO 036,SANTO AMARO,36,SUBURBIO,COLISÃO COM CICLISTA,MOTO E BICICLETA.,,1,,1,,,,,,1,,Cruzamento,Bom,Sem defeito,Perfeito estado,Seca,Perfeito estado,Faixa de retenção,Outras,,Dupla,Não existe,,
2019-05-08,17:38:00,COM VÍTIMA,CANCELADA,ARRUDA,AV BEBERIBE,,,E/F AO BOMPREÇO,AV BEBERIBE,,E/F AO BOMPREÇO,ARRUDA,,,COLISÃO,COLISAO ENTRE AUTOS E UMA MOTO COM UMA VITIMA,1,1,,,,,,,,1,,,,,,,,,,,,,,
2019-05-08,17:38:00,SEM VÍTIMA,FINALIZADA,BAIRRO DO RECIFE,AV MILITAR,,,PRÓXIMO AO FORTE BRUM,AV MILITAR,,PRÓXIMO AO FORTE BRUM,BAIRRO DO RECIFE,,SUBURBIO,ABALROAMENTO LONGITUDINAL,AUTO E MOTO SEM VITIMAS,1,1,,,,,,,,0,,Longo da via,Bom,Não existe,Perfeito estado,Seca,Perfeito estado,,Não há placas,60 km/h,Dupla,Canteiro central,,
2019-05-08,19:16:00,SEM VÍTIMA,FINALIZADA,SANTO AMARO,AV PREFEITO ARTUR LIMA CAVALCANTI,,,LADO OPOSTO AO HOSPITAL NAVAL,AV PREFEITO ARTUR LIMA CAVALCANTI,,LADO OPOSTO AO HOSPITAL NAVAL,SANTO AMARO,343,SUBURBIO,ABALROAMENTO LONGITUDINAL,AUTO E MOTO SEM VITIMAS,1,1,,,,,,,,0,,Longo da via,Bom,Sem defeito,Perfeito estado,Seca,Perfeito estado,,Outras,,Dupla,Canteiro central,,
2019-05-08,19:49:00,SEM VÍTIMA,FINALIZADA,BOA VIAGEM,AV ENGENHEIRO DOMINGOS FERREIRA,3067,,LG INN HOTEL,AV ENGENHEIRO DOMINGOS FERREIRA,3067,LG INN HOTEL,BOA VIAGEM,,SUBURBIO,ABALROAMENTO LONGITUDINAL,DOIS AUTO SEM VITIMAS,2,,,,,,,,,0,,Longo da via,Chuvoso,Não existe,Perfeito estado,Molhada,Perfeito estado,Não existe,Não há placas,,Única,Faixa seccionada,Canteiro central,
2019-05-08,19:34:00,SEM VÍTIMA,FINALIZADA,SANTO AMARO,AV JOAO DE BARROS,,AV GOVERNADOR AGAMENON MAGALHAES,,AV JOAO DE BARROS,,,SANTO AMARO,,,ABALROAMENTO LONGITUDINAL,ONIBUS E AUTO PASSEIO SEM VITIMAS,1,,,,,1,,,,0,,,Bom,Não existe,Perfeito estado,Seca,Perfeito estado,Não existe,Não há placas,,Dupla,Canteiro central,,
2019-05-08,20:47:00,SEM VÍTIMA,FINALIZADA,BOA VIAGEM,RUA DONA BENVINDA DE FARIAS,,RUA AVIADOR SEVERIANO LINS,,RUA DONA BENVINDA DE FARIAS,,,BOA VIAGEM,,SUBURBIO,ABALROAMENTO LONGITUDINAL,CAMINHAO X CORSA,1,,,,,,1,,,0,,Cruzamento,Bom,Não existe,Perfeito estado,Seca,Perfeito estado,,,,Dupla,,,
2019-05-08,20:53:00,COM VÍTIMA,FINALIZADA,JOANA BEZERRA,VIADUTO CAPITAO TEMUDO,,,LADO OPOSTO AO FÓRUM DES. RODOLFO AURELIANO.,VIADUTO CAPITAO TEMUDO,,LADO OPOSTO AO FÓRUM DES. RODOLFO AURELIANO.,JOANA BEZERRA,,SUBURBIO,COLISÃO TRASEIRA,AUTO E MOTO.,1,1,,,,,,,,1,,Viaduto,Bom,Não existe,Perfeito estado,Seca,Perfeito estado,Não existe,Não há placas,,Dupla,Canteiro central,,
2019-05-08,21:03:00,SEM VÍTIMA,FINALIZADA,IMBIRIBEIRA,RUA FRANCISCO CORREIA DE MORAES,,,EM FRENTE AO Nº 8385,RUA FRANCISCO CORREIA DE MORAES,,EM FRENTE AO Nº 8385,IMBIRIBEIRA,,SUBURBIO,COLISÃO TRASEIRA,GOL X PALIO,2,,,,,,,,,0,,Longo da via,Chuvoso,Não existe,Perfeito estado,Molhada,Perfeito estado,Não existe,Não há placas,,Única,Não existe,,
2019-05-08,23:15:00,SEM VÍTIMA,FINALIZADA,AFOGADOS,RUA COSME VIANA,,,SEMÁFORO 100,RUA COSME VIANA,,SEMÁFORO 100,AFOGADOS,100,SUBURBIO,CHOQUE VEÍCULO PARADO,ONNIBUS METROPOLITANA X FOX,1,,,,,1,,,,0,,Longo da via,Chuvoso,Sem defeito,Perfeito estado,Molhada,Perfeito estado,Faixa de pedestre,Não há placas,,Única,Faixa contínua,Faixa seccionada,
2019-05-08,23:16:00,SEM VÍTIMA,FINALIZADA,IMBIRIBEIRA,AV MARECHAL MASCARENHAS DE MORAES,,,LADO OPOSTO AO PORTÃO A2 DO AEROPORTO,AV MARECHAL MASCARENHAS DE MORAES,,LADO OPOSTO AO PORTÃO A2 DO AEROPORTO,IMBIRIBEIRA,,SUBURBIO,COLISÃO TRASEIRA,DOIS AUTO SEM VITIMAS,2,,,,,,,,,0,,Longo da via,Bom,Não existe,Perfeito estado,Seca,Perfeito estado,,R-6a,20 km/h,Única,Canteiro central,,
2019-05-08,23:22:00,SEM VÍTIMA,FINALIZADA,PRADO,RUA JOAO IVO DA SILVA,,AV ENGENHEIRO ABDIAS DE CARVALHO,,RUA JOAO IVO DA SILVA,,,PRADO,,SUBURBIO,ABALROAMENTO LONGITUDINAL,ONIBUS E AUTO PASSEIO SEM VITIMAS,1,,,,,1,,,,0,,Cruzamento,Bom,Sem defeito,Perfeito estado,Molhada,Perfeito estado,Faixa de pedestre,Não há placas,,Única,Canal,,
2019-05-08,23:48:00,SEM VÍTIMA,FINALIZADA,IPUTINGA,AV LUIZ DE LACERDA,,,,AV LUIZ DE LACERDA,,,IPUTINGA,,SUBURBIO,ABALROAMENTO LONGITUDINAL,AUTO PASSEIO E UMA VAN SEM VITIMAS,2,,,,,,,,,0,,Longo da via,Chuvoso,Não existe,,Molhada,Perfeito estado,Não existe,,30 km/h,Única,Faixa seccionada,,
2019-05-09,00:04:00,SEM VÍTIMA,FINALIZADA,VÁRZEA,RUA JACINTO FREIRE DE ANDRADE,,,OPOSTO AO Nº 26 DA JÚLIO DINIZ,RUA JACINTO FREIRE DE ANDRADE,,OPOSTO AO Nº 26 DA JÚLIO DINIZ,VÁRZEA,,,COLISÃO FRONTAL,DOIS AUTO SEM VITIMAS,2,,,,,,,,,0,,Longo da via,Chuvoso,Não existe,Incompleta,Molhada,Perfeito estado,Não existe,Não há placas,,Dupla,Canteiro central,,
2019-05-09,00:29:00,SEM VÍTIMA,FINALIZADA,ESPINHEIRO,RUA DO ESPINHEIRO,,RUA QUARENTA E OITO,SEMÁFORO Nº 166,RUA DO ESPINHEIRO,,SEMÁFORO Nº 166,ESPINHEIRO,166,CIDADE,ABALROAMENTO TRANSVERSAL,COLISÃO ENTRE DOIS AUTOS S/V,2,,,,,,,,,0,,Cruzamento,Chuvoso,Sem defeito,Perfeito estado,Molhada,Perfeito estado,Faixa de pedestre,Não há placas,,Única,Faixa contínua,Faixa seccionada,
2019-05-09,05:30:00,SEM VÍTIMA,FINALIZADA,BOA VIAGEM,AV CONSELHEIRO AGUIAR,,RUA FELIX DE BRITO E MELO,FARMACIA INDEPENDENTE,AV CONSELHEIRO AGUIAR,,FARMACIA INDEPENDENTE,BOA VIAGEM,546,CIDADE,COLISÃO TRASEIRA,COLISÃO ENTRE AUTO E MOTO S/V,1,1,,,,,,,,0,,Longo da via,Bom,Sem defeito,Perfeito estado,Molhada,Perfeito estado,Faixa de pedestre,,,Única,,,
2019-05-09,07:20:00,SEM VÍTIMA,FINALIZADA,IBURA,AV DOM HELDER CAMARA,360,,,AV DOM HELDER CAMARA,360,,IBURA,,CIDADE,CHOQUE OBJETO FIXO,VEÍCULO CHOCOU SE COM UM POSTE,1,,,,,,,,,0,,Longo da via,Chuvoso,Não existe,Perfeito estado,Molhada,Perfeito estado,Não existe,Não há placas,60 km/h,Dupla,Canteiro central,,
2019-05-09,07:25:00,SEM VÍTIMA,FINALIZADA,ESPINHEIRO,RUA DO ESPINHEIRO,316,RUA AMELIA,,RUA DO ESPINHEIRO,316,,ESPINHEIRO,195,CIDADE,ABALROAMENTO LONGITUDINAL,SEM VITIMAS,2,,,,,,,,,0,,Longo da via,Bom,Sem defeito,Perfeito estado,Seca,Perfeito estado,Faixa de pedestre,Outras,,Única,Faixa seccionada,,
2019-05-09,07:26:00,SEM VÍTIMA,FINALIZADA,MADALENA,EST DOS REMEDIOS,1918,RUA DONA MARIA VIEIRA,,EST DOS REMEDIOS,1918,,MADALENA,,CIDADE,ABALROAMENTO TRANSVERSAL,COLISÃO ENTRE DOIS AUTOS SEM VÍTIMAS,2,,,,,,,,,0,,,Bom,Não existe,Perfeito estado,Seca,Perfeito estado,Não existe,Placas Pare,,Única,Faixa contínua,Faixa seccionada,
2019-05-09,08:20:00,COM VÍTIMA,FINALIZADA,TAMARINEIRA,EST VELHA DE AGUA FRIA,78,RUA CICERO DIAS,EM FRENTE AO DNOCS,EST VELHA DE AGUA FRIA,78,EM FRENTE AO DNOCS,TAMARINEIRA,,SUBURBIO,ABALROAMENTO TRANSVERSAL,AUTO E MOTO.,1,1,,,,,,,,1,,Esquina,Chuvoso,Não existe,Perfeito estado,Seca,Perfeito estado,Faixa de pedestre,Placas Pare,,Dupla,Faixa contínua,,
2019-05-09,08:55:00,SEM VÍTIMA,FINALIZADA,,AV DES JOSE NEVES,,,,AV DES JOSE NEVES,,,,,SUBURBIO,ABALROAMENTO LONGITUDINAL,COLISAO ENTRE AUTO E VT DA POLICIA,1,,,,,,,1,,0,,Longo da via,Bom,,,,,,,,,,,
2019-05-09,09:08:00,SEM VÍTIMA,FINALIZADA,SANTO AMARO,AV GOVERNADOR AGAMENON MAGALHAES,3341,,SOB VIADUTO DA AV NORTE,AV GOVERNADOR AGAMENON MAGALHAES,3341,SOB VIADUTO DA AV NORTE,SANTO AMARO,,,COLISÃO TRASEIRA,COLISÃO S/VITIMA TRES AUTOS,3,,,,,,,,,0,,Longo da via,Bom,Não existe,Perfeito estado,Seca,Perfeito estado,Não existe,Não há placas,,Única,Faixa contínua,,
2019-05-09,09:15:00,SEM VÍTIMA,FINALIZADA,BOA VIAGEM,RUA CORONEL BENEDITO CHAVES,,,POSTE Nº B 000145  AO LADO DA PIZZA DONNA,RUA CORONEL BENEDITO CHAVES,,POSTE Nº B 000145  AO LADO DA PIZZA DONNA,BOA VIAGEM,,CIDADE,COLISÃO TRASEIRA,COLISÃO S/VITIMA DOIS AUTOS,2,,,,,,,,,0,,Longo da via,Bom,Não existe,Perfeito estado,Seca,Perfeito estado,Não existe,Outras,,Única,Não existe,,