data,hora,natureza_acidente,situacao,bairro,endereco,numero,detalhe_endereco_acidente,complemento,endereco_cruzamento,numero_cruzamento,referencia_cruzamento,bairro_cruzamento,num_semaforo,sentido_via,tipo,descricao,auto,moto,ciclom,ciclista,pedestre,onibus,caminhao,viatura,outros,vitimas,vitimasfatais,acidente_verificado,tempo_clima,situacao_semaforo,sinalizacao,condicao_via,conservacao_via,ponto_controle,situacao_placa,velocidade_max_via,mao_direcao,divisao_via1,divisao_via2,divisao_via3
2019-05-09,09:21:00,SEM VÍTIMA,CANCELADA,BOA VIAGEM,RUA REMIGIO,,,NA SAIDA DO TUNEL  SENT. RECIFE NO GIRADOR,RUA REMIGIO,,NA SAIDA DO TUNEL  SENT. RECIFE NO GIRADOR,BOA VIAGEM,,,CHOQUE,VEICULO CHOCOU-SE COM PLACA DE OBRA SEM SINALIZAÇÃO,1,,,,,,,,,0,,,,,,,,,,,,,,
2019-05-09,09:31:00,SEM VÍTIMA,FINALIZADA,BAIRRO DO RECIFE,CAIS DO APOLO,,RUA DO OBSERVATORIO,E/F A POLICIA FEDERAL,CAIS DO APOLO,,E/F A POLICIA FEDERAL,BAIRRO DO RECIFE,,SUBURBIO,COLISÃO TRASEIRA,COLISAO ENTRE DOIS AUTOS S/V,2,,,,,,,,,0,,Longo da via,Bom,Não existe,Perfeito estado,Seca,Perfeito estado,Não existe,Placas Pare,,Dupla,Canteiro central,,
2019-05-09,09:35:00,SEM VÍTIMA,FINALIZADA,BOA VISTA,RUA SILVA RAMOS,71,,EM FRENTE DA CLÍNICA FISIOCORPOS,RUA SILVA RAMOS,71,EM FRENTE DA CLÍNICA FISIOCORPOS,BOA VISTA,,,CHOQUE VEÍCULO PARADO,COLISAO S/ VITIMAS ENTRE DOIS AUTOS,2,,,,,,,,,0,,Longo da via,Bom,Não existe,Incompleta,Seca,Perfeito estado,Não existe,Não há placas,,Dupla,Não existe,,
2019-05-09,10:19:00,SEM VÍTIMA,FINALIZADA,IBURA,AV DOIS RIOS,13921,,PRÓXIMO AO PONTILHÃO DO IBURA,AV DOIS RIOS,13921,PRÓXIMO AO PONTILHÃO DO IBURA,IBURA,,CIDADE,COLISÃO TRASEIRA,SEM VITIMAS,1,,,,,,1,,,0,,Longo da via,Chuvoso,Não existe,Perfeito estado,Molhada,Mal conservada,Não existe,Não há placas,,Dupla,Faixa contínua,,
2019-05-09,10:19:00,SEM VÍTIMA,FINALIZADA,BOA VIAGEM,AV BOA VIAGEM,4100,,,AV BOA VIAGEM,4100,,BOA VIAGEM,113,CIDADE,COLISÃO TRASEIRA,COLISAO S/ VITIMA ENTRE ONIBUS E AUTO,1,,,,,1,,,,0,,,Chuvoso,Sem defeito,Perfeito estado,Molhada,Perfeito estado,Faixa de pedestre,Não há placas,60 km/h,Única,Faixa contínua,,
2019-05-09,10:24:00,SEM VÍTIMA,FINALIZADA,BOA VIAGEM,RUA CARLOS PEREIRA FALCAO,121,,PADARIA DIPLOMATA,RUA CARLOS PEREIRA FALCAO,121,PADARIA DIPLOMATA,BOA VIAGEM,,CIDADE,ABALROAMENTO LONGITUDINAL,SEM VITIMAS,2,,,,,,,,,0,,Longo da via,Bom,Não existe,Incompleta,Seca,Perfeito estado,Não existe,Não há placas,30 km/h,Única,Faixa seccionada,,
2019-05-09,10:52:00,SEM VÍTIMA,FINALIZADA,BARRO,RUA PADRE NOBREGA,,RUA PADRE DIOGO RODRIGUES,ESQUINA DA CONSTRUÇÃO,RUA PADRE NOBREGA,,ESQUINA DA CONSTRUÇÃO,BARRO,,SUBURBIO,ABALROAMENTO TRANSVERSAL,COLISÃO S VÍTIMA DOIS AUTOS,2,,,,,,,,,0,,Cruzamento,Bom,Não existe,Não existente,Seca,Perfeito estado,Não existe,,,Dupla,Não existe,,
2019-05-09,11:37:00,SEM VÍTIMA,FINALIZADA,ZUMBI,RUA GOMES TABORDA,1349,AV GENERAL SAN MARTIN,,RUA GOMES TABORDA,1349,,ZUMBI,67,CIDADE,COLISÃO FRONTAL,COLISAO ENTRE AUTO E MOTO S/V,1,1,,,,,,,,0,,Longo da via,Bom,Sem defeito,Perfeito estado,Seca,Perfeito estado,Faixa de pedestre,R-6a,,Dupla,Faixa contínua,,
2019-05-09,12:50:00,SEM VÍTIMA,CANCELADA,GRAÇAS,AV RUI BARBOSA,,,EM FRENTE AO BANCO SANTANDER E A PRAÇA DO ENTRONCAMENTO,AV RUI BARBOSA,,EM FRENTE AO BANCO SANTANDER E A PRAÇA DO ENTRONCAMENTO,GRAÇAS,,,COLISÃO,COLISÃO SEM VÍTIMA,1,1,,,,,,,,0,,,,,,,,,,,,,,
2019-05-09,13:02:00,SEM VÍTIMA,CANCELADA,BOA VIAGEM,RUA RIBEIRO DE BRITO,,,EM FRENTE DO BOI QUENTE,RUA RIBEIRO DE BRITO,,EM FRENTE DO BOI QUENTE,BOA VIAGEM,,,COLISÃO,COLISÃO SEM VÍTIMA,1,,,,,1,,,,0,,,,,,,,,,,,,,
2019-05-09,14:28:00,COM VÍTIMA,FINALIZADA,BOA VIAGEM,AV CONSELHEIRO AGUIAR,857,RUA ATLANTICO,EM FRENTE A BARBEARIA TROIS,AV CONSELHEIRO AGUIAR,857,EM FRENTE A BARBEARIA TROIS,BOA VIAGEM,,SUBURBIO,ABALROAMENTO TRANSVERSAL,AUTO E MOTO.,1,1,,,,,,,,1,,Cruzamento,Bom,Não existe,Perfeito estado,Seca,Perfeito estado,Faixa de pedestre,Não há placas,60 km/h,Única,Faixa seccionada,,
2019-05-09,14:29:00,SEM VÍTIMA,FINALIZADA,SANTO ANTÔNIO,RUA FLORIANO PEIXOTO,,,SEMÁFORO 013,RUA FLORIANO PEIXOTO,,SEMÁFORO 013,SANTO ANTÔNIO,13,,ABALROAMENTO LONGITUDINAL,COLISAO ENTRE ONIBUS E AUTO S/V,1,,,,,1,,,,0,,Cruzamento,Bom,Sem defeito,Perfeito estado,Seca,Perfeito estado,Não existe,Não há placas,40 km/h,Única,Faixa seccionada,,
2019-05-09,15:03:00,COM VÍTIMA,FINALIZADA,PRADO,RUA SANTA EDWIRGES,131,RUA PADRE TEOFILO TWORZ,E/F AO ARQUIVO GERAL DO TRIBUNAL DE JUSTIÇA E A IGREJA PRESBITERIANA DO PRADO.,RUA SANTA EDWIRGES,131,E/F AO ARQUIVO GERAL DO TRIBUNAL DE JUSTIÇA E A IGREJA PRESBITERIANA DO PRADO.,PRADO,,CIDADE,ABALROAMENTO TRANSVERSAL,AUTO E MICRO-ÔNIBUS.,1,,,,,1,,,,2,,Cruzamento,Bom,Não existe,Não existente,Seca,Perfeito estado,Não existe,Não há placas,,Única,Não existe,,
2019-05-09,15:10:00,SEM VÍTIMA,FINALIZADA,BARRO,AV DR JOSE RUFINO,,RUA JOSE NATARIO,IGREJA PRESBITERIANA,AV DR JOSE RUFINO,,IGREJA PRESBITERIANA,BARRO,44,,ABALROAMENTO TRANSVERSAL,COLISAO ENTRE DOIS AUTOS S/V,2,,,,,,,,,0,,Cruzamento,Bom,Sem defeito,Perfeito estado,Seca,Perfeito estado,Faixa de pedestre,Outras,,Dupla,Faixa contínua,,
2019-05-09,16:33:00,SEM VÍTIMA,FINALIZADA,BOA VISTA,RUA DO RIACHUELO,,,,RUA DO RIACHUELO,,,BOA VISTA,92,SUBURBIO,ABALROAMENTO LONGITUDINAL,COLISAO ENTRE ONIBUS E MOTO S/V,,1,,,,1,,,,0,,Longo da via,Bom,Sem defeito,Perfeito estado,Seca,Perfeito estado,Não existe,Não há placas,,Única,Blocos,,
2019-05-09,18:08:00,SEM VÍTIMA,FINALIZADA,ILHA DO LEITE,AV FREI MATIAS TEVES,,RUA JORNALISTA TRAJANO CHACON,EMPRESARIAL ALFRED NOBEL,AV FREI MATIAS TEVES,,EMPRESARIAL ALFRED NOBEL,ILHA DO LEITE,,,COLISÃO TRASEIRA,SANDERO X HB 20 X MOTO,2,1,,,,,,,,0,,Cruzamento,Bom,Não existe,Perfeito estado,Seca,Perfeito estado,Faixa de retenção,Placas Pare,30 km/h,Dupla,Faixa seccionada,,
2019-05-09,18:29:00,COM VÍTIMA,FINALIZADA,LINHA DO TIRO,RUA CORREGO DO EUCLIDES,1820,RUA ALTO JOSE BONIFACIO,PROX AO ARMAZEM SHALON,RUA CORREGO DO EUCLIDES,1820,PROX AO ARMAZEM SHALON,LINHA DO TIRO,,SUBURBIO,ABALROAMENTO TRANSVERSAL,AUTO E MOTO.,1,1,,,,,,,,1,,Cruzamento,Bom,Não existe,Não existente,Seca,Mal iluminada,Não existe,Placas Pare,,Dupla,Faixa contínua,Faixa seccionada,
2019-05-09,18:59:00,COM VÍTIMA,CANCELADA,ÁGUA FRIA,EST VELHA DE AGUA FRIA,,,NA ROTATORIA DE SEQUINA COM POSTO NORTE BRAZ,EST VELHA DE AGUA FRIA,,NA ROTATORIA DE SEQUINA COM POSTO NORTE BRAZ,ÁGUA FRIA,,,COLISÃO,ONIBUS CAXANGA X MOTO,,1,,,,1,,,,1,,,,,,,,,,,,,,
2019-05-09,19:09:00,SEM VÍTIMA,FINALIZADA,PARNAMIRIM,AV PARNAMIRIM,375,,BEACH CLASS JAQUEIRA,AV PARNAMIRIM,375,BEACH CLASS JAQUEIRA,PARNAMIRIM,,,ABALROAMENTO LONGITUDINAL,ONIX X AUTO,2,,,,,,,,,0,,Longo da via,Bom,Não existe,Perfeito estado,Seca,Perfeito estado,Não existe,Outras,,Única,Faixa contínua,,
2019-05-09,19:24:00,SEM VÍTIMA,FINALIZADA,MADALENA,AV VISCONDE DE ALBUQUERQUE,205,,ENF A CULTURA INGLESA,AV VISCONDE DE ALBUQUERQUE,205,ENF A CULTURA INGLESA,MADALENA,,SUBURBIO,COLISÃO TRASEIRA,COROLA X FIAT,2,,,,,,,,,0,,Longo da via,Bom,Não existe,Perfeito estado,Seca,Perfeito estado,Faixa de pedestre,R-6a,,Única,Faixa seccionada,,
2019-05-09,22:29:00,COM VÍTIMA,FINALIZADA,CAMPO GRANDE,EST DE BELEM,,RUA FONSECA OLIVEIRA,E/F A PIZZARIA PASSIRA / SEMÁFORO 504 / PRÓX AO POSTO TOTAL,EST DE BELEM,,E/F A PIZZARIA PASSIRA / SEMÁFORO 504 / PRÓX AO POSTO TOTAL,CAMPO GRANDE,504,CIDADE,ABALROAMENTO LONGITUDINAL,AUTO E MOTO.,1,1,,,,,,,,1,,Longo da via,Chuvoso,Sem defeito,Perfeito estado,Molhada,Perfeito estado,Faixa de pedestre,R-6a,30 km/h,Dupla,Faixa contínua,,
2019-05-09,22:51:00,SEM VÍTIMA,FINALIZADA,ESTÂNCIA,AV DR JOSE RUFINO,,,ENF AO COLEGIO VISAO,AV DR JOSE RUFINO,,ENF AO COLEGIO VISAO,ESTÂNCIA,82,SUBURBIO,COLISÃO TRASEIRA,ONIBUS METROPOLITANA X FORD K,1,,,,,1,,,,0,,,Chuvoso,Sem defeito,Perfeito estado,Molhada,Perfeito estado,Faixa de pedestre,R-6a,,Dupla,Faixa contínua,,
2019-05-10,08:53:00,SEM VÍTIMA,FINALIZADA,SANTO AMARO,,,RUA FREI CASSIMIRO,CTTU,RUA ARISTIDES MUNIZ,,CTTU,SANTO AMARO,,SUBURBIO,ABALROAMENTO LONGITUDINAL,SEM VÍTIMA,1,1,,,,,,,,0,,Cruzamento,Bom,Não existe,Perfeito estado,Seca,Perfeito estado,Não existe,Placas Pare,40 km/h,Dupla,Faixa contínua,,
2019-05-10,09:11:00,SEM VÍTIMA,FINALIZADA,IPUTINGA,AV MAURICIO DE NASSAU,155,,,AV MAURICIO DE NASSAU,155,,IPUTINGA,,CIDADE,ABALROAMENTO LONGITUDINAL,,1,,,,,,1,,,0,,Longo da via,Bom,Não existe,Ilegível,Seca,Perfeito estado,Não existe,Outras,,Dupla,Não existe,,
2019-05-10,09:16:00,SEM VÍTIMA,DUPLICIDADE,IPUTINGA,AV MAURICIO DE NASSAU,155,,EM FRENTE AO ATACADO DO VIDRO E A CAPELA DE SANTO ANTONIO,AV MAURICIO DE NASSAU,155,EM FRENTE AO ATACADO DO VIDRO E A CAPELA DE SANTO ANTONIO,IPUTINGA,,,COLISÃO,AUTO E CAMINHÃO,1,,,,,,1,,,0,,,,,,,,,,,,,,
2019-05-10,09:19:00,SEM VÍTIMA,FINALIZADA,IBURA,AV DOM HELDER CAMARA,,,AO LADO DO POSTE Nº B 028746,AV DOM HELDER CAMARA,,AO LADO DO POSTE Nº B 028746,IBURA,,CIDADE,ABALROAMENTO LONGITUDINAL,DOIS AUTOS PASSEIO,2,,,,,,,,,0,,Longo da via,Bom,Não existe,Perfeito estado,Seca,Perfeito estado,Não existe,Não há placas,60 km/h,Única,Faixa seccionada,,
2019-05-10,09:21:00,COM VÍTIMA,FINALIZADA,SÃO JOSÉ,AV SUL,500,,EM FRENTE A HIDRAUPEÇAS  SENT. CIDADE,AV SUL,500,EM FRENTE A HIDRAUPEÇAS  SENT. CIDADE,SÃO JOSÉ,509,CIDADE,ABALROAMENTO LONGITUDINAL,AUTO E MOTO,1,1,,,,,,,,2,,Longo da via,Bom,Sem defeito,Perfeito estado,Seca,Perfeito estado,Não existe,Não há placas,60 km/h,Única,Faixa seccionada,,
2019-05-10,09:37:00,SEM VÍTIMA,FINALIZADA,ENCRUZILHADA,RUA MARECHAL DEODORO,404,RUA LARGA DO FEITOZA,,RUA MARECHAL DEODORO,404,,ENCRUZILHADA,,SUBURBIO,ABALROAMENTO LONGITUDINAL,SEM VITIMAS,2,,,,,,,,,0,,Longo da via,Bom,Não existe,Perfeito estado,Seca,Perfeito estado,Não existe,Placas Pare,,Única,Faixa seccionada,,
2019-05-10,10:32:00,SEM VÍTIMA,FINALIZADA,MACAXEIRA,AV NORTE,7057,,EM FRENTE A IGREJA CONGREGACIONAL,AV NORTE,7057,EM FRENTE A IGREJA CONGREGACIONAL,MACAXEIRA,,CIDADE,ABALROAMENTO LONGITUDINAL,CAMINHAO CARRETA / AUTO PASSEIO,1,,,,,,1,,,0,,Longo da via,Bom,Não existe,Incompleta,Seca,,Não existe,Outras,60 km/h,Dupla,Faixa seccionada,Canteiro central,
2019-05-10,11:57:00,SEM VÍTIMA,CANCELADA,MUSTARDINHA,AV MANOEL GONCALVES DA LUZ,,,EM FRENTE A PRAÇA DO ABC,AV MANOEL GONCALVES DA LUZ,,EM FRENTE A PRAÇA DO ABC,MUSTARDINHA,,,COLISÃO,SEM VITIMAS,1,,1,,,,,,,0,,,,,,,,,,,,,,
2019-05-10,12:04:00,COM VÍTIMA,FINALIZADA,ENCRUZILHADA,AV NORTE,2120,,EM FRENTE A PRAÇA DA PICANHA  SENTIDO MACAXEIRA. POSTO SHELL.,AV NORTE,2120,EM FRENTE A PRAÇA DA PICANHA  SENTIDO MACAXEIRA. POSTO SHELL.,ENCRUZILHADA,665,SUBURBIO,ABALROAMENTO LONGITUDINAL,AUTO E MOTO.,1,1,,,,,,,,1,,Longo da via,Bom,Sem defeito,Perfeito estado,Seca,Perfeito estado,Faixa de pedestre,R-6a,60 km/h,Dupla,Canteiro central,,
2019-05-10,12:10:00,SEM VÍTIMA,FINALIZADA,ARRUDA,AV BEBERIBE,,,EM FRENTE AO ESTADIO JOSÉ DO REGO MACIEL,AV BEBERIBE,,EM FRENTE AO ESTADIO JOSÉ DO REGO MACIEL,ARRUDA,,SUBURBIO,ABALROAMENTO LONGITUDINAL,COLISÃO SEM VÍTIMA,1,,,,,,1,,,0,,Longo da via,Bom,Sem defeito,Perfeito estado,Seca,Perfeito estado,Faixa de pedestre,R-6a,,Dupla,Faixa contínua,,
2019-05-10,12:07:00,COM VÍTIMA,CANCELADA,MANGUEIRA,RUA VINTE E UM DE ABRIL,2060,,PET VINTE E UM DE ABRIL  PIZZARIA ROCK,RUA VINTE E UM DE ABRIL,2060,PET VINTE E UM DE ABRIL  PIZZARIA ROCK,MANGUEIRA,,,COLISÃO,COLISÃO COM VITIMA,1,1,,,,,,,,1,,,,,,,,,,,,,,
2019-05-10,12:42:00,COM VÍTIMA,FINALIZADA,ARRUDA,RUA ZEFERINO AGRA,,RUA DO MACHADO,EM FRENTE A IGREJA SANTO ANTÔNIO,RUA ZEFERINO AGRA,,EM FRENTE A IGREJA SANTO ANTÔNIO,ARRUDA,,CIDADE,ABALROAMENTO TRANSVERSAL,AUTO E MOTO.,1,1,,,,,,,,1,,Cruzamento,Chuvoso,Não existe,Perfeito estado,Molhada,Perfeito estado,Faixa de retenção,Placas Pare,,Dupla,Faixa seccionada,,
2019-05-10,13:50:00,SEM VÍTIMA,FINALIZADA,BOA VIAGEM,RUA JOSE MARIA DE MIRANDA,177,RUA AVIADOR SEVERIANO LINS,,RUA JOSE MARIA DE MIRANDA,177,,BOA VIAGEM,,SUBURBIO,ABALROAMENTO LONGITUDINAL,COLISÃO SEM VÍTIMA,2,,,,,,,,,0,,Cruzamento,Bom,Não existe,Perfeito estado,Seca,Perfeito estado,Não existe,Placas Pare,,,Não existe,,
2019-05-10,14:06:00,SEM VÍTIMA,FINALIZADA,PINA,AV BOA VIAGEM,178,RUA SOUTO FILHO,,AV BOA VIAGEM,178,,PINA,,CIDADE,ABALROAMENTO LONGITUDINAL,COLISÃO SEM VÍTIMA,2,,,,,,,,,0,,Longo da via,Bom,Não existe,Perfeito estado,Seca,Perfeito estado,Não existe,Não há placas,,Única,Faixa seccionada,,
2019-05-10,14:16:00,SEM VÍTIMA,FINALIZADA,IBURA,RUA RIO DA PRATA,55,,PROXIMO A ACADEMIA CIRCUIT,RUA RIO DA PRATA,55,PROXIMO A ACADEMIA CIRCUIT,IBURA,,SUBURBIO,CHOQUE VEÍCULO PARADO,COLISÃO SEM VÍTIMA,2,,,,,,,,,0,,Longo da via,Bom,Não existe,Perfeito estado,Seca,Perfeito estado,Não existe,Não há placas,30 km/h,Dupla,Não existe,,
2019-05-10,14:28:00,SEM VÍTIMA,FINALIZADA,MADALENA,RUA REAL DA TORRE,778,RUA JOSE BONIFACIO,EM FRENTE AO O GUIA ARMAZÉM DE CONSTRUÇÃO,RUA REAL DA TORRE,778,EM FRENTE AO O GUIA ARMAZÉM DE CONSTRUÇÃO,MADALENA,,,ABALROAMENTO LONGITUDINAL,COLISÃO SEM VÍTIMA,1,1,,,,,,,,0,,Cruzamento,Bom,Não existe,Incompleta,Seca,Perfeito estado,Não existe,Não há placas,,Única,Faixa seccionada,,
2019-05-10,14:44:00,SEM VÍTIMA,CANCELADA,AREIAS,AV RECIFE,3856,,EM FRENTE AO CONDOMINIO IGNEZ ANDREAZZA E A BORRACHARIA RECIFE PNEUS/ SENTIDO CIDADE UNIVERSITARIA,AV RECIFE,3856,EM FRENTE AO CONDOMINIO IGNEZ ANDREAZZA E A BORRACHARIA RECIFE PNEUS/ SENTIDO CIDADE UNIVERSITARIA,AREIAS,,,COLISÃO,COLISÃO SEM VÍTIMA,2,,,,,,,,,0,,,,,,,,,,,,,,
2019-05-10,15:08:00,SEM VÍTIMA,FINALIZADA,SÃO JOSÉ,RUA VIDAL DE NEGREIROS,,,,RUA VIDAL DE NEGREIROS,,,SÃO JOSÉ,414,CIDADE,ABALROAMENTO LONGITUDINAL,COLISÃO SEM VÍTIMA,1,,,,,1,,,,0,,,Chuvoso,Sem defeito,Perfeito estado,Molhada,Perfeito estado,,,40 km/h,Dupla,Canteiro central,,
2019-05-10,15:09:00,SEM VÍTIMA,FINALIZADA,IMBIRIBEIRA,AV MARECHAL MASCARENHAS DE MORAES,,,AO LADO DA FIAT ITALIANA,AV MARECHAL MASCARENHAS DE MORAES,,AO LADO DA FIAT ITALIANA,IMBIRIBEIRA,,SUBURBIO,ABALROAMENTO TRANSVERSAL,COLISÃO SEM VITIMA,2,,,,,,,,,0,,Longo da via,Bom,Não existe,Perfeito estado,Seca,Perfeito estado,Não existe,Não há placas,60 km/h,Dupla,Canteiro central,,
2019-05-10,15:18:00,COM VÍTIMA,FINALIZADA,BOA VIAGEM,AV CONSELHEIRO AGUIAR,3197,RUA MAMANGUAPE,EM FRENTE A DROGASIL,AV CONSELHEIRO AGUIAR,3197,EM FRENTE A DROGASIL,BOA VIAGEM,,CIDADE,ABALROAMENTO TRANSVERSAL,AUTO E MOTO.,1,1,,,,,,,,1,,Cruzamento,Bom,Não existe,Perfeito estado,Seca,Perfeito estado,Outros,Outras,60 km/h,Única,Faixa contínua,Faixa seccionada,
2019-05-10,16:12:00,SEM VÍTIMA,FINALIZADA,IMBIRIBEIRA,AV MARECHAL MASCARENHAS DE MORAES,,,PRÓX AO GERALDÃO,AV MARECHAL MASCARENHAS DE MORAES,,PRÓX AO GERALDÃO,IMBIRIBEIRA,290,CIDADE,ABALROAMENTO LONGITUDINAL,COLISÃO SEM VITIMAS,2,,,,,,1,,,0,,Longo da via,Bom,Sem defeito,Perfeito estado,Seca,Perfeito estado,Faixa de pedestre,Outras,60 km/h,Dupla,Canteiro central,,
2019-05-10,16:25:00,SEM VÍTIMA,FINALIZADA,BAIRRO DO RECIFE,RUA VIGARIO TENORIO,95,RUA DONA MARIA CESAR,SEC. DE ADMINISTRAÇÃO,RUA VIGARIO TENORIO,95,SEC. DE ADMINISTRAÇÃO,BAIRRO DO RECIFE,,SUBURBIO,ABALROAMENTO TRANSVERSAL,COLISÃO SEM VÍTIMA,2,,,,,,,,,0,,Cruzamento,Chuvoso,Não existe,Incompleta,Molhada,Perfeito estado,Não existe,,,Única,Não existe,,
2019-05-10,17:13:00,SEM VÍTIMA,CANCELADA,MADALENA,RUA BENFICA,,,EM FRENTE A POLICLINICA LESSA DE ANDRADE,RUA BENFICA,,EM FRENTE A POLICLINICA LESSA DE ANDRADE,MADALENA,,,COLISÃO,COLISÃO SEM VITIMA,1,,,,,1,,,,0,,,,,,,,,,,,,,
2019-05-10,17:23:00,SEM VÍTIMA,FINALIZADA,CIDADE UNIVERSITÁRIA,AV CAXANGA,4617,RUA CAXANGA AGAPE,,AV CAXANGA,4617,,CIDADE UNIVERSITÁRIA,,CIDADE,ABALROAMENTO LONGITUDINAL,COLISÃO SEM VITIMA,1,,,,,,1,,,0,,,Chuvoso,Sem defeito,Perfeito estado,Molhada,Perfeito estado,Não existe,R-6a,50 km/h,Dupla,Canteiro central,,
2019-05-10,17:52:00,SEM VÍTIMA,CANCELADA,JOANA BEZERRA,RUA AGUA DOCE,47,,AO LADO DA ACADEMIA DA CIDADE,RUA AGUA DOCE,47,AO LADO DA ACADEMIA DA CIDADE,JOANA BEZERRA,,,COLISÃO,,1,,,,,1,,,,0,,,,,,,,,,,,,,
2019-05-10,19:05:00,SEM VÍTIMA,FINALIZADA,SANTO ANTÔNIO,RUA DO SOL,,AV GUARARAPES,,RUA DO SOL,,,SANTO ANTÔNIO,14,,ABALROAMENTO LONGITUDINAL,SIENA X AUTO,2,,,,,,,,,0,,Cruzamento,Chuvoso,Sem defeito,Perfeito estado,Seca,Perfeito estado,,Outras,,Única,Faixa seccionada,,
2019-05-10,19:16:00,SEM VÍTIMA,CANCELADA,BARRO,AV JORNALISTA COSTA PORTO,1080,,APÓS A COMPESA DA UR-2 E A DESCIDA DA MONTE VERDE / E/F A ARTE GESSO - FAIXA DA DIREITA,AV JORNALISTA COSTA PORTO,1080,APÓS A COMPESA DA UR-2 E A DESCIDA DA MONTE VERDE / E/F A ARTE GESSO - FAIXA DA DIREITA,BARRO,,,COLISÃO,ENTRE 2 AUTOS. S/V,2,,,,,,,,,0,,,,,,,,,,,,,,
2019-05-10,19:49:00,SEM VÍTIMA,CANCELADA,ESPINHEIRO,RUA CONS PORTELA,162,RUA SANTO ELIAS,ESQUINA COM O POSTO PORTELA / E/F AO R ADVOCACIA,RUA CONS PORTELA,162,ESQUINA COM O POSTO PORTELA / E/F AO R ADVOCACIA,ESPINHEIRO,,,ENGAVETAMENTO,ENTRE 3 AUTOS. S/V,3,,,,,,,,,0,,,,,,,,,,,,,,
2019-05-10,20:02:00,SEM VÍTIMA,CANCELADA,BOA VIAGEM,RUA FELIX DE BRITO E MELO,,RUA FRANCISCO DA CUNHA,SEMÁFORO 551,RUA FELIX DE BRITO E MELO,,SEMÁFORO 551,BOA VIAGEM,,,COLISÃO,ENTRE 2 AUTOS. S/V,2,,,,,,,,,0,,,,,,,,,,,,,,
2019-05-10,20:05:00,SEM VÍTIMA,FINALIZADA,BAIRRO DO RECIFE,AV ALFREDO LISBOA,,,EM FRENTE AO POSTO POLICIAL,AV ALFREDO LISBOA,,EM FRENTE AO POSTO POLICIAL,BAIRRO DO RECIFE,,SUBURBIO,ABALROAMENTO LONGITUDINAL,CAMINHAO BAU X GOL,1,,,,,,1,,,0,,Longo da via,Bom,Sem defeito,Perfeito estado,Seca,Perfeito estado,Faixa de pedestre,R-6a,,Única,Faixa seccionada,,
2019-05-10,20:43:00,SEM VÍTIMA,FINALIZADA,PINA,AV HERCULANO BANDEIRA,1001,RUA ARQUITETO AUGUSTO REINALDO,ATACADO DA CONSTRUÇÃO,AV HERCULANO BANDEIRA,1001,ATACADO DA CONSTRUÇÃO,PINA,660,,ABALROAMENTO LONGITUDINAL,ENTRE AUTO E ÔNIBUS. S/V,1,,,,,1,,,,0,,Cruzamento,Chuvoso,Sem defeito,Perfeito estado,Seca,Perfeito estado,Outros,Outras,,Única,Faixa contínua,,
2019-05-10,20:54:00,COM VÍTIMA,FINALIZADA,JORDÃO,AV MARIA IRENE,,,SEMÁFORO 584 / PRÓX AO POSTO TOTAL E PRÓX. RUA CAFARNAUM,AV MARIA IRENE,,SEMÁFORO 584 / PRÓX AO POSTO TOTAL E PRÓX. RUA CAFARNAUM,JORDÃO,584,SUBURBIO,COLISÃO,AUTO E MOTO,1,1,,,,,,,,2,,Longo da via,Bom,Sem defeito,,Seca,Perfeito estado,,Não há placas,,Dupla,Não existe,,
2019-05-10,22:08:00,SEM VÍTIMA,FINALIZADA,IMBIRIBEIRA,AV MARECHAL MASCARENHAS DE MORAES,,,LADO OPOSTO AO HOTEL AEROPORTO,AV MARECHAL MASCARENHAS DE MORAES,,LADO OPOSTO AO HOTEL AEROPORTO,IMBIRIBEIRA,,CIDADE,COLISÃO TRASEIRA,2 ONIX OBS: SUSPEITA DE EMBRIAGUEZ,2,,,,,,,,,0,,Longo da via,Bom,Não existe,Perfeito estado,Seca,Perfeito estado,Não existe,,,Dupla,Canteiro central,,
2019-05-10,22:34:00,COM VÍTIMA,FINALIZADA,BREJO DE BEBERIBE,AV VEREADOR OTACILIO AZEVEDO,843,RUA JOSE REBOUCAS,PROX AO TERMINAL BREJO DE BEBERIBE,AV VEREADOR OTACILIO AZEVEDO,843,PROX AO TERMINAL BREJO DE BEBERIBE,BREJO DE BEBERIBE,,SUBURBIO,ABALROAMENTO TRANSVERSAL,AUTO E MOTO,1,1,,,,,,,,1,,Esquina,Bom,Não existe,Perfeito estado,Seca,Perfeito estado,Não existe,Não há placas,,Dupla,Não existe,,
2019-05-11,07:53:00,COM VÍTIMA,FINALIZADA,IMBIRIBEIRA,AV MARECHAL MASCARENHAS DE MORAES,,RUA JOEL CASSIO - MISSIONARIO,,AV MARECHAL MASCARENHAS DE MORAES,,,IMBIRIBEIRA,287,CIDADE,ATROPELAMENTO,ENTRE MOTO E PEDESTRE.,,1,,,1,,,,,2,,Longo da via,Bom,Sem defeito,Perfeito estado,Seca,Perfeito estado,Faixa de pedestre,Outras,60 km/h,Dupla,Canteiro central,,
2019-05-11,08:12:00,SEM VÍTIMA,FINALIZADA,ESPINHEIRO,RUA DO ESPINHEIRO,119,,EM FRENTE A HAPVIDA DO ESPINHEIRO,RUA DO ESPINHEIRO,119,EM FRENTE A HAPVIDA DO ESPINHEIRO,ESPINHEIRO,,CIDADE,ABALROAMENTO LONGITUDINAL,COLISÃO S/VITIMAS ENTRE DOIS AUTOS,2,,,,,,,,,0,,Longo da via,Bom,Não existe,Perfeito estado,Seca,Perfeito estado,Não existe,Não há placas,40 km/h,Única,Faixa seccionada,,