data,hora,natureza_acidente,situacao,bairro,endereco,numero,detalhe_endereco_acidente,complemento,endereco_cruzamento,numero_cruzamento,referencia_cruzamento,bairro_cruzamento,num_semaforo,sentido_via,tipo,descricao,auto,moto,ciclom,ciclista,pedestre,onibus,caminhao,viatura,outros,vitimas,vitimasfatais,acidente_verificado,tempo_clima,situacao_semaforo,sinalizacao,condicao_via,conservacao_via,ponto_controle,situacao_placa,velocidade_max_via,mao_direcao,divisao_via1,divisao_via2,divisao_via3
2019-05-13,16:55:00,SEM VÍTIMA,CANCELADA,VÁRZEA,AV JOAQUIM RIBEIRO,,,EM FRENTE AO CONJUNTO MINISTRO MARCOS FREIRE/ SENTIDO CAMARAGIBE,AV JOAQUIM RIBEIRO,,EM FRENTE AO CONJUNTO MINISTRO MARCOS FREIRE/ SENTIDO CAMARAGIBE,VÁRZEA,,,COLISÃO,COLISÃO SEM VÍTIMA,4,,,,,,,,,0,,,,,,,,,,,,,,
2019-05-13,16:23:00,SEM VÍTIMA,CANCELADA,COELHOS,RUA DOS COELHOS,,,EM FRENTE AO HOSPITAL DO IMIP,RUA DOS COELHOS,,EM FRENTE AO HOSPITAL DO IMIP,COELHOS,,,COLISÃO,COLISÃO SEM VITIMAS,2,,,,,,,,,0,,,,,,,,,,,,,,
2019-05-13,16:32:00,SEM VÍTIMA,CANCELADA,PINA,AV ENGENHEIRO DOMINGOS FERREIRA,,,AO LADO DO POSTO DE GASOLINA SHELL,AV ENGENHEIRO DOMINGOS FERREIRA,,AO LADO DO POSTO DE GASOLINA SHELL,PINA,,SUBURBIO,COLISÃO,DOIS AUTO SEM VITIMAS,2,,,,,,,,,0,,,,,,,,,,,,,,
2019-05-13,16:40:00,SEM VÍTIMA,FINALIZADA,ESTÂNCIA,AV DR JOSE RUFINO,354,,OPOSTO AO COLEGIO VISAO,AV DR JOSE RUFINO,354,OPOSTO AO COLEGIO VISAO,ESTÂNCIA,,SUBURBIO,ABALROAMENTO LONGITUDINAL,COLISÃO SEM VITIMAS,,,,,,1,1,,,0,,Longo da via,Bom,Não existe,Perfeito estado,Seca,Perfeito estado,Não existe,Outras,,Dupla,Faixa contínua,,
2019-05-13,17:03:00,COM VÍTIMA,FINALIZADA,NOVA DESCOBERTA,AV VEREADOR OTACILIO AZEVEDO,2480,RUA NOVA DESCOBERTA,,AV VEREADOR OTACILIO AZEVEDO,2480,,NOVA DESCOBERTA,,SUBURBIO,ATROPELAMENTO,,,,,,1,1,,,,1,,Esquina,Bom,Não existe,Perfeito estado,Seca,Perfeito estado,Não existe,Outras,,Dupla,Não existe,,
2019-05-13,17:15:00,SEM VÍTIMA,FINALIZADA,PRADO,AV ENGENHEIRO ABDIAS DE CARVALHO,,EST DOS REMEDIOS,,AV ENGENHEIRO ABDIAS DE CARVALHO,,,PRADO,52,CIDADE,ABALROAMENTO LONGITUDINAL,COLISÃO SEM VÍTIMA,2,,,,,,,,,0,,Cruzamento,Bom,Sem defeito,Perfeito estado,Seca,Perfeito estado,,R-6a,,Dupla,Canteiro central,,
2019-05-13,17:45:00,SEM VÍTIMA,FINALIZADA,IPUTINGA,RUA PROFESSOR CHAVES BATISTA,,RUA EMILIANO BRAGA,,RUA PROFESSOR CHAVES BATISTA,,,IPUTINGA,,CIDADE,ABALROAMENTO LONGITUDINAL,DOIS AUTO SEM VITIMAS,2,,,,,,,,,0,,Cruzamento,Bom,Não existe,Incompleta,Seca,Perfeito estado,Não existe,Não há placas,,Única,Não existe,,
2019-05-13,18:16:00,SEM VÍTIMA,FINALIZADA,TORRE,AV BEIRA RIO,,RUA ALTINHO,,AV BEIRA RIO,,,TORRE,,,ABALROAMENTO LONGITUDINAL,VEICULO OFICIAL DA PM X PALIO,1,,,,,,,1,,0,,Longo da via,Bom,Não existe,Perfeito estado,Seca,Perfeito estado,Outros,R-6a,40 km/h,Única,Faixa contínua,Faixa seccionada,
2019-05-13,18:23:00,SEM VÍTIMA,FINALIZADA,IMBIRIBEIRA,RUA DR TAVARES CORREIA,,RUA ALLAN KARDEC,,RUA DR TAVARES CORREIA,,,IMBIRIBEIRA,,SUBURBIO,COLISÃO TRASEIRA,GOL X FAIT,2,,,,,,,,,0,,Cruzamento,Bom,Não existe,,Seca,Perfeito estado,Não existe,Não há placas,,Única,,,
2019-05-13,18:44:00,SEM VÍTIMA,CANCELADA,IMBIRIBEIRA,AV MARECHAL MASCARENHAS DE MORAES,,,DEPOIS DO AEROPORTO O PRIMEIRO VIADUTO // SENTIDO PIEDADE,AV MARECHAL MASCARENHAS DE MORAES,,DEPOIS DO AEROPORTO O PRIMEIRO VIADUTO // SENTIDO PIEDADE,IMBIRIBEIRA,,,COLISÃO,CAMINHAO BAU X NISSAN,1,,,,,,1,,,0,,,,,,,,,,,,,,
2019-05-13,18:58:00,SEM VÍTIMA,FINALIZADA,PINA,RUA NOGUEIRA DE SOUZA,,,,RUA NOGUEIRA DE SOUZA,,,PINA,,CIDADE,COLISÃO TRASEIRA,DOIS AUTO SEM VITIMAS,2,,,,,,,,,0,,Longo da via,Bom,Não existe,Perfeito estado,Seca,Perfeito estado,Não existe,R-6a,,Única,Faixa seccionada,Canteiro central,
2019-05-13,20:03:00,SEM VÍTIMA,FINALIZADA,BOA VIAGEM,AVENIDA CELSO FURTADO (VIA MANGUE),,,DESCIDA DA ALÇA DE ACESSO A RUA GAL MAC ARTUR,AVENIDA CELSO FURTADO (VIA MANGUE),,DESCIDA DA ALÇA DE ACESSO A RUA GAL MAC ARTUR,BOA VIAGEM,,SUBURBIO,COLISÃO TRASEIRA,DOIS AUTO SEM VITIMAS,2,,,,,,,,,0,,Viaduto,Bom,Não existe,Não existente,Seca,Mal iluminada,,Não há placas,60 km/h,Única,,,
2019-05-13,20:18:00,SEM VÍTIMA,FINALIZADA,IPUTINGA,RUA MANOEL JOAQUIM DE ALMEIDA,,RUA EMILIANO BRAGA,,RUA MANOEL JOAQUIM DE ALMEIDA,,,IPUTINGA,,,ABALROAMENTO TRANSVERSAL,NISSAN X DUSTER,2,,,,,,,,,0,,Cruzamento,Bom,Não existe,Não existente,Seca,Mal iluminada,Não existe,Não há placas,,Dupla,Não existe,,
2019-05-14,02:50:00,SEM VÍTIMA,FINALIZADA,DERBY,PRC DO DERBY,63,,EM FRENTE AO QUARTEL DO DERBY,PRC DO DERBY,63,EM FRENTE AO QUARTEL DO DERBY,DERBY,,,COLISÃO TRASEIRA,COLISÃO ENTRE CAMINHÃO E MICRO ÔNIBUS S/V,,,,,,1,1,,,0,,Longo da via,Bom,Não existe,Perfeito estado,Seca,Perfeito estado,Faixa de pedestre,Outras,,Dupla,,,
2019-05-14,05:53:00,SEM VÍTIMA,FINALIZADA,JARDIM SÃO PAULO,AV SAO PAULO,55,,EM FRENTE AO RESIDENCIAL ROMARCO,AV SAO PAULO,55,EM FRENTE AO RESIDENCIAL ROMARCO,JARDIM SÃO PAULO,,,COLISÃO FRONTAL,COLISÃO ENTRE DOIS AUTOS  SEM VÍTIMAS,2,,,,,,,,,0,,Longo da via,Bom,Não existe,Incompleta,Seca,Perfeito estado,Não existe,R-6a,,Dupla,Não existe,,
2019-05-14,06:45:00,SEM VÍTIMA,FINALIZADA,ESPINHEIRO,RUA DO ESPINHEIRO,690,,,RUA DO ESPINHEIRO,690,,ESPINHEIRO,,CIDADE,ABALROAMENTO LONGITUDINAL,ONIBUS E AUTO,1,,,,,1,,,,0,,Longo da via,Bom,Não existe,Perfeito estado,Seca,Perfeito estado,Não existe,R-6a,,Única,Faixa seccionada,,
2019-05-14,07:13:00,COM VÍTIMA,FINALIZADA,AFOGADOS,AV SUL,21,,EM FRENTE A CAIXA ECONOMICA. NA SAÍDA DO TERMINAL DE LARGO DA PAZ.,AV SUL,21,EM FRENTE A CAIXA ECONOMICA. NA SAÍDA DO TERMINAL DE LARGO DA PAZ.,AFOGADOS,,CIDADE,ABALROAMENTO LONGITUDINAL,AUTO E ÔNIBUS.,1,,,,,1,,,,1,,Outros,,,Perfeito estado,Seca,Perfeito estado,,Outras,,Única,Faixa,,
2019-05-14,07:36:00,SEM VÍTIMA,FINALIZADA,MADALENA,RUA JOSE BONIFACIO,25A,,EM FRENTE A JOAO DA CARNE DE SOL,RUA JOSE BONIFACIO,25A,EM FRENTE A JOAO DA CARNE DE SOL,MADALENA,,SUBURBIO,ABALROAMENTO TRANSVERSAL,ONIBUS E AUTO,1,,,,,1,,,,0,,Longo da via,Bom,Não existe,Perfeito estado,Seca,Perfeito estado,Outros,Outras,60 km/h,Única,Faixa contínua,Faixa seccionada,
2019-05-14,07:40:00,SEM VÍTIMA,FINALIZADA,PRADO,RUA SANTA EDWIRGES,233,AV ENGENHEIRO ABDIAS DE CARVALHO,BOSCH SERVICE,RUA SANTA EDWIRGES,233,BOSCH SERVICE,PRADO,354,CIDADE,ABALROAMENTO TRANSVERSAL,COLISÃO S/ VITIMAS ENTRES DOIS AUTOS,2,,,,,,,,,0,,Longo da via,Bom,Sem defeito,Perfeito estado,Seca,Perfeito estado,Faixa de pedestre,,,Dupla,Faixa seccionada,Canteiro central,
2019-05-14,07:54:00,SEM VÍTIMA,FINALIZADA,IMBIRIBEIRA,AV MARECHAL MASCARENHAS DE MORAES,,,,AV MARECHAL MASCARENHAS DE MORAES,,,IMBIRIBEIRA,168,SUBURBIO,ABALROAMENTO LONGITUDINAL,COLISÃO S/VITIMA ENTRE DOIS AUTOS,2,,,,,,,,,0,,Cruzamento,Bom,Sem defeito,Perfeito estado,Seca,Perfeito estado,,Placas Pare,,Dupla,Faixa seccionada,Canteiro central,
2019-05-14,08:14:00,SEM VÍTIMA,FINALIZADA,SÃO JOSÉ,AV DANTAS BARRETO,,,PRAÇA SERGIO LOURETO,AV DANTAS BARRETO,,PRAÇA SERGIO LOURETO,SÃO JOSÉ,35,CIDADE,ABALROAMENTO LONGITUDINAL,COLISÃO S/ VITIMA ENTRE DOIS AUTOS,2,,,,,,,,,0,,Longo da via,Bom,Sem defeito,Perfeito estado,Seca,Perfeito estado,Não existe,Não há placas,,Dupla,Faixa contínua,,
2019-05-14,08:18:00,SEM VÍTIMA,FINALIZADA,ESTÂNCIA,RUA JUAREZ MILLET,,RUA ANTONIO CARNEIRO,PRÓXIMO AO MERCARDINHO VITÓRIA,RUA JUAREZ MILLET,,PRÓXIMO AO MERCARDINHO VITÓRIA,ESTÂNCIA,,SUBURBIO,ABALROAMENTO TRANSVERSAL,DOIS AUTOS,2,,,,,,,,,0,,Cruzamento,Bom,Não existe,Perfeito estado,Seca,Perfeito estado,Não existe,Não há placas,,Dupla,Não existe,,
2019-05-14,10:09:00,COM VÍTIMA,FINALIZADA,IPUTINGA,AV CAXANGA,3124,,EM FRENTE A MOVIDA,AV CAXANGA,3124,EM FRENTE A MOVIDA,IPUTINGA,,SUBURBIO,ATROPELAMENTO,ATROPELAMENTO ENTRE MOTO E PEDESTRE.,,1,,,1,,,,,1,,Longo da via,Bom,Sem defeito,Perfeito estado,Seca,Perfeito estado,Não existe,Outras,,Única,Faixa seccionada,Canteiro central,
2019-05-14,10:16:00,COM VÍTIMA,FINALIZADA,AFOGADOS,RUA SAO MIGUEL,893,RUA ODILON TUCUMAN,EM FRENTE AO EXERCITO 14° BATALHÃO  SENT. CIDADE,RUA SAO MIGUEL,893,EM FRENTE AO EXERCITO 14° BATALHÃO  SENT. CIDADE,AFOGADOS,,CIDADE,ABALROAMENTO TRANSVERSAL,CAMINHÃO E MOTO,,1,,,,,1,,,1,,Esquina,Bom,Não existe,Não existente,Seca,Perfeito estado,Não existe,Não há placas,50 km/h,Dupla,Faixa contínua,,
2019-05-14,11:07:00,SEM VÍTIMA,FINALIZADA,ARRUDA,AV PROFESSOR JOSE DOS ANJOS,,RUA PETRONILA BOTELHO,AO LADO CAMPO DO ARRUDA,AV PROFESSOR JOSE DOS ANJOS,,AO LADO CAMPO DO ARRUDA,ARRUDA,54,CIDADE,COLISÃO TRASEIRA,TRES AUTOS,2,,,,,,,,,0,,Cruzamento,Bom,Sem defeito,Perfeito estado,Seca,Perfeito estado,Faixa de pedestre,Outras,,Dupla,Faixa seccionada,Canteiro central,Canal
2019-05-14,11:08:00,SEM VÍTIMA,FINALIZADA,ESPINHEIRO,AV GOVERNADOR AGAMENON MAGALHAES,,,LADO OPOSTO MEDICAL,AV GOVERNADOR AGAMENON MAGALHAES,,LADO OPOSTO MEDICAL,ESPINHEIRO,,SUBURBIO,ABALROAMENTO LONGITUDINAL,COLISÃO S/VITIMAS ENTRE UM AUTO E UM CAMINHÃO,1,,,,,,1,,,0,,Longo da via,Bom,Sem defeito,Perfeito estado,Seca,Perfeito estado,Não existe,Outras,60 km/h,Única,Faixa seccionada,,
2019-05-14,11:17:00,SEM VÍTIMA,FINALIZADA,BOA VISTA,RUA DO PROGRESSO,388,,EDF ANA MARIA,RUA DO PROGRESSO,388,EDF ANA MARIA,BOA VISTA,,CIDADE,ABALROAMENTO LONGITUDINAL,MOTO E AUTO,1,1,,,,,,,,0,,Longo da via,Bom,Não existe,Perfeito estado,Seca,Perfeito estado,Não existe,Outras,40 km/h,Única,Não existe,,
2019-05-14,11:37:00,SEM VÍTIMA,CANCELADA,AREIAS,AV RECIFE,554,,EM FRENTE A IMPERIAL EQUIPAMENTO,AV RECIFE,554,EM FRENTE A IMPERIAL EQUIPAMENTO,AREIAS,,,COLISÃO,CARRETA E AUTO PASSEIO,1,,,,,,1,,,0,,,,,,,,,,,,,,
2019-05-14,11:37:00,SEM VÍTIMA,FINALIZADA,GRAÇAS,AV RUI BARBOSA,1105,,EM FRENTE A CONCESSIONÁRIA TOYOLEX,AV RUI BARBOSA,1105,EM FRENTE A CONCESSIONÁRIA TOYOLEX,GRAÇAS,,CIDADE,ABALROAMENTO LONGITUDINAL,COLISÃO SEM VITIMAS,1,,,,,1,,,,0,,Longo da via,Bom,Não existe,Perfeito estado,Seca,Perfeito estado,Não existe,Outras,,Única,Faixa seccionada,,
2019-05-14,11:57:00,SEM VÍTIMA,CANCELADA,CORDEIRO,AV MAURICIO DE NASSAU,,,POR TRÁS DA EXPOSIÇÃO DO CORDEIRO E PROXIMO AO GOE,AV MAURICIO DE NASSAU,,POR TRÁS DA EXPOSIÇÃO DO CORDEIRO E PROXIMO AO GOE,CORDEIRO,,,COLISÃO,COLISÃO SEM VÍTIMA,1,,,,,1,,,,0,,,,,,,,,,,,,,
2019-05-14,12:13:00,SEM VÍTIMA,FINALIZADA,MADALENA,RUA BENFICA,1059,,EM FRENTE A MAXTROC,RUA BENFICA,1059,EM FRENTE A MAXTROC,MADALENA,,,COLISÃO TRASEIRA,COLISÃO SEM VÍTIMA,2,,,,,,,,,0,,Longo da via,Bom,Não existe,Perfeito estado,Seca,Perfeito estado,Não existe,Não há placas,,Única,Faixa seccionada,,
2019-05-14,12:35:00,SEM VÍTIMA,CANCELADA,AFOGADOS,EST DOS REMEDIOS,259,,PROX AO BOMPREÇO DA BENFICA E/F AO SANDUBA DO CARECA,EST DOS REMEDIOS,259,PROX AO BOMPREÇO DA BENFICA E/F AO SANDUBA DO CARECA,AFOGADOS,,,COLISÃO,COLISAO ENTRE ONIBUS E AUTO S/V,1,,,,,1,,,,0,,,,,,,,,,,,,,
2019-05-14,12:55:00,COM VÍTIMA,CANCELADA,IMBIRIBEIRA,AV GENERAL MAC ARTHUR,,,PROX. A ESTAÇÃO DO METRO ANTONIO FALCÃO,AV GENERAL MAC ARTHUR,,PROX. A ESTAÇÃO DO METRO ANTONIO FALCÃO,IMBIRIBEIRA,,,ATROPELAMENTO,ATROPELAMENTO COM EVASÃO,,1,,1,,,,,,1,,,,,,,,,,,,,,
2019-05-14,13:00:00,SEM VÍTIMA,FINALIZADA,DERBY,AV GOVERNADOR AGAMENON MAGALHAES,,,EM FRENTE AO PRONTO PELE,AV GOVERNADOR AGAMENON MAGALHAES,,EM FRENTE AO PRONTO PELE,DERBY,,,ABALROAMENTO TRANSVERSAL,COLISAO ENTRE ONIBUS E AUTO S/V,1,,,,,1,,,,0,,Longo da via,Bom,Não existe,Perfeito estado,Seca,Perfeito estado,Não existe,Não há placas,60 km/h,Única,Faixa seccionada,,
2019-05-14,13:31:00,SEM VÍTIMA,FINALIZADA,BOA VIAGEM,RUA PROFESSOR JOSE BRANDAO,,RUA ANTONIO DE SA LEITAO,BANCA DO PRIMO,RUA PROFESSOR JOSE BRANDAO,,BANCA DO PRIMO,BOA VIAGEM,,SUBURBIO,ABALROAMENTO TRANSVERSAL,COLISÃO SEM VITIMAS,1,1,,,,,,,,0,,Longo da via,Bom,Não existe,Perfeito estado,Seca,Perfeito estado,Faixa de retenção,Placas Pare,,Dupla,Faixa seccionada,,
2019-05-14,13:49:00,SEM VÍTIMA,FINALIZADA,ESPINHEIRO,AV NORTE,,,EM FRENTE AO Nº 2103,AV NORTE,,EM FRENTE AO Nº 2103,ESPINHEIRO,,CIDADE,COLISÃO TRASEIRA,COLISAO ENTRE DOIS AUTOS S/V,2,,,,,,,,,0,,Longo da via,Bom,Sem defeito,Perfeito estado,Seca,Perfeito estado,Não existe,R-6a,,Dupla,Faixa seccionada,Canteiro central,
2019-05-14,13:56:00,SEM VÍTIMA,CANCELADA,IBURA,RUA RIO XINGU,,RUA RIO TAPADO,E/F AO POSTO PETROBRAS,RUA RIO XINGU,,E/F AO POSTO PETROBRAS,IBURA,,,COLISÃO,COLISAO ENTRE AUTO E MOTO COM UMA VITIMA,1,1,,,,,,,,0,,,,,,,,,,,,,,
2019-05-14,14:10:00,SEM VÍTIMA,FINALIZADA,AFOGADOS,RUA SAO MIGUEL,,,SOB O SEMÁFORO 391,RUA SAO MIGUEL,,SOB O SEMÁFORO 391,AFOGADOS,391,SUBURBIO,COLISÃO TRASEIRA,COLISAO ENTRE DOIS AUTOS S/V,2,,,,,,,,,0,,Longo da via,Bom,Sem defeito,Perfeito estado,Seca,Perfeito estado,Faixa de pedestre,Não há placas,,Dupla,Faixa contínua,,
2019-05-14,14:20:00,SEM VÍTIMA,FINALIZADA,BOA VIAGEM,AV CONSELHEIRO AGUIAR,3645,,FRUTARIA,AV CONSELHEIRO AGUIAR,3645,FRUTARIA,BOA VIAGEM,,CIDADE,COLISÃO TRASEIRA,COLISÃO SEM VÍTIMA,1,1,,,,,,,,0,,Longo da via,Bom,Não existe,Não existente,Seca,Perfeito estado,Não existe,Não há placas,60 km/h,Única,Faixa seccionada,,
2019-05-14,14:42:00,SEM VÍTIMA,DUPLICIDADE,BEBERIBE,AV BEBERIBE,,EST VELHA DE AGUA FRIA,,AV BEBERIBE,,,BEBERIBE,,,COLISÃO,,,,,,,,,,,0,,,,,,,,,,,,,,
2019-05-14,14:48:00,SEM VÍTIMA,FINALIZADA,BAIRRO DO RECIFE,RUA DO OBSERVATORIO,,CAIS DO APOLO,POLÍCIA FEDERAL,RUA DO OBSERVATORIO,,POLÍCIA FEDERAL,BAIRRO DO RECIFE,,,ABALROAMENTO LONGITUDINAL,COLISAO ENTRE DOIS AUTOS S/V,2,,,,,,,,,0,,Longo da via,Bom,Não existe,Perfeito estado,Seca,Perfeito estado,Não existe,,,Dupla,Faixa seccionada,Canteiro central,
2019-05-14,14:51:00,VÍTIMA FATAL,FINALIZADA,ÁGUA FRIA,AV BEBERIBE,,EST VELHA DE AGUA FRIA,E/F A MILENA MOVEIS S/T SUB VT 12 NO LOCAL,AV BEBERIBE,,E/F A MILENA MOVEIS S/T SUB VT 12 NO LOCAL,ÁGUA FRIA,405,CIDADE,ATROPELAMENTO,ATROPELAMENTO ENTRE ONIBUS E PEDESTRE,,,,,1,1,,,,,1,Longo da via,Bom,Sem defeito,Perfeito estado,Seca,Perfeito estado,Faixa de pedestre,R-6a,,Única,Não existe,,
2019-05-14,15:28:00,SEM VÍTIMA,FINALIZADA,ENCRUZILHADA,AV JOAO DE BARROS,1883,,BANCO BRADESCO,AV JOAO DE BARROS,1883,BANCO BRADESCO,ENCRUZILHADA,,CIDADE,ABALROAMENTO LONGITUDINAL,COLISÃO SEM VITIMA,1,,,,,,1,,,0,,Longo da via,Bom,Não existe,Perfeito estado,Seca,Perfeito estado,Não existe,R-6a,,Única,Faixa seccionada,,
2019-05-14,15:43:00,COM VÍTIMA,FINALIZADA,SÃO JOSÉ,RUA IMPERIAL,,TRV DO RAPOSO,E/F O ARQUIVO PUBLICO,RUA IMPERIAL,,E/F O ARQUIVO PUBLICO,SÃO JOSÉ,,,COLISÃO,COLISAO ENTRE DUAS MOTOS S/V,,2,,,,,,,,1,,,,,,,,,,,,,,
2019-05-14,15:55:00,SEM VÍTIMA,FINALIZADA,TORREÃO,AV NORTE,1633,,LADO OPOSTO AO Nº 1633,AV NORTE,1633,LADO OPOSTO AO Nº 1633,TORREÃO,,SUBURBIO,COLISÃO TRASEIRA,COLISAO ENTRE AUTO E TAXI S/V,2,,,,,,,,,0,,Longo da via,Bom,Não existe,Incompleta,Seca,Perfeito estado,Não existe,Outras,,Dupla,Faixa seccionada,,
2019-05-14,16:31:00,SEM VÍTIMA,FINALIZADA,BOA VIAGEM,AVENIDA CELSO FURTADO (VIA MANGUE),,,SOB O VIADUTO DOM JOÃO VI,AVENIDA CELSO FURTADO (VIA MANGUE),,SOB O VIADUTO DOM JOÃO VI,BOA VIAGEM,,SUBURBIO,COLISÃO TRASEIRA,COLISÃO SEM VITIMA,1,,,,,1,,,,0,,Longo da via,Bom,Não existe,Perfeito estado,Seca,Perfeito estado,,Placas Pare,60 km/h,Dupla,,,
2019-05-14,17:28:00,SEM VÍTIMA,CANCELADA,BOA VIAGEM,AV ENGENHEIRO DOMINGOS FERREIRA,,,EM FRENTE AO SEMAFORO 231...E A LOJA AMARELO MEL,AV ENGENHEIRO DOMINGOS FERREIRA,,EM FRENTE AO SEMAFORO 231...E A LOJA AMARELO MEL,BOA VIAGEM,,,COLISÃO,COLISÃO SEM VITIMA,2,,,,,,,,,0,,,,,,,,,,,,,,
2019-05-14,17:34:00,COM VÍTIMA,FINALIZADA,PINA,AVENIDA CELSO FURTADO (VIA MANGUE),,,ANTES DO VIADUTO S/T CID PROX AO TUNEL DO RIOMAR,AVENIDA CELSO FURTADO (VIA MANGUE),,ANTES DO VIADUTO S/T CID PROX AO TUNEL DO RIOMAR,PINA,,CIDADE,ABALROAMENTO LONGITUDINAL,COLISAO ENTRE AUTO E MOTO COM UMA VITIMA,1,1,,,,,,,,1,,Longo da via,Bom,Não existe,Perfeito estado,Seca,Perfeito estado,Outros,Não há placas,60 km/h,Dupla,Canteiro central,,
2019-05-14,18:27:00,SEM VÍTIMA,FINALIZADA,ILHA DO LEITE,AV FREI MATIAS TEVES,,RUA JORNALISTA TRAJANO CHACON,ALFRED NOBEL,AV FREI MATIAS TEVES,,ALFRED NOBEL,ILHA DO LEITE,,,ABALROAMENTO TRANSVERSAL,DOIS AUTO SEM VITIMAS,2,,,,,,,,,0,,Cruzamento,Bom,Não existe,Perfeito estado,Seca,Perfeito estado,Outros,Placas Pare,30 km/h,Única,Faixa seccionada,,
2019-05-14,18:36:00,SEM VÍTIMA,FINALIZADA,ROSARINHO,RUA DES MARTINS PEREIRA,,RUA TELES JUNIOR,,RUA DES MARTINS PEREIRA,,,ROSARINHO,,SUBURBIO,COLISÃO TRASEIRA,AUTO E MOTO SEM VITIMAS,1,1,,,,,,,,0,,Cruzamento,Bom,Não existe,Perfeito estado,Seca,Perfeito estado,Faixa de pedestre,Placas Pare,,Única,,,
2019-05-14,18:52:00,SEM VÍTIMA,FINALIZADA,DERBY,RUA JORNALISTA PAULO BITTENCOURT,,,AO LADO DA RESTAURAÇAO,RUA JORNALISTA PAULO BITTENCOURT,,AO LADO DA RESTAURAÇAO,DERBY,,SUBURBIO,ABALROAMENTO LONGITUDINAL,ONIX X AUTO,2,,,,,,,,,0,,Longo da via,Bom,Não existe,Perfeito estado,Seca,Perfeito estado,Não existe,Não há placas,,Dupla,Não existe,,
2019-05-14,21:52:00,COM VÍTIMA,CANCELADA,CORDEIRO,AV MAURICIO DE NASSAU,51,RUA N S DA SAUDE,POR TRÁS DA EXPOSIÇÃO DE ANIMAIS,AV MAURICIO DE NASSAU,51,POR TRÁS DA EXPOSIÇÃO DE ANIMAIS,CORDEIRO,,,COLISÃO,AUTO E MOTO COM VITIMAS,1,1,,,,,,,,1,,,,,,,,,,,,,,
2019-05-14,22:10:00,SEM VÍTIMA,FINALIZADA,MADALENA,RUA JOSE HIGINO,,,LADO OPOSTO AO Nº 32,RUA JOSE HIGINO,,LADO OPOSTO AO Nº 32,MADALENA,,SUBURBIO,CHOQUE VEÍCULO PARADO,VT DA POLICIA MILITAR X HR V,1,,,,,,,1,,0,,Longo da via,Bom,Não existe,Perfeito estado,Seca,Perfeito estado,Faixa de retenção,Placas Pare,,Única,Não existe,,
2019-05-15,05:57:00,COM VÍTIMA,FINALIZADA,BOA VIAGEM,RUA VISCONDE DE JEQUITINHONHA,,AV ARMINDO MOURA,,RUA VISCONDE DE JEQUITINHONHA,,,BOA VIAGEM,258,CIDADE,ABALROAMENTO TRANSVERSAL,COLISÃO ENVOLVENDO AUTOMÓVEL E MOTOCICLETA,1,1,,,,,,,,1,,Cruzamento,Bom,Sem defeito,Perfeito estado,Seca,Perfeito estado,,,,Dupla,Faixa,,
2019-05-15,06:50:00,SEM VÍTIMA,CANCELADA,CORDEIRO,EST DO FORTE DO ARRAIAL N. DO B. JESUS,697,RUA GOMES TABORDA,NO SEMAFORO 249  PROX. A HIDROVITAL,EST DO FORTE DO ARRAIAL N. DO B. JESUS,697,NO SEMAFORO 249  PROX. A HIDROVITAL,CORDEIRO,,,COLISÃO,TRES AUTOS,3,,,,,,,,,0,,,,,,,,,,,,,,
2019-05-15,07:18:00,SEM VÍTIMA,FINALIZADA,PAISSANDU,AV GOVERNADOR AGAMENON MAGALHAES,4318,,EM FRENTE AO EMPRESARIAL RENATO DIAS,AV GOVERNADOR AGAMENON MAGALHAES,4318,EM FRENTE AO EMPRESARIAL RENATO DIAS,PAISSANDU,,,ABALROAMENTO LONGITUDINAL,DOIS AUTOS,2,,,,,,,,,0,,Longo da via,Bom,Não existe,,Seca,Perfeito estado,,,60 km/h,Dupla,Canteiro central,,
2019-05-15,07:25:00,SEM VÍTIMA,FINALIZADA,IPUTINGA,RUA PAUL HARRIS,53,,,RUA PAUL HARRIS,53,,IPUTINGA,,SUBURBIO,COLISÃO TRASEIRA,SEM VITIMAS,2,,,,,,,,,0,,Longo da via,Bom,Não existe,Perfeito estado,Seca,Perfeito estado,Não existe,R-6a,,Única,Não existe,,
2019-05-15,08:01:00,SEM VÍTIMA,FINALIZADA,BOA VIAGEM,RUA DR LUIZ INACIO PESSOA DE MELO,296,,PROX. AO SUPERMERCADO RM,RUA DR LUIZ INACIO PESSOA DE MELO,296,PROX. AO SUPERMERCADO RM,BOA VIAGEM,,SUBURBIO,ABALROAMENTO LONGITUDINAL,AUTO E MOTO,1,1,,,,,,,,0,,Longo da via,Bom,Não existe,Incompleta,Seca,Mal conservada,Não existe,Não há placas,,Dupla,Não existe,,
2019-05-15,09:10:00,COM VÍTIMA,FINALIZADA,ARRUDA,RUA SAO BENTO,46,,EM FRENTE A SERRALHARIA NOSSA SENHORA DA CONCEIÇÃO,RUA SAO BENTO,46,EM FRENTE A SERRALHARIA NOSSA SENHORA DA CONCEIÇÃO,ARRUDA,,CIDADE,CHOQUE VEÍCULO PARADO,CHOQUE ENVOLVENDO DOIS AUTOMÓVEIS.,2,,,,,,,,,1,,Longo da via,Chuvoso,Não existe,Perfeito estado,Molhada,Perfeito estado,Não existe,R-6a,,Única,Faixa,,