data,hora,natureza_acidente,situacao,bairro,endereco,numero,detalhe_endereco_acidente,complemento,endereco_cruzamento,numero_cruzamento,referencia_cruzamento,bairro_cruzamento,num_semaforo,sentido_via,tipo,descricao,auto,moto,ciclom,ciclista,pedestre,onibus,caminhao,viatura,outros,vitimas,vitimasfatais,acidente_verificado,tempo_clima,situacao_semaforo,sinalizacao,condicao_via,conservacao_via,ponto_controle,situacao_placa,velocidade_max_via,mao_direcao,divisao_via1,divisao_via2,divisao_via3
2019-05-15,09:40:00,SEM VÍTIMA,FINALIZADA,BOA VISTA,RUA JOAO FERNANDES VIEIRA,,,EM FRENTE A DROGARIA SÃO PAULO,RUA JOAO FERNANDES VIEIRA,,EM FRENTE AO WALMART,BOA VISTA,,SUBURBIO,ABALROAMENTO LONGITUDINAL,COLISÃO S/ VITIMA ENTRE UM ONIBUS E AUTO,1,,,,,1,,,,0,,Longo da via,Bom,Não existe,Ilegível,Seca,Mal iluminada,Não existe,Não há placas,,Única,Não existe,,
2019-05-15,09:55:00,SEM VÍTIMA,FINALIZADA,BOA VIAGEM,AV FERNANDO SIMOES BARBOSA,646,RUA RIBEIRO DE BRITO,EM FRENTE AO CASTELO REALE,AV FERNANDO SIMOES BARBOSA,646,EM FRENTE AO CASTELO REALE,BOA VIAGEM,332,SUBURBIO,COLISÃO TRASEIRA,COLISÃO SEM VITIMAS,2,,,,,,,,,0,,Longo da via,Bom,Sem defeito,Perfeito estado,Seca,Perfeito estado,Faixa de pedestre,Outras,,Dupla,Canal,,
2019-05-15,11:28:00,SEM VÍTIMA,FINALIZADA,SANTO ANTÔNIO,PRC DA REPUBLICA,,AV MARTINS DE BARROS,PRAÇA DA REPÚBLICA,PRC DA REPUBLICA,,PRAÇA DA REPÚBLICA,SANTO ANTÔNIO,165,CIDADE,ABALROAMENTO LONGITUDINAL,CAMINHÃO E AUTO,1,,,,,,1,,,0,,Longo da via,Bom,Sem defeito,Perfeito estado,Seca,Perfeito estado,Faixa de pedestre,Outras,,Única,Faixa seccionada,,
2019-05-15,11:44:00,COM VÍTIMA,FINALIZADA,BOA VISTA,AV JOAO DE BARROS,408,,EM FRENTE AO CORPO DE BOMBEIRO,AV JOAO DE BARROS,408,EM FRENTE AO CORPO DE BOMBEIRO,BOA VISTA,,CIDADE,COLISÃO TRASEIRA,COLISÃO ENVOLVENDO AUTOMÓVEL E MOTOCICLETA,1,1,,,,,,,,1,,Longo da via,Bom,Não existe,Perfeito estado,Seca,Perfeito estado,Faixa de pedestre,R-6a,,Única,Faixa contínua,,
2019-05-15,12:21:00,SEM VÍTIMA,FINALIZADA,BOA VISTA,RUA DOM BOSCO,,,SEMÁFORO 27,RUA DOM BOSCO,,SEMÁFORO 27,BOA VISTA,27,SUBURBIO,COLISÃO TRASEIRA,COLISÃO SEM VITIMA,2,,,,,,,,,0,,Longo da via,Bom,Sem defeito,Perfeito estado,Seca,Perfeito estado,Faixa de pedestre,Não há placas,,Única,Faixa contínua,,
2019-05-15,12:28:00,COM VÍTIMA,FINALIZADA,SANTO AMARO,RUA AURORA,,,EM FRENTE AO TRIBUNAL DE CONTAS,RUA AURORA,,EM FRENTE AO TRIBUNAL DE CONTAS,SANTO AMARO,,SUBURBIO,ABALROAMENTO LONGITUDINAL,COLISÃO ENVOLVENDO AUTOMÓVEL E MOTOCICLETA,1,1,,,,,,,,1,,Longo da via,Bom,Não existe,Perfeito estado,Seca,Perfeito estado,,,,Dupla,Canteiro central,,
2019-05-15,13:31:00,COM VÍTIMA,FINALIZADA,GRAÇAS,RUA GUILHERME PINTO,155,,AO LADO INSTITUTO ANTONIO PESSOAS DE QUEIROZ,RUA GUILHERME PINTO,155,AO LADO INSTITUTO ANTONIO PESSOAS DE QUEIROZ,GRAÇAS,432,CIDADE,CHOQUE VEÍCULO PARADO,CHOQUE ENVOLVENDO AUTOMÓVEL E MOTOCICLETA.,1,1,,,,,,,,1,,Longo da via,Bom,Sem defeito,Perfeito estado,Seca,Perfeito estado,Agente,Outras,,Única,,,
2019-05-15,13:46:00,SEM VÍTIMA,FINALIZADA,IMBIRIBEIRA,RUA ITACARI,80,,DE FRENTE O COMÉCIO BOX 61,RUA ITACARI,80,DE FRENTE O COMÉCIO BOX 61,IMBIRIBEIRA,,SUBURBIO,ABALROAMENTO LONGITUDINAL,COLISÃO SEM VÍTIMA,1,,,,,1,,,,0,,Longo da via,Bom,Não existe,Não existente,Seca,Perfeito estado,Não existe,Não há placas,,Única,Não existe,,
2019-05-15,14:27:00,SEM VÍTIMA,CANCELADA,TAMARINEIRA,AV NORTE,4390,,EM FRENTE AO POSTO BR E AO SESC,AV NORTE,4390,EM FRENTE AO POSTO BR E AO SESC,TAMARINEIRA,,SUBURBIO,COLISÃO,COLISÃO SEM VÍTIMA,2,,,,,,,,,0,,,,,,,,,,,,,,
2019-05-15,15:14:00,COM VÍTIMA,FINALIZADA,BOA VISTA,RUA DO RIACHUELO,,,EM FRENTE AO ESTACIONAMENTO SANPARK,RUA DO RIACHUELO,,EM FRENTE AO ESTACIONAMENTO SANPARK,BOA VISTA,,SUBURBIO,ABALROAMENTO LONGITUDINAL,COLISÃO ENVOLVENDO AUTOMÓVEL E MOTOCICLETA,1,1,,,,,,,,1,,Longo da via,Bom,Não existe,Perfeito estado,Seca,Perfeito estado,Faixa de pedestre,,,Dupla,Canteiro central,,
2019-05-15,15:22:00,SEM VÍTIMA,FINALIZADA,MADALENA,RUA JOSE OSORIO,183,,E/F AO POSTO DA CAPUNGA,RUA JOSE OSORIO,183,E/F AO POSTO DA CAPUNGA,MADALENA,,SUBURBIO,ABALROAMENTO LONGITUDINAL,COLISAO ENTRE TRES AUTOS S/V,3,,,,,,,,,0,,Longo da via,Bom,Não existe,Perfeito estado,Seca,Perfeito estado,Não existe,R-6a,,Única,Faixa seccionada,,
2019-05-15,15:29:00,COM VÍTIMA,CANCELADA,BOA VIAGEM,AV ENGENHEIRO DOMINGOS FERREIRA,,,NO SEMAFORO 217,AV ENGENHEIRO DOMINGOS FERREIRA,,NO SEMAFORO 217,BOA VIAGEM,,,COLISÃO COM CICLISTA,COLISAO COM O CICLISTA,1,,,1,,,,,,1,,,,,,,,,,,,,,
2019-05-15,15:51:00,COM VÍTIMA,FINALIZADA,ARRUDA,RUA PROFESSOR JERONIMO GUEIROS,,RUA DR EDUARDO WANDERLEY,PERTO DO CANAL DO ARRUDA,RUA PROFESSOR JERONIMO GUEIROS,,PERTO DO CANAL DO ARRUDA,ARRUDA,,SUBURBIO,ABALROAMENTO LONGITUDINAL,COLISÃO ENVOLVENDO AUTOMÓVEL E MOTOCICLETA,1,1,,,,,,,,1,,Esquina,Bom,Não existe,Perfeito estado,Seca,Perfeito estado,Não existe,Não há placas,,Dupla,Não existe,,
2019-05-15,15:54:00,SEM VÍTIMA,FINALIZADA,CASA FORTE,AV DEZESSETE DE AGOSTO,,,AO LADO DO BARCHEF,AV DEZESSETE DE AGOSTO,,AO LADO DO BARCHEF,CASA FORTE,410,SUBURBIO,COLISÃO TRASEIRA,COLISÃO SEM VÍTIMA,3,,,,,,,,,0,,Longo da via,Bom,Sem defeito,Perfeito estado,Seca,Perfeito estado,Faixa de pedestre,R-6a,,Dupla,Faixa contínua,,
2019-05-15,16:18:00,SEM VÍTIMA,FINALIZADA,IPSEP,RUA SAO NICOLAU,,RUA ABDIAS CABRAL DE MOURA,HONDA - MARAVILHOSA MOTOS,RUA SAO NICOLAU,,HONDA - MARAVILHOSA MOTOS,IPSEP,315,SUBURBIO,ABALROAMENTO LONGITUDINAL,COLISAO ENTRE AUTO E CAMINHAO S/V,1,,,,,,1,,,0,,Cruzamento,Bom,Sem defeito,Perfeito estado,Seca,Perfeito estado,,R-6a,,Única,Não existe,,
2019-05-15,17:12:00,SEM VÍTIMA,FINALIZADA,ARRUDA,RUA BOLIVAR,,,AO LADO DO DEPÓSITO DO ARMAZÉM CORAL,RUA BOLIVAR,,AO LADO DO DEPÓSITO DO ARMAZÉM CORAL,ARRUDA,35,,COLISÃO TRASEIRA,COLISÃO SEM VITIMA,2,,,,,,,,,0,,Longo da via,Bom,Não existe,Não existente,Seca,Perfeito estado,Não existe,Não há placas,,Dupla,Faixa contínua,,
2019-05-15,17:34:00,COM VÍTIMA,FINALIZADA,AFOGADOS,RUA MOTOCOLOMBO,143,,AO LADO DO BANCO SANTANDER,RUA MOTOCOLOMBO,143,AO LADO DO BANCO SANTANDER,AFOGADOS,,SUBURBIO,ATROPELAMENTO,ATROPELAMENTO ENVOLVENDO ÔNIBUS E PEDESTRE.,,,,,1,1,,,,1,,Longo da via,Bom,Não existe,Perfeito estado,Seca,Perfeito estado,Não existe,Não há placas,,Única,Faixa,,
2019-05-15,17:47:00,SEM VÍTIMA,CANCELADA,BOA VISTA,AV CONDE DA BOA VISTA,,,PROX A FAFIRE,AV CONDE DA BOA VISTA,,PROX A FAFIRE,BOA VISTA,,,COLISÃO,COLISAO ENTRE AUTO E MOTO S/V,1,1,,,,,,,,0,,,,,,,,,,,,,,
2019-05-15,18:17:00,SEM VÍTIMA,CANCELADA,IMBIRIBEIRA,RUA ARQUITETO LUIZ NUNES,,,PROX AO TREVO QUE DA ACESSO A MASCARENHA PROX A ESCOLA PINHEIROS,RUA ARQUITETO LUIZ NUNES,,PROX AO TREVO QUE DA ACESSO A MASCARENHA PROX A ESCOLA PINHEIROS,IMBIRIBEIRA,,,COLISÃO,LOGAN X MOTO,1,1,,,,,,,,0,,,,,,,,,,,,,,
2019-05-15,18:18:00,SEM VÍTIMA,FINALIZADA,ALTO JOSÉ DO PINHO,RUA SEVERINO BERNARDINO PEREIRA,398,,,RUA SEVERINO BERNARDINO PEREIRA,398,,ALTO JOSÉ DO PINHO,,,ABALROAMENTO LONGITUDINAL,ENTRE AUTO E CAMINHÃO. S/V,1,,,,,,1,,,0,,Longo da via,Bom,Não existe,Incompleta,Seca,Perfeito estado,Não existe,Outras,,Dupla,Não existe,,
2019-05-15,18:39:00,SEM VÍTIMA,CANCELADA,PINA,PTE GOVERNADOR PAULO GUERRA,1021,,AS PARTES FOI ORIENTADAS A SAIR DA PONTE PROX A ENTRADA DO SHOPPING RIO MAR PARA DEIXAR O ACESSO LIVRE AS PARTES ENVOLVIDAS SE LOCOMOVERAM ENF AO ATACADO DA CONSTRUÇAO,PTE GOVERNADOR PAULO GUERRA,1021,AS PARTES FOI ORIENTADAS A SAIR DA PONTE PROX A ENTRADA DO SHOPPING RIO MAR PARA DEIXAR O ACESSO LIVRE AS PARTES ENVOLVIDAS SE LOCOMOVERAM ENF AO ATACADO DA CONSTRUÇAO,PINA,,,ENGAVETAMENTO,PALIO X FORD K X IDEIA,3,,,,,,,,,0,,,,,,,,,,,,,,
2019-05-15,18:58:00,SEM VÍTIMA,FINALIZADA,ALTO JOSÉ DO PINHO,RUA MONTE HOREB,190,,EM FRENTE AO IMÓVEL 190,RUA MONTE HOREB,190,EM FRENTE AO IMÓVEL 190,ALTO JOSÉ DO PINHO,,SUBURBIO,ABALROAMENTO LONGITUDINAL,ONIX X FAIT UNO,2,,,,,,,,,0,,Longo da via,Bom,Não existe,Perfeito estado,Seca,Perfeito estado,,R-6c,30 km/h,Dupla,Não existe,,
2019-05-15,19:22:00,COM VÍTIMA,FINALIZADA,SANTO AMARO,AV PREFEITO ARTUR LIMA CAVALCANTI,,AV NORTE,,AV PREFEITO ARTUR LIMA CAVALCANTI,,,SANTO AMARO,243,SUBURBIO,ATROPELAMENTO,ATROPELAMENTO ENVOLVENDO MOTO E PEDESTRE.,,1,,,1,,,,,1,,Longo da via,Bom,Não existe,Incompleta,Seca,Perfeito estado,Não existe,Não há placas,,Única,Faixa seccionada,,
2019-05-15,22:06:00,COM VÍTIMA,FINALIZADA,BEBERIBE,AV BEBERIBE,3530,RUA CONS BARROS BARRETO,E/F AO SEST SENAT E AO CONDOMINIO DO CONJUNTO JOÃO PAULO II,AV BEBERIBE,3530,E/F AO SEST SENAT E AO CONDOMINIO DO CONJUNTO JOÃO PAULO II,BEBERIBE,,SUBURBIO,ABALROAMENTO TRANSVERSAL,COLISÃO ENTRE ÔNIBUS E CAMINHÃO.,,,,,,1,1,,,4,,Longo da via,Bom,Não existe,Perfeito estado,Seca,Perfeito estado,Não existe,Outras,,Dupla,Faixa contínua,,
2019-05-16,06:41:00,SEM VÍTIMA,FINALIZADA,IBURA,RUA RIO BRIGIDA,588,RUA RIO PARANAIBA,POR TRAS DO VAREJÃO ESTRELA,RUA RIO BRIGIDA,588,POR TRAS DO VAREJÃO ESTRELA,IBURA,,SUBURBIO,ABALROAMENTO LONGITUDINAL,COLISAO SEM VITIMAS,2,,,,,,,,,0,,Cruzamento,Bom,Não existe,Ilegível,Seca,Mal conservada,,Não há placas,,Dupla,Não existe,,
2019-05-16,07:06:00,COM VÍTIMA,FINALIZADA,ESPINHEIRO,RUA QUARENTA E OITO,560,RUA CONS PORTELA,EM FRENTE A FARMACIA PAGUE MENOS,RUA QUARENTA E OITO,560,EM FRENTE A FARMACIA PAGUE MENOS,ESPINHEIRO,11,CIDADE,CHOQUE VEÍCULO PARADO,CHOQUE ENVOLVENDO AUTOMÓVEL E MOTOCICLETA.,1,1,,,,,,,,1,,Longo da via,Bom,Sem defeito,Perfeito estado,Seca,Perfeito estado,Faixa de pedestre,R-4a,,Única,Faixa contínua,,
2019-05-16,07:13:00,SEM VÍTIMA,FINALIZADA,ESPINHEIRO,RUA CONS PORTELA,560,,EM FRENTE AO MINUTO PÃO DE AÇUCAR,RUA CONS PORTELA,560,EM FRENTE AO MINUTO PÃO DE AÇUCAR,ESPINHEIRO,,CIDADE,ABALROAMENTO LONGITUDINAL,SEM VITIMAS,1,,,,,1,,,,0,,Longo da via,Bom,Não existe,Perfeito estado,Seca,Perfeito estado,Não existe,Outras,,Única,Faixa seccionada,,
2019-05-16,07:28:00,SEM VÍTIMA,FINALIZADA,MADALENA,AV VISCONDE DE ALBUQUERQUE,439,RUA BARTOLOMEU DE GUSMAO,AO LADO DA PADARIA ENGENHO MADALENA,AV VISCONDE DE ALBUQUERQUE,439,AO LADO DA PADARIA ENGENHO MADALENA,MADALENA,,SUBURBIO,ABALROAMENTO TRANSVERSAL,COLISAO SEM VITIMAS,2,,,,,,,,,0,,Cruzamento,Bom,Não existe,Perfeito estado,Seca,Perfeito estado,Outros,Outras,60 km/h,Única,Faixa seccionada,,
2019-05-16,08:17:00,SEM VÍTIMA,FINALIZADA,ÁGUA FRIA,RUA DA REGENERACAO,426,,EM FRENTE A LEO CHOPP,RUA DA REGENERACAO,426,EM FRENTE A LEO CHOPP,ÁGUA FRIA,,SUBURBIO,ABALROAMENTO LONGITUDINAL,DOIS AUTOS,2,,,,,,,,,0,,Longo da via,Bom,Não existe,Perfeito estado,Seca,Perfeito estado,Não existe,Não há placas,,Única,,,
2019-05-16,08:34:00,SEM VÍTIMA,FINALIZADA,IPUTINGA,EST DO BARBALHO,,,EM FRENTE A SEDE DO DETRAN,EST DO BARBALHO,,EM FRENTE A SEDE DO DETRAN,IPUTINGA,,SUBURBIO,ABALROAMENTO TRANSVERSAL,SEM VITIMAS/VT14 DA CTTU VAI FAZER O B.O,1,1,,,,,,,,0,,Longo da via,Bom,Não existe,Não existente,Seca,Perfeito estado,Não existe,Não há placas,40 km/h,Dupla,Não existe,,
2019-05-16,08:38:00,SEM VÍTIMA,FINALIZADA,BOA VIAGEM,AV BOA VIAGEM,4188,RUA BARAO DE SOUZA LEAO,AO LADO DO EDF MARIA ANGELA,AV BOA VIAGEM,4188,AO LADO DO EDF MARIA ANGELA,BOA VIAGEM,,CIDADE,ABALROAMENTO LONGITUDINAL,COLISAO SEM VITIMAS,1,,,,,1,,,,0,,,Bom,Sem defeito,Perfeito estado,Seca,Perfeito estado,Outros,Outras,,Única,Faixa seccionada,,
2019-05-16,09:25:00,SEM VÍTIMA,FINALIZADA,ARRUDA,RUA JOSE AUSTREGESILO,55,,,RUA JOSE AUSTREGESILO,55,,ARRUDA,,,ABALROAMENTO LONGITUDINAL,TRES AUTOS,3,,,,,,,,,0,,Longo da via,Bom,Não existe,Perfeito estado,Seca,Perfeito estado,Não existe,Não há placas,30 km/h,Dupla,Não existe,,
2019-05-16,09:40:00,SEM VÍTIMA,FINALIZADA,BOA VISTA,RUA GERVASIO PIRES,332,,,RUA GERVASIO PIRES,332,,BOA VISTA,,SUBURBIO,ABALROAMENTO LONGITUDINAL,DOIS AUTOS,2,,,,,,,,,0,,Longo da via,Bom,Sem defeito,Perfeito estado,Seca,Perfeito estado,Agente,Não há placas,,Única,Não existe,,
2019-05-16,09:49:00,SEM VÍTIMA,FINALIZADA,ROSARINHO,AV NORTE,2797,,EM FRENTE A GALERIA DE Nº 2797,AV NORTE,2797,EM FRENTE A GALERIA DE Nº 2797,ROSARINHO,,CIDADE,COLISÃO TRASEIRA,COLISAO SEM VITIMAS,3,,,,,,,,,0,,Longo da via,Bom,Sem defeito,Incompleta,Seca,,Não existe,Outras,,Dupla,Faixa seccionada,,
2019-05-16,09:56:00,SEM VÍTIMA,FINALIZADA,SANTO AMARO,RUA PALMARES,,,,RUA PALMARES,,,SANTO AMARO,30,CIDADE,COLISÃO TRASEIRA,COLISAO SEM VITIMAS,1,1,,,,,,,,0,,Longo da via,Bom,Sem defeito,Perfeito estado,Seca,Perfeito estado,Não existe,Não há placas,,Dupla,Canteiro central,,
2019-05-16,10:02:00,SEM VÍTIMA,FINALIZADA,BOA VISTA,RUA PRINCESA IZABEL,165,RUA DA SAUDADE,SOB O SEMÁFORO 168,RUA PRINCESA IZABEL,165,SOB O SEMÁFORO 168,BOA VISTA,168,CIDADE,COLISÃO TRASEIRA,,2,1,,,,,,,,0,,Cruzamento,Bom,Sem defeito,Perfeito estado,Seca,Perfeito estado,Faixa de pedestre,Outras,,Única,,,
2019-05-16,10:29:00,SEM VÍTIMA,FINALIZADA,AFOGADOS,RUA FRANCISCO SILVEIRA,38,,LADO OPOSTO AO Nº 15,RUA FRANCISCO SILVEIRA,38,LADO OPOSTO AO Nº 15,AFOGADOS,,CIDADE,ABALROAMENTO LONGITUDINAL,COLISAO SEM VITIMAS,2,,,,,,,,,0,,Longo da via,Bom,Não existe,Não existente,Seca,Perfeito estado,Não existe,Não há placas,,Dupla,Faixa seccionada,,
2019-05-16,11:00:00,SEM VÍTIMA,FINALIZADA,GRAÇAS,AV SANTOS DUMONT,458,RUA TELES JUNIOR,EM FRENTE A FARMACIA EXTRA FARMA,AV SANTOS DUMONT,458,EM FRENTE A FARMACIA EXTRA FARMA,GRAÇAS,,CIDADE,ABALROAMENTO LONGITUDINAL,AUTO PASSEIO E CARRO FORTE,1,,,,,,,1,,0,,Cruzamento,Bom,Não existe,Perfeito estado,Seca,Perfeito estado,Não existe,R-6a,,Única,Faixa seccionada,,
2019-05-16,11:13:00,SEM VÍTIMA,CANCELADA,JARDIM SÃO PAULO,RUA LEOBINA PEREIRA,193,,POR TRAS BATISTA DE JARDIN SÃO PAULO,RUA LEOBINA PEREIRA,193,POR TRAS BATISTA DE JARDIN SÃO PAULO,JARDIM SÃO PAULO,,,COLISÃO,COLISAO SEM VITIMAS,2,,,,,,,,,0,,,,,,,,,,,,,,
2019-05-16,11:42:00,SEM VÍTIMA,FINALIZADA,CIDADE UNIVERSITÁRIA,AV PROFESSOR ARTUR DE SA,1400,RUA PROFESSOR ANTONIO COELHO,HOSPITAL DAS CLÍNICAS ( UFPE),AV PROFESSOR ARTUR DE SA,1400,HOSPITAL DAS CLÍNICAS ( UFPE),CIDADE UNIVERSITÁRIA,,SUBURBIO,ABALROAMENTO TRANSVERSAL,COLISAO SEM VITIMAS,2,,,,,,,,,0,,Cruzamento,Bom,Não existe,Perfeito estado,Seca,Perfeito estado,Não existe,,,Dupla,Faixa seccionada,,
2019-05-16,12:29:00,SEM VÍTIMA,FINALIZADA,PINA,RUA MANOEL DE BRITO,,,NO TÚNEL DA RUA MANOEL DE BRITO,RUA MANOEL DE BRITO,,NO TÚNEL DA RUA MANOEL DE BRITO,PINA,103,,COLISÃO TRASEIRA,SEM VÍTIMA,2,,,,,,,,,0,,,Bom,Sem defeito,Perfeito estado,Seca,Perfeito estado,Faixa de pedestre,Não há placas,60 km/h,Única,Faixa contínua,,
2019-05-16,13:36:00,SEM VÍTIMA,FINALIZADA,BOA VISTA,RUA DA UNIAO,,,EM FRENTE A ASSEMBLEIA LEGISLATIVA ANEXO III,RUA DA UNIAO,,EM FRENTE A ASSEMBLEIA LEGISLATIVA ANEXO III,BOA VISTA,,SUBURBIO,COLISÃO TRASEIRA,COLISÃO SEM VITIMA,2,,,,,,,,,0,,Longo da via,Bom,Não existe,Perfeito estado,Seca,Perfeito estado,Não existe,Não há placas,40 km/h,Única,Não existe,,
2019-05-16,13:42:00,SEM VÍTIMA,FINALIZADA,IPUTINGA,AV MAURICIO DE NASSAU,,,PRÓX AO PARQUE CAIARA EM FRENTE AO POSTE H 025437,AV MAURICIO DE NASSAU,,PRÓX AO PARQUE CAIARA EM FRENTE AO POSTE H 025437,IPUTINGA,,CIDADE,COLISÃO TRASEIRA,COLISÃO SEM VITIMA,2,,,,,,,,,0,,Longo da via,Bom,Não existe,Perfeito estado,Seca,Perfeito estado,Não existe,Não há placas,,Dupla,Faixa contínua,,
2019-05-16,14:00:00,SEM VÍTIMA,FINALIZADA,MADALENA,RUA LOPES DE CARVALHO,,RUA REAL DA TORRE,,RUA LOPES DE CARVALHO,,,MADALENA,,SUBURBIO,ABALROAMENTO TRANSVERSAL,COLISAO ENTRE DOIS AUTOS S/V,2,,,,,,,,,0,,,Bom,Não existe,Perfeito estado,Seca,Perfeito estado,Não existe,Placas Pare,,Dupla,Não existe,,
2019-05-16,14:43:00,SEM VÍTIMA,CANCELADA,CAXANGÁ,AV CAXANGA,,,EM FRENTE A CAIXA ECONÔMICA,AV CAXANGA,,EM FRENTE A CAIXA ECONÔMICA,CAXANGÁ,,,COLISÃO,AUTO E CICLISTA SEM VITIMA,1,,,1,,,,,,0,,,,,,,,,,,,,,
2019-05-16,16:07:00,SEM VÍTIMA,FINALIZADA,TAMARINEIRA,AV CONS ROSA E SILVA,1969,,E/F A FARMACIA BONGI,AV CONS ROSA E SILVA,1969,E/F A FARMACIA BONGI,TAMARINEIRA,,SUBURBIO,ABALROAMENTO LONGITUDINAL,COLISAO ENTRE DOIS AUTOS S/V,2,,,,,,,,,0,,Longo da via,Bom,Não existe,Perfeito estado,Seca,Perfeito estado,Não existe,Outras,,Única,Faixa seccionada,,
2019-05-16,16:16:00,SEM VÍTIMA,FINALIZADA,SANTO ANTÔNIO,RUA SIQUEIRA CAMPOS,251,,SICREDI,RUA SIQUEIRA CAMPOS,251,SICREDI,SANTO ANTÔNIO,,SUBURBIO,ABALROAMENTO LONGITUDINAL,COLISAO ENTRE ONIBUS E AUTO S/V,1,,,,,1,,,,0,,Longo da via,Bom,Não existe,Perfeito estado,Seca,Perfeito estado,Não existe,Outras,40 km/h,Única,Faixa seccionada,,
2019-05-16,16:30:00,SEM VÍTIMA,FINALIZADA,BEBERIBE,AV BEBERIBE,4541,,EM FRENTE AO Nº 4541,AV BEBERIBE,4541,EM FRENTE AO Nº 4541,BEBERIBE,,CIDADE,ABALROAMENTO LONGITUDINAL,COLISÃO SEM VITIMA,1,,,,,1,,,,0,,Longo da via,Bom,Sem defeito,Incompleta,Seca,Mal conservada,Faixa de pedestre,Outras,,Dupla,Faixa seccionada,,
2019-05-16,17:30:00,SEM VÍTIMA,FINALIZADA,JORDÃO,AV CENTENARIO ALBERTO SANTOS DUMONT,,,SOB O TÚNEL FILIPE CAMARÃO,AV CENTENARIO ALBERTO SANTOS DUMONT,,SOB O TÚNEL FILIPE CAMARÃO,JORDÃO,,SUBURBIO,COLISÃO TRASEIRA,ENTRE 2 AUTOS. S/V,2,,,,,,,,,0,,Longo da via,Bom,Não existe,Perfeito estado,Molhada,Mal conservada,Não existe,Não há placas,,Dupla,Canteiro central,,
2019-05-16,17:41:00,SEM VÍTIMA,FINALIZADA,ALTO SANTA TERESINHA,AV ANIBAL BENEVOLO,732,,PRÓX AO CLUBE BELA VISTA,AV ANIBAL BENEVOLO,732,PRÓX AO CLUBE BELA VISTA,ALTO SANTA TERESINHA,,SUBURBIO,ABALROAMENTO LONGITUDINAL,ENTRE AUTO E MOTO. S/V,1,1,,,,,,,,0,,Longo da via,Bom,,,,,Não existe,Não há placas,,Dupla,Não existe,,
2019-05-16,18:08:00,SEM VÍTIMA,FINALIZADA,MADALENA,AV VISCONDE DE ALBUQUERQUE,,,EM FRENTE AO POSTO IPIRANGA,AV VISCONDE DE ALBUQUERQUE,,EM FRENTE AO POSTO IPIRANGA,MADALENA,576,SUBURBIO,ABALROAMENTO LONGITUDINAL,ENTRE 2 AUTOS. S/V,2,,,,,,,,,0,,Longo da via,Bom,Sem defeito,Perfeito estado,Seca,Perfeito estado,Faixa de pedestre,Não há placas,,Única,Faixa seccionada,,
2019-05-16,18:14:00,SEM VÍTIMA,DUPLICIDADE,MADALENA,AV VISCONDE DE ALBUQUERQUE,232,,ENF AO EDF VILLA BARILOCHE E POSTO IPRANGA,AV VISCONDE DE ALBUQUERQUE,232,ENF AO EDF VILLA BARILOCHE E POSTO IPRANGA,MADALENA,,,COLISÃO,CLASSIC X PALIO,2,,,,,,,,,0,,,,,,,,,,,,,,
2019-05-16,19:09:00,COM VÍTIMA,CANCELADA,PAISSANDU,AV GOVERNADOR AGAMENON MAGALHAES,,,E/F AO HOSPITAL PORTUGUÊS  SNT BV,AV GOVERNADOR AGAMENON MAGALHAES,,E/F AO HOSPITAL PORTUGUÊS  SNT BV,PAISSANDU,,,COLISÃO,ENTRE AUTO E MOTO. C/V,1,1,,,,,,,,1,,,,,,,,,,,,,,
2019-05-16,20:36:00,SEM VÍTIMA,FINALIZADA,CAMPO GRANDE,AV GOVERNADOR AGAMENON MAGALHAES,,RUA ODORICO MENDES,CICLOFAIXA,AV GOVERNADOR AGAMENON MAGALHAES,,CICLOFAIXA,CAMPO GRANDE,49,SUBURBIO,ABALROAMENTO TRANSVERSAL,ENTRE 2 AUTOS. S.V,2,,,,,,,,,0,,Longo da via,Bom,Sem defeito,Perfeito estado,Seca,Perfeito estado,,,,Dupla,Canal,,
2019-05-16,21:35:00,SEM VÍTIMA,FINALIZADA,SANTO AMARO,RUA ROCHA PITA,134,,,RUA ROCHA PITA,134,,SANTO AMARO,,CIDADE,CHOQUE OBJETO FIXO,CAMINHAO COMPACTADOR X POSTE DE ALTA TENSAO OBS: O POSTE ESTA ESCORADO NO CAMINHAO,,,,,,,1,,1,0,,Longo da via,Bom,Não existe,Perfeito estado,Seca,Perfeito estado,Não existe,Não há placas,30 km/h,Única,Não existe,,
2019-05-16,21:55:00,SEM VÍTIMA,CANCELADA,IMBIRIBEIRA,RUA CORONEL FABRICIANO,158,,PROX A ESTAÇAO TRANQUEDO NEVES NO RETORNO PARA A MASCARENHA,RUA CORONEL FABRICIANO,158,PROX A ESTAÇAO TRANQUEDO NEVES NO RETORNO PARA A MASCARENHA,IMBIRIBEIRA,,,COLISÃO,CARRETA X ASX,1,,,,,,1,,,0,,,,,,,,,,,,,,
2019-05-17,06:19:00,SEM VÍTIMA,CANCELADA,CORDEIRO,AV GENERAL SAN MARTIN,,,EM FRENTE AO COMPAZ  SENT. CIDADE,AV GENERAL SAN MARTIN,,EM FRENTE AO COMPAZ  SENT. CIDADE,CORDEIRO,,,COLISÃO,ONIBUS E CAMINHÃO,,,,,,1,1,,,0,,,,,,,,,,,,,,