data,hora,natureza_acidente,situacao,bairro,endereco,numero,detalhe_endereco_acidente,complemento,endereco_cruzamento,numero_cruzamento,referencia_cruzamento,bairro_cruzamento,num_semaforo,sentido_via,tipo,descricao,auto,moto,ciclom,ciclista,pedestre,onibus,caminhao,viatura,outros,vitimas,vitimasfatais,acidente_verificado,tempo_clima,situacao_semaforo,sinalizacao,condicao_via,conservacao_via,ponto_controle,situacao_placa,velocidade_max_via,mao_direcao,divisao_via1,divisao_via2,divisao_via3
2019-05-17,06:28:00,COM VÍTIMA,FINALIZADA,DOIS UNIDOS,AV HILDEBRANDO DE VASCONCELOS,786,,EM FRENTE A ACADAMEIA TOP FITNESS,AV HILDEBRANDO DE VASCONCELOS,786,EM FRENTE A ACADAMEIA TOP FITNESS,DOIS UNIDOS,,SUBURBIO,COLISÃO FRONTAL,AUTO E MOTO.,1,1,,,,,,,,2,,Longo da via,Bom,Não existe,,Seca,,Não existe,R-6a,,Dupla,Faixa seccionada,,
2019-05-17,06:33:00,SEM VÍTIMA,FINALIZADA,ESTÂNCIA,RUA HAVAI,130,AV RECIFE,,RUA HAVAI,130,,ESTÂNCIA,,SUBURBIO,COLISÃO TRASEIRA,SEM VITIMAS,2,,,,,,,,,0,,Longo da via,Bom,Não existe,Incompleta,Seca,Perfeito estado,Não existe,Não há placas,,Dupla,Não existe,,
2019-05-17,06:49:00,SEM VÍTIMA,FINALIZADA,AFLITOS,AV CONS ROSA E SILVA,708,,,AV CONS ROSA E SILVA,708,,AFLITOS,,SUBURBIO,ABALROAMENTO LONGITUDINAL,SEM VITIMAS,2,,,,,,,,,0,,Longo da via,Bom,Não existe,Perfeito estado,Seca,Perfeito estado,Não existe,Não há placas,60 km/h,Única,Faixa seccionada,,
2019-05-17,07:17:00,SEM VÍTIMA,FINALIZADA,TEJIPIÓ,AV DR JOSE RUFINO,,,SOBRE O VIADUTO DA BR 101,AV DR JOSE RUFINO,,SOBRE O VIADUTO DA BR 101,TEJIPIÓ,,SUBURBIO,ABALROAMENTO TRANSVERSAL,DOIS AUTOS,2,,,,,,,,,0,,Viaduto,Bom,Não existe,Incompleta,Seca,Perfeito estado,Não existe,Não há placas,,Dupla,Faixa seccionada,,
2019-05-17,07:21:00,SEM VÍTIMA,FINALIZADA,FUNDÃO,AV BEBERIBE,,,,AV BEBERIBE,,,FUNDÃO,307,CIDADE,COLISÃO TRASEIRA,SEM VITMAS,2,,,,,,,,,0,,Cruzamento,Bom,Sem defeito,Perfeito estado,Seca,Perfeito estado,,Outras,,Dupla,Outros,,
2019-05-17,07:38:00,SEM VÍTIMA,FINALIZADA,CAXANGÁ,AV CAXANGA,,RUA PROFESSOR ANTONIO COELHO,BRAZZETUS,AV CAXANGA,,BRAZZETUS,CAXANGÁ,,CIDADE,ABALROAMENTO LONGITUDINAL,ONIBUS E AUTO,1,,,,,1,,,,0,,,Bom,Não existe,Perfeito estado,Seca,Perfeito estado,Não existe,Outras,,Dupla,Canteiro central,,
2019-05-17,11:20:00,COM VÍTIMA,FINALIZADA,DERBY,AV GOVERNADOR AGAMENON MAGALHAES,41,,LADO OPOSTO AO NÚMERO INFORMADO.,,,,,,,ABALROAMENTO LONGITUDINAL,AUTO E MOTO.,1,1,,,,,,,,1,,Longo da via,Bom,Sem defeito,Perfeito estado,Seca,Perfeito estado,Agente,R-19,60 km/h,Dupla,Faixa contínua,Canteiro central,
2019-05-17,07:46:00,SEM VÍTIMA,FINALIZADA,JAQUEIRA,RUA PADRE ROMA,291,,,RUA PADRE ROMA,291,,JAQUEIRA,,SUBURBIO,COLISÃO TRASEIRA,COLISÃO S/VITIMAS ENTRE TRES AUTOS,3,,,,,,,,,0,,Longo da via,Bom,Não existe,Perfeito estado,Seca,Perfeito estado,Não existe,Outras,40 km/h,Dupla,Canteiro central,,
2019-05-17,07:48:00,COM VÍTIMA,FINALIZADA,SANTO AMARO,VDO ENG ROBERTO PEREIRA DE CARVALHO,,,NO INICIO DO VIADUTO EM FRENTE AO SHOPPING TACARUNA  SENT. OLINDA,VDO ENG ROBERTO PEREIRA DE CARVALHO,,NO INICIO DO VIADUTO EM FRENTE AO SHOPPING TACARUNA  SENT. OLINDA,SANTO AMARO,,SUBURBIO,CHOQUE VEÍCULO PARADO,AUTO E MOTO.,1,1,,,,,,,,1,,Viaduto,Bom,Não existe,Perfeito estado,Seca,Perfeito estado,Não existe,Não há placas,,Única,Faixa seccionada,,
2019-05-17,07:56:00,SEM VÍTIMA,FINALIZADA,APIPUCOS,RUA DE APIPUCOS,,,PARQUE DE APIPUCOS / PARADA DE ÔNIBUS DE Nº 100215,RUA DE APIPUCOS,,PARQUE DE APIPUCOS / PARADA DE ÔNIBUS DE Nº 100215,APIPUCOS,,CIDADE,COLISÃO TRASEIRA,COLISÃO S/VITIMAS ENTRE TRES AUTOS,3,,,,,,,,,0,,Longo da via,Bom,Não existe,Perfeito estado,Seca,Perfeito estado,Não existe,Outras,,Dupla,Faixa contínua,,
2019-05-17,08:31:00,SEM VÍTIMA,FINALIZADA,ESPINHEIRO,RUA ALFREDO DE CARVALHO,39,,EM FRENTE AO Nº 39,RUA ALFREDO DE CARVALHO,39,EM FRENTE AO Nº 39,ESPINHEIRO,,,COLISÃO TRASEIRA,COLISAO S/VITIMA ENTRE DOIS AUTOS,2,,,,,,,,,0,,Longo da via,Bom,Não existe,,Seca,Perfeito estado,Não existe,Outras,,Única,Não existe,,
2019-05-17,08:49:00,SEM VÍTIMA,FINALIZADA,ENCRUZILHADA,RUA ANDRE REBOUCAS,45,,EM FRENTE AO EDF DAVID BECKER,RUA ANDRE REBOUCAS,45,EM FRENTE AO EDF DAVID BECKER,ENCRUZILHADA,,,ABALROAMENTO LONGITUDINAL,CAMINHÃO E AUTO,1,,,,,,1,,,0,,Longo da via,Bom,Não existe,Perfeito estado,Seca,Perfeito estado,Não existe,Placas Pare,,Dupla,Faixa contínua,,
2019-05-17,09:10:00,SEM VÍTIMA,FINALIZADA,AFLITOS,AV CONS ROSA E SILVA,1205,RUA TEIXEIRA PINTO,,AV CONS ROSA E SILVA,1205,,AFLITOS,,SUBURBIO,COLISÃO TRASEIRA,,2,,,,,,,,,0,,,Bom,Não existe,Perfeito estado,Seca,Perfeito estado,Não existe,R-6a,,Única,Faixa seccionada,,
2019-05-17,09:22:00,COM VÍTIMA,FINALIZADA,DERBY,PRC DO DERBY,40,RUA JENER DE SOUZA,LADO OPOSTO AO QUARTEL DO DERBY,PRC DO DERBY,40,LADO OPOSTO AO QUARTEL DO DERBY,DERBY,40,CIDADE,ABALROAMENTO TRANSVERSAL,COLISÃO C/ VITIMA ENTRE MOTO E AUTO,1,1,,,,,,,,1,,Cruzamento,Bom,Sem defeito,Perfeito estado,Seca,Perfeito estado,Faixa de pedestre,Outras,40 km/h,Dupla,Faixa,,
2019-05-17,09:50:00,SEM VÍTIMA,FINALIZADA,BOA VIAGEM,RUA SETUBAL,638,RUA PROFESSOR MARIO CASTRO,EDF AMALIA RODRIGUES EM FRENTE,RUA SETUBAL,638,EDF AMALIA RODRIGUES EM FRENTE,BOA VIAGEM,,CIDADE,ABALROAMENTO LONGITUDINAL,COLISÃO S/ VITIMA ENTRE DOIS AUTOS,2,,,,,,,,,0,,Cruzamento,Bom,Não existe,Perfeito estado,Seca,Perfeito estado,Outros,Outras,,Única,Não existe,,
2019-05-17,10:03:00,COM VÍTIMA,FINALIZADA,MACAXEIRA,AV NORTE,,,NA ROTATORIA DA INTEGRAÇÃO DA MACAXEIRA. SOB VIADUTO.,AV NORTE,,NA ROTATORIA DA INTEGRAÇÃO DA MACAXEIRA. SOB VIADUTO.,MACAXEIRA,,SUBURBIO,ABALROAMENTO LONGITUDINAL,AUTO E MOTO.,1,1,,,,,,,,1,,Longo da via,Bom,Não existe,Não existente,Seca,Perfeito estado,Não existe,Não há placas,,Dupla,Canteiro central,,
2019-05-17,11:04:00,SEM VÍTIMA,FINALIZADA,IMBIRIBEIRA,AV MARECHAL MASCARENHAS DE MORAES,,,EM FRENTE A FOCO ALUGUEL DE CARROS,AV MARECHAL MASCARENHAS DE MORAES,,EM FRENTE A FOCO ALUGUEL DE CARROS,IMBIRIBEIRA,,CIDADE,COLISÃO TRASEIRA,SEM VITIMAS,2,,,,,1,,,,0,,Longo da via,Bom,Não existe,Não existente,Seca,Perfeito estado,Não existe,Não há placas,60 km/h,Dupla,Canteiro central,,
2019-05-17,11:35:00,SEM VÍTIMA,CANCELADA,BOA VIAGEM,RUA CORONEL BENEDITO CHAVES,70,AV CONSELHEIRO AGUIAR,EM FRENTE EDIFICIO TIMBAUBA,RUA CORONEL BENEDITO CHAVES,70,EM FRENTE EDIFICIO TIMBAUBA,BOA VIAGEM,,,COLISÃO,COLISÃO S/VITIMAS ENTRE DOIS AUTOS,2,,,,,,,,,0,,,,,,,,,,,,,,
2019-05-17,12:04:00,COM VÍTIMA,FINALIZADA,PINA,RUA MANOEL DE BRITO,,AV REPUBLICA DO LIBANO,TERMINO DA VIA MANGUE/ NUCLEO DA POLICIA,RUA MANOEL DE BRITO,,TERMINO DA VIA MANGUE/ NUCLEO DA POLICIA,PINA,659,CIDADE,COLISÃO TRASEIRA,AUTO E MOTO.,1,1,,,,,,,,1,,Longo da via,Bom,Sem defeito,Perfeito estado,Seca,Perfeito estado,,Outras,,Única,Outros,,
2019-05-17,13:16:00,SEM VÍTIMA,CANCELADA,CIDADE UNIVERSITÁRIA,,,,PROX A BIBLIOTECA E/F AO RESTAURANTE DA FACULDADE,,,PROX A BIBLIOTECA E/F AO RESTAURANTE DA FACULDADE,CIDADE UNIVERSITÁRIA,,,COLISÃO,COLISAO ENTRE ONIBUS E AUTO S/V,1,,,,,1,,,,0,,,,,,,,,,,,,,
2019-05-17,13:24:00,COM VÍTIMA,FINALIZADA,MADALENA,RUA REAL DA TORRE,868,,PRÓXIMO AO MERCADO DA MADALENA.,RUA REAL DA TORRE,868,PRÓXIMO AO MERCADO DA MADALENA.,MADALENA,,SUBURBIO,ABALROAMENTO TRANSVERSAL,AUTO E MOTO.,1,1,,,,,,,,1,,Longo da via,Bom,Não existe,Perfeito estado,Seca,Perfeito estado,Não existe,Não há placas,,Única,Faixa seccionada,,
2019-05-17,13:33:00,SEM VÍTIMA,FINALIZADA,IMBIRIBEIRA,AV MARECHAL MASCARENHAS DE MORAES,,,,AV MARECHAL MASCARENHAS DE MORAES,,,IMBIRIBEIRA,534,SUBURBIO,COLISÃO TRASEIRA,COLISAO ENTRE DOIS AUTO S/V,2,,,,,,,,,0,,Longo da via,Bom,Sem defeito,Perfeito estado,Seca,Perfeito estado,Faixa de pedestre,Outras,60 km/h,Dupla,Canteiro central,,
2019-05-17,14:11:00,SEM VÍTIMA,FINALIZADA,SANTO AMARO,RUA ALVARES DE AZEVEDO,,RUA DOS PALMARES,AO LADO DA ESCOLA ULISSES PERNAMBUCANO,RUA ALVARES DE AZEVEDO,,AO LADO DA ESCOLA ULISSES PERNAMBUCANO,SANTO AMARO,93,CIDADE,ABALROAMENTO LONGITUDINAL,COLISAO ENTRE DOIS AUTOS S/V,2,,,,,,,,,0,,Cruzamento,Bom,Sem defeito,Perfeito estado,Seca,Perfeito estado,Faixa de pedestre,Não há placas,40 km/h,Única,Faixa seccionada,,
2019-05-17,14:11:00,SEM VÍTIMA,CANCELADA,PRADO,RUA PADRE TEOFILO TWORZ,295,RUA SANTA EDWIRGES,POR TRAZ DA ENGEFRIO/ IGREJA PRESBITERIANA DO PRADO,RUA PADRE TEOFILO TWORZ,295,POR TRAZ DA ENGEFRIO/ IGREJA PRESBITERIANA DO PRADO,PRADO,,,COLISÃO,COLISÃO SEM VITIMA,2,,,,,,,,,0,,,,,,,,,,,,,,
2019-05-17,14:33:00,SEM VÍTIMA,FINALIZADA,SANTO AMARO,RUA DOS PALMARES,,,EM FRENTE AO PROCAPE,RUA DOS PALMARES,,EM FRENTE AO PROCAPE,SANTO AMARO,526,CIDADE,CHOQUE VEÍCULO PARADO,COLISAO ENTRE DOIS AUTOS S/V,2,,,,,,,,,0,,Longo da via,Bom,Sem defeito,Perfeito estado,Seca,Perfeito estado,Faixa de pedestre,Outras,40 km/h,Única,Faixa seccionada,,
2019-05-17,14:52:00,SEM VÍTIMA,FINALIZADA,SANTO AMARO,RUA TREZE DE MAIO,175,RUA BARROS BARRETO,E/F ESCOLA ESTADUAL JOSE MARIA,RUA TREZE DE MAIO,175,E/F ESCOLA ESTADUAL JOSE MARIA,SANTO AMARO,,CIDADE,ABALROAMENTO TRANSVERSAL,COLISAO ENTRE DOIS AUTOS S/V,2,,,,,,,,,0,,Cruzamento,Bom,Não existe,Perfeito estado,Seca,Perfeito estado,Não existe,Outras,,Dupla,Faixa contínua,,
2019-05-17,15:30:00,SEM VÍTIMA,CANCELADA,ESTÂNCIA,AV DR JOSE RUFINO,,,E/F AO COLEGIO VISÃO,AV DR JOSE RUFINO,,E/F AO COLEGIO VISÃO,ESTÂNCIA,,,COLISÃO,CAMINHÃO E AUTO PASSEIO SEM VITIMAS,1,,,,,,1,,,0,,,,,,,,,,,,,,
2019-05-17,15:37:00,COM VÍTIMA,FINALIZADA,SANTO ANTÔNIO,PRC SERGIO LORETO,,RUA IMPERIAL,LADO OPOSTO A PRAÇA SÉRGIO LORETO.,PRC SERGIO LORETO,,LADO OPOSTO A PRAÇA SÉRGIO LORETO.,SANTO ANTÔNIO,,SUBURBIO,ABALROAMENTO LONGITUDINAL,MOTOCICLETA E CARROÇA.,,1,,,,,,,1,1,,Longo da via,Bom,Não existe,Perfeito estado,Seca,Perfeito estado,Não existe,Outras,60 km/h,Única,Faixa seccionada,,
2019-05-17,16:24:00,COM VÍTIMA,FINALIZADA,PRADO,RUA AUSTRO COSTA,119,,PROX AO BAILE PERFUMADO,RUA AUSTRO COSTA,119,PROX AO BAILE PERFUMADO,PRADO,,SUBURBIO,COLISÃO FRONTAL,AUTO E MOTO.,1,1,,,,,,,,1,,Longo da via,Bom,Não existe,Não existente,Seca,Perfeito estado,Não existe,Não há placas,,Dupla,Não existe,,
2019-05-17,17:44:00,SEM VÍTIMA,FINALIZADA,AREIAS,AV DR JOSE RUFINO,1501,,E/F AO POSTO SHELL,AV DR JOSE RUFINO,1501,E/F AO POSTO SHELL,AREIAS,,CIDADE,ABALROAMENTO LONGITUDINAL,ENTRE AUTO E MOTO. C/V,1,1,,,,,,,,0,,Longo da via,Bom,Sem defeito,Perfeito estado,Seca,,Não existe,Não há placas,60 km/h,Dupla,Faixa contínua,,
2019-05-17,18:19:00,COM VÍTIMA,FINALIZADA,BOA VIAGEM,RUA VISCONDE DE JEQUITINHONHA,,RUA PROFESSOR MARIO CASTRO,SEMÁFORO 158  SNT PIEDADE. EDF. ISLAMORADA.,RUA VISCONDE DE JEQUITINHONHA,,SEMÁFORO 158  SNT PIEDADE. EDF. ISLAMORADA.,BOA VIAGEM,,SUBURBIO,ABALROAMENTO LONGITUDINAL,AUTO E MOTO.,1,1,,,,,,,,1,,Longo da via,Bom,Sem defeito,Perfeito estado,Seca,Perfeito estado,Faixa de pedestre,R-19,60 km/h,Única,Canal,,
2019-05-17,18:51:00,SEM VÍTIMA,FINALIZADA,COELHOS,RUA DR JOSE MARIANO,134,,,RUA DR JOSE MARIANO,134,,COELHOS,,CIDADE,COLISÃO TRASEIRA,FIAT PALIO X FUSCA,2,,,,,,,,,0,,Longo da via,Bom,Não existe,Perfeito estado,Seca,Perfeito estado,Outros,Outras,,Única,Faixa contínua,,
2019-05-17,19:04:00,SEM VÍTIMA,FINALIZADA,MACAXEIRA,AV NORTE,,,ROTATORIA DA ENTRADA PARA O TI MACAXEIRA,AV NORTE,,ROTATORIA DA ENTRADA PARA O TI MACAXEIRA,MACAXEIRA,,SUBURBIO,ABALROAMENTO LONGITUDINAL,ONIBUS X FOX,1,,,,,1,,,,0,,,Bom,Não existe,Perfeito estado,Seca,Perfeito estado,Não existe,Não há placas,,Única,Faixa seccionada,,
2019-05-17,19:41:00,SEM VÍTIMA,CANCELADA,MADALENA,AV BEIRA RIO,865,,E/F A ACADEMIA DA CIDADE / SEMÁFORO 077,AV BEIRA RIO,865,E/F A ACADEMIA DA CIDADE / SEMÁFORO 077,MADALENA,,,COLISÃO,ENTRE 2 AUTOS  S/V,2,,,,,,,,,0,,,,,,,,,,,,,,
2019-05-17,21:18:00,SEM VÍTIMA,FINALIZADA,SANTO AMARO,AV NORTE,,,FRENTE A PARADA DE ÔNIBUS,AV NORTE,,FRENTE A PARADA DE ÔNIBUS,SANTO AMARO,97,CIDADE,COLISÃO TRASEIRA,ENTRE MOTO E AUTO. S/V,1,1,,,,,,,,0,,Longo da via,Bom,Sem defeito,Perfeito estado,Seca,Perfeito estado,Faixa de pedestre,Não há placas,,Dupla,Canteiro central,,
2019-05-17,22:27:00,COM VÍTIMA,FINALIZADA,MADALENA,RUA JOAO IVO DA SILVA,294,,E/F A ESQUINA DA PICANHA / AO LADO DO CANAL E PRÓX AO HABBIBS,RUA JOAO IVO DA SILVA,294,E/F A ESQUINA DA PICANHA / AO LADO DO CANAL E PRÓX AO HABBIBS,MADALENA,,SUBURBIO,ABALROAMENTO LONGITUDINAL,ENTRE AUTO E MOTO. C/V,1,1,,,,,,,,1,,Longo da via,Bom,Não existe,Perfeito estado,Seca,Perfeito estado,Não existe,R-6a,,Única,Faixa seccionada,,
2019-05-18,00:10:00,COM VÍTIMA,FINALIZADA,BOA VIAGEM,RUA VISCONDE DE JEQUITINHONHA,,RUA CAPITAO ZUZINHA,,RUA VISCONDE DE JEQUITINHONHA,,,BOA VIAGEM,433,SUBURBIO,ABALROAMENTO TRANSVERSAL,COLISÃO ENTRE DOIS AUTOS C/V,2,,,,,,,,,1,,Cruzamento,Bom,Sem defeito,Perfeito estado,Seca,Perfeito estado,Faixa de pedestre,R-6a,60 km/h,Única,Canteiro central,,
2019-05-18,00:20:00,COM VÍTIMA,FINALIZADA,TEJIPIÓ,AV DR JOSE RUFINO,,RUA LUIZ SOARES,PRÓX A ESCOLA PAULO PESSOA GUERRA,AV DR JOSE RUFINO,,PRÓX A ESCOLA PAULO PESSOA GUERRA,TEJIPIÓ,,SUBURBIO,ABALROAMENTO LONGITUDINAL,COLISÃO ENTRE AUTO E MOTO  COM VÍTIMA.,1,1,,,,,,,,1,,Longo da via,Bom,Não existe,Perfeito estado,Seca,Perfeito estado,Não existe,Não há placas,60 km/h,Dupla,Faixa contínua,Faixa seccionada,
2019-05-18,00:27:00,SEM VÍTIMA,FINALIZADA,BOA VIAGEM,AV DES JOSE NEVES,,,TUNEL (PARTE INTERNA),AV DES JOSE NEVES,,TUNEL (PARTE INTERNA),BOA VIAGEM,,SUBURBIO,ABALROAMENTO LONGITUDINAL,COLISÃO ENTRE DOIS AUTOS S/V,2,,,,,,,,,0,,,Bom,Não existe,Perfeito estado,Seca,Perfeito estado,Não existe,Não há placas,,Única,Faixa seccionada,,
2019-05-18,03:34:00,SEM VÍTIMA,FINALIZADA,PAISSANDU,AV GOVERNADOR AGAMENON MAGALHAES,,,EM FRENTE MORADA DA PAZ,AV GOVERNADOR AGAMENON MAGALHAES,,EM FRENTE MORADA DA PAZ,PAISSANDU,,CIDADE,ABALROAMENTO LONGITUDINAL,COLISÃO ENTRE 3 VEÍCULOS  SEM VÍTIMAS,3,,,,,,,,,0,,Longo da via,Bom,Sem defeito,Perfeito estado,Seca,Perfeito estado,Faixa de pedestre,Outras,,Dupla,Canteiro central,,
2019-05-18,04:29:00,SEM VÍTIMA,FINALIZADA,DERBY,AV GOVERNADOR AGAMENON MAGALHAES,,,,AV GOVERNADOR AGAMENON MAGALHAES,,,DERBY,75,SUBURBIO,COLISÃO TRASEIRA,COLISÃO ENTRE DOS AUTOS S/V,2,,,,,,,,,0,,Longo da via,Bom,Sem defeito,Perfeito estado,Seca,Perfeito estado,Faixa de pedestre,Placas Pare,,Única,Canteiro central,,
2019-05-18,07:43:00,SEM VÍTIMA,FINALIZADA,CASA AMARELA,RUA FERREIRA LOPES,,EST DO ARRAIAL,LADO OPOSTO AO CONSULADO CHINES,RUA FERREIRA LOPES,,LADO OPOSTO AO CONSULADO CHINES,CASA AMARELA,,,ABALROAMENTO LONGITUDINAL,SEM VITIMAS,2,,,,,,,,,0,,Cruzamento,Bom,Não existe,Perfeito estado,Seca,Perfeito estado,Não existe,R-6a,,Dupla,Não existe,,
2019-05-18,08:53:00,SEM VÍTIMA,FINALIZADA,CASA AMARELA,RUA JOANA D'ARC,154,,,RUA JOANA D'ARC,154,,CASA AMARELA,,SUBURBIO,CHOQUE VEÍCULO PARADO,CAMINHAO E AUTO PASSEIO,1,,,,,,1,,,0,,Longo da via,Bom,Não existe,Não existente,Seca,Perfeito estado,Não existe,Não há placas,,Dupla,Não existe,,
2019-05-18,09:52:00,COM VÍTIMA,FINALIZADA,ESPINHEIRO,RUA DO ESPINHEIRO,280,RUA AMELIA,AO LADO DO HOSPITAL ESPINHEIRO,RUA DO ESPINHEIRO,280,AO LADO DO HOSPITAL ESPINHEIRO,ESPINHEIRO,195,SUBURBIO,ABALROAMENTO LONGITUDINAL,COM UMA VITIMA  JÁ SOCORRIDA PELO SAMU,1,1,,,,,,,,1,,Cruzamento,Bom,Sem defeito,Perfeito estado,Seca,Perfeito estado,Faixa de pedestre,R-6a,,Única,Faixa seccionada,,
2019-05-18,10:51:00,SEM VÍTIMA,CANCELADA,PINA,PTE GOVERNADOR PAULO GUERRA,,,NO INICIO DA PONTE SENTIDO RIO MAR,PTE GOVERNADOR PAULO GUERRA,,NO INICIO DA PONTE SENTIDO RIO MAR,PINA,,PINA,COLISÃO,SEM VITIMAS,2,,,,,,,,,0,,,,,,,,,,,,,,
2019-05-18,11:43:00,SEM VÍTIMA,FINALIZADA,BOA VIAGEM,AV BOA VIAGEM,,RUA BARAO DE SOUZA LEAO,,AV BOA VIAGEM,,,BOA VIAGEM,,SUBURBIO,ABALROAMENTO LONGITUDINAL,COLISÃO SEM VITIMA,1,,,,,,1,,,0,,Longo da via,Bom,Não existe,Perfeito estado,Seca,Perfeito estado,Outros,Outras,,Única,Faixa seccionada,,
2019-05-18,11:46:00,COM VÍTIMA,FINALIZADA,CURADO,AV LIBERDADE,1389,,EM FRENTE AO ANIBAL BRUNO,AV LIBERDADE,1389,EM FRENTE AO ANIBAL BRUNO,CURADO,,,ABALROAMENTO LONGITUDINAL,COLISÃO COM VITIMA,1,1,,,,,,,,1,,Longo da via,Bom,Não existe,Incompleta,Seca,,Não existe,Não há placas,,Dupla,Faixa contínua,,
2019-05-18,12:15:00,COM VÍTIMA,FINALIZADA,CAMPO GRANDE,EST DE BELEM,1244,,EM FRENTE A IGREJA EVANGELICA BRASILEIRA,EST DE BELEM,1244,EM FRENTE A IGREJA EVANGELICA BRASILEIRA,CAMPO GRANDE,26,CIDADE,ABALROAMENTO LONGITUDINAL,COLISÃO COM VÍTIMA,1,1,,,,,,,,1,,Longo da via,Bom,,Perfeito estado,Seca,Perfeito estado,Não existe,R-6a,,Dupla,Faixa contínua,Faixa seccionada,
2019-05-18,12:26:00,SEM VÍTIMA,CANCELADA,AFOGADOS,RUA SAO MIGUEL,,,PROXIMO AO BANCO DO BRASIL,RUA SAO MIGUEL,,PROXIMO AO BANCO DO BRASIL,AFOGADOS,,,COLISÃO,COLISÃO SEM VÍTIMA,1,,,,,1,,,,0,,,,,,,,,,,,,,
2019-05-18,12:27:00,SEM VÍTIMA,FINALIZADA,IBURA,AV DOIS RIOS,903,,EM FRENTE AO SUPERMERCADO SERVE BEM,AV DOIS RIOS,903,EM FRENTE AO SUPERMERCADO SERVE BEM,IBURA,475,SUBURBIO,COLISÃO TRASEIRA,COLISÃO S/ VITIMAS ENTRE DOIS AUTOS,2,,,,,,,,,0,,Longo da via,Bom,Sem defeito,Perfeito estado,Seca,Perfeito estado,Faixa de pedestre,Outras,60 km/h,Dupla,Faixa contínua,,
2019-05-18,12:57:00,SEM VÍTIMA,FINALIZADA,TEJIPIÓ,AV LIBERDADE,,,ESTAÇÃO TEJIPIÓ,AV LIBERDADE,,ESTAÇÃO TEJIPIÓ,TEJIPIÓ,434,CIDADE,COLISÃO TRASEIRA,COLISÃO SEM VITIMA,2,,,,,,,,,0,,Longo da via,Bom,Sem defeito,Perfeito estado,Seca,Perfeito estado,Faixa de pedestre,,,Dupla,Faixa seccionada,,
2019-05-18,13:20:00,SEM VÍTIMA,FINALIZADA,VÁRZEA,AV CAXANGA,,RUA GENERAL POLIDORO,EM FRENTE AO SEMÁFORO Nº 231,AV CAXANGA,,EM FRENTE AO SEMÁFORO Nº 231,VÁRZEA,,CIDADE,COLISÃO TRASEIRA,COLISÃO SEM VÍTIMA,2,,,,,,,,,0,,Longo da via,Bom,Sem defeito,Perfeito estado,Seca,Perfeito estado,,Outras,,Dupla,Canteiro central,,
2019-05-18,13:27:00,SEM VÍTIMA,FINALIZADA,SAN MARTIN,RUA JOSE VELOSO,225,RUA APULCRO DE ASSUNCAO,,RUA JOSE VELOSO,225,,SAN MARTIN,,CIDADE,ABALROAMENTO TRANSVERSAL,COLISÃO S/VITIMAS ENTRE DOIS AUTOS,2,,,,,,,,,0,,Cruzamento,Bom,Não existe,Não existente,Seca,Perfeito estado,Não existe,Não há placas,,Dupla,Não existe,,
2019-05-18,13:36:00,COM VÍTIMA,FINALIZADA,CASA AMARELA,RUA BELA VISTA,,RUA OSCAR PINTO,NA ESQUINA DA PADARIA E PASTELARIA BELA VISTA,RUA BELA VISTA,,NA ESQUINA DA PADARIA E PASTELARIA BELA VISTA,CASA AMARELA,,SUBURBIO,ABALROAMENTO TRANSVERSAL,COLISÃO COM VITIMA/ OS VEICULOS FORAM RETIRADOS DO LOCAL POR ORIENTAÇÃO DO SAMU,1,1,,,,,,,,1,,Cruzamento,Bom,Não existe,Incompleta,Seca,Perfeito estado,Não existe,Outras,,Dupla,Não existe,,
2019-05-18,14:58:00,SEM VÍTIMA,FINALIZADA,ENCRUZILHADA,AV BEBERIBE,,,SEMÁFORO 186,AV BEBERIBE,,SEMÁFORO 186,ENCRUZILHADA,,SUBURBIO,COLISÃO TRASEIRA,COLISÃO SEM VÍTIMA,1,,,,,1,,,,0,,Longo da via,Bom,Sem defeito,Perfeito estado,Seca,Perfeito estado,Faixa de pedestre,Outras,,Dupla,,,
2019-05-18,15:01:00,SEM VÍTIMA,FINALIZADA,TEJIPIÓ,RUA GENERAL MANUEL RABELO,233,,EM FRENTE ESTAÇÃO KIDS,RUA GENERAL MANUEL RABELO,233,EM FRENTE ESTAÇÃO KIDS,TEJIPIÓ,,SUBURBIO,ABALROAMENTO TRANSVERSAL,COLISÃO S/ VITIMAS ENTRE DOIS AUTOS,2,,,,,,,,,0,,Longo da via,Bom,Não existe,Perfeito estado,Seca,Perfeito estado,Não existe,Não há placas,,Dupla,Faixa contínua,,
2019-05-18,15:51:00,SEM VÍTIMA,FINALIZADA,JORDÃO,AV MARECHAL MASCARENHAS DE MORAES,7935,,LADO OPOSTO AO AEROPORTO,AV MARECHAL MASCARENHAS DE MORAES,7935,LADO OPOSTO AO AEROPORTO,JORDÃO,,SUBURBIO,COLISÃO TRASEIRA,COLISÃO SEM VÍTIMA,2,,,,,,,,,0,,Longo da via,Bom,Não existe,Perfeito estado,Seca,Perfeito estado,Outros,Outras,60 km/h,Única,Canteiro central,,
2019-05-18,15:57:00,SEM VÍTIMA,FINALIZADA,JARDIM SÃO PAULO,RUA LORENA,,RUA LEANDRO BARRETO,EM FRENTE AO POSTE Nº B 071601,RUA LORENA,,EM FRENTE AO POSTE Nº B 071601,JARDIM SÃO PAULO,,,ABALROAMENTO LONGITUDINAL,COLISÃO S/VITIMA ENTRE DOIS AUTOS,2,,,,,,,,,0,,Longo da via,Bom,Não existe,Não existente,Seca,Mal conservada,Não existe,Não há placas,,Dupla,Não existe,,