data,hora,natureza_acidente,situacao,bairro,endereco,numero,detalhe_endereco_acidente,complemento,endereco_cruzamento,numero_cruzamento,referencia_cruzamento,bairro_cruzamento,num_semaforo,sentido_via,tipo,descricao,auto,moto,ciclom,ciclista,pedestre,onibus,caminhao,viatura,outros,vitimas,vitimasfatais,acidente_verificado,tempo_clima,situacao_semaforo,sinalizacao,condicao_via,conservacao_via,ponto_controle,situacao_placa,velocidade_max_via,mao_direcao,divisao_via1,divisao_via2,divisao_via3
2019-05-20,16:54:00,SEM VÍTIMA,FINALIZADA,BOA VIAGEM,AV ENGENHEIRO DOMINGOS FERREIRA,2986,,EM FRENTE A LOJA ROMARRI,AV ENGENHEIRO DOMINGOS FERREIRA,2986,EM FRENTE A LOJA ROMARRI,BOA VIAGEM,,,ABALROAMENTO LONGITUDINAL,COLISAO SEM VITIMAS,1,,,,,1,,,,0,,Longo da via,Chuvoso,Não existe,Perfeito estado,Molhada,,Não existe,R-6a,60 km/h,Única,Faixa seccionada,Canteiro central,
2019-05-20,17:19:00,SEM VÍTIMA,FINALIZADA,CIDADE UNIVERSITÁRIA,AV PROFESSOR LUIZ FREIRE,,,EM FRENTE AO PORTÃO DO ITEP,AV PROFESSOR LUIZ FREIRE,,EM FRENTE AO PORTÃO DO ITEP,CIDADE UNIVERSITÁRIA,,SUBURBIO,ABALROAMENTO LONGITUDINAL,ONIBUS E AUTO,1,,,,,,,,,0,,Longo da via,Chuvoso,Não existe,Incompleta,Molhada,Perfeito estado,Não existe,Não há placas,,Dupla,Faixa seccionada,,
2019-05-20,17:45:00,SEM VÍTIMA,FINALIZADA,AFOGADOS,RUA SAO MIGUEL,30,,EM FRENTE AO STAR SHOPPING,RUA SAO MIGUEL,30,EM FRENTE AO STAR SHOPPING,AFOGADOS,,SUBURBIO,ABALROAMENTO LONGITUDINAL,COLISAO SEM VITIMAS,1,,,,,,1,,,0,,Cruzamento,Chuvoso,Sem defeito,Perfeito estado,Molhada,Perfeito estado,Faixa de pedestre,Não há placas,,Dupla,Faixa seccionada,,
2019-05-20,18:15:00,SEM VÍTIMA,CANCELADA,BOA VIAGEM,AV VINTE DE JANEIRO,1330,AV MARECHAL JUAREZ TAVORA,E/F AO FORUM MOTEL,AV VINTE DE JANEIRO,1330,E/F AO FORUM MOTEL,BOA VIAGEM,,,COLISÃO,DOIS AUTO SEM VITIMAS,2,,,,,,,,,0,,,,,,,,,,,,,,
2019-05-20,18:28:00,SEM VÍTIMA,FINALIZADA,CASA AMARELA,RUA CONS PERETTI,,RUA OSCAR DE BARROS,,RUA CONS PERETTI,,,CASA AMARELA,,SUBURBIO,ABALROAMENTO TRANSVERSAL,AUTO PASSEIO E ONIBUS,1,,,,,1,,,,0,,Cruzamento,Chuvoso,Não existe,,Molhada,,,,,Única,Não existe,,
2019-05-20,18:36:00,SEM VÍTIMA,CANCELADA,ROSARINHO,RUA NETO DE MENDONCA,230,,E/F A PRAÇA NOSSA SENHORA DE FATIMA,RUA NETO DE MENDONCA,230,E/F A PRAÇA NOSSA SENHORA DE FATIMA,ROSARINHO,,,COLISÃO,DOIS AUTO SEM VITIMAS,2,,,,,,,,,0,,,,,,,,,,,,,,
2019-05-20,18:43:00,SEM VÍTIMA,FINALIZADA,AFOGADOS,RUA SAO MIGUEL,,,AO LADO DA DELEGACIA DO DEPATRI,RUA SAO MIGUEL,,AO LADO DA DELEGACIA DO DEPATRI,AFOGADOS,,SUBURBIO,ABALROAMENTO LONGITUDINAL,CARRETA E AUTO PASSEIO SEM VITIMAS,1,,,,,,1,,,0,,Longo da via,Chuvoso,Não existe,Perfeito estado,Molhada,,Faixa de pedestre,Não há placas,,Dupla,Faixa seccionada,,
2019-05-20,19:05:00,SEM VÍTIMA,FINALIZADA,BOA VIAGEM,AV ENGENHEIRO DOMINGOS FERREIRA,,,AO LADO DA FARMACIA PAGUE MENOS,AV ENGENHEIRO DOMINGOS FERREIRA,,AO LADO DA FARMACIA PAGUE MENOS,BOA VIAGEM,139,SUBURBIO,COLISÃO TRASEIRA,MERCEDES-BENS X ONIBUS,1,,,,,1,,,,0,,,Chuvoso,Sem defeito,Perfeito estado,Molhada,Perfeito estado,Faixa de pedestre,Não há placas,60 km/h,Única,Canteiro central,,
2019-05-20,19:18:00,VÍTIMA FATAL,FINALIZADA,MACAXEIRA,RUA ANITA,9,,PROX AO CAMPO DA UNIÃO. SUBIDA ALTO SÃO SEBASTIÃO.,RUA ANITA,9,PROX AO CAMPO DA UNIÃO. SUBIDA ALTO SÃO SEBASTIÃO.,MACAXEIRA,,SUBURBIO,ATROPELAMENTO,ENVOLVENDO TRATOR E UM PEDESTRE.,,,,,1,,,,1,,1,Longo da via,Chuvoso,Não existe,Não existente,Molhada,Mal conservada,Não existe,Não há placas,,Dupla,Não existe,,
2019-05-20,20:14:00,SEM VÍTIMA,FINALIZADA,BARRO,AV DR JOSE RUFINO,1807,RUA PADRE NOBREGA,,AV DR JOSE RUFINO,1807,,BARRO,,SUBURBIO,COLISÃO FRONTAL,DOIS AUTO SEM VITIMAS,2,,,,,,,,,0,,Longo da via,Chuvoso,Não existe,Perfeito estado,Molhada,Perfeito estado,Não existe,Não há placas,50 km/h,Dupla,Faixa seccionada,,
2019-05-20,20:41:00,SEM VÍTIMA,FINALIZADA,VÁRZEA,PRC PINTO DAMASO,,,LADO OPOSTO A PARADA DE ÔNIBUS,PRC PINTO DAMASO,,LADO OPOSTO A PARADA DE ÔNIBUS,VÁRZEA,,CIDADE,ABALROAMENTO LONGITUDINAL,AUTO X HB 20,2,,,,,,,,,0,,,Chuvoso,Não existe,Perfeito estado,Molhada,Perfeito estado,Não existe,,,Única,Não existe,,
2019-05-20,20:42:00,SEM VÍTIMA,FINALIZADA,ILHA DO LEITE,RUA GENERAL JOAQUIM INACIO,267,,,RUA GENERAL JOAQUIM INACIO,267,,ILHA DO LEITE,,CID/SUB,CHOQUE VEÍCULO PARADO,AMBULANCIA E AUTO PASSEIO SEM VITIMAS,2,,,,,,,,,0,,Longo da via,Chuvoso,Não existe,Perfeito estado,Molhada,Perfeito estado,,,,Dupla,,,
2019-05-20,21:59:00,SEM VÍTIMA,FINALIZADA,SAN MARTIN,AV ENGENHEIRO ABDIAS DE CARVALHO,,,,AV ENGENHEIRO ABDIAS DE CARVALHO,,,SAN MARTIN,,,ABALROAMENTO LONGITUDINAL,AUTO E MOTO SEM VITIMAS,1,1,,,,,,,,0,,Longo da via,Chuvoso,Sem defeito,Perfeito estado,Molhada,Perfeito estado,Faixa de pedestre,R-6a,60 km/h,Dupla,Canteiro central,,
2019-05-20,22:56:00,SEM VÍTIMA,FINALIZADA,CAMPO GRANDE,RUA PRUDENTE DE MORAES,,RUA MARQUES DE ABRANTES,,RUA PRUDENTE DE MORAES,,,CAMPO GRANDE,,CIDADE,ABALROAMENTO TRANSVERSAL,CLASSIC X MEGANE OBS: SUSPEITA DE EMBRIAGUEZ,2,,,,,,,,,0,,Cruzamento,Chuvoso,Não existe,Perfeito estado,Molhada,Perfeito estado,Não existe,Placas Pare,30 km/h,Dupla,Faixa seccionada,,
2019-05-21,00:16:00,SEM VÍTIMA,FINALIZADA,,AV CORREIA DE BRITO,,,LADO OPOSTO AO Nº 272,AV CORREIA DE BRITO,,LADO OPOSTO AO Nº 272,,,CIDADE,COLISÃO FRONTAL,COLISÃO ENTRE DOIS AUTOS S/V,2,,,,,,,,,0,,Longo da via,Chuvoso,Não existe,Não existente,Molhada,Mal iluminada,Não existe,Não há placas,,Dupla,Não existe,,
2019-05-21,08:18:00,COM VÍTIMA,FINALIZADA,SANTO AMARO,AV NORTE,,,EM FRENTE AO CENTRO DA JUVENTUDE,AV NORTE,,EM FRENTE AO CENTRO DA JUVENTUDE,SANTO AMARO,397,CIDADE,TOMBAMENTO,ACIDENTE DE PERCURSO  ENVOLVENDO UMA MOTOCICLETA.,,1,,,,,,,,1,,Longo da via,Chuvoso,Sem defeito,Perfeito estado,Molhada,Perfeito estado,Faixa de pedestre,Não há placas,60 km/h,Dupla,Canteiro central,,
2019-05-21,08:57:00,SEM VÍTIMA,FINALIZADA,TEJIPIÓ,RUA APRIGIO GUIMARAES,883,,,RUA APRIGIO GUIMARAES,883,,TEJIPIÓ,,CIDADE,ABALROAMENTO LONGITUDINAL,S/ VÍTIMA DOIS AUTOS,2,,,,,,,,,0,,Longo da via,Chuvoso,Não existe,Não existente,Seca,Perfeito estado,Não existe,Não há placas,,Dupla,Não existe,,
2019-05-21,09:07:00,COM VÍTIMA,FINALIZADA,SAN MARTIN,RUA PEDRO MELO,620,RUA DR GOMES PORTO,EM FRENTE A IGREJA ADVENTISTA,RUA PEDRO MELO,620,EM FRENTE A IGREJA ADVENTISTA,SAN MARTIN,,,ABALROAMENTO TRANSVERSAL,AUTO E MOTO.,1,1,,,,,,,,1,,Cruzamento,Nublado,Não existe,Não existente,Seca,Perfeito estado,Não existe,Não há placas,,Dupla,Não existe,,
2019-05-21,09:17:00,COM VÍTIMA,CANCELADA,ESTÂNCIA,AV DR JOSE RUFINO,,,EM FRENTE AO COLEGIO VISAO,AV DR JOSE RUFINO,,EM FRENTE AO COLEGIO VISAO,ESTÂNCIA,,,COLISÃO,COLISAO COM VITIMAS,1,1,,,,,,,,1,,,,,,,,,,,,,,
2019-05-21,10:06:00,SEM VÍTIMA,FINALIZADA,MANGUEIRA,RUA DR JOAO ELISIO,367,,,RUA DR JOAO ELISIO,367,,MANGUEIRA,,,ABALROAMENTO LONGITUDINAL,AUTO E MOTO,1,1,,,,,,,,0,,Longo da via,Bom,Não existe,Perfeito estado,Seca,Perfeito estado,Não existe,,30 km/h,Dupla,Não existe,,
2019-05-21,11:16:00,SEM VÍTIMA,FINALIZADA,PAISSANDU,AV GOVERNADOR AGAMENON MAGALHAES,141,,VETMAIS,AV GOVERNADOR AGAMENON MAGALHAES,141,VETMAIS,PAISSANDU,69,,COLISÃO TRASEIRA,COLISÃO S/VITIMAS ENTRE TRES AUTOS,3,,,,,,,,,0,,Longo da via,Chuvoso,Com defeito,,Molhada,Perfeito estado,Agente,Outras,60 km/h,Dupla,Canal,,
2019-05-21,11:19:00,SEM VÍTIMA,FINALIZADA,TORRÕES,AV ENGENHEIRO ABDIAS DE CARVALHO,,,,AV ENGENHEIRO ABDIAS DE CARVALHO,,,TORRÕES,375,SUBURBIO,ABALROAMENTO LONGITUDINAL,SEM VITIMAS,1,,,,,,1,,,0,,Longo da via,Bom,Sem defeito,Perfeito estado,Seca,Perfeito estado,,R-6a,60 km/h,Dupla,Canteiro central,,
2019-05-21,12:50:00,SEM VÍTIMA,FINALIZADA,TAMARINEIRA,AV CONS ROSA E SILVA,,RUA DR JOSE MARIA,FARMACIA PAGUE MENOS,AV CONS ROSA E SILVA,,FARMACIA PAGUE MENOS,TAMARINEIRA,253,SUBURBIO,ABALROAMENTO LONGITUDINAL,,1,,,,,,1,,,0,,Cruzamento,Chuvoso,Sem defeito,Perfeito estado,Molhada,Perfeito estado,Faixa de pedestre,Outras,,Dupla,Faixa contínua,,
2019-05-21,12:57:00,SEM VÍTIMA,FINALIZADA,TAMARINEIRA,EST DO ARRAIAL,2305,,EM FRENTE A FARMACIA FTB,EST DO ARRAIAL,2305,EM FRENTE A FARMACIA FTB,TAMARINEIRA,,SUBURBIO,ABALROAMENTO LONGITUDINAL,COLISAO ENTRE AUTO OFICIAL E MOTO S/V,1,1,,,,,,,,0,,Longo da via,Chuvoso,Não existe,Perfeito estado,Molhada,Perfeito estado,Não existe,Não há placas,60 km/h,Única,Faixa seccionada,,
2019-05-21,13:05:00,COM VÍTIMA,FINALIZADA,SÃO JOSÉ,AV DANTAS BARRETO,,RUA DO PEIXOTO,NO FINAL DAS DANTAS BARRETO JUNTO AO TERMINAL DOS ONIBUS 1002,AV DANTAS BARRETO,,NO FINAL DAS DANTAS BARRETO JUNTO AO TERMINAL DOS ONIBUS 1002,SÃO JOSÉ,181,SUBURBIO,COLISÃO COM CICLISTA,ÔNIBUS E BICICLETA.,,,,1,,1,,,,1,,Cruzamento,Bom,Sem defeito,Perfeito estado,Seca,Perfeito estado,Faixa de pedestre,Não há placas,,Única,,,
2019-05-21,14:02:00,SEM VÍTIMA,FINALIZADA,IPSEP,RUA ADERBAL DE MELO,,RUA HELIO BRANDAO,,RUA ADERBAL DE MELO,,,IPSEP,,SUBURBIO,ABALROAMENTO TRANSVERSAL,COLISÃO SEM VITIMAS,2,,,,,,,,,0,,Cruzamento,Bom,Não existe,Perfeito estado,Seca,Perfeito estado,,Placas Pare,40 km/h,Única,Faixa contínua,,
2019-05-21,14:24:00,SEM VÍTIMA,FINALIZADA,SANTO AMARO,AV CRUZ CABUGA,,,EM FRENTE AO SEMÁFORO Nº 034,AV CRUZ CABUGA,,EM FRENTE AO SEMÁFORO Nº 034,SANTO AMARO,34,,COLISÃO TRASEIRA,COLISÃO SEM VÍTIMA,2,,,,,,,,,0,,Longo da via,Chuvoso,Sem defeito,Incompleta,Molhada,Mal conservada,,Outras,,Dupla,Faixa contínua,Faixa seccionada,
2019-05-21,14:26:00,SEM VÍTIMA,CANCELADA,IMBIRIBEIRA,RUA PINTOR LULA CARDOSO AYRES,,,E/F A SECRETARIA DA FAZENDA,RUA PINTOR LULA CARDOSO AYRES,,E/F A SECRETARIA DA FAZENDA,IMBIRIBEIRA,,,COLISÃO,COLISAO ENTRE CAMINHAO E UMA EMPILHADEIRA,1,,,,,,1,,,0,,,,,,,,,,,,,,
2019-05-21,14:36:00,SEM VÍTIMA,CANCELADA,ROSARINHO,RUA AMARO COUTINHO,395,,PROX AO BAR DO TONHAO,RUA AMARO COUTINHO,395,PROX AO BAR DO TONHAO,ROSARINHO,,,COLISÃO,COLISAO ENTRE DOIS AUTOS S/V,2,,,,,,,,,0,,,,,,,,,,,,,,
2019-05-21,14:36:00,SEM VÍTIMA,FINALIZADA,BOA VIAGEM,AV DES JOSE NEVES,,RUA FREI CASANOVA,,AV DES JOSE NEVES,,,BOA VIAGEM,,SUBURBIO,COLISÃO TRASEIRA,COLISÃO SEM VÍTIMA,2,,,,,,,1,,0,,Longo da via,Bom,Não existe,Perfeito estado,Seca,Perfeito estado,Não existe,Não há placas,,Dupla,Canteiro central,,
2019-05-21,14:49:00,SEM VÍTIMA,FINALIZADA,BOA VIAGEM,AV CONSELHEIRO AGUIAR,2814,,LAVANDERIA VIVAR,AV CONSELHEIRO AGUIAR,2814,LAVANDERIA VIVAR,BOA VIAGEM,,CIDADE,ABALROAMENTO LONGITUDINAL,COLISAO ENTRE ONIBUS E AUTO S/V,1,,,,,1,,,,0,,Longo da via,Bom,Não existe,Perfeito estado,Seca,Perfeito estado,Não existe,Não há placas,60 km/h,Única,Faixa seccionada,,
2019-05-21,16:22:00,SEM VÍTIMA,CANCELADA,ILHA DO RETIRO,RUA TABAIARES,207,,PROX AO SEBRAE,RUA TABAIARES,207,PROX AO SEBRAE,ILHA DO RETIRO,,,COLISÃO,COLISAO ENTRE TRES AUTOS S/V,3,,,,,,,,,0,,,,,,,,,,,,,,
2019-05-21,18:05:00,SEM VÍTIMA,FINALIZADA,ESPINHEIRO,AV JOAO DE BARROS,1298,,AO LADO DA FARMÁCIA EXTRAFARMA,AV JOAO DE BARROS,1298,AO LADO DA FARMÁCIA EXTRAFARMA,ESPINHEIRO,339,SUBURBIO,ABALROAMENTO LONGITUDINAL,ENTRE AUTO E CAMINHÃO. S/V,1,,,,,,1,,,0,,Longo da via,Bom,Sem defeito,Perfeito estado,Seca,Perfeito estado,Não existe,Outras,,Única,Faixa seccionada,,
2019-05-21,18:23:00,SEM VÍTIMA,FINALIZADA,CAÇOTE,AV CAPITAO GREGORIO DE CALDAS,470,,CARNES E FRIOS,AV CAPITAO GREGORIO DE CALDAS,470,CARNES E FRIOS,CAÇOTE,,SUBURBIO,CHOQUE VEÍCULO PARADO,NISSAN FRONTIER X PEUJEOT,2,,,,,,,,,0,,Longo da via,Bom,Não existe,Perfeito estado,Seca,Perfeito estado,Não existe,,30 km/h,Dupla,Faixa seccionada,,
2019-05-21,22:18:00,SEM VÍTIMA,FINALIZADA,MADALENA,RUA JOSE BONIFACIO,409,,E/F A DROGASIL,RUA JOSE BONIFACIO,409,E/F A DROGASIL,MADALENA,,,CHOQUE VEÍCULO PARADO,ENTRE 2 AUTOS. S/V,2,,,,,,,,,0,,Longo da via,Bom,Não existe,Perfeito estado,Seca,Perfeito estado,Não existe,Outras,,Única,Faixa seccionada,,
2019-05-21,22:43:00,SEM VÍTIMA,FINALIZADA,BOA VIAGEM,AV ENGENHEIRO DOMINGOS FERREIRA,,,CASA DOS FRIOS LADO OPOSTO,AV ENGENHEIRO DOMINGOS FERREIRA,,CASA DOS FRIOS LADO OPOSTO,BOA VIAGEM,,SUBURBIO,ABALROAMENTO LONGITUDINAL,ENTRE 2 AUTOS. S/V,2,,,,,,,,,0,,Longo da via,Bom,Não existe,Perfeito estado,Seca,Perfeito estado,,R-6a,60 km/h,Única,Canteiro central,,
2019-05-22,04:29:00,SEM VÍTIMA,FINALIZADA,BOA VIAGEM,AV BOA VIAGEM,6944,,EM FRENTE AO Nº 6944,AV BOA VIAGEM,6944,EM FRENTE AO Nº 6944,BOA VIAGEM,,CIDADE,CHOQUE OBJETO FIXO,VEÍCULO CHOCOU-SE CONTRA UM PAPA METRALHAS,1,,,,,,,,,0,,Longo da via,Bom,Sem defeito,Perfeito estado,Seca,Perfeito estado,Faixa de pedestre,,,Única,Faixa seccionada,,
2019-05-22,06:25:00,SEM VÍTIMA,CANCELADA,ENCRUZILHADA,RUA CASTRO ALVES,280,RUA VISCONDE DE MAMANGUAPE,RUA EM FRENTE AO CISAN,RUA CASTRO ALVES,280,RUA EM FRENTE AO CISAN,ENCRUZILHADA,,,COLISÃO,SEM VITIMAS,1,,,,,1,,,,0,,,,,,,,,,,,,,
2019-05-22,06:38:00,SEM VÍTIMA,FINALIZADA,BOA VISTA,RUA DO HOSPICIO,,,EM FRENTE AO SEMÁFORO 31,RUA DO HOSPICIO,,EM FRENTE AO SEMÁFORO 31,BOA VISTA,31,CIDADE,COLISÃO TRASEIRA,SEM VITIMAS,,,,,,1,,1,,0,,Longo da via,Bom,Sem defeito,Perfeito estado,Seca,Perfeito estado,Faixa de pedestre,Não há placas,,Única,Faixa contínua,,
2019-05-22,06:54:00,COM VÍTIMA,FINALIZADA,BOA VIAGEM,RUA TOME GIBSON,315,,NA ENTRADA DO CONVENTO FREI DAMIÃO. EM FRENTE AO POSTE DE ILUMINAÇÃO B002306.,RUA TOME GIBSON,315,NA ENTRADA DO CONVENTO FREI DAMIÃO. EM FRENTE AO POSTE DE ILUMINAÇÃO B002306.,BOA VIAGEM,,,COLISÃO TRASEIRA,AUTO E MOTO.,1,1,,,1,,,,,1,,Longo da via,Bom,Não existe,Incompleta,Seca,Perfeito estado,Não existe,R-6a,,Dupla,Não existe,,
2019-05-22,07:21:00,SEM VÍTIMA,FINALIZADA,,AV ARMINDO MOURA,,RUA MINISTRO SALGADO FILHO,,AV ARMINDO MOURA,,,,,,ABALROAMENTO LONGITUDINAL,DOIS AUTOS,2,,,,,,,,,0,,Longo da via,Bom,Não existe,Perfeito estado,Seca,Perfeito estado,,,40 km/h,Dupla,Faixa seccionada,,
2019-05-22,07:38:00,COM VÍTIMA,FINALIZADA,ILHA JOANA BEZERRA,VDO PAPA JOAO PAULO II,,,SENTIDO BOA VIAGEM. SOBRE O VIADUTO.,VDO PAPA JOAO PAULO II,,SENTIDO BOA VIAGEM. SOBRE O VIADUTO.,ILHA JOANA BEZERRA,,SUBURBIO,COLISÃO TRASEIRA,AUTO E MOTO,1,1,,,,,,,,2,,Viaduto,Bom,Não existe,Perfeito estado,Seca,Perfeito estado,Não existe,Não há placas,60 km/h,Única,Faixa seccionada,,
2019-05-22,07:47:00,SEM VÍTIMA,FINALIZADA,ILHA DO RETIRO,AV ENGENHEIRO ABDIAS DE CARVALHO,155,,PRÓX AO POSTO SHELL,AV ENGENHEIRO ABDIAS DE CARVALHO,155,PRÓX AO POSTO SHELL,ILHA DO RETIRO,,CIDADE,ABALROAMENTO LONGITUDINAL,COLISÃO SEM VITIMAS,2,,,,,,,,,0,,Longo da via,Bom,Não existe,Perfeito estado,Seca,Perfeito estado,Outros,R-6a,,Dupla,Canteiro central,,
2019-05-22,08:36:00,SEM VÍTIMA,CANCELADA,IMBIRIBEIRA,AV MARECHAL MASCARENHAS DE MORAES,5089,,EM FRENTE A FACULDADE PERNAMBUCANA DE SAUDE  SENT. CIDADE,AV MARECHAL MASCARENHAS DE MORAES,5089,EM FRENTE A FACULDADE PERNAMBUCANA DE SAUDE  SENT. CIDADE,IMBIRIBEIRA,,,COLISÃO,DOIS AUTOS,2,,,,,,,,,0,,,,,,,,,,,,,,
2019-05-22,08:47:00,SEM VÍTIMA,FINALIZADA,IBURA,AV DOIS RIOS,,RUA RIO TAPAJOS,PRÓXIMO AO POSTO DE COMBUSTÍVEL BR,AV DOIS RIOS,,PRÓXIMO AO POSTO DE COMBUSTÍVEL BR,IBURA,361,SUBURBIO,ABALROAMENTO LONGITUDINAL,AUTO E MOTO,1,1,,,,,,,,0,,,Bom,Sem defeito,Perfeito estado,Seca,Perfeito estado,Faixa de pedestre,R-6a,,Dupla,Faixa contínua,,
2019-05-22,09:06:00,SEM VÍTIMA,FINALIZADA,ROSARINHO,AV SANTOS DUMONT,,,EM FRENTE A ILHA DE CEDROS,AV SANTOS DUMONT,,EM FRENTE A ILHA DE CEDROS,ROSARINHO,81,SUBURBIO,COLISÃO TRASEIRA,COLISAO SEM ITIMAS,1,,,,,1,,,,0,,Longo da via,Bom,Sem defeito,Perfeito estado,Seca,Perfeito estado,Faixa de pedestre,R-6a,,Única,Faixa seccionada,,
2019-05-22,09:17:00,SEM VÍTIMA,CANCELADA,COELHOS,RUA DOS COELHOS,,,EM FRENTE AO IMIP,RUA DOS COELHOS,,EM FRENTE AO IMIP,COELHOS,,,COLISÃO,COLISAO SEM ITIMAS,2,,,,,,,,,0,,,,,,,,,,,,,,
2019-05-22,09:42:00,SEM VÍTIMA,FINALIZADA,,RUA DO PEIXOTO,,AV DANTAS BARRETO,,RUA DO PEIXOTO,,,,181,SUBURBIO,ABALROAMENTO LONGITUDINAL,COLISAÕ SEM VITIMAS,,1,,,,1,,,,0,,Cruzamento,Bom,Sem defeito,Perfeito estado,Seca,Perfeito estado,Faixa de pedestre,Outras,50 km/h,Dupla,Faixa contínua,,
2019-05-22,10:34:00,SEM VÍTIMA,FINALIZADA,CORDEIRO,RUA HONORIO CORREIA,76,,RUA DO SUPERMERCADO LEÃO,RUA HONORIO CORREIA,76,RUA DO SUPERMERCADO LEÃO,CORDEIRO,,CIDADE,ABALROAMENTO LONGITUDINAL,SEM VITIMAS,2,,,,,,,,,0,,Longo da via,Bom,Não existe,Perfeito estado,Seca,Perfeito estado,Não existe,Não há placas,,Única,Faixa seccionada,,
2019-05-22,11:18:00,COM VÍTIMA,FINALIZADA,BOA VIAGEM,RUA JOAQUIM BANDEIRA,,AV SUL,EM FRENTE A ESTAÇÃO ANTONIO FALCÃO,RUA JOAQUIM BANDEIRA,,EM FRENTE A ESTAÇÃO ANTONIO FALCÃO,BOA VIAGEM,,SUBURBIO,ABALROAMENTO TRANSVERSAL,COM UMA VITIMA,1,1,,,,,,,,1,,Cruzamento,Bom,Não existe,Ilegível,Seca,Mal iluminada,Não existe,Não há placas,,Dupla,Não existe,,
2019-05-22,11:40:00,SEM VÍTIMA,FINALIZADA,SANTO AMARO,AV CRUZ CABUGA,1419,,SECRETARIA DA FAZENDA,AV CRUZ CABUGA,1419,SECRETARIA DA FAZENDA,SANTO AMARO,344,CIDADE,COLISÃO TRASEIRA,DOISAUTOS,2,,,,,,,,,0,,Longo da via,Bom,Sem defeito,Perfeito estado,Seca,Mal conservada,Não existe,Não há placas,60 km/h,Dupla,Faixa contínua,,
2019-05-22,12:45:00,COM VÍTIMA,FINALIZADA,IMBIRIBEIRA,AV MARECHAL MASCARENHAS DE MORAES,,,EM FRENTE A FERREIRA COSTA/ SENTIDO CIDADE,AV MARECHAL MASCARENHAS DE MORAES,,EM FRENTE A FERREIRA COSTA/ SENTIDO CIDADE,IMBIRIBEIRA,,CIDADE,CHOQUE VEÍCULO PARADO,AUTO E MOTO.,1,1,,,,,,,,1,,Longo da via,Bom,Sem defeito,Perfeito estado,Seca,Perfeito estado,Não existe,Não há placas,60 km/h,Única,Faixa contínua,,
2019-05-22,13:01:00,SEM VÍTIMA,FINALIZADA,PARNAMIRIM,AV RUI BARBOSA,,,SOB O SEMÁFORO Nº 460,AV RUI BARBOSA,,SOB O SEMÁFORO Nº 460,PARNAMIRIM,460,CIDADE,COLISÃO TRASEIRA,COLISÃO COM VÍTIMA,2,,,,,,,,,0,,Longo da via,Bom,Sem defeito,Perfeito estado,Seca,Perfeito estado,Faixa de pedestre,Outras,,Única,Faixa contínua,,
2019-05-22,13:56:00,SEM VÍTIMA,FINALIZADA,CASA AMARELA,EST DO ENCANAMENTO,1284,RUA PROFESSOR ALVARO LIMA,CASA DE FESTA ESTRIPULIA,EST DO ENCANAMENTO,1284,CASA DE FESTA ESTRIPULIA,CASA AMARELA,,CIDADE,ABALROAMENTO TRANSVERSAL,COLISÃO SEM VITIMA,1,1,,,,,,,,0,,Cruzamento,Bom,Não existe,Perfeito estado,Seca,Perfeito estado,Não existe,Placas Pare,40 km/h,Única,Faixa seccionada,,
2019-05-22,14:27:00,COM VÍTIMA,FINALIZADA,IMBIRIBEIRA,RUA PAMPULHA,2555,,EM FRENTE A MITSUBISHI MOTOS,RUA PAMPULHA,2555,EM FRENTE A MITSUBISHI MOTOS,IMBIRIBEIRA,534,CIDADE,ABALROAMENTO LONGITUDINAL,MOTO E ÔNIBUS.,1,1,,,,,,,,1,,Cruzamento,Bom,Sem defeito,Perfeito estado,Seca,Perfeito estado,Faixa de pedestre,Não há placas,60 km/h,Dupla,Canteiro central,,
2019-05-22,14:52:00,SEM VÍTIMA,FINALIZADA,IMBIRIBEIRA,RUA CONEGO LIRA,,RUA GENERAL GOES MONTEIRO,,RUA CONEGO LIRA,,,IMBIRIBEIRA,,CIDADE,ABALROAMENTO TRANSVERSAL,COLISÃO SEM VÍTIMA,4,,,,,,,,,0,,Cruzamento,Bom,Não existe,,Seca,Perfeito estado,Não existe,Outras,,Dupla,Não existe,,
2019-05-22,15:07:00,COM VÍTIMA,FINALIZADA,IPSEP,RUA ADERBAL DE MELO,135,RUA HELIO BRANDAO,E/F A CHAMBARIL E FEIJOADA DO JOAO,RUA ADERBAL DE MELO,135,E/F A CHAMBARIL E FEIJOADA DO JOAO,IPSEP,,CIDADE,ABALROAMENTO TRANSVERSAL,COLISAO ENTRE AUTO E MOTO COM UMA VITIMA,1,1,,,,,,,,1,,Cruzamento,Bom,Não existe,Perfeito estado,Seca,Perfeito estado,Não existe,Placas Pare,,Dupla,Faixa seccionada,,
2019-05-22,14:58:00,SEM VÍTIMA,CANCELADA,BOA VIAGEM,RUA JOAO CARDOSO AIRES,560,,EDIF TEOREMA 501,RUA JOAO CARDOSO AIRES,560,EDIF TEOREMA 501,BOA VIAGEM,,,COLISÃO,COLISÃO SEM VITIMA,2,,,,,,,,,0,,,,,,,,,,,,,,
2019-05-22,15:22:00,SEM VÍTIMA,FINALIZADA,BAIRRO DO RECIFE,,,,APÓS O PAÇO ALFÂNDEGA,,,APÓS O PAÇO ALFÂNDEGA,BAIRRO DO RECIFE,477,SUBURBIO,ABALROAMENTO LONGITUDINAL,COLISÃO SEM VÍTIMA,2,,,,,,,,,0,,Longo da via,Bom,Não existe,Perfeito estado,Seca,Perfeito estado,Não existe,Não há placas,,Única,,,