data,hora,natureza_acidente,situacao,bairro,endereco,numero,detalhe_endereco_acidente,complemento,endereco_cruzamento,numero_cruzamento,referencia_cruzamento,bairro_cruzamento,num_semaforo,sentido_via,tipo,descricao,auto,moto,ciclom,ciclista,pedestre,onibus,caminhao,viatura,outros,vitimas,vitimasfatais,acidente_verificado,tempo_clima,situacao_semaforo,sinalizacao,condicao_via,conservacao_via,ponto_controle,situacao_placa,velocidade_max_via,mao_direcao,divisao_via1,divisao_via2,divisao_via3
2019-05-22,15:27:00,SEM VÍTIMA,FINALIZADA,ÁGUA FRIA,EST VELHA DE AGUA FRIA,,AV NORTE,,EST VELHA DE AGUA FRIA,,,ÁGUA FRIA,602,SUBURBIO,ABALROAMENTO LONGITUDINAL,COLISÃO SEM VÍTIMA,1,,,,,1,,,,0,,Cruzamento,Bom,Sem defeito,Perfeito estado,Seca,Perfeito estado,Faixa de pedestre,R-6a,,Dupla,Faixa contínua,Canteiro central,
2019-05-22,15:45:00,SEM VÍTIMA,FINALIZADA,CASA AMARELA,AV NORTE,270,,LADO OPOSTO A RETÍFICA PADRÃO,AV NORTE,270,LADO OPOSTO A RETÍFICA PADRÃO,CASA AMARELA,95,SUBURBIO,ABALROAMENTO LONGITUDINAL,COLISÃO SEM VITIMAS,1,,,,,,1,,,0,,Longo da via,Bom,Sem defeito,Perfeito estado,Seca,Perfeito estado,Faixa de pedestre,R-6a,60 km/h,Dupla,Canteiro central,,
2019-05-22,17:49:00,SEM VÍTIMA,FINALIZADA,SANTO AMARO,AV DR JAYME DA FONTE,79,,,AV DR JAYME DA FONTE,79,,SANTO AMARO,,SUBURBIO,ABALROAMENTO LONGITUDINAL,ENTRE AUTO E ÔNIBUS. S/V,1,,,,,1,,,,0,,Longo da via,Bom,Não existe,Perfeito estado,Seca,Perfeito estado,Não existe,Não há placas,,Dupla,Canteiro central,,
2019-05-22,18:01:00,SEM VÍTIMA,FINALIZADA,IPSEP,AV RECIFE,3141,,EM FRENTE A VILLA DO PÃO,AV RECIFE,3141,EM FRENTE A VILLA DO PÃO,IPSEP,,,ABALROAMENTO LONGITUDINAL,ENTRE AUTO E ÔNIBUS. S/V,1,,,,,1,,,,0,,Longo da via,Bom,Sem defeito,Perfeito estado,Seca,Perfeito estado,Não existe,Não há placas,60 km/h,Única,Faixa contínua,,
2019-05-22,18:23:00,SEM VÍTIMA,FINALIZADA,IMBIRIBEIRA,RUA ANTONIO FALCAO,253,RUA ITAUBA,CE GOMES AZEVEDO,RUA ANTONIO FALCAO,253,CE GOMES AZEVEDO,IMBIRIBEIRA,,CIDADE,ABALROAMENTO TRANSVERSAL,,2,,,,,,,,,0,,Cruzamento,Bom,Não existe,Perfeito estado,Seca,,Não existe,Não há placas,60 km/h,Única,Faixa seccionada,,
2019-05-22,18:51:00,SEM VÍTIMA,FINALIZADA,PAISSANDU,AV GOVERNADOR AGAMENON MAGALHAES,,,SEMÁFORO 69,AV GOVERNADOR AGAMENON MAGALHAES,,SEMÁFORO 69,PAISSANDU,69,SUBURBIO,COLISÃO TRASEIRA,DUAS MOTOS,,2,,,,,,,,0,,Longo da via,Bom,Sem defeito,Perfeito estado,Seca,Perfeito estado,Faixa de pedestre,Outras,,Dupla,Canal,,
2019-05-22,19:46:00,SEM VÍTIMA,FINALIZADA,ESPINHEIRO,AV JOAO DE BARROS,,RUA DO ESPINHEIRO,,AV JOAO DE BARROS,,,ESPINHEIRO,89,SUBURBIO,ABALROAMENTO TRANSVERSAL,ENTRE AUTO E MOTO. S/V,1,1,,,,,,,,0,,Longo da via,Bom,Sem defeito,Perfeito estado,Seca,Perfeito estado,Faixa de retenção,Outras,,Única,Faixa contínua,,
2019-05-22,19:52:00,COM VÍTIMA,FINALIZADA,IMBIRIBEIRA,AV MARECHAL MASCARENHAS DE MORAES,1511,,E/F A JCB E PRÓX A CAMINHOES E ÔNIBUS DA VW / SNT AFOGADOS,AV MARECHAL MASCARENHAS DE MORAES,1511,E/F A JCB E PRÓX A CAMINHOES E ÔNIBUS DA VW / SNT AFOGADOS,IMBIRIBEIRA,,SUBURBIO,ATROPELAMENTO,ÔNIBUS E PEDESTRE.,,,,,1,1,,,,1,,Longo da via,Bom,Sem defeito,Perfeito estado,Seca,Perfeito estado,Não existe,R-6a,,Dupla,Canteiro central,,
2019-05-22,22:10:00,SEM VÍTIMA,FINALIZADA,AFOGADOS,RUA DOUTOR LEONIDAS CRAVO GAMA,,RUA DA PAZ,,RUA DOUTOR LEONIDAS CRAVO GAMA,,,AFOGADOS,,SUBURBIO,ABALROAMENTO LONGITUDINAL,ONIBUS DA PREFEITURA X UNO,1,,,,,1,,,,0,,Longo da via,Bom,Não existe,Perfeito estado,Seca,Perfeito estado,Não existe,Não há placas,,Única,Não existe,,
2019-05-23,07:47:00,COM VÍTIMA,FINALIZADA,AREIAS,AV RECIFE,1040,,PROXIMO A CHURRASCARIA PAJUÇARA,AV RECIFE,1040,PROXIMO A CHURRASCARIA PAJUÇARA,AREIAS,,AEROPORTO,COLISÃO,COLISÃO COM VITIMA,1,1,,,,,,,,1,,,,,,,,,,,,,,
2019-05-23,08:03:00,SEM VÍTIMA,FINALIZADA,ROSARINHO,RUA PROFESSOR OTAVIO DE FREITAS,83,RUA JULIAO NETO,,RUA PROFESSOR OTAVIO DE FREITAS,83,,ROSARINHO,,SUBURBIO,ABALROAMENTO TRANSVERSAL,,2,,,,,,,,,0,,Cruzamento,Bom,Não existe,Não existente,Seca,Perfeito estado,Não existe,Não há placas,,Dupla,Faixa seccionada,,
2019-05-23,08:23:00,SEM VÍTIMA,CANCELADA,IMBIRIBEIRA,AV MARECHAL MASCARENHAS DE MORAES,5089,,EM FRENTE AO PALACIO DOS RADIADORES,AV MARECHAL MASCARENHAS DE MORAES,5089,EM FRENTE AO PALACIO DOS RADIADORES,IMBIRIBEIRA,,CIDADE,COLISÃO,DOIS AUTOS,2,,,,,,,,,0,,,,,,,,,,,,,,
2019-05-23,08:56:00,SEM VÍTIMA,FINALIZADA,DERBY,AV GOVERNADOR AGAMENON MAGALHAES,,,EM FRENTE AO BRADESCO DIA&NOITE,AV GOVERNADOR AGAMENON MAGALHAES,,EM FRENTE AO BRADESCO DIA&NOITE,DERBY,,,COLISÃO TRASEIRA,COLISÃO S/VITIMAS ENTRE DOIS AUTOS,2,,,,,,,,,0,,Longo da via,Bom,Sem defeito,Perfeito estado,Seca,Perfeito estado,Agente,Não há placas,60 km/h,Dupla,Canal,,
2019-05-23,08:57:00,SEM VÍTIMA,CANCELADA,IMBIRIBEIRA,RUA NORUEGA,523,,EM FRENTE A GALERIA NORUEGA,RUA NORUEGA,523,EM FRENTE A GALERIA NORUEGA,IMBIRIBEIRA,,,COLISÃO,DOIS AUTOS,2,,,,,,,,,0,,,,,,,,,,,,,,
2019-05-23,09:02:00,COM VÍTIMA,FINALIZADA,SÃO JOSÉ,AV SUL,,RUA NOVA DA CABANGA,APÓS O SEMÁFORO 260,AV SUL,,APÓS O SEMÁFORO 260,SÃO JOSÉ,260,CIDADE,ABALROAMENTO LONGITUDINAL,COLISÃO COM VÍTIMA ENVOLVENDO 2 MOTOCICLETAS. UMA DAS PARTES EVADIU-SE.,,2,,,,,,,,1,,Longo da via,Bom,Sem defeito,Perfeito estado,Seca,Perfeito estado,Não existe,Outras,,Única,Faixa seccionada,,
2019-05-23,09:15:00,SEM VÍTIMA,CANCELADA,PINA,AVENIDA CELSO FURTADO (VIA MANGUE),,,2 KM ANTES DO SHOPPING RIO MAR,AVENIDA CELSO FURTADO (VIA MANGUE),,2 KM ANTES DO SHOPPING RIO MAR,PINA,,CIDADE,COLISÃO,COLISÃO S/VITIMAS ENTRE DOIS AUTOS,2,,,,,,,,,0,,,,,,,,,,,,,,
2019-05-23,10:08:00,SEM VÍTIMA,FINALIZADA,PINA,RUA VINTE E SEIS DE JANEIRO,88,,,RUA VINTE E SEIS DE JANEIRO,88,,PINA,,CIDADE,COLISÃO TRASEIRA,COLISÃO S/VITIMA ENTRE DOIS AUTOS,2,,,,,,,,,0,,Longo da via,Bom,Não existe,Não existente,Seca,Mal conservada,Não existe,Não há placas,,Dupla,Não existe,,
2019-05-23,11:36:00,COM VÍTIMA,CANCELADA,IPSEP,RUA JEAN EMILE FAVRE,1016,,EM FRENTE A FACULDADE BOA VIAGEM,RUA JEAN EMILE FAVRE,1016,EM FRENTE A FACULDADE BOA VIAGEM,IPSEP,,,COLISÃO,COM UMA VITIMA AGUARDANDO SAMU,1,1,,,,,,,,1,,,,,,,,,,,,,,
2019-05-23,11:47:00,COM VÍTIMA,FINALIZADA,BOA VIAGEM,AV ENGENHEIRO DOMINGOS FERREIRA,1195,RUA ANTONIO PEDRO DE FIGUEIREDO,EM FRENTE A CONSECIONARIA AUTOPARVI. LADO OPOSTO AO NÚMERO INFORMADO.,AV ENGENHEIRO DOMINGOS FERREIRA,1195,EM FRENTE A CONSECIONARIA AUTOPARVI. LADO OPOSTO AO NÚMERO INFORMADO.,BOA VIAGEM,324,SUBURBIO,COLISÃO TRASEIRA,AUTO E MOTO.,1,1,,,,,,,,1,,Cruzamento,Bom,Sem defeito,Perfeito estado,Seca,,,Não há placas,,Única,Faixa seccionada,Canteiro central,
2019-05-23,12:07:00,COM VÍTIMA,FINALIZADA,CASA AMARELA,AV NORTE,,AV PROFESSOR JOSE DOS ANJOS,E/F AO SESC DE CASA AMARELA,AV NORTE,,E/F AO SESC DE CASA AMARELA,CASA AMARELA,364,SUBURBIO,ABALROAMENTO TRANSVERSAL,AUTO E MOTO COM VITIMAS,1,1,,,,,,,,1,,Cruzamento,Bom,Sem defeito,Perfeito estado,Seca,Perfeito estado,Não existe,,60 km/h,Dupla,Faixa contínua,,
2019-05-23,12:19:00,COM VÍTIMA,FINALIZADA,TORRE,RUA JOSE BONIFACIO,,,E/F AO CARREFOUR. VIADUTO GOVERNADOR CORDEIRO DE FARIAS.,RUA JOSE BONIFACIO,,E/F AO CARREFOUR. VIADUTO GOVERNADOR CORDEIRO DE FARIAS.,TORRE,,SUBURBIO,ABALROAMENTO LONGITUDINAL,AUTO E MOTO COM VITIMAS,1,1,,,,,,,,1,,Viaduto,Bom,Não existe,Perfeito estado,Seca,Perfeito estado,Outros,Não há placas,,Dupla,Faixa seccionada,,
2019-05-23,12:26:00,SEM VÍTIMA,FINALIZADA,BOA VIAGEM,AV DOM JOAO VI,,,LADO OPOSTO AO Nº 1003 - SENTIDO AEROPORTO,AV DOM JOAO VI,,LADO OPOSTO AO Nº 1003 - SENTIDO AEROPORTO,BOA VIAGEM,,SUBURBIO,COLISÃO TRASEIRA,TRES AUTO SEM VITIMAS,3,,,,,,,,,0,,Longo da via,Bom,Não existe,Perfeito estado,Seca,Perfeito estado,Não existe,Não há placas,50 km/h,Dupla,Canteiro central,,
2019-05-23,13:00:00,COM VÍTIMA,FINALIZADA,SANTO AMARO,RUA FREI CASSIMIRO,,RUA DO POMBAL,FARMACIA POPULAR,RUA FREI CASSIMIRO,,FARMACIA POPULAR,SANTO AMARO,,CIDADE,COLISÃO FRONTAL,AUTO E MOTO.,1,1,,,,,,,,1,,Cruzamento,Bom,Não existe,,Seca,Perfeito estado,Não existe,Não há placas,,Dupla,Faixa seccionada,,
2019-05-23,13:05:00,COM VÍTIMA,FINALIZADA,IMBIRIBEIRA,AV MARECHAL MASCARENHAS DE MORAES,,,EM FRENTE A FAC UNIVERSO,AV MARECHAL MASCARENHAS DE MORAES,,EM FRENTE A FAC UNIVERSO,IMBIRIBEIRA,,CIDADE,COLISÃO COM CICLISTA,CICLISTA E AUTO,1,,,1,,,,,,1,,Longo da via,Bom,Sem defeito,Perfeito estado,Seca,Perfeito estado,Outros,Não há placas,60 km/h,Dupla,Canteiro central,,
2019-05-23,14:15:00,SEM VÍTIMA,FINALIZADA,BOA VIAGEM,RUA DEZ DE JULHO,210,RUA CAMBOIM,AO LADO DO MAISON CRISTAL,RUA DEZ DE JULHO,210,AO LADO DO MAISON CRISTAL,BOA VIAGEM,,,ABALROAMENTO TRANSVERSAL,COLISÃO SEM VITIMA,1,,,,,1,,,,0,,Cruzamento,Bom,Não existe,Incompleta,Seca,Perfeito estado,Não existe,Não há placas,,Única,Faixa seccionada,,
2019-05-23,14:39:00,SEM VÍTIMA,CANCELADA,BOA VISTA,PTE DUARTE COELHO,,RUA DA AURORA,NA DESCIDA DA PONTE DUARTE COELHO,PTE DUARTE COELHO,,NA DESCIDA DA PONTE DUARTE COELHO,BOA VISTA,,SUB,COLISÃO,COLISÃO ENTRE DOIS ÕNIBUS,,,,,,,,,,0,,,,,,,,,,,,,,
2019-05-23,14:48:00,SEM VÍTIMA,FINALIZADA,BOA VIAGEM,RUA RIBEIRO DE BRITO,4074,,EM FRENTE AO POSTO BR,RUA RIBEIRO DE BRITO,4074,EM FRENTE AO POSTO BR,BOA VIAGEM,,CIDADE,ABALROAMENTO LONGITUDINAL,COLISÃO SEM VITIMA,1,,,,,,1,,,0,,Longo da via,Bom,Não existe,Perfeito estado,Seca,Perfeito estado,Não existe,Não há placas,,Única,Faixa contínua,,
2019-05-23,14:57:00,SEM VÍTIMA,FINALIZADA,VÁRZEA,AV AFONSO OLINDENSE,2088,,E/F A PADARIA RAINHA DA VARZEA,AV AFONSO OLINDENSE,2088,E/F A PADARIA RAINHA DA VARZEA,VÁRZEA,,SUBURBIO,COLISÃO TRASEIRA,COLISAO ENTRE AUTO E TAXI S/V,2,,,,,,,,,0,,Longo da via,Bom,Não existe,Não existente,Seca,Perfeito estado,Não existe,Não há placas,,Única,Não existe,,
2019-05-23,16:55:00,SEM VÍTIMA,DUPLICIDADE,SANTO AMARO,AV CRUZ CABUGA,,,EM FRENTE A APAC  SENTIDO OLINDA,AV CRUZ CABUGA,,EM FRENTE A APAC  SENTIDO OLINDA,SANTO AMARO,,,COLISÃO,COLISÃO SEM VITIMA,2,,,,,,,,,0,,,,,,,,,,,,,,
2019-05-23,16:56:00,SEM VÍTIMA,FINALIZADA,SANTO AMARO,AV PREFEITO ARTUR LIMA CAVALCANTI,,AV CRUZ CABUGA,AO LADO DA APAC,AV PREFEITO ARTUR LIMA CAVALCANTI,,AO LADO DA APAC,SANTO AMARO,434,SUBURBIO,COLISÃO TRASEIRA,VAN E AUTO PASSEIO SEM VITIMAS,2,,,,,,,,,0,,Cruzamento,Bom,Sem defeito,Perfeito estado,Seca,Perfeito estado,Faixa de pedestre,Não há placas,60 km/h,Dupla,Canteiro central,,
2019-05-23,17:15:00,SEM VÍTIMA,FINALIZADA,AFOGADOS,RUA NICOLAU PEREIRA,,,EM FRENTE A SAÍDA DO TERMINAL INTEGRADO DE AFOGADOS,RUA NICOLAU PEREIRA,,EM FRENTE A SAÍDA DO TERMINAL INTEGRADO DE AFOGADOS,AFOGADOS,,SUBURBIO,CHOQUE VEÍCULO PARADO,COLISÃO SEM VITIMA,2,,,,,1,,,,0,,Longo da via,Bom,Não existe,Perfeito estado,Seca,Perfeito estado,Não existe,Não há placas,,Única,Faixa seccionada,,
2019-05-23,17:25:00,SEM VÍTIMA,FINALIZADA,IPSEP,AV RECIFE,2322,,MARTELINHO DE OURO,AV RECIFE,2322,MARTELINHO DE OURO,IPSEP,16,,COLISÃO TRASEIRA,COLISAO ENTRE AUTO E TAXI S/V,2,,,,,,,,,0,,Longo da via,Bom,Sem defeito,Perfeito estado,Seca,Perfeito estado,Não existe,,,Dupla,Canteiro central,,
2019-05-23,17:26:00,SEM VÍTIMA,CANCELADA,VÁRZEA,AV CAXANGA,,,E/F A CAXANGA VEICULOS,AV CAXANGA,,E/F A CAXANGA VEICULOS,VÁRZEA,,CIDADE,COLISÃO,ONIBUS E AUTO PASSEIO SEM VITIMAS,1,,,,,1,,,,0,,,,,,,,,,,,,,
2019-05-23,17:28:00,SEM VÍTIMA,CANCELADA,AFOGADOS,RUA PROFESSOR AUGUSTO WANDERLEY FILHO,,RUA MOTOCOLOMBO,NA ESQUINA DO TROCAO,RUA PROFESSOR AUGUSTO WANDERLEY FILHO,,NA ESQUINA DO TROCAO,AFOGADOS,,,COLISÃO,COLISÃO SEM VITIMA,1,1,,,,,,,,0,,,,,,,,,,,,,,
2019-05-23,17:35:00,SEM VÍTIMA,FINALIZADA,ENCRUZILHADA,RUA CASTRO ALVES,112,RUA JOSE DE SA CARNEIRO,,RUA CASTRO ALVES,112,,ENCRUZILHADA,666,,ABALROAMENTO LONGITUDINAL,COLISAO ENTRE ONIBUS E AUTO S/V,1,,,,,1,,,,0,,Cruzamento,Bom,Sem defeito,Perfeito estado,Seca,Perfeito estado,Faixa de pedestre,Não há placas,,Única,Não existe,,
2019-05-23,17:46:00,SEM VÍTIMA,FINALIZADA,TAMARINEIRA,EST DO ARRAIAL,2968,,,EST DO ARRAIAL,2968,,TAMARINEIRA,,SUBURBIO,ABALROAMENTO LONGITUDINAL,ENTRE ÕNIBUS E AUTO PASSEIO. S/V,1,,,,,1,,,,0,,Longo da via,Bom,Sem defeito,Perfeito estado,Seca,Perfeito estado,Não existe,Outras,40 km/h,Única,Não existe,,
2019-05-23,17:49:00,SEM VÍTIMA,FINALIZADA,SANTO AMARO,AV GOVERNADOR AGAMENON MAGALHAES,,,SOB O SEMÁFORO,AV GOVERNADOR AGAMENON MAGALHAES,,SOB O SEMÁFORO,SANTO AMARO,49,SUBURBIO,ABALROAMENTO LONGITUDINAL,ENTRE AUTO E MOTO. S/V,1,1,,,,,,,,0,,Longo da via,Bom,Sem defeito,Perfeito estado,Seca,Perfeito estado,Agente,Não há placas,60 km/h,,Canteiro central,,
2019-05-23,17:55:00,SEM VÍTIMA,FINALIZADA,PARNAMIRIM,AV PARNAMIRIM,,RUA TITO ROSAS,,AV PARNAMIRIM,,,PARNAMIRIM,10,SUBURBIO,COLISÃO TRASEIRA,ENTRE 2 AUTOS. S/V,2,,,,,,,,,0,,Cruzamento,Bom,Sem defeito,Perfeito estado,Seca,Perfeito estado,,,,Única,Faixa seccionada,,
2019-05-23,17:58:00,SEM VÍTIMA,CANCELADA,APIPUCOS,RUA DE APIPUCOS,430,,PRÓX AO ARCADIA,RUA DE APIPUCOS,430,PRÓX AO ARCADIA,APIPUCOS,,,COLISÃO,ENTRE 2 AUTOS. S/V,2,,,,,,,,,0,,,,,,,,,,,,,,
2019-05-23,18:21:00,SEM VÍTIMA,CANCELADA,CAJUEIRO,RUA TENENTE WANDERLEY,,,TERMINAL DE ONIBUS DO CAJUEIRO,RUA TENENTE WANDERLEY,,TERMINAL DE ONIBUS DO CAJUEIRO,CAJUEIRO,,,COLISÃO,ONIBUS X JEEP,1,,,,,1,,,,0,,,,,,,,,,,,,,
2019-05-23,18:25:00,SEM VÍTIMA,FINALIZADA,AFOGADOS,RUA COSME VIANA,,,,RUA COSME VIANA,,,AFOGADOS,100,CIDADE,ABALROAMENTO LONGITUDINAL,COROLA X FAIT,2,,,,,,,,1,0,,Longo da via,Bom,Sem defeito,Perfeito estado,Seca,Perfeito estado,Faixa de pedestre,,,Dupla,,,
2019-05-23,18:36:00,SEM VÍTIMA,FINALIZADA,BOA VISTA,AV GOVERNADOR AGAMENON MAGALHAES,107,,LADO OPOSTO AO HOSPITAL DA RESTAURAÇÃO,AV GOVERNADOR AGAMENON MAGALHAES,107,LADO OPOSTO AO HOSPITAL DA RESTAURAÇÃO,BOA VISTA,,,ABALROAMENTO LONGITUDINAL,,2,,,,,,,,,0,,Longo da via,Bom,Não existe,Não existente,Seca,Perfeito estado,Não existe,Não há placas,60 km/h,Dupla,Canteiro central,,
2019-05-23,18:38:00,SEM VÍTIMA,FINALIZADA,BOA VIAGEM,AV FERNANDO SIMOES BARBOSA,,RUA PADRE CARAPUCEIRO,SEMÁFORO 321,AV FERNANDO SIMOES BARBOSA,,SEMÁFORO 321,BOA VIAGEM,321,,ABALROAMENTO LONGITUDINAL,ENTRE AUTO E CAMINHÃO. S/V,1,,,,,,1,,,0,,Cruzamento,Bom,Sem defeito,Perfeito estado,Seca,Perfeito estado,Faixa de pedestre,R-6a,50 km/h,Dupla,Canal,,
2019-05-23,19:24:00,SEM VÍTIMA,FINALIZADA,BOA VIAGEM,RUA RIO AZUL,166,,ENF A IGREJA PRESBITERIANA,RUA RIO AZUL,166,ENF A IGREJA PRESBITERIANA,BOA VIAGEM,,SUBURBIO,ABALROAMENTO LONGITUDINAL,WR-V X MOTO,1,1,,,,,,,,0,,Longo da via,Bom,Não existe,Incompleta,Seca,Perfeito estado,Não existe,Não há placas,,Dupla,Faixa seccionada,Canal,
2019-05-23,19:33:00,SEM VÍTIMA,FINALIZADA,ILHA DO LEITE,AV FREI MATIAS TEVES,,RUA JORNALISTA TRAJANO CHACON,,AV FREI MATIAS TEVES,,,ILHA DO LEITE,,,ABALROAMENTO TRANSVERSAL,CLASSIC X PRISMA,2,,,,,,,,,0,,Cruzamento,Bom,Não existe,Perfeito estado,Seca,Perfeito estado,,Placas Pare,,Única,Não existe,,
2019-05-23,19:39:00,SEM VÍTIMA,FINALIZADA,BOA VIAGEM,AV BOA VIAGEM,,RUA DOMICIO RANGEL,,AV BOA VIAGEM,,,BOA VIAGEM,,CIDADE,ABALROAMENTO LONGITUDINAL,ENTRE 2 AUTOS. S/V,2,,,,,,,,,0,,,Bom,Não existe,Perfeito estado,Seca,Perfeito estado,,Placas Pare,40 km/h,,,,
2019-05-23,19:43:00,SEM VÍTIMA,FINALIZADA,CABANGA,AV ENGENHEIRO JOSE ESTELITA,,,,AV ENGENHEIRO JOSE ESTELITA,,,CABANGA,,CIDADE,ABALROAMENTO LONGITUDINAL,CELTA X ONIX,2,,,,,,,,,0,,Longo da via,Bom,Não existe,Perfeito estado,Seca,Perfeito estado,Não existe,,60 km/h,Única,Faixa contínua,,
2019-05-23,20:35:00,SEM VÍTIMA,FINALIZADA,MADALENA,AV ENGENHEIRO ABDIAS DE CARVALHO,,RUA JOAO IVO DA SILVA,EM FRENTE AO MULTIRIM,AV ENGENHEIRO ABDIAS DE CARVALHO,,EM FRENTE AO MULTIRIM,MADALENA,132,SUBURBIO,COLISÃO TRASEIRA,TAXI X GOL,2,,,,,,,,,0,,,Bom,Sem defeito,Perfeito estado,Seca,Perfeito estado,Faixa de pedestre,R-6a,,Dupla,Canteiro central,,
2019-05-23,22:29:00,COM VÍTIMA,FINALIZADA,CORDEIRO,AV GENERAL SAN MARTIN,,RUA GOMES TABORDA,ENF A FARMACIA DROGASIL // SEMAFORO 067,AV GENERAL SAN MARTIN,,ENF A FARMACIA DROGASIL // SEMAFORO 067,CORDEIRO,67,CIDADE,COLISÃO TRASEIRA,DOIS AUTOS E UMA MOTO.,2,1,,,,,,,,1,,Longo da via,Bom,Sem defeito,Ilegível,Seca,Perfeito estado,Faixa de pedestre,,,Única,Faixa contínua,,
2019-05-23,23:11:00,SEM VÍTIMA,FINALIZADA,BOA VIAGEM,RUA JOAO CARDOSO AIRES,,AV MARECHAL JUAREZ TAVORA,,RUA JOAO CARDOSO AIRES,,,BOA VIAGEM,478,SUBURBIO,ABALROAMENTO TRANSVERSAL,ENTRE 2 AUTOS. S/V,2,,,,,,,,,0,,Cruzamento,Bom,Sem defeito,Perfeito estado,Seca,Mal iluminada,Faixa de pedestre,,,Única,Faixa contínua,Faixa seccionada,
2019-05-24,05:28:00,SEM VÍTIMA,FINALIZADA,DERBY,AV GOVERNADOR AGAMENON MAGALHAES,,,SEMÁFORO 068,AV GOVERNADOR AGAMENON MAGALHAES,,SEMÁFORO 068,DERBY,68,CIDADE,ABALROAMENTO TRANSVERSAL,COLISÃO ENTRE DOIS AUTOS S/V,2,,,,,,,,,0,,Cruzamento,Bom,Sem defeito,Perfeito estado,Seca,Perfeito estado,Faixa de pedestre,,60 km/h,Dupla,Canal,,
2019-05-24,06:38:00,SEM VÍTIMA,FINALIZADA,DERBY,RUA DA BAIXA VERDE,,RUA FELICIANO GOMES,PRÓXIMO AO Nº 229,RUA DA BAIXA VERDE,,PRÓXIMO AO Nº 229,DERBY,,CIDADE,ABALROAMENTO TRANSVERSAL,DOIS AUTOS,2,,,,,,,,,0,,Cruzamento,Bom,Não existe,Incompleta,Seca,Perfeito estado,Não existe,Placas Pare,,Única,Faixa contínua,,
2019-05-24,07:15:00,SEM VÍTIMA,CANCELADA,SANTO AMARO,RUA BARAO DE IGARASSU,35,RUA BUARQUE DE MACEDO,EM FRENTE A EDITORA FTB,RUA BARAO DE IGARASSU,35,EM FRENTE A EDITORA FTB,SANTO AMARO,,,COLISÃO,SEM VITIMAS,2,,,,,,,,,0,,,,,,,,,,,,,,
2019-05-24,07:50:00,SEM VÍTIMA,FINALIZADA,PARNAMIRIM,AV DEZESSETE DE AGOSTO,,RUA JOSE DE GODOY VASCONCELOS,,AV DEZESSETE DE AGOSTO,,,PARNAMIRIM,,,ABALROAMENTO LONGITUDINAL,SEM VITIMAS,2,,,,,,,,,0,,,Bom,Não existe,Perfeito estado,Seca,Perfeito estado,Não existe,R-6a,,Única,Não existe,,
2019-05-24,07:56:00,SEM VÍTIMA,FINALIZADA,AFLITOS,AV CONS ROSA E SILVA,,,AO LADO DO POSTO SHELL,AV CONS ROSA E SILVA,,AO LADO DO POSTO SHELL,AFLITOS,214,SUBURBIO,ABALROAMENTO LONGITUDINAL,DOIS AUTOS,2,,,,,,,,,0,,Longo da via,Bom,Sem defeito,Perfeito estado,Seca,Perfeito estado,Faixa de pedestre,Outras,60 km/h,Única,Faixa contínua,,
2019-05-24,08:09:00,COM VÍTIMA,FINALIZADA,ESTÂNCIA,AV DR JOSE RUFINO,548,RUA MORAIS E SILVA,EM FRENTE A GALERIA MARGARIDA,AV DR JOSE RUFINO,548,EM FRENTE A GALERIA MARGARIDA,ESTÂNCIA,,SUBURBIO,ABALROAMENTO TRANSVERSAL,MOTO E AUTO,1,1,,,,,,,,1,,Cruzamento,Bom,Não existe,Perfeito estado,Seca,Perfeito estado,Outros,Outras,60 km/h,Dupla,Faixa contínua,Faixa seccionada,
2019-05-24,08:51:00,SEM VÍTIMA,FINALIZADA,BOA VIAGEM,RUA BARAO DE SOUZA LEAO,626,,EM FRENTE AO Nº 626,RUA BARAO DE SOUZA LEAO,626,EM FRENTE AO Nº 626,BOA VIAGEM,,,ABALROAMENTO LONGITUDINAL,ONIBUS E AUTO,1,,,,,1,,,,0,,Longo da via,Bom,Não existe,Perfeito estado,Seca,Perfeito estado,Não existe,Não há placas,,Única,Faixa seccionada,,
2019-05-24,11:02:00,SEM VÍTIMA,FINALIZADA,AFOGADOS,AV SUL,2050,,PRÓXIMO A AESTAÇÃO DO METRÔ LARGO DA PAZ,AV SUL,2050,PRÓXIMO A AESTAÇÃO DO METRÔ LARGO DA PAZ,AFOGADOS,,CIDADE,ABALROAMENTO LONGITUDINAL,AUTO E CAMINHÃO.,1,,,,,,1,,,0,,Longo da via,Bom,Não existe,Não existente,Seca,Perfeito estado,Não existe,Não há placas,,Única,Faixa seccionada,,
2019-05-24,11:27:00,COM VÍTIMA,FINALIZADA,VÁRZEA,RUA GENERAL POLIDORO,422,RUA MARECHAL MANOEL LUIS OSORIO,EM FRENTE AO EDF TANGARA,RUA GENERAL POLIDORO,422,EM FRENTE AO EDF TANGARA,VÁRZEA,,,ABALROAMENTO TRANSVERSAL,ÔNIBUS E MOTOCICLETA.,,1,,,,1,,,,1,,,Bom,,Perfeito estado,Seca,Perfeito estado,Não existe,Não há placas,,Dupla,Faixa contínua,,