data,hora,natureza_acidente,situacao,bairro,endereco,numero,detalhe_endereco_acidente,complemento,endereco_cruzamento,numero_cruzamento,referencia_cruzamento,bairro_cruzamento,num_semaforo,sentido_via,tipo,descricao,auto,moto,ciclom,ciclista,pedestre,onibus,caminhao,viatura,outros,vitimas,vitimasfatais,acidente_verificado,tempo_clima,situacao_semaforo,sinalizacao,condicao_via,conservacao_via,ponto_controle,situacao_placa,velocidade_max_via,mao_direcao,divisao_via1,divisao_via2,divisao_via3
2019-05-24,11:34:00,SEM VÍTIMA,CANCELADA,CASA FORTE,AV DEZESSETE DE AGOSTO,675,,EM FRENTE A HYUNDAI,AV DEZESSETE DE AGOSTO,675,EM FRENTE A HYUNDAI,CASA FORTE,,,COLISÃO,DOIS AUTOS,2,,,,,,,,,0,,,,,,,,,,,,,,
2019-05-24,12:04:00,COM VÍTIMA,FINALIZADA,JARDIM SÃO PAULO,AV CENTRAL,6568,,ESTAÇÃO DO BARRO,AV CENTRAL,6568,ESTAÇÃO DO BARRO,JARDIM SÃO PAULO,,SUBURBIO,ABALROAMENTO LONGITUDINAL,COLISÃO COM VITIMA,1,1,,,,,,,,1,,Longo da via,Bom,Não existe,Não existente,Seca,Mal conservada,Não existe,Não há placas,,Dupla,Não existe,,
2019-05-24,12:20:00,SEM VÍTIMA,FINALIZADA,JOANA BEZERRA,AV BEIRA RIO,,,,AV BEIRA RIO,,,JOANA BEZERRA,,SUBURBIO,COLISÃO TRASEIRA,COLISÃO SEM VITIMA,2,,,,,,,,,0,,Longo da via,Bom,Sem defeito,Perfeito estado,Seca,Perfeito estado,Faixa de pedestre,R-6a,,Dupla,Faixa contínua,,
2019-05-24,12:59:00,SEM VÍTIMA,FINALIZADA,IMBIRIBEIRA,RUA JOAQUIM BANDEIRA,492,RUA SARGENTO SILVINO DE MACEDO,ANATEL,RUA JOAQUIM BANDEIRA,492,ANATEL,IMBIRIBEIRA,,,ABALROAMENTO TRANSVERSAL,COLISÃO SEM VITIMA,2,,,,,,,,,0,,Cruzamento,Bom,Não existe,Perfeito estado,Seca,Perfeito estado,Não existe,Não há placas,,Dupla,Não existe,,
2019-05-24,13:10:00,SEM VÍTIMA,FINALIZADA,ILHA DO RETIRO,AV JOSE GONCALVES DE MEDEIROS,,RUA SPORT CLUBE DO RECIFE,,AV JOSE GONCALVES DE MEDEIROS,,,ILHA DO RETIRO,355,CIDADE,COLISÃO TRASEIRA,COLISÃO S/VITIMA ENTRE DOIS AUTOS,2,,,,,,,,,0,,Longo da via,Bom,Sem defeito,Perfeito estado,Seca,Perfeito estado,Faixa de pedestre,Placas Pare,,Dupla,Não existe,,
2019-05-24,13:47:00,SEM VÍTIMA,FINALIZADA,IMBIRIBEIRA,RUA ARQUITETO LUIZ NUNES,,RUA OLIVIA MENELAU,EM FRENTE A PRAÇA ARQUITETO LUIZ NUNES,RUA ARQUITETO LUIZ NUNES,,EM FRENTE A PRAÇA ARQUITETO LUIZ NUNES,IMBIRIBEIRA,,SUBURBIO,COLISÃO TRASEIRA,COLISÃO SEM VITIMA/ AS PARTES ENCONTRAM-SE NO LAVA JATO,2,,,,,,,,,0,,Longo da via,Bom,Não existe,Perfeito estado,Seca,Perfeito estado,Não existe,Não há placas,30 km/h,Dupla,Faixa contínua,,
2019-05-24,14:26:00,SEM VÍTIMA,FINALIZADA,SANTO AMARO,AV GOVERNADOR AGAMENON MAGALHAES,,,LADO OPOSTO A UPE,AV GOVERNADOR AGAMENON MAGALHAES,,LADO OPOSTO A UPE,SANTO AMARO,,SUBURBIO,ABALROAMENTO TRANSVERSAL,COLISÃO SEM VITIMA,2,,,,,,,,,0,,Longo da via,Bom,Sem defeito,Perfeito estado,Seca,Perfeito estado,Faixa de pedestre,Não há placas,60 km/h,Única,Faixa contínua,,
2019-05-24,15:04:00,SEM VÍTIMA,FINALIZADA,BAIRRO DO RECIFE,CAIS DO APOLO,,,FÁBRICA DA PILLAR,CAIS DO APOLO,,FÁBRICA DA PILLAR,BAIRRO DO RECIFE,436,SUBURBIO,COLISÃO TRASEIRA,COLISÃO SEM VÍTIMA,2,,,,,,,,,0,,Longo da via,Bom,Sem defeito,Perfeito estado,Seca,Perfeito estado,Faixa de pedestre,R-6a,,Dupla,Canteiro central,,
2019-05-24,15:10:00,SEM VÍTIMA,FINALIZADA,MADALENA,RUA BENFICA,,,EM FRENTE A AUTO ESCOLA UNIÃO,RUA BENFICA,,EM FRENTE A AUTO ESCOLA UNIÃO,MADALENA,,SUBURBIO,ABALROAMENTO LONGITUDINAL,COLISAO ENTRE AUTO E CAMINHAO,1,,,,,,1,,,0,,,Bom,Não existe,Perfeito estado,Seca,Perfeito estado,Não existe,Não há placas,,Única,Faixa seccionada,,
2019-05-24,15:31:00,SEM VÍTIMA,CANCELADA,ILHA DO LEITE,RUA DAS FRONTEIRAS,,RUA PAISSANDU,POR TRAS DO HOSPITAL MEMORIAL SÃO JOSE E EM FRENTE AO ESTACIONAMENTO SANPARK,RUA DAS FRONTEIRAS,,POR TRAS DO HOSPITAL MEMORIAL SÃO JOSE E EM FRENTE AO ESTACIONAMENTO SANPARK,ILHA DO LEITE,,,COLISÃO,COLISÃO SEM VÍTIMA,2,,,,,,,,,0,,,,,,,,,,,,,,
2019-05-24,15:38:00,SEM VÍTIMA,CANCELADA,AFOGADOS,RUA DA PAZ,,RUA NICOLAU PEREIRA,NO SEMAFORO 073,RUA DA PAZ,,NO SEMAFORO 073,AFOGADOS,,,COLISÃO,COLISAO ENTRE DOIS AUTOS S/V,2,,,,,,,,,0,,,,,,,,,,,,,,
2019-05-24,15:45:00,SEM VÍTIMA,FINALIZADA,TORRÕES,EST DO FORTE DO ARRAIAL N. DO B. JESUS,1325,,,EST DO FORTE DO ARRAIAL N. DO B. JESUS,1325,,TORRÕES,,SUBURBIO,CHOQUE VEÍCULO PARADO,COLISÃO SEM VÍTIMA,1,,,,,,1,,,0,,Longo da via,Bom,Sem defeito,Perfeito estado,Seca,Perfeito estado,Faixa de pedestre,Outras,,Dupla,Faixa contínua,,
2019-05-24,15:50:00,SEM VÍTIMA,FINALIZADA,AFOGADOS,RUA DA PAZ,243,RUA ANTONIO MACARIO,,RUA DA PAZ,243,,AFOGADOS,,SUBURBIO,ABALROAMENTO LONGITUDINAL,COLISÃO SEM VÍTIMA ENTRE DOIS AUTOS,2,,,,,,,,,0,,Longo da via,Bom,Não existe,Perfeito estado,Seca,Perfeito estado,Não existe,Não há placas,50 km/h,Única,Faixa seccionada,,
2019-05-24,16:35:00,SEM VÍTIMA,CANCELADA,SÃO JOSÉ,RUA DO MUNIZ,,AV SUL,PROX A SEDE DO GALO PRAÇA SÉRGIO LORETO,RUA DO MUNIZ,,PROX A SEDE DO GALO PRAÇA SÉRGIO LORETO,SÃO JOSÉ,,,COLISÃO,COLISAO ENTRE DOIS AUTOS S/V,2,,,,,,,,,0,,,,,,,,,,,,,,
2019-05-24,16:41:00,SEM VÍTIMA,FINALIZADA,PINA,RUA JOSE MARIANO FILHO,253,,,RUA JOSE MARIANO FILHO,253,,PINA,,CIDADE,ABALROAMENTO LONGITUDINAL,COLISÃO SEM VÍTIMA,1,,,,,,1,,,0,,Longo da via,Bom,Não existe,Não existente,Seca,Perfeito estado,Não existe,R-6a,,Única,Não existe,,
2019-05-24,16:55:00,SEM VÍTIMA,FINALIZADA,ARRUDA,AV PROFESSOR JOSE DOS ANJOS,,AV BEBERIBE,SOB SEMÁFORO DE Nº 131,AV PROFESSOR JOSE DOS ANJOS,,SOB SEMÁFORO DE Nº 131,ARRUDA,131,CIDADE,ABALROAMENTO TRANSVERSAL,COLISÃO S/VITIMAS ENTRE UMA AMBULANCIA E UM AUTO,1,,,,,,,,1,0,,Cruzamento,Bom,Sem defeito,Perfeito estado,Seca,Perfeito estado,Faixa de pedestre,Outras,,Dupla,,,
2019-05-24,17:25:00,COM VÍTIMA,FINALIZADA,CORDEIRO,AV CAXANGA,,,LADO OPOSTO A EXPOSIÇÃO DE ANIMAIS/ SENTIDO CIDADE,AV CAXANGA,,LADO OPOSTO A EXPOSIÇÃO DE ANIMAIS/ SENTIDO CIDADE,CORDEIRO,,CIDADE,COLISÃO COM CICLISTA,COLISÃO COM VÍTIMA,,1,,1,,,,,,1,,Longo da via,Bom,Não existe,Perfeito estado,Seca,Perfeito estado,Não existe,Não há placas,,Dupla,Canteiro central,,
2019-05-24,17:54:00,SEM VÍTIMA,FINALIZADA,BOA VISTA,PRC PARQUE AMORIM,,,EM FRENTE AO WALMART,PRC PARQUE AMORIM,,EM FRENTE AO WALMART,BOA VISTA,,SUBURBIO,ABALROAMENTO LONGITUDINAL,ENTRE ÕNIBUS E AUTO PASSEIO. S/V,1,,,,,1,,,,0,,Longo da via,Bom,Sem defeito,Perfeito estado,Seca,Mal conservada,Outros,Outras,50 km/h,Única,Não existe,,
2019-05-24,18:20:00,SEM VÍTIMA,CANCELADA,SAN MARTIN,RUA QUINZE DE MARCO,,RUA DELMIRO GOUVEIA,AO LADO DA CHESF,RUA QUINZE DE MARCO,,AO LADO DA CHESF,SAN MARTIN,,,COLISÃO,DOIS AUTO SEM VITIMAS,2,,,,,,,,,0,,,,,,,,,,,,,,
2019-05-24,19:14:00,SEM VÍTIMA,FINALIZADA,PRADO,RUA NOBRE DE LACERDA,,RUA DR JOSE MARCELINO,,RUA NOBRE DE LACERDA,,,PRADO,,CIDADE,ABALROAMENTO TRANSVERSAL,DOIS AUTO SEM VITIMAS,2,,,,,,,,,0,,Cruzamento,Bom,Não existe,Perfeito estado,Seca,Perfeito estado,,Placas Pare,,Única,Não existe,,
2019-05-24,21:39:00,SEM VÍTIMA,FINALIZADA,CORDEIRO,RUA PIO GENEZIO GUERRA,381,RUA AMBROSIO MACHADO,E/F AO BAR CALDINHO DO TIÃO,RUA PIO GENEZIO GUERRA,381,E/F AO BAR CALDINHO DO TIÃO,CORDEIRO,,,CHOQUE VEÍCULO PARADO,ENTRE CAMINHÃO DA PREFEITURA E AUTO PASSEIO. S/V,1,,,,,,1,,,0,,Longo da via,Bom,Não existe,Não existente,Seca,Mal conservada,Não existe,Não há placas,,Dupla,Não existe,,
2019-05-25,01:04:00,SEM VÍTIMA,FINALIZADA,BAIRRO DO RECIFE,AV MARQUES DE OLINDA,,RUA MADRE DEUS,,AV MARQUES DE OLINDA,,,BAIRRO DO RECIFE,20,SUBURBIO,ABALROAMENTO TRANSVERSAL,COLISÃO ENTRE DOIS AUTOS  SEM VÍTIMAS.,2,,,,,,,,,0,,Cruzamento,Bom,Intermitente,Perfeito estado,Seca,Perfeito estado,Faixa de pedestre,Outras,30 km/h,Única,Não existe,,
2019-05-25,04:33:00,SEM VÍTIMA,FINALIZADA,BONGI,AV ENGENHEIRO ABDIAS DE CARVALHO,,,EM FRENTE AO POSTE Nº B 062641,AV ENGENHEIRO ABDIAS DE CARVALHO,,EM FRENTE AO POSTE Nº B 062641,BONGI,375,CIDADE,CHOQUE OBJETO FIXO,CONDUTOR PERDEU O CONTROLE DO VEÍCULO  CHOCOU-SE CONTRA UMA ÁRVORE E EVADIU-SE DO LOCAL,1,,,,,,,,,0,,Longo da via,Bom,Sem defeito,Perfeito estado,Seca,Perfeito estado,,R-6a,60 km/h,Dupla,Canteiro central,,
2019-05-25,05:19:00,COM VÍTIMA,CANCELADA,IMBIRIBEIRA,AV MARECHAL MASCARENHAS DE MORAES,,,AO LADO DO AEROPORTO  PRÓX A ENTRADA DO JORDÃO,AV MARECHAL MASCARENHAS DE MORAES,,AO LADO DO AEROPORTO  PRÓX A ENTRADA DO JORDÃO,IMBIRIBEIRA,,,CAPOTAMENTO,CAPOTAMENTO C/VÍTIMAS.,1,,,,,,,,,2,,,,,,,,,,,,,,
2019-05-25,07:38:00,SEM VÍTIMA,FINALIZADA,MADALENA,RUA BENFICA,,,MAXTRAC,RUA BENFICA,,MAXTRAC,MADALENA,,CIDADE,ABALROAMENTO LONGITUDINAL,ENTRE AUTO X ÔNIBUS S/V,1,,,,,1,,,,0,,,Bom,Não existe,Não existente,Molhada,,Não existe,,,Única,Não existe,,
2019-05-25,08:49:00,SEM VÍTIMA,CANCELADA,SANTO AMARO,AV GOVERNADOR AGAMENON MAGALHAES,1330,,EM FRENTE AO ANTIGO PREDIO DA UNICORDS,AV GOVERNADOR AGAMENON MAGALHAES,1330,EM FRENTE AO ANTIGO PREDIO DA UNICORDS,SANTO AMARO,379,BOA VIAGEM,COLISÃO,SEM VITIMAS,2,,,,,,,,,0,,,,,,,,,,,,,,
2019-05-25,09:32:00,SEM VÍTIMA,FINALIZADA,PINA,AV ENGENHEIRO DOMINGOS FERREIRA,90,,PRÓX AO POSTO TOTAL,AV ENGENHEIRO DOMINGOS FERREIRA,90,PRÓX AO POSTO TOTAL,PINA,,SUBURBIO,ABALROAMENTO LONGITUDINAL,AUTO X MOTO S/V.,1,1,,,,,,,,0,,Longo da via,Bom,Não existe,Perfeito estado,Seca,Perfeito estado,Outros,Não há placas,,Única,Faixa seccionada,,
2019-05-25,09:42:00,SEM VÍTIMA,CANCELADA,BARRO,AV DR JOSE RUFINO,2116,,EM FRENTE AO ALAMEDA PARK RESIDENCE,AV DR JOSE RUFINO,2116,EM FRENTE AO ALAMEDA PARK RESIDENCE,BARRO,,SUBURBIO,COLISÃO,SEM VITIMAS,1,,,,,,1,,,0,,,,,,,,,,,,,,
2019-05-25,10:25:00,SEM VÍTIMA,FINALIZADA,PINA,AV ENGENHEIRO DOMINGOS FERREIRA,112,,POSTO TOTAL,AV ENGENHEIRO DOMINGOS FERREIRA,112,POSTO TOTAL,PINA,,SUBURBIO,ABALROAMENTO LONGITUDINAL,SEM VITIMAS/VT 09 NO LOCAL  VAI FAZER B.O,2,,,,,,,,,0,,Longo da via,Bom,Não existe,Perfeito estado,Seca,Perfeito estado,Outros,Outras,,Única,Faixa seccionada,,
2019-05-25,10:53:00,SEM VÍTIMA,CANCELADA,TEJIPIÓ,RUA FALCAO DE LACERDA,672,,EM FRENTE A AKI LOTERIAS,RUA FALCAO DE LACERDA,672,EM FRENTE A AKI LOTERIAS,TEJIPIÓ,,JABOATÃO,COLISÃO,SEM VITIMAS,2,,,,,,,,,0,,,,,,,,,,,,,,
2019-05-25,11:20:00,SEM VÍTIMA,CANCELADA,PAISSANDU,RUA DONA BENVINDA,830,,EM FRENTE AO EDIFICIO GARAGEM THE PLAZA,RUA DONA BENVINDA,830,EM FRENTE AO EDIFICIO GARAGEM THE PLAZA,PAISSANDU,,,COLISÃO,COLISÃO S/VITIMAS ENTRE DOIS AUTOS,2,,,,,,,,,0,,,,,,,,,,,,,,
2019-05-25,12:52:00,SEM VÍTIMA,CANCELADA,SÃO JOSÉ,C SANTA RITA,,,E/F A TORRE GÊMEAS,C SANTA RITA,,E/F A TORRE GÊMEAS,SÃO JOSÉ,,AFOGADOS,COLISÃO,DOIS AUTO SEM VITIMAS,2,,,,,,,,,0,,,,,,,,,,,,,,
2019-05-25,14:06:00,COM VÍTIMA,FINALIZADA,IMBIRIBEIRA,AV MARECHAL MASCARENHAS DE MORAES,396,RUA OLIVIA MENELAU,E/F A GRILLO FLORES S/T AFOGADOS,AV MARECHAL MASCARENHAS DE MORAES,396,E/F A GRILLO FLORES S/T AFOGADOS,IMBIRIBEIRA,,CIDADE,ABALROAMENTO LONGITUDINAL,COLISAO ENTRE DOIS AUTOS S/V,2,,,,,,,,,1,,Longo da via,Bom,Sem defeito,Perfeito estado,Seca,Perfeito estado,Faixa de pedestre,R-6a,60 km/h,Única,Faixa,,
2019-05-25,14:14:00,COM VÍTIMA,FINALIZADA,JARDIM SÃO PAULO,RUA LEANDRO BARRETO,104,RUA TIETE,PROX AO EDF TORRE DA LIBERDADE,RUA LEANDRO BARRETO,104,PROX AO EDF TORRE DA LIBERDADE,JARDIM SÃO PAULO,,SUBURBIO,ABALROAMENTO LONGITUDINAL,MOTO E AUTO COM VITIMAS,1,1,,,,,,,,1,,Longo da via,Bom,Não existe,Ilegível,Seca,Perfeito estado,Não existe,Não há placas,40 km/h,Dupla,Faixa seccionada,,
2019-05-25,14:18:00,SEM VÍTIMA,FINALIZADA,BOA VIAGEM,AV CONSELHEIRO AGUIAR,4387,,,AV CONSELHEIRO AGUIAR,4387,,BOA VIAGEM,,CIDADE,ABALROAMENTO LONGITUDINAL,ÔNIBUS E AUTO PASSEIO SEM VITIMAS,1,,,,,1,,,,0,,Longo da via,Bom,Não existe,Perfeito estado,Seca,Perfeito estado,Outros,Outras,,Única,Faixa contínua,Faixa seccionada,
2019-05-25,14:37:00,SEM VÍTIMA,FINALIZADA,PINA,RUA SAO LUIZ,591,,LADO OPOSTO AO Nº 167,RUA SAO LUIZ,591,LADO OPOSTO AO Nº 167,PINA,,,CHOQUE VEÍCULO PARADO,COLISÃO SEM VÍTIMA,1,,,,,1,,,,0,,Longo da via,Bom,Não existe,Não existente,Seca,Perfeito estado,,Não há placas,30 km/h,Dupla,Não existe,,
2019-05-25,15:26:00,SEM VÍTIMA,CANCELADA,PINA,AV HERCULANO BANDEIRA,543,,E/F AO MARTELINHO DE OURO,AV HERCULANO BANDEIRA,543,E/F AO MARTELINHO DE OURO,PINA,,PINA,COLISÃO,MOTO E AUTO PASSEIO SEM VITIMAS,1,1,,,,,,,,0,,,,,,,,,,,,,,
2019-05-25,16:14:00,COM VÍTIMA,FINALIZADA,IMBIRIBEIRA,AV MARECHAL MASCARENHAS DE MORAES,,,EM FRENTE A LOCALIZA,AV MARECHAL MASCARENHAS DE MORAES,,EM FRENTE A LOCALIZA,IMBIRIBEIRA,,CIDADE,ATROPELAMENTO,AUTO E PEDESTRE,,,,,1,,1,,,1,,Longo da via,Bom,Sem defeito,Perfeito estado,Seca,Perfeito estado,Não existe,R-6c,60 km/h,Única,Faixa,,
2019-05-25,16:46:00,SEM VÍTIMA,CANCELADA,BOMBA DO HEMETÉRIO,RUA SAO BENTO,340,EST VELHA DE AGUA FRIA,POSTO DE GASOLINA NORTE BRAS / NO GIURADOURO,RUA SAO BENTO,340,POSTO DE GASOLINA NORTE BRAS / NO GIURADOURO,BOMBA DO HEMETÉRIO,,,COLISÃO,AUTO E MOTO SEM VITIMAS,1,1,,,,,,,,0,,,,,,,,,,,,,,
2019-05-25,16:54:00,SEM VÍTIMA,FINALIZADA,IMBIRIBEIRA,AV MARECHAL MASCARENHAS DE MORAES,1482,,EM FRENTE A ENCRUZILHADA PNEUS,AV MARECHAL MASCARENHAS DE MORAES,1482,EM FRENTE A ENCRUZILHADA PNEUS,IMBIRIBEIRA,287,SUBURBIO,COLISÃO TRASEIRA,ÔNIBUS E AUTO PASSEIO SEM VITIMAS,1,,,,,1,,,,0,,Longo da via,Bom,Sem defeito,Perfeito estado,Seca,Perfeito estado,Faixa de retenção,Não há placas,,Dupla,Canteiro central,,
2019-05-25,17:39:00,SEM VÍTIMA,FINALIZADA,SANTO AMARO,AV GOVERNADOR AGAMENON MAGALHAES,1500,,ACADEMIA DA CIDADE,AV GOVERNADOR AGAMENON MAGALHAES,1500,ACADEMIA DA CIDADE,SANTO AMARO,,CIDADE,ABALROAMENTO LONGITUDINAL,ÔNIBUS E AUTO PASSEIO SEM VITIMAS,1,,,,,1,,,,0,,Longo da via,Bom,Não existe,Perfeito estado,Seca,Perfeito estado,Não existe,Outras,,Dupla,Faixa contínua,Canteiro central,
2019-05-25,18:15:00,COM VÍTIMA,FINALIZADA,SÃO JOSÉ,RUA IMPERIAL,1217,RUA LOURENCO DA SILVA,PROX AO VIADUTO,RUA IMPERIAL,1217,PROX AO VIADUTO,SÃO JOSÉ,,,COLISÃO,DOIS AUTO COM VITIMAS,2,,,,,,,,,1,,Cruzamento,Bom,Não existe,Perfeito estado,Seca,Perfeito estado,,R-6a,40 km/h,Única,,,
2019-05-25,18:47:00,COM VÍTIMA,FINALIZADA,IMBIRIBEIRA,AV MARECHAL MASCARENHAS DE MORAES,,,E/F FACULDADE PERNAMBUCANA DE SAUDE,AV MARECHAL MASCARENHAS DE MORAES,,E/F FACULDADE PERNAMBUCANA DE SAUDE,IMBIRIBEIRA,531,AEROPORTO,ATROPELAMENTO,MOTO E PEDESTRE COM VITIMAS,,1,,,1,,,,,1,,Longo da via,Bom,Sem defeito,Perfeito estado,Seca,Perfeito estado,Faixa de pedestre,Não há placas,,Dupla,Canteiro central,,
2019-05-25,19:07:00,SEM VÍTIMA,FINALIZADA,TORRE,RUA REAL DA TORRE,1309,,DROGARIA SAO PAULO,RUA REAL DA TORRE,1309,DROGARIA SAO PAULO,TORRE,,SUBURBIO,ABALROAMENTO LONGITUDINAL,ONIBUS CAXANGA X GOL,1,,,,,1,,,,0,,Longo da via,Bom,Não existe,Perfeito estado,Seca,Perfeito estado,Não existe,Outras,,Única,Faixa seccionada,,
2019-05-25,21:28:00,SEM VÍTIMA,FINALIZADA,AFOGADOS,RUA SAO MIGUEL,566,,,RUA SAO MIGUEL,566,,AFOGADOS,,,ABALROAMENTO LONGITUDINAL,DOIS AUTO SEM VITIMAS,2,,,,,,,,,0,,Longo da via,Bom,Não existe,Perfeito estado,Seca,Perfeito estado,Não existe,Não há placas,,Dupla,Faixa contínua,,
2019-05-25,21:41:00,COM VÍTIMA,FINALIZADA,JORDÃO,RUA EMILIO MONTEIRO FONSECA,72,,E/F PIZZARIA ALTO ASTRAL,RUA EMILIO MONTEIRO FONSECA,72,E/F PIZZARIA ALTO ASTRAL,JORDÃO,,SUBURBIO,COLISÃO FRONTAL,COLISÃO ENTRE DUAS MOTOS COM VITIMAS,,2,,,,,,,,1,,Longo da via,Bom,Não existe,Ilegível,Seca,Perfeito estado,Não existe,Outras,,Dupla,Não existe,,
2019-05-25,22:05:00,SEM VÍTIMA,FINALIZADA,BOA VIAGEM,AV CONSELHEIRO AGUIAR,,RUA CORONEL SERGIO HENRIQUE CARDIM,,AV CONSELHEIRO AGUIAR,,,BOA VIAGEM,318,CIDADE,ABALROAMENTO LONGITUDINAL,TAXI X AUTO,2,,,,,,,,,0,,Cruzamento,Bom,Sem defeito,Perfeito estado,Seca,Perfeito estado,Faixa de pedestre,,60 km/h,Única,Faixa seccionada,,
2019-05-25,23:04:00,SEM VÍTIMA,FINALIZADA,BOA VIAGEM,RUA VISCONDE DE JEQUITINHONHA,2498,,PROX AO BAR VILLA SETUBAL BOTEQUIM,RUA VISCONDE DE JEQUITINHONHA,2498,PROX AO BAR VILLA SETUBAL BOTEQUIM,BOA VIAGEM,,SUBURBIO,CHOQUE VEÍCULO PARADO,HB 20 X SENTRA X AUTO,3,,,,,,,,,0,,Longo da via,Bom,Não existe,Perfeito estado,Seca,Perfeito estado,,,40 km/h,Única,,,
2019-05-25,23:22:00,SEM VÍTIMA,FINALIZADA,ESPINHEIRO,RUA DO ESPINHEIRO,,RUA SANTO ELIAS,,RUA DO ESPINHEIRO,,,ESPINHEIRO,,SUBURBIO,ABALROAMENTO TRANSVERSAL,ONIX X AUTO,2,,,,,,,,,0,,Cruzamento,Bom,Não existe,Perfeito estado,Seca,Perfeito estado,Faixa de pedestre,Placas Pare,,Única,Faixa seccionada,,
2019-05-26,05:49:00,SEM VÍTIMA,FINALIZADA,ÁGUA FRIA,RUA SAO SEBASTIAO,,RUA BELO JARDIM,EM FRENTE AO IMÓVEL Nº 138,RUA SAO SEBASTIAO,,EM FRENTE AO IMÓVEL Nº 138,ÁGUA FRIA,,,ABALROAMENTO TRANSVERSAL,SEM VITIMAS,2,,,,,,,,,0,,Cruzamento,Bom,Não existe,Perfeito estado,Seca,Perfeito estado,,Placas Pare,30 km/h,Dupla,Faixa seccionada,,
2019-05-26,06:01:00,SEM VÍTIMA,CANCELADA,MANGABEIRA,RUA DA MANGABEIRA,273,,AO LADO DA LANCHONETE DISQUE AÇAI,RUA DA MANGABEIRA,273,AO LADO DA LANCHONETE DISQUE AÇAI,MANGABEIRA,,,COLISÃO,SEM VITIMAS,1,1,,,,,,,,0,,,,,,,,,,,,,,
2019-05-26,09:30:00,COM VÍTIMA,FINALIZADA,DOIS IRMÃOS,RUA MANUEL DE MEDEIROS,1448,,EM FRENTE AO DEPARTAMENTO DE ZOOTECNIA UFRPE,RUA MANUEL DE MEDEIROS,1448,EM FRENTE AO DEPARTAMENTO DE ZOOTECNIA UFRPE,DOIS IRMÃOS,,CIDADE,COLISÃO TRASEIRA,COLISAO C/ VITIMA ENTRE UMA MOTO E UM CARRO,1,1,,,,,,,,1,,Longo da via,Bom,Não existe,Perfeito estado,Seca,Perfeito estado,Não existe,R-6c,,Dupla,Faixa seccionada,,
2019-05-26,09:56:00,SEM VÍTIMA,FINALIZADA,BOA VIAGEM,RUA CARLOS PEREIRA FALCAO,,,EM FRENTE A PADARIA DIPLOMATA,RUA CARLOS PEREIRA FALCAO,,EM FRENTE A PADARIA DIPLOMATA,BOA VIAGEM,,CIDADE,COLISÃO TRASEIRA,COLISÃO S/VITIMAS ENTRE DOUS AUTOS (V.T 09 NO QTH),2,,,,,,,,,0,,Longo da via,Bom,Não existe,Perfeito estado,Seca,Perfeito estado,,R-6a,,Dupla,Faixa seccionada,,
2019-05-26,10:07:00,SEM VÍTIMA,FINALIZADA,ROSARINHO,RUA REGUEIRA COSTA,,RUA ENGENHEIRO SAMPAIO,EM FRENTE A CASA DOS DOCES Nº 193,RUA REGUEIRA COSTA,,EM FRENTE A CASA DOS DOCES Nº 193,ROSARINHO,,,ABALROAMENTO TRANSVERSAL,DOIS AUTOS,2,,,,,,,,,0,,Cruzamento,Bom,Não existe,Ilegível,Seca,Perfeito estado,Não existe,Não há placas,30 km/h,Única,Não existe,,
2019-05-26,10:32:00,SEM VÍTIMA,FINALIZADA,SAN MARTIN,AV GENERAL SAN MARTIN,,,SOB O SEMÁFORO,AV GENERAL SAN MARTIN,,SOB O SEMÁFORO,SAN MARTIN,58,SUBURBIO,COLISÃO TRASEIRA,MOTO E AUTO VT- 15 NO LOCAL SUB. JOAO ALVES,1,1,,,,,,,,0,,Longo da via,Bom,Sem defeito,Perfeito estado,Seca,Perfeito estado,Outros,Outras,60 km/h,Dupla,Faixa contínua,Faixa seccionada,
2019-05-26,12:11:00,SEM VÍTIMA,FINALIZADA,PINA,AV ENGENHEIRO DOMINGOS FERREIRA,,AV HERCULANO BANDEIRA,EM FRENTE AO ARMAZÉM BEIRA MAR,AV ENGENHEIRO DOMINGOS FERREIRA,,EM FRENTE AO ARMAZÉM BEIRA MAR,PINA,,SUBURBIO,ABALROAMENTO LONGITUDINAL,COLISÃO SEM VITIMA,2,,,,,,,,,0,,Outros,Bom,Sem defeito,Perfeito estado,Seca,Perfeito estado,Não existe,Não há placas,60 km/h,Dupla,Canteiro central,,
2019-05-26,13:50:00,SEM VÍTIMA,FINALIZADA,PINA,RUA ARQUITETO AUGUSTO REINALDO,,AV HERCULANO BANDEIRA,,RUA ARQUITETO AUGUSTO REINALDO,,,PINA,660,SUBURBIO,ABALROAMENTO LONGITUDINAL,ÔNIBUS E AUTO PASSEIO SEM VITIMAS,1,,,,,1,,,,0,,Cruzamento,Bom,Sem defeito,Perfeito estado,Seca,Perfeito estado,Faixa de retenção,,,Única,Faixa seccionada,,
2019-05-26,14:45:00,COM VÍTIMA,FINALIZADA,CASA FORTE,AV DEZESSETE DE AGOSTO,209,RUA JOSE DE GODOY VASCONCELOS,E/F CULTURA INGLESA,AV DEZESSETE DE AGOSTO,209,E/F CULTURA INGLESA,CASA FORTE,,SUBURBIO,COLISÃO COM CICLISTA,AUTO PASSEIO E CICLISTA COM VITIMAS,1,,,1,,,,,,1,,Longo da via,Bom,Sem defeito,Perfeito estado,Seca,Perfeito estado,Faixa de pedestre,R-6a,60 km/h,Dupla,Faixa contínua,,
2019-05-26,16:31:00,SEM VÍTIMA,FINALIZADA,PRADO,RUA GOMES TABORDA,1345,,E/F AO POSTO DE GASOLINA TOTAL,RUA GOMES TABORDA,1345,E/F AO POSTO DE GASOLINA TOTAL,PRADO,,SUBURBIO,COLISÃO TRASEIRA,DOIS AUTO SEM VITIMAS,2,,,,,,,,,0,,Longo da via,Bom,Sem defeito,Perfeito estado,Seca,Perfeito estado,Outros,Outras,60 km/h,Dupla,Faixa contínua,,