data,hora,natureza_acidente,situacao,bairro,endereco,numero,detalhe_endereco_acidente,complemento,endereco_cruzamento,numero_cruzamento,referencia_cruzamento,bairro_cruzamento,num_semaforo,sentido_via,tipo,descricao,auto,moto,ciclom,ciclista,pedestre,onibus,caminhao,viatura,outros,vitimas,vitimasfatais,acidente_verificado,tempo_clima,situacao_semaforo,sinalizacao,condicao_via,conservacao_via,ponto_controle,situacao_placa,velocidade_max_via,mao_direcao,divisao_via1,divisao_via2,divisao_via3
2019-05-28,13:50:00,SEM VÍTIMA,FINALIZADA,IBURA,AV DOIS RIOS,214,,EM FRENTE ASENA SAÚDE,AV DOIS RIOS,214,EM FRENTE ASENA SAÚDE,IBURA,,CIDADE,ABALROAMENTO LONGITUDINAL,COLISAO ENTRE AUTO E MOTO S/V,1,1,,,,,,,,0,,Longo da via,Bom,Não existe,Perfeito estado,Seca,Perfeito estado,Não existe,Não há placas,,Dupla,Faixa seccionada,,
2019-05-28,14:03:00,SEM VÍTIMA,FINALIZADA,IPSEP,RUA JEAN EMILE FAVRE,,RUA PAMPULHA,,RUA JEAN EMILE FAVRE,,,IPSEP,564,,ABALROAMENTO TRANSVERSAL,COLISÃO SEM VÍTIMA,1,,,,,1,,,,0,,Cruzamento,Bom,Sem defeito,Perfeito estado,Seca,Perfeito estado,Faixa de pedestre,R-6a,,Dupla,Faixa contínua,,
2019-05-28,14:04:00,SEM VÍTIMA,FINALIZADA,BOA VISTA,RUA JOSE DE ALENCAR,725,,PROX. HOSPITAL UNIMED RECIFE,RUA JOSE DE ALENCAR,725,PROX. HOSPITAL UNIMED RECIFE,BOA VISTA,,CIDADE,ABALROAMENTO TRANSVERSAL,COLISÃO SEM VITIMA,2,,,,,,,,,0,,Longo da via,Bom,Não existe,Não existente,Seca,Perfeito estado,Não existe,R-6a,,Dupla,Não existe,,
2019-05-28,14:51:00,SEM VÍTIMA,FINALIZADA,SANTO AMARO,RUA BARAO DE IGARASSU,35,,EM FRENTE A FTD EDUCAÇÃO,RUA BARAO DE IGARASSU,35,EM FRENTE A FTD EDUCAÇÃO,SANTO AMARO,,SUBURBIO,ABALROAMENTO LONGITUDINAL,COLISÃO SEM VÍTIMA,1,1,,,,,,,,0,,Longo da via,Bom,Não existe,Incompleta,Seca,Perfeito estado,Não existe,Não há placas,,Dupla,Não existe,,
2019-05-29,06:56:00,COM VÍTIMA,FINALIZADA,DERBY,AV GOVERNADOR AGAMENON MAGALHAES,,,EM FRENTE AO Nº 107,AV GOVERNADOR AGAMENON MAGALHAES,,EM FRENTE AO Nº 107,DERBY,,,COLISÃO TRASEIRA,COLISÃO COM VITIMA,1,1,,,,,,,,1,,Longo da via,Bom,Sem defeito,Perfeito estado,Seca,Perfeito estado,Faixa de pedestre,,60 km/h,Dupla,Canal,,
2019-05-28,16:13:00,SEM VÍTIMA,FINALIZADA,SANTO AMARO,AV NORTE,141,,EM FRENTE AO QUARTEL DO E.B CSPPA,AV NORTE,141,EM FRENTE AO QUARTEL DO E.B CSPPA,SANTO AMARO,463,SUBURBIO,ABALROAMENTO LONGITUDINAL,COLISÃO SEM VITIMA,1,,,,,1,,,,0,,Longo da via,Bom,Sem defeito,Perfeito estado,Seca,Perfeito estado,Não existe,Não há placas,60 km/h,Dupla,Canteiro central,,
2019-05-28,16:28:00,SEM VÍTIMA,FINALIZADA,GRAÇAS,RUA AMELIA,304,,EM FRENTE SINEPE/PE,RUA AMELIA,304,EM FRENTE SINEPE/PE,GRAÇAS,177,CIDADE,COLISÃO TRASEIRA,COLISAO ENTRE AOIS AUTOS S/V,2,,,,,,,,,0,,Longo da via,Bom,Sem defeito,Perfeito estado,Seca,Perfeito estado,Faixa de pedestre,R-6a,,Única,Faixa contínua,Faixa seccionada,
2019-05-28,16:42:00,SEM VÍTIMA,FINALIZADA,CORDEIRO,RUA TIJUCAS,401,RUA ANTONIO VALDEVINO COSTA,REFRIGERAÇÃO,RUA TIJUCAS,401,REFRIGERAÇÃO,CORDEIRO,,,ABALROAMENTO TRANSVERSAL,,,1,,,,,,1,,0,,Longo da via,Bom,Não existe,Perfeito estado,Seca,Perfeito estado,Não existe,R-6a,,Dupla,Não existe,,
2019-05-28,17:05:00,COM VÍTIMA,FINALIZADA,TORRE,RUA PADRE LANDIM,104,RUA DOM MANOEL DA COSTA,POR TRÁS DA MATRIZ DA IGREJA DA TORRE,RUA PADRE LANDIM,104,POR TRÁS DA MATRIZ DA IGREJA DA TORRE,TORRE,252,,ABALROAMENTO TRANSVERSAL,AUTO E CAMINHÃO,1,,,,,,1,,,1,,Cruzamento,Bom,Sem defeito,Incompleta,Seca,Perfeito estado,Faixa de retenção,Não há placas,,Única,Faixa seccionada,,
2019-05-28,17:20:00,SEM VÍTIMA,CANCELADA,BOA VIAGEM,VIADUTO TANCREDO NEVES,,,EM CIMA DO VIADUTO/ SENTIDO BOA VIAGEM,VIADUTO TANCREDO NEVES,,EM CIMA DO VIADUTO/ SENTIDO BOA VIAGEM,BOA VIAGEM,,,COLISÃO,COLISÃO SEM VÍTIMA,2,,,,,,,,,0,,,,,,,,,,,,,,
2019-05-28,17:25:00,SEM VÍTIMA,FINALIZADA,BOA VIAGEM,AV ARMINDO MOURA,,,POSTO NASH COMBUSTÍVEL,AV ARMINDO MOURA,,POSTO NASH COMBUSTÍVEL,BOA VIAGEM,,SUBURBIO,ABALROAMENTO LONGITUDINAL,COLISÃO SEM VÍTIMA,2,,,,,,,,,0,,Longo da via,Bom,Não existe,Perfeito estado,Seca,Perfeito estado,Faixa de pedestre,Não há placas,,Dupla,Faixa contínua,,
2019-05-28,17:51:00,SEM VÍTIMA,FINALIZADA,MACAXEIRA,AV NORTE,,,TERMINAL DA MACAXEIRA,AV NORTE,,TERMINAL DA MACAXEIRA,MACAXEIRA,,CIDADE,ABALROAMENTO LONGITUDINAL,COLISÃO SEM VÍTIMA,2,,,,,,,,,0,,Longo da via,Bom,Não existe,Perfeito estado,Seca,Perfeito estado,Não existe,Não há placas,60 km/h,Dupla,Canteiro central,,
2019-05-28,18:00:00,SEM VÍTIMA,FINALIZADA,SANTO AMARO,AV NORTE,1220,,EM FRENTE AO Nº 1220,AV NORTE,1220,EM FRENTE AO Nº 1220,SANTO AMARO,,SUBURBIO,COLISÃO TRASEIRA,02 AUTOS PASSEIO,2,,,,,,,,,0,,Longo da via,Bom,Não existe,Perfeito estado,Seca,Perfeito estado,Não existe,R-6a,40 km/h,Dupla,Canteiro central,,
2019-05-28,18:23:00,SEM VÍTIMA,FINALIZADA,BREJO DA GUABIRABA,AV VEREADOR OTACILIO AZEVEDO,,,RUA PRESIDENTE COSTA E SILVA,AV VEREADOR OTACILIO AZEVEDO,,RUA PRESIDENTE COSTA E SILVA,BREJO DA GUABIRABA,,SUBURBIO,CHOQUE VEÍCULO PARADO,ONIBUS PEDROSA X VOYAGE,1,,,,,1,,,,0,,Longo da via,Bom,Não existe,Incompleta,Seca,Perfeito estado,Não existe,Não há placas,,Dupla,Não existe,,
2019-05-28,19:20:00,SEM VÍTIMA,FINALIZADA,ILHA DO LEITE,RUA ESTADO DE ISRAEL,,RUA MARQUES AMORIM,EM FRENTE A ESCOLA POETA MANOEL BANDEIRA,RUA ESTADO DE ISRAEL,,EM FRENTE A ESCOLA POETA MANOEL BANDEIRA,ILHA DO LEITE,,CIDADE,ABALROAMENTO TRANSVERSAL,ENTRE AUTO E MOTO. S/V,1,1,,,,,,,,0,,Cruzamento,Bom,Não existe,Perfeito estado,Seca,Perfeito estado,Não existe,R-6a,,Única,Faixa seccionada,,
2019-05-28,20:08:00,SEM VÍTIMA,FINALIZADA,SAN MARTIN,AV ENGENHEIRO ABDIAS DE CARVALHO,1800,,,AV ENGENHEIRO ABDIAS DE CARVALHO,1800,,SAN MARTIN,56,SUBURBIO,ABALROAMENTO LONGITUDINAL,PALIO X FORD K,2,,,,,,,,,0,,Longo da via,Bom,Sem defeito,Perfeito estado,Seca,Perfeito estado,Faixa de pedestre,,,Dupla,Faixa contínua,Canteiro central,
2019-05-29,01:47:00,SEM VÍTIMA,FINALIZADA,ARRUDA,RUA PROFESSOR JERONIMO GUEIROS,,RUA MEM DE SA,,RUA PROFESSOR JERONIMO GUEIROS,,,ARRUDA,495,CIDADE,ABALROAMENTO TRANSVERSAL,COLISÃO ENTRE DOIS AUTOS  SEM VÍTIMAS.,2,,,,,,,,,0,,Cruzamento,Bom,Sem defeito,Perfeito estado,Seca,Mal conservada,,Não há placas,,Dupla,Não existe,,
2019-05-29,06:56:00,SEM VÍTIMA,CANCELADA,ESPINHEIRO,RUA DO ESPINHEIRO,319,RUA AMELIA,EM FRENTE A ACADEMIA VINKINGS,RUA DO ESPINHEIRO,319,EM FRENTE A ACADEMIA VINKINGS,ESPINHEIRO,195,,COLISÃO,COLISÃO S/ VITIMAS ENTRE DOIS AUTOS,2,,,,,,,,,0,,,,,,,,,,,,,,
2019-05-29,07:25:00,SEM VÍTIMA,FINALIZADA,AFOGADOS,EST DOS REMEDIOS,,RUA DO ACRE,PRÓXIMO AO MERCADO PUBLICO DE AFOGADOS,EST DOS REMEDIOS,,PRÓXIMO AO MERCADO PUBLICO DE AFOGADOS,AFOGADOS,,SUBURBIO,ABALROAMENTO LONGITUDINAL,ONIBUS E AUTO,1,,,,,1,,,,0,,Cruzamento,Chuvoso,Não existe,Perfeito estado,Molhada,Perfeito estado,,Outras,,Dupla,Faixa contínua,,
2019-05-29,07:40:00,SEM VÍTIMA,FINALIZADA,VÁRZEA,RUA PROFESSOR CHAVES BATISTA,112,RUA EMILIANO BRAGA,ED MARIA DANIELLA,RUA PROFESSOR CHAVES BATISTA,112,ED MARIA DANIELLA,VÁRZEA,,CIDADE,ABALROAMENTO LONGITUDINAL,SEM VITIMAS/ONIX DA EMLURB,1,,,,,,1,,,0,,Cruzamento,Chuvoso,Não existe,Não existente,Molhada,Perfeito estado,Não existe,Não há placas,,Única,Não existe,,
2019-05-29,07:51:00,SEM VÍTIMA,FINALIZADA,BOMBA DO HEMETÉRIO,RUA CHA DE ALEGRIA,235,,,RUA CHA DE ALEGRIA,235,,BOMBA DO HEMETÉRIO,,SUBURBIO,COLISÃO TRASEIRA,TRES AUTOS,2,,,,,,,,,0,,Longo da via,Chuvoso,Não existe,Perfeito estado,Molhada,Perfeito estado,Não existe,Outras,40 km/h,Dupla,Faixa seccionada,,
2019-05-29,08:01:00,COM VÍTIMA,FINALIZADA,CABANGA,VIADUTO CAPITAO TEMUDO,,,NA DESCIDA DO VIADUTO QUE DÁ ACESSO À RUA IMPERIAL,VIADUTO CAPITAO TEMUDO,,NA DESCIDA DO VIADUTO QUE DÁ ACESSO À RUA IMPERIAL,CABANGA,,SUBURBIO,COLISÃO TRASEIRA,MOTOCICLISTA CAIU DA MOTOCICLETA EM VIRTUDE DE ÓLEO NA PISTA E COLIDIU COM UM VEÍCULO.,1,1,,,,,,,,1,,Viaduto,Chuvoso,Não existe,Perfeito estado,Oleosa,Perfeito estado,Não existe,Não há placas,,Única,Não existe,,
2019-05-29,08:10:00,COM VÍTIMA,FINALIZADA,PRADO,RUA GERVASIO CAMPELO,80,RUA RODRIGUES DE MENDONCA,POR TRAS DO HABIBS DA ABDIAS DE CARVALHO,RUA GERVASIO CAMPELO,80,POR TRAS DO HABIBS DA ABDIAS DE CARVALHO,PRADO,,CIDADE,ABALROAMENTO TRANSVERSAL,AUTO E MOTO.,1,1,,,,,,,,1,,Cruzamento,Bom,Não existe,Perfeito estado,Seca,Perfeito estado,Faixa de pedestre,R-6a,30 km/h,Única,Não existe,,
2019-05-29,08:50:00,SEM VÍTIMA,FINALIZADA,VÁRZEA,AV AFONSO OLINDENSE,,RUA JOSE AVELAR,EM FRENTE AO ATACADÃO,AV AFONSO OLINDENSE,,EM FRENTE AO ATACADÃO,VÁRZEA,,CIDADE,COLISÃO TRASEIRA,MOTO E AUTO,1,1,,,,,,,,0,,,Chuvoso,Não existe,Não existente,Molhada,Perfeito estado,Faixa de pedestre,Não há placas,,Dupla,Faixa contínua,Faixa seccionada,
2019-05-29,09:21:00,SEM VÍTIMA,FINALIZADA,MONTEIRO,AV DEZESSETE DE AGOSTO,2513,,EM FRENTE A COMPESA,AV DEZESSETE DE AGOSTO,2513,EM FRENTE A COMPESA,MONTEIRO,,SUBURBIO,COLISÃO TRASEIRA,ONIBUS E AUTO,1,,,,,1,,,,0,,Longo da via,Chuvoso,,Perfeito estado,Molhada,Perfeito estado,Faixa de pedestre,R-6a,60 km/h,Dupla,Faixa contínua,,
2019-05-29,09:29:00,SEM VÍTIMA,FINALIZADA,PINA,AV CONSELHEIRO AGUIAR,,AV HERCULANO BANDEIRA,AO LADO DA PIZZARIA CLOCK,AV CONSELHEIRO AGUIAR,,AO LADO DA PIZZARIA CLOCK,PINA,138,CIDADE,ABALROAMENTO LONGITUDINAL,COLISÃO S/ VITIMAS ENTRE UMA MOTO E UM CARRO,1,1,,,,,,,,0,,Longo da via,Chuvoso,Sem defeito,Perfeito estado,Molhada,Perfeito estado,Agente,,60 km/h,Única,Faixa seccionada,,
2019-05-29,09:49:00,COM VÍTIMA,FINALIZADA,CASA AMARELA,RUA XAVANTES,150,RUA OSCAR DE BARROS,RUA POR TRÁS DO CANELA SUPERMERCADOS DA PADRE LEMOS,RUA XAVANTES,150,RUA POR TRÁS DO CANELA SUPERMERCADOS DA PADRE LEMOS,CASA AMARELA,,SUBURBIO,ABALROAMENTO TRANSVERSAL,AUTO E MOTO.,1,1,,,,,,,,1,,Cruzamento,Chuvoso,Não existe,Perfeito estado,Molhada,Perfeito estado,Não existe,Placas Pare,,Dupla,Não existe,,
2019-05-29,10:35:00,SEM VÍTIMA,FINALIZADA,BOA VIAGEM,RUA PROFESSOR JOSE BRANDAO,,RUA FRANCISCO DA CUNHA,,RUA PROFESSOR JOSE BRANDAO,,,BOA VIAGEM,,,COLISÃO TRASEIRA,SEM VITIMAS,2,,,,,,,,,0,,Longo da via,Chuvoso,Não existe,Perfeito estado,Molhada,Perfeito estado,Outros,Placas Pare,40 km/h,Única,Faixa seccionada,,
2019-05-29,10:40:00,SEM VÍTIMA,CANCELADA,BOA VIAGEM,RUA BRUNO VELOSO,393,,PROX. A ACADEMIA R2,RUA BRUNO VELOSO,393,PROX. A ACADEMIA R2,BOA VIAGEM,,,COLISÃO,DOIS AUTOS,2,,,,,,,,,0,,,,,,,,,,,,,,
2019-05-29,10:55:00,SEM VÍTIMA,FINALIZADA,SAN MARTIN,AV GENERAL SAN MARTIN,2456,,,AV GENERAL SAN MARTIN,2456,,SAN MARTIN,,SUBURBIO,COLISÃO TRASEIRA,DOIS AUTOS,2,,,,,,,,,0,,Longo da via,Nublado,,Incompleta,Seca,,Não existe,Não há placas,,Dupla,Faixa contínua,Faixa seccionada,
2019-05-29,11:03:00,SEM VÍTIMA,CANCELADA,IMBIRIBEIRA,AV MARECHAL MASCARENHAS DE MORAES,,,EM FRENTE AO MURO DO AEROPORTO / SENT PRASERES / RETORNO DO VIADUTO MIGUEL ARRAIS,AV MARECHAL MASCARENHAS DE MORAES,,EM FRENTE AO MURO DO AEROPORTO / SENT PRASERES / RETORNO DO VIADUTO MIGUEL ARRAIS,IMBIRIBEIRA,,,COLISÃO,DOIS AUTOS,,,,,,,,,,0,,,,,,,,,,,,,,
2019-05-29,11:10:00,COM VÍTIMA,FINALIZADA,ENCRUZILHADA,AV NORTE,,,PRÓXIMO AO EXTRABOM DA ENCRUZILHADA. LADO OPOSTO AO FREIO TESTE - CENTRO AUTOMOTIVO.,AV NORTE,,PRÓXIMO AO EXTRABOM DA ENCRUZILHADA. LADO OPOSTO AO FREIO TESTE - CENTRO AUTOMOTIVO.,ENCRUZILHADA,,CIDADE,CAPOTAMENTO,CAPOTAMENTO ENTRE UMA MOTOCICLETA.,,1,,,,,,,,1,,Longo da via,Chuvoso,Não existe,Perfeito estado,Molhada,Perfeito estado,Não existe,Outras,,Dupla,Canteiro central,,
2019-05-29,11:28:00,SEM VÍTIMA,FINALIZADA,POÇO DA PANELA,RUA IRMA MARIA DA PAZ,,RUA MEDICO MARIO GUIMARAES,,RUA IRMA MARIA DA PAZ,,,POÇO DA PANELA,,SUBURBIO,ABALROAMENTO TRANSVERSAL,DOIS AUTOS,2,,,,,,,,,0,,Cruzamento,Chuvoso,Não existe,Perfeito estado,Molhada,Perfeito estado,Não existe,Não há placas,40 km/h,Dupla,Não existe,,
2019-05-29,12:07:00,SEM VÍTIMA,FINALIZADA,BOA VIAGEM,RUA FRANCISCO DE BARROS BARRETO,90,,EM FRENTE AO Nº 90,RUA FRANCISCO DE BARROS BARRETO,90,EM FRENTE AO Nº 90,BOA VIAGEM,,SUBURBIO,COLISÃO TRASEIRA,DOIS AUTO SEM VITIMAS,2,,,,,,,,,0,,Longo da via,Bom,Não existe,Não existente,Seca,Perfeito estado,Não existe,Não há placas,,Dupla,Não existe,,
2019-05-29,12:53:00,SEM VÍTIMA,CANCELADA,ESPINHEIRO,AV GOVERNADOR AGAMENON MAGALHAES,,,APÓS A UNIMED / PISTA LOCAL,AV GOVERNADOR AGAMENON MAGALHAES,,APÓS A UNIMED / PISTA LOCAL,ESPINHEIRO,,BOA VIAGEM,COLISÃO,AUTO E MOTO SEM VITIMAS,1,1,,,,,,,,0,,,,,,,,,,,,,,
2019-05-29,14:07:00,SEM VÍTIMA,FINALIZADA,SANTO AMARO,AV CRUZ CABUGA,,,EM FRENTE AO POSTE Nº B 035756,AV CRUZ CABUGA,,EM FRENTE AO POSTE Nº B 035756,SANTO AMARO,,CIDADE,ABALROAMENTO LONGITUDINAL,COLISÃO SEM VITIMA,1,,,,,,1,,,0,,Longo da via,Chuvoso,Não existe,Não existente,Molhada,Mal conservada,Não existe,,50 km/h,Dupla,Não existe,,
2019-05-29,14:26:00,SEM VÍTIMA,FINALIZADA,BOA VISTA,RUA DA SOLEDADE,277,,GRANDE RECIFE VEM,RUA DA SOLEDADE,277,GRANDE RECIFE VEM,BOA VISTA,25,SUBURBIO,COLISÃO TRASEIRA,DOIS AUTO SEM VITIMAS,2,,,,,,,,,0,,Longo da via,Bom,Sem defeito,Perfeito estado,,,Faixa de pedestre,Outras,,Única,Não existe,,
2019-05-29,15:37:00,SEM VÍTIMA,FINALIZADA,BOA VIAGEM,AV ENGENHEIRO DOMINGOS FERREIRA,,,FARMACIA INDEPENDENTE,AV ENGENHEIRO DOMINGOS FERREIRA,,FARMACIA INDEPENDENTE,BOA VIAGEM,550,SUBURBIO,ABALROAMENTO LONGITUDINAL,COLIASAO ENTRE DOIS AUTOS S/V,2,,,,,,,,,0,,Longo da via,Bom,Sem defeito,Perfeito estado,Seca,Perfeito estado,Faixa de pedestre,Não há placas,60 km/h,Única,Faixa contínua,Canteiro central,
2019-05-29,17:46:00,SEM VÍTIMA,FINALIZADA,CAMPO GRANDE,RUA JERONIMO VILELA,77,RUA MANUEL DE BARROS LIMA,,RUA JERONIMO VILELA,77,,CAMPO GRANDE,,SUBURBIO,ABALROAMENTO TRANSVERSAL,ENTRE ÕNIBUS E MOTO. S/V,1,1,,,,,,,,0,,Longo da via,Bom,Não existe,Perfeito estado,Seca,Perfeito estado,Não existe,Placas Pare,40 km/h,Dupla,Faixa seccionada,,
2019-05-29,18:14:00,SEM VÍTIMA,FINALIZADA,BOA VIAGEM,AV ENGENHEIRO DOMINGOS FERREIRA,,RUA PADRE CARAPUCEIRO,,AV ENGENHEIRO DOMINGOS FERREIRA,,,BOA VIAGEM,216,SUBURBIO,ABALROAMENTO LONGITUDINAL,ONIBUS BORBOREMA X HB 20,1,,,,,1,,,,0,,Cruzamento,Bom,Sem defeito,Perfeito estado,Seca,Perfeito estado,Faixa de retenção,Não há placas,60 km/h,Única,Faixa contínua,Canteiro central,
2019-05-29,18:16:00,SEM VÍTIMA,FINALIZADA,BOA VIAGEM,AV FERNANDO SIMOES BARBOSA,,RUA BRUNO VELOSO,,AV FERNANDO SIMOES BARBOSA,,,BOA VIAGEM,335,SUBURBIO,ABALROAMENTO TRANSVERSAL,ENTRE 2 AUTOS. S/V,2,,,,,,,,,0,,Cruzamento,Bom,Sem defeito,Perfeito estado,Seca,Perfeito estado,Faixa de pedestre,Outras,60 km/h,Única,Faixa seccionada,,
2019-05-29,19:36:00,SEM VÍTIMA,CANCELADA,CAMPINA DO BARRETO,RUA CORONEL URBANO RIBEIRO DE SENA,1069,,E/F A ACADEMIA DA CIDADE,RUA CORONEL URBANO RIBEIRO DE SENA,1069,E/F A ACADEMIA DA CIDADE,CAMPINA DO BARRETO,,,COLISÃO,ENTRE 2 AUTOS. S/V,2,,,,,,,,,0,,,,,,,,,,,,,,
2019-05-29,22:37:00,SEM VÍTIMA,FINALIZADA,TORRE,AV BEIRA RIO,,RUA MARCOS ANDRE,EM FRENTE AO EEC 17 DA COMPESA,AV BEIRA RIO,,EM FRENTE AO EEC 17 DA COMPESA,TORRE,,SUBURBIO,COLISÃO TRASEIRA,,2,,,,,,,,,0,,Longo da via,Bom,Não existe,Perfeito estado,Seca,Perfeito estado,Não existe,Não há placas,60 km/h,Dupla,Faixa contínua,,
2019-05-30,07:00:00,SEM VÍTIMA,FINALIZADA,,RUA BENFICA,,,EM FRENTE AO DPCA,RUA BENFICA,,EM FRENTE AO DPCA,,,CIDADE,ABALROAMENTO LONGITUDINAL,ENTRE AUTOS S/V.,2,,,,,,,,,0,,Longo da via,Bom,Não existe,Incompleta,Seca,Perfeito estado,Não existe,Não há placas,,Única,Não existe,,
2019-05-30,07:10:00,COM VÍTIMA,FINALIZADA,VÁRZEA,AV CAXANGA,230,RUA PAUL HARRIS,EM FRENTE AO HOSPITAL SANTA TEREZINHA,AV CAXANGA,230,EM FRENTE AO HOSPITAL SANTA TEREZINHA,VÁRZEA,230,CIDADE,ATROPELAMENTO,AUTO E PEDESTRE.,1,,,,1,,,,,1,,Cruzamento,Chuvoso,Sem defeito,Perfeito estado,Molhada,Perfeito estado,Faixa de pedestre,R-6a,60 km/h,Única,Canteiro central,,
2019-05-30,07:23:00,SEM VÍTIMA,FINALIZADA,DERBY,RUA FELICIANO GOMES,229,RUA DA BAIXA VERDE,,RUA FELICIANO GOMES,229,,DERBY,,CIDADE,ABALROAMENTO TRANSVERSAL,,2,,,,,,,,,0,,Longo da via,Bom,Não existe,Não existente,Seca,Perfeito estado,Não existe,Não há placas,,Dupla,Não existe,,
2019-05-30,07:48:00,SEM VÍTIMA,FINALIZADA,AFOGADOS,AV SUL,,,EM FRENTE À POLICLÍNICA AGAMENON MAGALHÃES,AV SUL,,EM FRENTE À POLICLÍNICA AGAMENON MAGALHÃES,AFOGADOS,,CIDADE,ABALROAMENTO LONGITUDINAL,AUTO X CAMINHÃO S/V,1,,,,,,1,,,0,,Longo da via,Bom,Não existe,Perfeito estado,Seca,Perfeito estado,Não existe,Não há placas,60 km/h,Única,Faixa seccionada,,
2019-05-30,08:06:00,SEM VÍTIMA,FINALIZADA,DERBY,AV GOVERNADOR AGAMENON MAGALHAES,1114,,EM FRENTE AO SEMÁFORO 037,AV GOVERNADOR AGAMENON MAGALHAES,1114,EM FRENTE AO SEMÁFORO 037,DERBY,,,COLISÃO TRASEIRA,DOIS AUTOS,2,,,,,,,,,0,,Longo da via,Bom,Sem defeito,Perfeito estado,Seca,Perfeito estado,Não existe,Outras,60 km/h,Dupla,Faixa seccionada,Canteiro central,Canal
2019-05-30,08:09:00,SEM VÍTIMA,FINALIZADA,BOA VIAGEM,RUA JOSE MOREIRA LEAL,,RUA ANTONIO PASSOS,AO LADO DO COLÉGIO ELO,RUA JOSE MOREIRA LEAL,,AO LADO DO COLÉGIO ELO,BOA VIAGEM,,CIDADE,CHOQUE VEÍCULO PARADO,ENTRE AUTOS S/V.,2,,,,,,,,,0,,,Bom,Não existe,Não existente,Seca,Perfeito estado,Não existe,Não há placas,,Única,Não existe,,
2019-05-30,08:13:00,SEM VÍTIMA,FINALIZADA,MANGABEIRA,RUA JACOB,215,RUA DES HERACLITO CAVALCANTI,AO LADO DO Nº 215,RUA JACOB,215,AO LADO DO Nº 215,MANGABEIRA,,SUBURBIO,ABALROAMENTO LONGITUDINAL,DOIS AUTOS,2,,,,,,,,,0,,Cruzamento,Bom,Não existe,Perfeito estado,Seca,Perfeito estado,,,30 km/h,Dupla,Faixa seccionada,,
2019-05-30,08:26:00,COM VÍTIMA,FINALIZADA,TORRÕES,AV ENGENHEIRO ABDIAS DE CARVALHO,,,LADO OPOSTO AO POSTO BR PRÓXIMO AO RESTAURANTE YOKI.,AV ENGENHEIRO ABDIAS DE CARVALHO,,LADO OPOSTO AO POSTO BR PRÓXIMO AO RESTAURANTE YOKI.,TORRÕES,375,CIDADE,ATROPELAMENTO,MOTO E PEDESTRE.,,1,,,1,,,,,1,,Longo da via,Bom,Não existe,Perfeito estado,Seca,Perfeito estado,Não existe,Não há placas,,Dupla,Canteiro central,,
2019-05-30,08:47:00,SEM VÍTIMA,FINALIZADA,ESTÂNCIA,AV DR JOSE RUFINO,548,RUA MORAIS E SILVA,,AV DR JOSE RUFINO,548,,ESTÂNCIA,,SUBURBIO,ABALROAMENTO TRANSVERSAL,AUTO X MOTO S/V.,1,1,,,,,,,,0,,Cruzamento,Bom,Não existe,Perfeito estado,Seca,Perfeito estado,Outros,Outras,60 km/h,Dupla,Faixa contínua,Faixa seccionada,
2019-05-30,09:34:00,SEM VÍTIMA,FINALIZADA,CASA AMARELA,AV NORTE,4616,AV PROFESSOR JOSE DOS ANJOS,SESC CASA AMARELA,AV NORTE,4616,SESC CASA AMARELA,CASA AMARELA,364,SUBURBIO,ABALROAMENTO LONGITUDINAL,MOTO E AUTO,1,,,,,,,,,0,,Cruzamento,Chuvoso,Sem defeito,Perfeito estado,Molhada,Perfeito estado,Faixa de pedestre,R-6c,60 km/h,Dupla,Faixa contínua,,
2019-05-30,09:48:00,SEM VÍTIMA,FINALIZADA,BOA VIAGEM,RUA PROFESSOR EDUARDO WANDERLEY FILHO,400,RUA DR PEDRO DE MELLO CAHU,AO LADO DO COLEGIO BOA VIAGEM,RUA PROFESSOR EDUARDO WANDERLEY FILHO,400,AO LADO DO COLEGIO BOA VIAGEM,BOA VIAGEM,,CIDADE,ABALROAMENTO LONGITUDINAL,DOIS AUTOS,2,,,,,,,,,0,,Longo da via,Bom,Não existe,Ilegível,Seca,Mal conservada,Não existe,Não há placas,,Dupla,Não existe,,
2019-05-30,10:14:00,SEM VÍTIMA,CANCELADA,SANTO AMARO,AV GOVERNADOR AGAMENON MAGALHAES,,,EM FRENTE AO POSTO BR,AV GOVERNADOR AGAMENON MAGALHAES,,EM FRENTE AO POSTO BR,SANTO AMARO,379,CIDADE,COLISÃO,DOIS AUTOS,2,,,,,,,,,0,,,,,,,,,,,,,,
2019-05-30,11:14:00,SEM VÍTIMA,FINALIZADA,PINA,AVENIDA CELSO FURTADO (VIA MANGUE),,,VIA MANGUE,AVENIDA CELSO FURTADO (VIA MANGUE),,VIA MANGUE,PINA,,SUBURBIO,ABALROAMENTO LONGITUDINAL,DOIS AUTOS,2,,,,,,,,,0,,Longo da via,Bom,Não existe,Perfeito estado,Seca,Perfeito estado,Outros,Outras,,Dupla,,,
2019-05-30,11:16:00,SEM VÍTIMA,FINALIZADA,CASA AMARELA,RUA DES MOTTA JUNIOR,31,,,RUA DES MOTTA JUNIOR,31,,CASA AMARELA,,SUBURBIO,ABALROAMENTO LONGITUDINAL,UM CAMINHÃO E AUTO PASSEIO,1,,,,,,1,,,0,,Longo da via,Bom,Não existe,Incompleta,Seca,Perfeito estado,Não existe,Placas Pare,,Dupla,Não existe,,