data,hora,natureza_acidente,situacao,bairro,endereco,numero,detalhe_endereco_acidente,complemento,endereco_cruzamento,numero_cruzamento,referencia_cruzamento,bairro_cruzamento,num_semaforo,sentido_via,tipo,descricao,auto,moto,ciclom,ciclista,pedestre,onibus,caminhao,viatura,outros,vitimas,vitimasfatais,acidente_verificado,tempo_clima,situacao_semaforo,sinalizacao,condicao_via,conservacao_via,ponto_controle,situacao_placa,velocidade_max_via,mao_direcao,divisao_via1,divisao_via2,divisao_via3
2019-05-30,12:00:00,COM VÍTIMA,FINALIZADA,PINA,RUA MANOEL DE BRITO,,,PROX. DO TUNEL DO RIO MAR,RUA MANOEL DE BRITO,,PROX. DO TUNEL DO RIO MAR,PINA,659,CIDADE,ABALROAMENTO LONGITUDINAL,AUTO E MOTO.,1,1,,,,,,,,1,,Longo da via,Chuvoso,Sem defeito,Perfeito estado,Molhada,Perfeito estado,Não existe,Outras,,Única,Faixa contínua,,
2019-05-30,12:17:00,COM VÍTIMA,FINALIZADA,TAMARINEIRA,RUA DR JOSE MARIA,1096,,EM FRENTE AO COLÉGIO BOA VIAGEM.,RUA DR JOSE MARIA,1096,EM FRENTE AO COLÉGIO BOA VIAGEM.,TAMARINEIRA,,,ABALROAMENTO LONGITUDINAL,AUTO E MOTO.,1,1,,,,,,,,1,,Longo da via,Chuvoso,Sem defeito,Perfeito estado,Molhada,Perfeito estado,Faixa de pedestre,R-6a,30 km/h,Dupla,Faixa seccionada,,
2019-05-30,12:19:00,SEM VÍTIMA,FINALIZADA,SÃO JOSÉ,AV MARTINS DE BARROS,395,,ESTAÇÃO MAURÍCIO DE NASSAU,AV MARTINS DE BARROS,395,ESTAÇÃO MAURÍCIO DE NASSAU,SÃO JOSÉ,,SUBURBIO,ABALROAMENTO LONGITUDINAL,COLISÃO SEM VITIMA,1,,,,,1,,,,0,,Longo da via,Bom,Não existe,Perfeito estado,Seca,Perfeito estado,Faixa de pedestre,Não há placas,,Única,Faixa seccionada,,
2019-05-30,12:34:00,SEM VÍTIMA,FINALIZADA,CAXANGÁ,AV CAXANGA,5504,,EM FRENTE COXINHAS DE BATATA,AV CAXANGA,5504,EM FRENTE COXINHAS DE BATATA,CAXANGÁ,,SUBURBIO,COLISÃO TRASEIRA,COLISÃO S/VITIMAS ENTRE DOIS AUTOS,2,,,,,,,,,0,,Longo da via,Chuvoso,Não existe,Perfeito estado,Molhada,Perfeito estado,Não existe,Outras,,Única,Faixa seccionada,Canteiro central,
2019-05-30,12:40:00,SEM VÍTIMA,CANCELADA,BOA VISTA,AV CONDE DA BOA VISTA,369,RUA DA SOLEDADE,EM FRENTE A GALERIA SOLEDADE,AV CONDE DA BOA VISTA,369,EM FRENTE A GALERIA SOLEDADE,BOA VISTA,,,COLISÃO,COLISÃO SEM VITIMA,2,,,,,,,,,0,,,,,,,,,,,,,,
2019-05-30,13:29:00,SEM VÍTIMA,FINALIZADA,,RUA DEPUTADO JOSE FRANCISCO DE MELO CAVALCANTI,434,RUA ELIANE FRAGOSO DO NASCIMENTO,MERCADINHO VIDA NOVA,RUA DEPUTADO JOSE FRANCISCO DE MELO CAVALCANTI,434,MERCADINHO VIDA NOVA,,,CIDADE,ABALROAMENTO TRANSVERSAL,COLISÃO SEM VÍTIMA,2,,,,,,,,,0,,Longo da via,Bom,Não existe,Não existente,Seca,Perfeito estado,Não existe,Não há placas,,Dupla,Não existe,,
2019-05-30,14:26:00,SEM VÍTIMA,FINALIZADA,IPUTINGA,AV CAXANGA,,,EM FRENTE AO SEMÁFORO 269,AV CAXANGA,,EM FRENTE AO SEMÁFORO 269,IPUTINGA,269,CIDADE,COLISÃO TRASEIRA,COLISÃO SEM VÍTIMA,2,,,,,,,,,0,,Longo da via,Bom,Sem defeito,Perfeito estado,Seca,Perfeito estado,Faixa de pedestre,Outras,,Única,Faixa seccionada,Canteiro central,
2019-05-30,15:19:00,SEM VÍTIMA,CANCELADA,AFOGADOS,RUA SANTOS ARAUJO,234,,EM FRENTE A FUNILARIA,RUA SANTOS ARAUJO,234,EM FRENTE A FUNILARIA,AFOGADOS,333,,COLISÃO,COLISÃO SEM VÍTIMA,1,,,,,,1,,,0,,,,,,,,,,,,,,
2019-05-30,15:23:00,SEM VÍTIMA,FINALIZADA,LINHA DO TIRO,RUA CORREGO DO EUCLIDES,1828,,LADO OPOSTO A ASSEMBLEIA DE DEUS,RUA CORREGO DO EUCLIDES,1828,LADO OPOSTO A ASSEMBLEIA DE DEUS,LINHA DO TIRO,,SUBURBIO,ABALROAMENTO LONGITUDINAL,COLISÃO SEM VITIMA ENTRE DOIS AUTOS,2,,,,,,,,,0,,Longo da via,Bom,Não existe,Incompleta,Seca,Perfeito estado,Não existe,Não há placas,,Dupla,Faixa seccionada,,
2019-05-30,15:38:00,SEM VÍTIMA,FINALIZADA,CORDEIRO,RUA ADELMAR TAVARES,260,RUA PEREIRA DE MORAES,,RUA ADELMAR TAVARES,260,,CORDEIRO,,,ABALROAMENTO TRANSVERSAL,COLISÃO S/VITIMA ENTRE DOIS AUTOS,2,,,,,,,,,0,,Cruzamento,Bom,Não existe,Não existente,Seca,Perfeito estado,Não existe,Não há placas,,Dupla,Não existe,,
2019-05-30,15:44:00,SEM VÍTIMA,FINALIZADA,ÁGUA FRIA,AV BEBERIBE,2047,,EM FRENTE AO ARMAZÉM ANA  LADO OPOSTO AO MERCADO,AV BEBERIBE,2047,EM FRENTE AO ARMAZÉM ANA  LADO OPOSTO AO MERCADO,ÁGUA FRIA,,CIDADE,ABALROAMENTO LONGITUDINAL,COLISÃO SEM VÍTIMA,1,,,,,1,,,,0,,Longo da via,Bom,Não existe,Incompleta,Seca,Mal conservada,Não existe,Outras,,Dupla,Outros,,
2019-05-30,15:56:00,COM VÍTIMA,FINALIZADA,BOA VIAGEM,RUA VISCONDE DE JEQUITINHONHA,,RUA CAPITAO ZUZINHA,EM FRENTE A LOCALIZA. PISTA OESTE.,RUA VISCONDE DE JEQUITINHONHA,,EM FRENTE A LOCALIZA. PISTA OESTE.,BOA VIAGEM,433,SUBURBIO,ABALROAMENTO TRANSVERSAL,AUTO E MOTO.,1,1,,,,,,,,1,,Cruzamento,Bom,Sem defeito,Perfeito estado,Seca,Perfeito estado,Faixa de pedestre,R-4a,60 km/h,Única,Faixa contínua,Canteiro central,
2019-05-30,16:41:00,SEM VÍTIMA,FINALIZADA,JARDIM SÃO PAULO,AV SAO PAULO,,,ESTAÇÃO WERNECK,AV SAO PAULO,,ESTAÇÃO WERNECK,JARDIM SÃO PAULO,,CIDADE,COLISÃO TRASEIRA,COLISÃO S/ VITIMAS ENTRE DOIS AUTOS,2,,,,,,,,,0,,,Bom,Não existe,,Seca,Perfeito estado,Não existe,R-6a,,Dupla,Não existe,,
2019-05-30,17:00:00,COM VÍTIMA,FINALIZADA,SANTO ANTÔNIO,PRC DA REPUBLICA,,,PROXIMO AO SEMÁFORO 164,PRC DA REPUBLICA,,PROXIMO AO SEMÁFORO 164,SANTO ANTÔNIO,164,SUBURBIO,CAPOTAMENTO,MOTO ENVOLVIDA.,,1,,,,,,,,1,,Longo da via,Bom,Sem defeito,Perfeito estado,Seca,Perfeito estado,Não existe,Não há placas,,Única,Faixa,,
2019-05-30,17:23:00,SEM VÍTIMA,CANCELADA,IBURA,AV QUEIXARAMOBIM,,,NO TERMINAL DO UR2,AV QUEIXARAMOBIM,,NO TERMINAL DO UR2,IBURA,,,COLISÃO,COLISÃO SEM VITIMA,1,,,,,1,,,,0,,,,,,,,,,,,,,
2019-05-30,17:28:00,COM VÍTIMA,FINALIZADA,BONGI,AV ENGENHEIRO ABDIAS DE CARVALHO,12,RUA CARLOS GOMES,EM FRENTE A BIG CAR,AV ENGENHEIRO ABDIAS DE CARVALHO,12,EM FRENTE A BIG CAR,BONGI,57,CIDADE,COLISÃO TRASEIRA,AUTO E MOTO.,1,1,,,,,,,,1,,,Bom,Sem defeito,Perfeito estado,Seca,Perfeito estado,Não existe,Não há placas,,Dupla,Canteiro central,,
2019-05-30,17:31:00,SEM VÍTIMA,FINALIZADA,BOA VIAGEM,RUA VISCONDE DE JEQUITINHONHA,66,RUA DONA UZINHA NUNES,,RUA VISCONDE DE JEQUITINHONHA,66,,BOA VIAGEM,,SUBURBIO,ABALROAMENTO LONGITUDINAL,COLISÃO SEM VÍTIMA,2,,,,,,,,,0,,Longo da via,Bom,Não existe,Perfeito estado,Seca,Perfeito estado,Não existe,Não há placas,,Única,Canteiro central,,
2019-05-30,18:00:00,SEM VÍTIMA,FINALIZADA,JORDÃO,AV MARIA IRENE,837,,EM FRENTE AO Nº 837,AV MARIA IRENE,837,EM FRENTE AO Nº 837,JORDÃO,,,COLISÃO TRASEIRA,ENTRE 2 AUTOS. S/V,2,,,,,,,,,0,,Longo da via,Bom,Não existe,Não existente,Seca,Perfeito estado,Não existe,Não há placas,,Dupla,Não existe,,
2019-05-30,18:27:00,COM VÍTIMA,FINALIZADA,JARDIM SÃO PAULO,RUA LEANDRO BARRETO,,AV SAO PAULO,SEMÁFORO 507,RUA LEANDRO BARRETO,,SEMÁFORO 507,JARDIM SÃO PAULO,507,CIDADE,ATROPELAMENTO,ÕNIBUS E PEDESTRE. C/V,,,,,1,1,,,,1,,Cruzamento,Bom,Sem defeito,Incompleta,Seca,Perfeito estado,,Não há placas,,Dupla,Não existe,,
2019-05-30,18:55:00,SEM VÍTIMA,FINALIZADA,SANTO AMARO,RUA MALAQUIAS DA ROCHA,76,,,RUA MALAQUIAS DA ROCHA,76,,SANTO AMARO,,SUBURBIO,ABALROAMENTO TRANSVERSAL,ENTRE 2 AUTOS. S/V,1,,,,,,,,,0,,Longo da via,Bom,Não existe,Não existente,Seca,Mal iluminada,Não existe,Não há placas,,Dupla,Não existe,,
2019-05-30,22:04:00,SEM VÍTIMA,FINALIZADA,SANTO AMARO,AV GOVERNADOR AGAMENON MAGALHAES,,,ACADEMIA DA CIDADE,AV GOVERNADOR AGAMENON MAGALHAES,,ACADEMIA DA CIDADE,SANTO AMARO,,,COLISÃO TRASEIRA,ÔNIBUS E AUTO PASSEIO SEM VITIMAS,1,,,,,1,,,,0,,Longo da via,Bom,Não existe,Perfeito estado,Seca,Perfeito estado,Não existe,Outras,,Dupla,Canal,,
2019-05-30,22:05:00,SEM VÍTIMA,FINALIZADA,TEJIPIÓ,RUA CARLOS XAVIER PAES BARRETO,,,EM FRENTE AO Nº 203,RUA CARLOS XAVIER PAES BARRETO,,EM FRENTE AO Nº 203,TEJIPIÓ,,CIDADE,ABALROAMENTO LONGITUDINAL,ENTRE 2 AUTOS. S/V,3,,,,,,,,,0,,Longo da via,Bom,Não existe,Perfeito estado,Seca,Perfeito estado,Não existe,Não há placas,,Dupla,Não existe,,
2019-05-31,06:59:00,SEM VÍTIMA,FINALIZADA,BONGI,AV ENGENHEIRO ABDIAS DE CARVALHO,,RUA CARLOS GOMES,FARMACIA PAGUE MENOS,AV ENGENHEIRO ABDIAS DE CARVALHO,,FARMACIA PAGUE MENOS,BONGI,57,SUBURBIO,ABALROAMENTO LONGITUDINAL,COLISÃO SEM VITIMAS,1,,,,,,,1,,0,,Cruzamento,Bom,Sem defeito,Perfeito estado,Seca,Perfeito estado,Faixa de pedestre,Não há placas,60 km/h,Dupla,Canteiro central,,
2019-05-31,07:58:00,SEM VÍTIMA,FINALIZADA,DERBY,RUA AMAURI DE MEDEIROS,,RUA JENER DE SOUZA,,RUA AMAURI DE MEDEIROS,,,DERBY,,,ABALROAMENTO LONGITUDINAL,ONIBUS E AUTO,1,,,,,1,,,,0,,Cruzamento,Bom,Não existe,Perfeito estado,Seca,Perfeito estado,,,,Única,,,
2019-05-31,08:43:00,SEM VÍTIMA,FINALIZADA,CAMPO GRANDE,RUA ODORICO MENDES,,EST DE BELEM,,RUA ODORICO MENDES,,,CAMPO GRANDE,,SUBURBIO,COLISÃO TRASEIRA,COLISÃO SEM VITIMAS VT 13 QTH,2,,,,,,,,,0,,Cruzamento,Bom,Sem defeito,Perfeito estado,Seca,Perfeito estado,Faixa de pedestre,Outras,40 km/h,Dupla,Faixa seccionada,,
2019-05-31,08:54:00,COM VÍTIMA,FINALIZADA,BOA VISTA,RUA DOM BOSCO,767,RUA PAISSANDU,,RUA DOM BOSCO,767,,BOA VISTA,,CID/SUB,ATROPELAMENTO,VITIMA EM ATENDIMENTO PELO SAMU,1,,,,1,,,,,1,,Longo da via,Bom,Sem defeito,Perfeito estado,Seca,Perfeito estado,,R-6a,,Única,Faixa,,
2019-05-31,10:01:00,SEM VÍTIMA,FINALIZADA,ESPINHEIRO,AV GOVERNADOR AGAMENON MAGALHAES,2265,,EDF VISCONDE DE UTINGA,AV GOVERNADOR AGAMENON MAGALHAES,2265,EDF VISCONDE DE UTINGA,ESPINHEIRO,,,ABALROAMENTO LONGITUDINAL,SEM VITIMAS,,1,,,,,,1,,0,,Longo da via,Bom,Não existe,Perfeito estado,Seca,Perfeito estado,Não existe,Não há placas,,Dupla,Canal,,
2019-05-31,10:50:00,SEM VÍTIMA,FINALIZADA,IMBIRIBEIRA,AV MARECHAL MASCARENHAS DE MORAES,,,RUA JEAN EMILE FAVRE,AV MARECHAL MASCARENHAS DE MORAES,,RUA JEAN EMILE FAVRE,IMBIRIBEIRA,7,,ABALROAMENTO LONGITUDINAL,COLISÃO SEM VITIMAS,1,,,,,1,,,,0,,Longo da via,Bom,Sem defeito,Perfeito estado,Seca,Perfeito estado,,Outras,,Dupla,Faixa contínua,Canteiro central,
2019-05-31,11:00:00,COM VÍTIMA,FINALIZADA,AFOGADOS,RUA SAO MIGUEL,,,EM FRENTE AO QUARTEL DE AFOGADOS 14º BL 06,RUA SAO MIGUEL,,EM FRENTE AO QUARTEL DE AFOGADOS 14º BL 06,AFOGADOS,,SUBURBIO,COLISÃO TRASEIRA,COM UMA VITIMA AGUARDANDO SAMU,1,,1,,,,,,,1,,Longo da via,Bom,Não existe,Perfeito estado,Seca,Perfeito estado,Não existe,Não há placas,,Dupla,Faixa contínua,,
2019-05-31,11:04:00,SEM VÍTIMA,FINALIZADA,JAQUEIRA,RUA MUNIZ TAVARES,25,AV RUI BARBOSA,EM FRENTE AO EDIFICIO PRINCIPE DE CASTELA,RUA MUNIZ TAVARES,25,EM FRENTE AO EDIFICIO PRINCIPE DE CASTELA,JAQUEIRA,460,SUBURBIO,ABALROAMENTO TRANSVERSAL,COLISAO S/VITIMA ENTRE AUTO E UMA MOTO,1,1,,,,,,,,0,,Longo da via,Bom,Sem defeito,Perfeito estado,Seca,Perfeito estado,Faixa de pedestre,Outras,,Dupla,Faixa contínua,,
2019-05-31,11:52:00,COM VÍTIMA,FINALIZADA,SANTO AMARO,AV MARIO MELO,242,RUA DO VEIGA,EM FRENTE A ESCOLA SILVIO RABELO/NO RETORNO,AV MARIO MELO,242,EM FRENTE A ESCOLA SILVIO RABELO/NO RETORNO,SANTO AMARO,,SUBURBIO,ABALROAMENTO LONGITUDINAL,AUTO E MOTO.,1,1,,,,,,,,1,,Cruzamento,Bom,Não existe,Incompleta,Seca,Mal conservada,Não existe,Não há placas,40 km/h,Dupla,Canteiro central,,
2019-05-31,12:11:00,COM VÍTIMA,FINALIZADA,DOIS IRMÃOS,RUA MANUEL DE MEDEIROS,,,EM FRENTE A PORTARIA Z 1 A UFRPE,RUA MANUEL DE MEDEIROS,,EM FRENTE A PORTARIA Z 1 A UFRPE,DOIS IRMÃOS,224,SUBURBIO,ABALROAMENTO TRANSVERSAL,AUTO E MOTO COM VITIMAS,1,1,,,,,,,,1,,Longo da via,Bom,Sem defeito,Perfeito estado,Seca,Perfeito estado,Não existe,Não há placas,,Dupla,Não existe,,
2019-05-31,12:24:00,SEM VÍTIMA,FINALIZADA,BAIRRO DO RECIFE,AV ALFREDO LISBOA,35,,,AV ALFREDO LISBOA,35,,BAIRRO DO RECIFE,,SUBURBIO,ABALROAMENTO LONGITUDINAL,DOIS AUTO SEM VITIMAS,2,,,,,,,,,0,,Longo da via,Bom,Não existe,Perfeito estado,Seca,Perfeito estado,Não existe,Não há placas,,Única,Faixa seccionada,,
2019-05-31,12:24:00,SEM VÍTIMA,FINALIZADA,,AV MARECHAL MASCARENHAS DE MORAES,,,,AV MARECHAL MASCARENHAS DE MORAES,,,,,CIDADE,COLISÃO TRASEIRA,COLISÃO SEM VÍTIMA,1,,,,,,1,,,0,,Longo da via,Bom,Sem defeito,Perfeito estado,Seca,Perfeito estado,,,,Dupla,Canteiro central,,
2019-05-31,12:30:00,SEM VÍTIMA,CANCELADA,BRASÍLIA TEIMOSA,RUA MARECHAL HERMES,1,,EM FRENTE A PEIXARIA CHACRINHA,RUA MARECHAL HERMES,1,EM FRENTE A PEIXARIA CHACRINHA,BRASÍLIA TEIMOSA,,,COLISÃO,COLISÃO SEM VÍTIMA,2,,,,,,,,,0,,,,,,,,,,,,,,
2019-05-31,12:55:00,SEM VÍTIMA,FINALIZADA,IPSEP,AV DOM HELDER CAMARA,55,AV RECIFE,TRAN FARMA,AV DOM HELDER CAMARA,55,TRAN FARMA,IPSEP,55,CIDADE,ABALROAMENTO LONGITUDINAL,DOIS AUTO SEM VITIMAS,2,,,,,,,,,0,,Cruzamento,Bom,Sem defeito,Perfeito estado,Seca,Perfeito estado,Faixa de pedestre,R-6a,,Dupla,Canteiro central,,
2019-05-31,12:55:00,SEM VÍTIMA,FINALIZADA,CORDEIRO,RUA AUREO XAVIER,,,RESTAURANTE O PESCADOR,RUA AUREO XAVIER,,RESTAURANTE O PESCADOR,CORDEIRO,,CIDADE,CHOQUE VEÍCULO PARADO,COLISAO ENTRE AUTO E TRES MOTOS,1,1,,,,,,,,0,,Longo da via,Bom,Não existe,,Seca,Perfeito estado,Não existe,Placas Pare,,Dupla,Não existe,,
2019-05-31,13:07:00,SEM VÍTIMA,CANCELADA,PARNAMIRIM,AV DEZESSETE DE AGOSTO,,,EM FRENTE A BANCO BRADESCO / MUTTI DELICATESSEN,AV DEZESSETE DE AGOSTO,,EM FRENTE A BANCO BRADESCO / MUTTI DELICATESSEN,PARNAMIRIM,,,COLISÃO,COLISÃO SEM VÍTIMA,1,1,,,,,,,,0,,,,,,,,,,,,,,
2019-05-31,13:11:00,SEM VÍTIMA,FINALIZADA,IBURA,AV DOIS RIOS,,,EM FRENTE A POLICLINICA PROFESSOR ARNALDO MARQUES,AV DOIS RIOS,,EM FRENTE A POLICLINICA PROFESSOR ARNALDO MARQUES,IBURA,,CIDADE,ABALROAMENTO LONGITUDINAL,COLISÃO SEM VÍTIMA,1,1,,,,,,,,0,,Longo da via,Bom,Não existe,Não existente,Seca,Perfeito estado,Não existe,Não há placas,,Dupla,Não existe,,
2019-05-31,13:14:00,SEM VÍTIMA,FINALIZADA,ZUMBI,RUA CONS THEODORO,170,,E/F SUSPENCAR SERVIÇOS AUTOMOTIVOS,RUA CONS THEODORO,170,E/F SUSPENCAR SERVIÇOS AUTOMOTIVOS,ZUMBI,513,,COLISÃO TRASEIRA,DOIS AUTO SEM VITIMAS,2,,,,,,,,,0,,Longo da via,Bom,Sem defeito,Incompleta,Seca,Perfeito estado,Não existe,Não há placas,,Dupla,Não existe,,
2019-05-31,14:09:00,SEM VÍTIMA,FINALIZADA,SANTO AMARO,RUA FREI CASSIMIRO,,RUA DO SOSSEGO,SIMPOL,RUA FREI CASSIMIRO,,SIMPOL,SANTO AMARO,,CIDADE,ABALROAMENTO TRANSVERSAL,COLISAO ENTRE AUTO E MOTO S/V,1,1,,,,,,,,0,,Cruzamento,Bom,Não existe,Perfeito estado,Seca,Perfeito estado,,Placas Pare,,Dupla,Não existe,,
2019-05-31,14:15:00,SEM VÍTIMA,FINALIZADA,GRAÇAS,AV RUI BARBOSA,320,RUA DA AMIZADE,E/F AO TRIBUNAL REGIONAL ELEITORAL,AV RUI BARBOSA,320,E/F AO TRIBUNAL REGIONAL ELEITORAL,GRAÇAS,,CIDADE,ABALROAMENTO TRANSVERSAL,COLISAO ENTRE DOIS AUTOS S/V S/T BOA VIAGEM,2,,,,,,,,,0,,Longo da via,Bom,Não existe,Perfeito estado,Seca,Perfeito estado,Outros,Outras,,Única,Não existe,,
2019-05-31,14:40:00,COM VÍTIMA,FINALIZADA,TORRÕES,EST DO FORTE DO ARRAIAL N. DO B. JESUS,,RUA PROFESSORA LAURA FERREIRA DA COSTA,,EST DO FORTE DO ARRAIAL N. DO B. JESUS,,,TORRÕES,,,ABALROAMENTO LONGITUDINAL,COLISÃO COM VÍTIMA,1,1,,,,,,,,1,,,Chuvoso,Não existe,Perfeito estado,Molhada,Perfeito estado,Não existe,Outras,,Dupla,Faixa contínua,,
2019-05-31,14:53:00,SEM VÍTIMA,FINALIZADA,FUNDÃO,AV BEBERIBE,2856,,E/F A PRAÇA DO FUNDÃO,AV BEBERIBE,2856,E/F A PRAÇA DO FUNDÃO,FUNDÃO,,SUBURBIO,ABALROAMENTO LONGITUDINAL,DOIS AUTO SEM VITIMAS,2,,,,,,,,,0,,Longo da via,Bom,Não existe,Perfeito estado,Seca,Perfeito estado,Não existe,Não há placas,50 km/h,Dupla,Faixa seccionada,,
2019-05-31,15:16:00,SEM VÍTIMA,FINALIZADA,BAIRRO DO RECIFE,AV ALFREDO LISBOA,,,,AV ALFREDO LISBOA,,,BAIRRO DO RECIFE,,,ABALROAMENTO LONGITUDINAL,AUTO E MOTO SEM VITIMAS,1,1,,,,,,,,0,,Longo da via,Bom,Não existe,Perfeito estado,Seca,Perfeito estado,Faixa de pedestre,Outras,40 km/h,Única,Faixa seccionada,,
2019-05-31,16:20:00,SEM VÍTIMA,FINALIZADA,AFOGADOS,RUA QUITERIO INACIO DE MELLO,261A,,EM FRENTE A BORRACHARIA IMPORT PNEUS,RUA QUITERIO INACIO DE MELLO,261A,EM FRENTE A BORRACHARIA IMPORT PNEUS,AFOGADOS,,SUBURBIO,COLISÃO TRASEIRA,COLISAO ENTRE TRES AUTOS S/V,2,,,,,,,,,0,,Longo da via,Chuvoso,Não existe,Perfeito estado,Molhada,Perfeito estado,Não existe,Não há placas,,Única,Faixa seccionada,,
2019-05-31,16:42:00,SEM VÍTIMA,FINALIZADA,BOA VIAGEM,AV CONSELHEIRO AGUIAR,1748,,,AV CONSELHEIRO AGUIAR,1748,,BOA VIAGEM,,CIDADE,COLISÃO TRASEIRA,COLISÃO SEM VÍTIMA,2,,,,,,,,,0,,Longo da via,Bom,Sem defeito,Perfeito estado,Seca,Perfeito estado,,,,Única,Faixa seccionada,,
2019-05-31,17:24:00,SEM VÍTIMA,FINALIZADA,AFOGADOS,RUA DA PAZ,283,,E/F CASAS BAHIA,RUA DA PAZ,283,E/F CASAS BAHIA,AFOGADOS,528,SUBURBIO,ABALROAMENTO LONGITUDINAL,DOIS AUTO SEM VITIMAS,2,,,,,,,,,0,,Longo da via,Bom,Sem defeito,Perfeito estado,Seca,Perfeito estado,Faixa de pedestre,Outras,,Única,Faixa seccionada,,
2019-05-31,17:25:00,SEM VÍTIMA,FINALIZADA,ESPINHEIRO,AV CONS ROSA E SILVA,419,,AO LADO DO HOSPITAL DOS SERVIDORES DO ESTADO DE PE,AV CONS ROSA E SILVA,419,AO LADO DO HOSPITAL DOS SERVIDORES DO ESTADO DE PE,ESPINHEIRO,,SUBURBIO,ABALROAMENTO LONGITUDINAL,COLISÃO SEM VÍTIMA,1,,,,,1,,,,0,,Longo da via,Bom,Não existe,Perfeito estado,Seca,Perfeito estado,Não existe,Outras,,Única,Faixa seccionada,,
2019-05-31,17:38:00,COM VÍTIMA,FINALIZADA,PORTO DA MADEIRA,RUA DALVA DE OLIVEIRA,175,,,RUA DALVA DE OLIVEIRA,175,,PORTO DA MADEIRA,,SUBURBIO,ABALROAMENTO TRANSVERSAL,COLISÃO COM VÍTIMA,1,1,,,,,,,,1,,Longo da via,Bom,Não existe,Perfeito estado,Seca,Perfeito estado,Não existe,Não há placas,,Dupla,Faixa contínua,,
2019-05-31,18:14:00,SEM VÍTIMA,CANCELADA,PINA,AV ANTONIO DE GOES,,,E/F AO EDF JCPM,AV ANTONIO DE GOES,,E/F AO EDF JCPM,PINA,,,COLISÃO,ENTRE 2 AUTOS. S/V,2,,,,,,,,,0,,,,,,,,,,,,,,
2019-05-31,18:55:00,SEM VÍTIMA,FINALIZADA,BARRO,AV DR JOSE RUFINO,1789,RUA PADRE NOBREGA,ENF A IGRJA MUNDIAL DE JESUS CRISTO,AV DR JOSE RUFINO,1789,ENF A IGRJA MUNDIAL DE JESUS CRISTO,BARRO,,SUBURBIO,ABALROAMENTO LONGITUDINAL,CAMINHAO X ONIX,1,,,,,,1,,,0,,Longo da via,Bom,Não existe,Perfeito estado,Seca,Perfeito estado,Não existe,Não há placas,60 km/h,Dupla,Faixa contínua,Faixa seccionada,
2019-05-31,19:30:00,SEM VÍTIMA,FINALIZADA,IBURA,AV DOIS RIOS,,,E/F AO POSTO MAIS,AV DOIS RIOS,,E/F AO POSTO MAIS,IBURA,518,SUBURBIO,ABALROAMENTO LONGITUDINAL,ENTRE AUTO E ONIBUS. S/V,1,,,,,1,,,,0,,Longo da via,Bom,Sem defeito,Perfeito estado,Seca,Perfeito estado,,,,Dupla,,,
2019-05-31,20:40:00,SEM VÍTIMA,FINALIZADA,BARRO,AV DR JOSE RUFINO,,RUA PADRE NOBREGA,E/F A IGREJA MUNDIAL JESUS CRISTO,AV DR JOSE RUFINO,,E/F A IGREJA MUNDIAL JESUS CRISTO,BARRO,,SUBURBIO,ABALROAMENTO LONGITUDINAL,ENTRE AUTO E ÔNIBUS. S/V,1,,,,,1,,,,0,,Longo da via,Bom,Não existe,Perfeito estado,Seca,Perfeito estado,Não existe,Não há placas,60 km/h,Única,Faixa contínua,Faixa seccionada,
2019-05-31,21:41:00,SEM VÍTIMA,FINALIZADA,BEBERIBE,AV BEBERIBE,4040,,RUA POSTO REAL,AV BEBERIBE,4040,RUA POSTO REAL,BEBERIBE,,SUBURBIO,COLISÃO TRASEIRA,PRISMA X ONIX,2,,,,,,,,,0,,,Bom,Não existe,Ilegível,Seca,Perfeito estado,Não existe,Não há placas,,Dupla,Não existe,,
2019-05-31,22:22:00,SEM VÍTIMA,FINALIZADA,PARNAMIRIM,RUA FERREIRA LOPES,313,,ESTAÇÃO VITÓRIA,RUA FERREIRA LOPES,313,ESTAÇÃO VITÓRIA,PARNAMIRIM,,CIDADE,ABALROAMENTO TRANSVERSAL,ENTRE 2 AUTOS. S/V,2,,,,,,,,,0,,Longo da via,Bom,Não existe,Não existente,Seca,Perfeito estado,Não existe,R-6a,,Dupla,Não existe,,
2019-05-31,23:49:00,SEM VÍTIMA,CANCELADA,PARNAMIRIM,AV PARNAMIRIM,,RUA JOAO TUDE DE MELO,SEMÁFORO 010 / ESQUINA COM O SERPRO / PRÓX AO POSTO SHELL,AV PARNAMIRIM,,SEMÁFORO 010 / ESQUINA COM O SERPRO / PRÓX AO POSTO SHELL,PARNAMIRIM,10,,COLISÃO,ENTRE 2 AUTOS. S/V,2,,,,,,,,,0,,,,,,,,,,,,,,
2019-06-01,00:11:00,SEM VÍTIMA,FINALIZADA,PINA,AV ANTONIO DE GOES,,AV CONSELHEIRO AGUIAR,,AV ANTONIO DE GOES,,,PINA,226,CIDADE,ABALROAMENTO LONGITUDINAL,COLISÃO ENTRE DOIS AUTOS  SEM VÍTIMAS.,2,,,,,,,,,0,,Cruzamento,Chuvoso,Sem defeito,Perfeito estado,Molhada,Perfeito estado,Faixa de pedestre,,60 km/h,Única,Faixa seccionada,,