data,hora,natureza_acidente,situacao,bairro,endereco,numero,detalhe_endereco_acidente,complemento,endereco_cruzamento,numero_cruzamento,referencia_cruzamento,bairro_cruzamento,num_semaforo,sentido_via,tipo,descricao,auto,moto,ciclom,ciclista,pedestre,onibus,caminhao,viatura,outros,vitimas,vitimasfatais,acidente_verificado,tempo_clima,situacao_semaforo,sinalizacao,condicao_via,conservacao_via,ponto_controle,situacao_placa,velocidade_max_via,mao_direcao,divisao_via1,divisao_via2,divisao_via3
2019-06-01,01:45:00,SEM VÍTIMA,FINALIZADA,DERBY,AV GOVERNADOR AGAMENON MAGALHAES,,AV CONDE DA BOA VISTA,MC DONALD'S,AV GOVERNADOR AGAMENON MAGALHAES,,MC DONALD'S,DERBY,75,SUBURBIO,ABALROAMENTO LONGITUDINAL,COLISÃO ENTRE DOIS AUTOS  SEM VÍTIMAS.,2,,,,,,,,,0,,Cruzamento,Chuvoso,Sem defeito,Perfeito estado,Molhada,Perfeito estado,Faixa de pedestre,Outras,60 km/h,Única,Faixa seccionada,,
2019-06-01,03:01:00,SEM VÍTIMA,FINALIZADA,SÃO JOSÉ,RUA DO SOL,,PTE BOA VISTA,SEMÁFORO 013,RUA DO SOL,,SEMÁFORO 013,SÃO JOSÉ,13,,ABALROAMENTO LONGITUDINAL,COLISÃO ENTRE DOIS AUTOS  SEM VÍTIMAS.,2,,,,,,,,,0,,Cruzamento,Chuvoso,Intermitente,Perfeito estado,Seca,Perfeito estado,Faixa de pedestre,R-6a,30 km/h,Única,,,
2019-06-01,07:08:00,COM VÍTIMA,CANCELADA,SÃO JOSÉ,RUA PRINCESA IZABEL,,RUA DA AURORA,,RUA PRINCESA IZABEL,,,SÃO JOSÉ,22,,COLISÃO,MOTO E AUTO,1,1,,,,,,,,1,,,,,,,,,,,,,,
2019-06-01,09:22:00,COM VÍTIMA,FINALIZADA,JOANA BEZERRA,VDO PAPA JOAO PAULO II,,,SOB O VIADUTO,VDO PAPA JOAO PAULO II,,SOB O VIADUTO,JOANA BEZERRA,,CIDADE,COLISÃO TRASEIRA,COLISÃO COM VITIMA SOCORRIDA PELO SAMU,1,1,,,,,,,,1,,Viaduto,Bom,Não existe,Perfeito estado,Seca,Perfeito estado,Outros,Outras,60 km/h,Única,Faixa seccionada,,
2019-06-01,09:30:00,SEM VÍTIMA,CANCELADA,NOVA DESCOBERTA,RUA NOVA DESCOBERTA,622,,EM FRENTE A IGREJA ASSEMBLEIA DE DEUS,RUA NOVA DESCOBERTA,622,EM FRENTE A IGREJA ASSEMBLEIA DE DEUS,NOVA DESCOBERTA,,,COLISÃO,AUTO E MOTO,1,1,,,,,,,,0,,,,,,,,,,,,,,
2019-06-01,10:04:00,SEM VÍTIMA,FINALIZADA,IMBIRIBEIRA,AV MARECHAL MASCARENHAS DE MORAES,4080,,,AV MARECHAL MASCARENHAS DE MORAES,4080,,IMBIRIBEIRA,,SUBURBIO,COLISÃO TRASEIRA,COLISÃO S/VITIMA ENTRE ONIBUS E AUTO,1,,,,,1,,,,0,,Longo da via,Bom,Não existe,Perfeito estado,Seca,Perfeito estado,Não existe,Outras,,Única,Faixa contínua,Faixa seccionada,
2019-06-01,10:05:00,COM VÍTIMA,FINALIZADA,VÁRZEA,AV AFONSO OLINDENSE,1524,,EM FRENTE AO RESTAURANTE PICUÍ,AV AFONSO OLINDENSE,1524,EM FRENTE AO RESTAURANTE PICUÍ,VÁRZEA,,SUBURBIO,ABALROAMENTO LONGITUDINAL,PRISMA X HONDA TITAN 150,1,1,,,,,,,,1,,Longo da via,Bom,Não existe,Perfeito estado,Seca,Perfeito estado,Outros,Não há placas,30 km/h,Dupla,Faixa contínua,,
2019-06-01,10:12:00,SEM VÍTIMA,FINALIZADA,VÁRZEA,,81,,EDF ANDORRA,,81,EDF ANDORRA,VÁRZEA,,,ABALROAMENTO LONGITUDINAL,ONIBUS E AUTO,1,,,,,1,,,,0,,Longo da via,Bom,Sem defeito,Não existente,Seca,Perfeito estado,Não existe,Não há placas,,Única,Não existe,,
2019-06-01,10:26:00,SEM VÍTIMA,CANCELADA,HIPÓDROMO,RUA JOAO PEREIRA DE MELO,227,,RESIDENCIA,RUA JOAO PEREIRA DE MELO,227,RESIDENCIA,HIPÓDROMO,,,COLISÃO,COLISÃO SEM VITIMAS,2,,,,,,,,,0,,,,,,,,,,,,,,
2019-06-01,12:04:00,SEM VÍTIMA,FINALIZADA,BOA VIAGEM,AV CONSELHEIRO AGUIAR,,RUA PADRE CARAPUCEIRO,,AV CONSELHEIRO AGUIAR,,,BOA VIAGEM,115,SUBURBIO,ABALROAMENTO TRANSVERSAL,COLISÃO SEM VITIMA,1,,,,,1,,,,0,,Cruzamento,Bom,Sem defeito,Perfeito estado,Seca,Perfeito estado,Faixa de pedestre,Não há placas,,Única,Não existe,,
2019-06-01,12:15:00,COM VÍTIMA,FINALIZADA,IMBIRIBEIRA,RUA ITACARI,340,RUA CACHOEIRA,,RUA ITACARI,340,,IMBIRIBEIRA,,SUBURBIO,ABALROAMENTO TRANSVERSAL,COLISÃO COM VITIMA,1,1,,,,,,,,1,,Cruzamento,Bom,Não existe,Incompleta,Seca,Perfeito estado,Não existe,Não há placas,,Única,Faixa seccionada,,
2019-06-01,14:06:00,SEM VÍTIMA,FINALIZADA,CASA AMARELA,RUA EVARISTO DA VEIGA,,,EM FRENTE A Nº 76,RUA EVARISTO DA VEIGA,,EM FRENTE A Nº 76,CASA AMARELA,,SUBURBIO,ABALROAMENTO LONGITUDINAL,COLISÃO SEM VITIMA,2,,,,,,,,,0,,Longo da via,Bom,Não existe,Não existente,Seca,Perfeito estado,,Não há placas,,Única,,,
2019-06-01,14:35:00,COM VÍTIMA,FINALIZADA,APIPUCOS,RUA DOIS IRMAOS,371,,PRÓXIMO A ROSE BELTRÃO RECEPÇÕES,RUA DOIS IRMAOS,371,PRÓXIMO A ROSE BELTRÃO RECEPÇÕES,APIPUCOS,535,CIDADE,COLISÃO TRASEIRA,COLISAO ENTRE MOTO E AUTOS COM UMA VITIMA,1,1,,,,,,,,1,,Longo da via,Bom,Sem defeito,Perfeito estado,Seca,Perfeito estado,Faixa de pedestre,R-6a,,Dupla,Faixa contínua,,
2019-06-01,15:11:00,SEM VÍTIMA,FINALIZADA,IBURA,RUA DR PEDRO MOSCOSO,279,,PROX A ESCOLA LAGOA ENCANTADA,RUA DR PEDRO MOSCOSO,279,PROX A ESCOLA LAGOA ENCANTADA,IBURA,,,ABALROAMENTO LONGITUDINAL,COLISAO ENTRE DOIS AUTOS S/V,2,,,,,,,,,0,,Longo da via,Bom,Não existe,Não existente,Seca,Mal conservada,Não existe,Não há placas,,,Não existe,,
2019-06-01,15:20:00,COM VÍTIMA,CANCELADA,PASSARINHO,RUA CORREGO DA BICA,,,PROX. AO TERMINAL DE NOVA DESCOBERTA,RUA CORREGO DA BICA,,PROX. AO TERMINAL DE NOVA DESCOBERTA,PASSARINHO,,,COLISÃO COM CICLISTA,COLISÃO COM VITIMA  O CONDUTOR DO AUTO PERDEU A DIREÇÃO ATINGINDO UM CICLISTA E OUTRO AUTO QUE ESTAVA ESTACIONADO,2,,,1,,,,,,1,,,,,,,,,,,,,,
2019-06-01,16:00:00,SEM VÍTIMA,FINALIZADA,ESPINHEIRO,RUA DO ESPINHEIRO,,RUA SANTO ELIAS,,RUA DO ESPINHEIRO,,,ESPINHEIRO,,,ABALROAMENTO TRANSVERSAL,,2,,,,,,,,,0,,Cruzamento,Bom,Não existe,Perfeito estado,Seca,Perfeito estado,Faixa de pedestre,Placas Pare,,Única,Faixa seccionada,,
2019-06-01,16:01:00,SEM VÍTIMA,FINALIZADA,NOVA DESCOBERTA,RUA NOVA DESCOBERTA,1745,,,RUA NOVA DESCOBERTA,1745,,NOVA DESCOBERTA,,CIDADE,ABALROAMENTO LONGITUDINAL,COLISÃO SEM VÍTIMA,1,,,,,1,,,,0,,Longo da via,Bom,Não existe,Perfeito estado,Seca,Perfeito estado,Não existe,R-19,30 km/h,Dupla,Faixa seccionada,,
2019-06-01,17:08:00,COM VÍTIMA,CANCELADA,JARDIM SÃO PAULO,AV RECIFE,,,ARTE PEDRAS,AV RECIFE,,ARTE PEDRAS,JARDIM SÃO PAULO,,,COLISÃO,POSSÍVEL ATROPELAMENTO,,,,,,,,,,1,,,,,,,,,,,,,,
2019-06-01,19:09:00,SEM VÍTIMA,CANCELADA,GRAÇAS,AV RUI BARBOSA,815,,BAR MISTER HOPE/ COLEGIO AGNES,AV RUI BARBOSA,815,BAR MISTER HOPE/ COLEGIO AGNES,GRAÇAS,,,COLISÃO,COLISÃO SEM VITIMA,2,,,,,,,,,0,,,,,,,,,,,,,,
2019-06-01,19:27:00,SEM VÍTIMA,FINALIZADA,DERBY,AV GOVERNADOR AGAMENON MAGALHAES,,,EM FRENTE AO MEMORIAL SÃO JOSÉ,AV GOVERNADOR AGAMENON MAGALHAES,,EM FRENTE AO MEMORIAL SÃO JOSÉ,DERBY,,,ABALROAMENTO LONGITUDINAL,COLISÃO SEM VITIMA,1,,,,,1,,,,0,,Longo da via,Bom,Sem defeito,Perfeito estado,Seca,Perfeito estado,Faixa de pedestre,,,Dupla,Canal,,
2019-06-01,20:26:00,SEM VÍTIMA,FINALIZADA,ENCRUZILHADA,AV BEBERIBE,,RUA PEDRO ALVES,,AV BEBERIBE,,,ENCRUZILHADA,,SUBURBIO,ABALROAMENTO LONGITUDINAL,TOYOTA X FORD K,2,,,,,,,,,0,,Cruzamento,Bom,Sem defeito,Perfeito estado,Seca,Perfeito estado,Faixa de retenção,Outras,40 km/h,Dupla,Faixa contínua,,
2019-06-01,21:32:00,SEM VÍTIMA,CANCELADA,ESPINHEIRO,AV GOVERNADOR AGAMENON MAGALHAES,1800,,ENF A PROCURADORIA REPUBLICA // SENTIDO BOA VIAGEM VIA PRINCIPAL,AV GOVERNADOR AGAMENON MAGALHAES,1800,ENF A PROCURADORIA REPUBLICA // SENTIDO BOA VIAGEM VIA PRINCIPAL,ESPINHEIRO,,,COLISÃO,HB 20 X GOL,2,,,,,,,,,0,,,,,,,,,,,,,,
2019-06-01,21:51:00,SEM VÍTIMA,FINALIZADA,TORRE,RUA AMELIA,,AV BEIRA RIO,PONTE DA TORRE,RUA AMELIA,,PONTE DA TORRE,TORRE,630,SUBURBIO,CHOQUE VEÍCULO PARADO,ONIBUS CAXANGA X SANDERO X HB 20,2,,,,,1,,,,0,,Longo da via,Bom,Sem defeito,Perfeito estado,Seca,Perfeito estado,Faixa de pedestre,Não há placas,,Dupla,Faixa contínua,Faixa seccionada,Canteiro central
2019-06-02,02:48:00,SEM VÍTIMA,CANCELADA,AFOGADOS,RUA SAO MIGUEL,,,EM FRENTE AO ARMAZEM CORAL,RUA SAO MIGUEL,,EM FRENTE AO ARMAZEM CORAL,AFOGADOS,,,COLISÃO,COLISÃO ENTRE DOIS AUTOS S/V,2,,,,,,,,,0,,,,,,,,,,,,,,
2019-06-02,02:57:00,SEM VÍTIMA,FINALIZADA,ÁGUA FRIA,RUA BOMBA DO HEMETERIO,248,,,RUA BOMBA DO HEMETERIO,248,,ÁGUA FRIA,,SUBURBIO,ABALROAMENTO LONGITUDINAL,COLISÃO ENTRE DOIS AUTOS S/V,2,,,,,,,,,0,,Longo da via,Bom,Não existe,Perfeito estado,Seca,Perfeito estado,,,,Dupla,,,
2019-06-02,07:33:00,SEM VÍTIMA,FINALIZADA,SÃO JOSÉ,RUA IMPERIAL,,RUA CABO EUTROPIO,,RUA IMPERIAL,,,SÃO JOSÉ,352,SUBURBIO,ABALROAMENTO TRANSVERSAL,COLISÃO SEM VITIMAS,2,,,,,,,,,0,,Cruzamento,Bom,Sem defeito,,Seca,,Faixa de pedestre,R-6a,,Única,Não existe,,
2019-06-02,07:57:00,COM VÍTIMA,CANCELADA,CAMPO GRANDE,RUA LUIZ CORREA,449,,,RUA LUIZ CORREA,449,,CAMPO GRANDE,,,COLISÃO,COLISÃO COM VITIMA,1,1,,,,,,,,1,,,,,,,,,,,,,,
2019-06-02,08:49:00,SEM VÍTIMA,FINALIZADA,PARNAMIRIM,AV DEZESSETE DE AGOSTO,,,EM FRENTE A FARMÁCIA DROGASIL,AV DEZESSETE DE AGOSTO,,EM FRENTE A FARMÁCIA DROGASIL,PARNAMIRIM,,CIDADE,ABALROAMENTO LONGITUDINAL,COLISÃO SEM VITIMAS,1,,,,,1,,,,0,,Longo da via,Bom,Não existe,Perfeito estado,Seca,Perfeito estado,Não existe,Não há placas,60 km/h,Dupla,Faixa contínua,,
2019-06-02,09:14:00,COM VÍTIMA,FINALIZADA,TEJIPIÓ,AV DR JOSE RUFINO,,,EM FRENTE AO 4 BCOM,AV DR JOSE RUFINO,,EM FRENTE AO 4 BCOM,TEJIPIÓ,,SUBURBIO,ABALROAMENTO LONGITUDINAL,AUTO/MOTO COM VÍTIMA,1,1,,,,,,,,1,,Longo da via,Bom,Não existe,Perfeito estado,Seca,Perfeito estado,Não existe,Não há placas,,Dupla,Faixa contínua,,
2019-06-02,09:50:00,SEM VÍTIMA,FINALIZADA,AFLITOS,AV CONS ROSA E SILVA,,RUA JOSE CLEMENTINO,PRÓXIMO AO BOMPREÇO,AV CONS ROSA E SILVA,,PRÓXIMO AO BOMPREÇO,AFLITOS,,SUBURBIO,ABALROAMENTO TRANSVERSAL,DOIS AUTOS,2,,,,,,,,,0,,Cruzamento,Bom,Não existe,Perfeito estado,Seca,Perfeito estado,,Outras,,Única,Faixa seccionada,,
2019-06-02,09:55:00,COM VÍTIMA,FINALIZADA,BOA VIAGEM,AV BOA VIAGEM,5740,,EM FRENTE AO EDF MANOEL DE BRITO,AV BOA VIAGEM,5740,EM FRENTE AO EDF MANOEL DE BRITO,BOA VIAGEM,,SUB/CID,TOMBAMENTO,BICICLETA ELÉTRICA TRAVOU E O CICLISTA FOI ARREMEÇADO À FRENTE  VINDO A SER SOCORRIDO PELO SAMU,,,,1,,,,,,1,,Longo da via,Bom,Sem defeito,Perfeito estado,Seca,Perfeito estado,Faixa de pedestre,Não há placas,60 km/h,Única,Não existe,,
2019-06-02,12:26:00,SEM VÍTIMA,FINALIZADA,GRAÇAS,AV GOVERNADOR AGAMENON MAGALHAES,,,LADO OPOSTO AO COLÉGIO AMERICANO BATISTA,AV GOVERNADOR AGAMENON MAGALHAES,,LADO OPOSTO AO COLÉGIO AMERICANO BATISTA,GRAÇAS,37,,COLISÃO TRASEIRA,COLISÃO SEM VITIMA,3,,,,,,,,,0,,Longo da via,Bom,Sem defeito,Perfeito estado,Seca,Perfeito estado,Faixa de pedestre,Outras,60 km/h,Única,Faixa seccionada,Canteiro central,
2019-06-02,14:38:00,SEM VÍTIMA,FINALIZADA,CASA FORTE,AV DEZESSETE DE AGOSTO,1417,,SOB O SEMÁFORO 372,AV DEZESSETE DE AGOSTO,1417,SOB O SEMÁFORO 372,CASA FORTE,372,SUBURBIO,ABALROAMENTO LONGITUDINAL,COLISÃO SEM VÍTIMA,2,,,,,,,,,0,,Longo da via,Bom,Sem defeito,Perfeito estado,Seca,Perfeito estado,Faixa de pedestre,R-6a,,Dupla,Não existe,,
2019-06-02,15:02:00,COM VÍTIMA,FINALIZADA,ENCRUZILHADA,AV NORTE,1858,AV JOAO DE BARROS,CRUZAMENTO DAS VIAS,AV NORTE,1858,CRUZAMENTO DAS VIAS,ENCRUZILHADA,,,ABALROAMENTO TRANSVERSAL,COLISÃO COM VITIMA,2,,,,,,,,,1,,Cruzamento,Bom,Sem defeito,Perfeito estado,Seca,,Faixa de pedestre,Outras,,Dupla,Faixa contínua,Canteiro central,
2019-06-02,18:35:00,SEM VÍTIMA,CANCELADA,CASA AMARELA,AV NORTE,,,AO LADO DA HONDA  SENTIDO INTEGRAÇÃO DA MACAXEIRA,AV NORTE,,AO LADO DA HONDA  SENTIDO INTEGRAÇÃO DA MACAXEIRA,CASA AMARELA,,,COLISÃO,COLISÃO SEM VITIMAS,2,,,,,,,,,0,,,,,,,,,,,,,,
2019-06-02,18:49:00,COM VÍTIMA,FINALIZADA,ROSARINHO,RUA TREZE DE JUNHO,,,EM FRENTE AO IMÓVEL 589,RUA TREZE DE JUNHO,,EM FRENTE AO IMÓVEL 589,ROSARINHO,,CID/SUB,CHOQUE OBJETO FIXO,ONIBUS X ARVORE OBS: ARVORE CAIU SOBRE O ONIBUS E UM PEDESTRE,,,,,,1,,,,1,,Longo da via,Bom,Não existe,Perfeito estado,Seca,Mal iluminada,,R-6a,20 km/h,Única,,,
2019-06-02,19:25:00,COM VÍTIMA,FINALIZADA,IMBIRIBEIRA,RUA ARQUITETO LUIZ NUNES,,AV ENGENHEIRO ALVES DE SOUZA,EM FRENTE A JULIETTO,RUA ARQUITETO LUIZ NUNES,,EM FRENTE A JULIETTO,IMBIRIBEIRA,,,COLISÃO,COLISÃO COM VITIMA/ CONDUTOR DO AUTO EVADIU DO LOCAL,,1,,,,,,,,1,,Cruzamento,Bom,Sem defeito,Incompleta,Seca,Mal iluminada,Faixa de pedestre,Outras,,Dupla,Faixa contínua,,
2019-06-02,19:46:00,COM VÍTIMA,FINALIZADA,CAMPINA DO BARRETO,RUA IGUATU,,RUA CONEGO OLIMPIO TORRES,,RUA IGUATU,,,CAMPINA DO BARRETO,,SUBURBIO,COLISÃO COM CICLISTA,MOTO X CICLISTA,,1,,1,,,,,,1,,Longo da via,Bom,Não existe,Perfeito estado,Seca,Perfeito estado,Outros,Outras,,Dupla,Outros,,
2019-06-02,21:19:00,COM VÍTIMA,FINALIZADA,ARRUDA,AV PROFESSOR JOSE DOS ANJOS,,RUA PETRONILA BOTELHO,,AV PROFESSOR JOSE DOS ANJOS,,,ARRUDA,,SUB/CID,ABALROAMENTO LONGITUDINAL,AUTO X MOTO,1,1,,,,,,,,1,,Cruzamento,Bom,Sem defeito,Perfeito estado,Seca,Perfeito estado,Faixa de pedestre,,,Dupla,Canal,,
2019-06-02,21:58:00,SEM VÍTIMA,CANCELADA,TORRE,AV BEIRA RIO,,RUA CONDE DE IRAJA,PROX AO EDF DUAS NACOES,AV BEIRA RIO,,PROX AO EDF DUAS NACOES,TORRE,,,COLISÃO,,2,,,,,,,,,0,,,,,,,,,,,,,,
2019-06-02,23:52:00,SEM VÍTIMA,FINALIZADA,IPSEP,RUA ITACARE,,,PAGODE DO ESPAÇO ABERTO,RUA ITACARE,,PAGODE DO ESPAÇO ABERTO,IPSEP,,,CHOQUE VEÍCULO PARADO,DOIS AUTO SEM VITIMAS,2,,,,,,,,,0,,Longo da via,Bom,Não existe,Incompleta,Seca,Perfeito estado,,Não há placas,30 km/h,Dupla,Não existe,,
2019-06-03,06:56:00,SEM VÍTIMA,FINALIZADA,ENCRUZILHADA,AV BEBERIBE,,,,AV BEBERIBE,,,ENCRUZILHADA,,CIDADE,COLISÃO TRASEIRA,SEM VITIMAS,2,,,,,,,,,0,,Longo da via,Bom,Sem defeito,Perfeito estado,Seca,Perfeito estado,,,60 km/h,,,,
2019-06-03,07:29:00,SEM VÍTIMA,FINALIZADA,SÃO JOSÉ,C SANTA RITA,595,,EM FRENTE AS TORRES GEMEAS,C SANTA RITA,595,EM FRENTE AS TORRES GEMEAS,SÃO JOSÉ,,CIDADE,COLISÃO TRASEIRA,TRES AUTOS,3,,,,,,,,,0,,Longo da via,Bom,Não existe,Perfeito estado,Seca,,Não existe,Não há placas,60 km/h,Única,Faixa seccionada,,
2019-06-03,07:44:00,SEM VÍTIMA,CANCELADA,IMBIRIBEIRA,RUA JAMAICA,,,AO LADO DO MARTELINHO DE OURO,RUA JAMAICA,,AO LADO DO MARTELINHO DE OURO,IMBIRIBEIRA,,,COLISÃO,DOIS AUTOS,2,,,,,,,,,0,,,,,,,,,,,,,,
2019-06-03,07:55:00,SEM VÍTIMA,FINALIZADA,TORRE,RUA JOSE BONIFACIO,,RUA PADRE ANCHIETA,,RUA JOSE BONIFACIO,,,TORRE,193,SUBURBIO,ABALROAMENTO TRANSVERSAL,COLISÃO SEM VITIMAS,1,,,,,1,,,,0,,Cruzamento,Bom,Sem defeito,Perfeito estado,Seca,Perfeito estado,Não existe,Não há placas,,Única,Faixa seccionada,,
2019-06-03,08:48:00,SEM VÍTIMA,CANCELADA,ESTÂNCIA,AV RECIFE,204,,EM FRENTE A OFICINA BARATÃO,AV RECIFE,204,EM FRENTE A OFICINA BARATÃO,ESTÂNCIA,,BR101,COLISÃO,SEM VITIMAS,1,,,,,,1,,,0,,,,,,,,,,,,,,
2019-06-03,09:31:00,SEM VÍTIMA,CANCELADA,AFOGADOS,AV SUL,,,100 APOS POLICLINICA AGAMENON MAGALHÃES,AV SUL,,100 APOS POLICLINICA AGAMENON MAGALHÃES,AFOGADOS,,,COLISÃO,SEM VITIMAS,2,,,,,,,,,0,,,,,,,,,,,,,,
2019-06-03,10:13:00,SEM VÍTIMA,FINALIZADA,DERBY,RUA DR SEVERINO PINHEIRO,,,SOBRE A PONTE DO DERBY ( PONTE ESTÁCIO COIMBRA),RUA DR SEVERINO PINHEIRO,,SOBRE A PONTE DO DERBY ( PONTE ESTÁCIO COIMBRA),DERBY,,CIDADE,COLISÃO TRASEIRA,DOIS AUTOS,2,,,,,,,,,0,,Longo da via,Bom,Não existe,Perfeito estado,Seca,Perfeito estado,Não existe,Não há placas,,Dupla,Faixa contínua,,
2019-06-03,12:10:00,SEM VÍTIMA,FINALIZADA,PRADO,RUA GOMES TABORDA,1172,,,RUA GOMES TABORDA,1172,,PRADO,,SUBURBIO,ABALROAMENTO LONGITUDINAL,DOIS AUTO SEM VITIMAS,2,,,,,,,,,0,,Longo da via,Bom,Não existe,Perfeito estado,Seca,,Não existe,Outras,,Única,Faixa seccionada,,
2019-06-03,12:41:00,SEM VÍTIMA,FINALIZADA,ENCRUZILHADA,AV BEBERIBE,189,,EM FRENTE A DROGARIA PRIME,AV BEBERIBE,189,EM FRENTE A DROGARIA PRIME,ENCRUZILHADA,,SUBURBIO,COLISÃO TRASEIRA,COLISÃO SEM VÍTIMA,2,,,,,,,,,0,,Longo da via,Bom,Sem defeito,Perfeito estado,Seca,Perfeito estado,Faixa de pedestre,R-6a,40 km/h,Dupla,Faixa contínua,,
2019-06-03,13:47:00,SEM VÍTIMA,FINALIZADA,CABANGA,AV SUL,,,EM FRENTE AO SEMÁFORO Nº 260,AV SUL,,EM FRENTE AO SEMÁFORO Nº 260,CABANGA,,,COLISÃO TRASEIRA,DOIS AUTO SEM VITIMAS,2,,,,,,,,,0,,Longo da via,Bom,Sem defeito,Perfeito estado,Seca,Perfeito estado,Não existe,Não há placas,,Dupla,Faixa seccionada,,
2019-06-03,14:17:00,SEM VÍTIMA,FINALIZADA,ESPINHEIRO,AV GOVERNADOR AGAMENON MAGALHAES,,,E/F AO POSTO SHELL,AV GOVERNADOR AGAMENON MAGALHAES,,E/F AO POSTO SHELL,ESPINHEIRO,78,CIDADE,ABALROAMENTO TRANSVERSAL,COLISAO ENTRE DOIS AUTOS S/V,2,,,,,,,,,0,,Longo da via,Bom,Sem defeito,Perfeito estado,Seca,Perfeito estado,Não existe,Não há placas,60 km/h,Única,Faixa contínua,,
2019-06-03,14:37:00,COM VÍTIMA,FINALIZADA,BOA VISTA,AV CONDE DA BOA VISTA,,RUA GONCALVES MAIA,POSTO DE COMBUSTÍVEL SHELL,AV CONDE DA BOA VISTA,,POSTO DE COMBUSTÍVEL SHELL,BOA VISTA,299,CIDADE,ABALROAMENTO TRANSVERSAL,AUTO PASSEIO E MOTOCICLETA COM UMA VÍTIMA,1,1,,,,,,,,1,,Longo da via,Bom,Sem defeito,Perfeito estado,Seca,Perfeito estado,Não existe,Outras,60 km/h,Dupla,Faixa contínua,,
2019-06-03,14:53:00,SEM VÍTIMA,FINALIZADA,IMBIRIBEIRA,AV MARECHAL MASCARENHAS DE MORAES,2555,,,AV MARECHAL MASCARENHAS DE MORAES,2555,,IMBIRIBEIRA,,SUBURBIO,ABALROAMENTO LONGITUDINAL,DOIS AUTOS,2,,,,,,,,,0,,Longo da via,Bom,Sem defeito,Perfeito estado,Seca,Perfeito estado,Faixa de pedestre,Não há placas,,Dupla,Canteiro central,,
2019-06-03,15:40:00,SEM VÍTIMA,FINALIZADA,ESPINHEIRO,AV CONS ROSA E SILVA,295,RUA DA HORA,ALBERICO NOIVAS,AV CONS ROSA E SILVA,295,ALBERICO NOIVAS,ESPINHEIRO,,SUBURBIO,ABALROAMENTO LONGITUDINAL,DOIS AUTO SEM VITIMAS,2,,,,,,,,,0,,,Bom,Não existe,Perfeito estado,Seca,Perfeito estado,Não existe,R-6a,,Única,Faixa seccionada,,
2019-06-03,15:42:00,SEM VÍTIMA,FINALIZADA,CAJUEIRO,AV SEBASTIAO SALAZAR,,AV BEBERIBE,LADO OPOSTO À GALERIA CAJUEIRO,AV SEBASTIAO SALAZAR,,LADO OPOSTO À GALERIA CAJUEIRO,CAJUEIRO,,SUBURBIO,ABALROAMENTO LONGITUDINAL,COLISAO ENTRE DOIS AUTOS S/V,2,,,,,,,,,0,,Cruzamento,Bom,Não existe,Perfeito estado,Seca,Perfeito estado,Faixa de pedestre,Não há placas,,Dupla,Faixa contínua,Faixa seccionada,Blocos
2019-06-03,15:53:00,SEM VÍTIMA,FINALIZADA,BOA VIAGEM,AV REPUBLICA DO LIBANO,,,EM FRENTE AO EMPRESARIAL RIOMAR,AV REPUBLICA DO LIBANO,,EM FRENTE AO EMPRESARIAL RIOMAR,BOA VIAGEM,,SUBURBIO,COLISÃO TRASEIRA,COLISAO ENTRE DOIS AUTOS S/V,2,,,,,,,,,0,,Longo da via,Bom,Não existe,Perfeito estado,Seca,Perfeito estado,Não existe,Não há placas,,Única,Faixa seccionada,,
2019-06-03,16:11:00,SEM VÍTIMA,FINALIZADA,CIDADE UNIVERSITÁRIA,AV PROFESSOR LUIZ FREIRE,,,LADO OPSOTO AO COMANDO DA 7º REGIÃO MILITAR,AV PROFESSOR LUIZ FREIRE,,LADO OPSOTO AO COMANDO DA 7º REGIÃO MILITAR,CIDADE UNIVERSITÁRIA,,SUBURBIO,ABALROAMENTO LONGITUDINAL,COLISAO ENTRE DOIS AUTOS S/V,2,,,,,,,,,0,,Longo da via,Bom,Não existe,Incompleta,Seca,,Não existe,Não há placas,,Dupla,Faixa seccionada,,
2019-06-03,16:13:00,COM VÍTIMA,FINALIZADA,VASCO DA GAMA,RUA VASCO DA GAMA,,,,RUA VASCO DA GAMA,,,VASCO DA GAMA,,SUBURBIO,COLISÃO FRONTAL,AUTO E MOTO COM VITIMAS,1,1,,,,,,,,1,,Longo da via,Bom,Não existe,Perfeito estado,Seca,Perfeito estado,Não existe,R-6a,30 km/h,,Não existe,,
2019-06-03,16:38:00,SEM VÍTIMA,CANCELADA,SANTO AMARO,AV JOAO DE BARROS,,,E/F AO POSTO DE GASOLINA PETROBRAS,AV JOAO DE BARROS,,E/F AO POSTO DE GASOLINA PETROBRAS,SANTO AMARO,,SUBURBIO,COLISÃO,ONIBUS E AUTO SEM VITIMAS,1,,,,,1,,,,0,,,,,,,,,,,,,,
2019-06-03,16:41:00,SEM VÍTIMA,FINALIZADA,BOA VIAGEM,RUA ERNESTO DE PAULA SANTOS,,RUA AMALIA BERNARDINO DE SOUZA,EM FRENTE AO POSTO DE COMBUSTÍVEL BR,RUA ERNESTO DE PAULA SANTOS,,EM FRENTE AO POSTO DE COMBUSTÍVEL BR,BOA VIAGEM,,,ABALROAMENTO TRANSVERSAL,DOIS AUTO SEM VITIMAS,2,,,,,,,,,0,,Cruzamento,Bom,Não existe,Não existente,Seca,Perfeito estado,Não existe,Não há placas,,Única,Faixa seccionada,,