data,hora,natureza_acidente,situacao,bairro,endereco,numero,detalhe_endereco_acidente,complemento,endereco_cruzamento,numero_cruzamento,referencia_cruzamento,bairro_cruzamento,num_semaforo,sentido_via,tipo,descricao,auto,moto,ciclom,ciclista,pedestre,onibus,caminhao,viatura,outros,vitimas,vitimasfatais,acidente_verificado,tempo_clima,situacao_semaforo,sinalizacao,condicao_via,conservacao_via,ponto_controle,situacao_placa,velocidade_max_via,mao_direcao,divisao_via1,divisao_via2,divisao_via3
2019-06-03,16:55:00,SEM VÍTIMA,FINALIZADA,BONGI,RUA ISAAC MARKMAN,,AV MANOEL GONCALVES DA LUZ,,RUA ISAAC MARKMAN,,,BONGI,,,ABALROAMENTO LONGITUDINAL,COLISÃO SEM VÍTIMA,1,,,,,1,,,,0,,Cruzamento,Bom,Não existe,Perfeito estado,Seca,Perfeito estado,Outros,Outras,60 km/h,Dupla,Faixa contínua,Faixa seccionada,
2019-06-03,18:35:00,SEM VÍTIMA,FINALIZADA,SAN MARTIN,RUA VINTE E UM DE ABRIL,,,EM FRENTE A EMPREL,RUA VINTE E UM DE ABRIL,,EM FRENTE A EMPREL,SAN MARTIN,,SUBURBIO,COLISÃO TRASEIRA,ENTRE ÕNIBUS E KOMBI. S/V,1,,,,,1,,,,0,,Longo da via,Bom,Não existe,Perfeito estado,Seca,Perfeito estado,Não existe,Não há placas,,Dupla,Não existe,,
2019-06-03,18:47:00,SEM VÍTIMA,FINALIZADA,SÃO JOSÉ,RUA FLORIANO PEIXOTO,699,RUA DO PEIXOTO,PROX A ANDERSON MOTO PEÇAS,RUA FLORIANO PEIXOTO,699,PROX A ANDERSON MOTO PEÇAS,SÃO JOSÉ,,SUBURBIO,ABALROAMENTO LONGITUDINAL,ONIBUS X HB 20,1,,,,,1,,,,0,,,,Não existe,Perfeito estado,Seca,Mal conservada,Não existe,Outras,,Única,Faixa seccionada,,
2019-06-03,19:07:00,SEM VÍTIMA,FINALIZADA,BOA VISTA,TRV CORREIA NETO,,RUA DA AURORA,AO LADO DA ASSEMBLEIA LEGISLATIVA DE PERNAMBUCO,TRV CORREIA NETO,,AO LADO DA ASSEMBLEIA LEGISLATIVA DE PERNAMBUCO,BOA VISTA,,SUBURBIO,CHOQUE VEÍCULO PARADO,CAMINHAO BAU X AUTO,1,,,,,,1,,,0,,Longo da via,Bom,Não existe,Perfeito estado,Seca,,Não existe,Outras,,Única,Não existe,,
2019-06-03,19:24:00,COM VÍTIMA,FINALIZADA,SANTO AMARO,AV CRUZ CABUGA,,RUA VINTE E QUATRO DE AGOSTO,,AV CRUZ CABUGA,,,SANTO AMARO,,SUBURBIO,ABALROAMENTO TRANSVERSAL,MOTO E COLETIVO,,1,,,,1,,,,1,,Cruzamento,Bom,Não existe,Incompleta,Seca,Perfeito estado,Não existe,Outras,,Dupla,Faixa contínua,,
2019-06-03,19:44:00,SEM VÍTIMA,FINALIZADA,NOVA DESCOBERTA,RUA NOVA DESCOBERTA,4338,,,RUA NOVA DESCOBERTA,4338,,NOVA DESCOBERTA,,SUBURBIO,ABALROAMENTO TRANSVERSAL,ENTRE ÕNIBUS E AUTO. S/V,1,,,,,1,,,,0,,Longo da via,Bom,Não existe,Incompleta,Seca,Perfeito estado,Não existe,Não há placas,,Dupla,Faixa seccionada,,
2019-06-03,20:28:00,SEM VÍTIMA,FINALIZADA,PINA,AV ANTONIO DE GOES,,,TÚNEL JOUSÉ DE CASTRO,AV ANTONIO DE GOES,,TÚNEL JOUSÉ DE CASTRO,PINA,,CIDADE,ABALROAMENTO LONGITUDINAL,ENTRE 2 AUTOS. S/V,2,,,,,,,,,0,,Cruzamento,Bom,Sem defeito,Perfeito estado,Seca,Perfeito estado,,,,,,,
2019-06-03,21:21:00,SEM VÍTIMA,CANCELADA,CASA AMARELA,AV NORTE,,,E/F A PRC DO TRABALHO  SNT CENTRO,AV NORTE,,E/F A PRC DO TRABALHO  SNT CENTRO,CASA AMARELA,,,COLISÃO,ENTRE 2 AUTOS. S/V,2,,,,,,,,,0,,,,,,,,,,,,,,
2019-06-04,03:11:00,COM VÍTIMA,FINALIZADA,CORDEIRO,AV CAXANGA,,,POSTE Nº B 058761 / EM FRENTE AO CENTRO PASTORAL PE OSCAR MARTINS,AV CAXANGA,,POSTE Nº B 058761 / EM FRENTE AO CENTRO PASTORAL PE OSCAR MARTINS,CORDEIRO,,CIDADE,CHOQUE OBJETO FIXO,CONDUTOR PERDEU O CONTROLE DO VEÍCULO E CHOCOU-SE CONTRA O POSTE,1,,,,,,,,,1,,Longo da via,Chuvoso,Não existe,Perfeito estado,Molhada,Perfeito estado,Não existe,Outras,60 km/h,Dupla,Canteiro central,,
2019-06-04,05:38:00,SEM VÍTIMA,FINALIZADA,ILHA DO LEITE,PRC MIGUEL DE CERVANTES,,RUA ANTONIO GOMES DE FREITAS,AO LADO DO N 60,PRC MIGUEL DE CERVANTES,,AO LADO DO N 60,ILHA DO LEITE,,CIDADE,ABALROAMENTO TRANSVERSAL,COLISÃO ENTRE ÔNIBUS E AUTO S/V,1,,,,,1,,,,0,,Cruzamento,Bom,Não existe,Perfeito estado,Seca,Perfeito estado,Não existe,Placas Pare,,Única,,,
2019-06-04,06:14:00,SEM VÍTIMA,FINALIZADA,TORRÕES,AV ENGENHEIRO ABDIAS DE CARVALHO,,,,AV ENGENHEIRO ABDIAS DE CARVALHO,,,TORRÕES,272,CIDADE,COLISÃO TRASEIRA,SEM VITIMAS,1,,,,,,1,,,0,,Longo da via,Bom,Sem defeito,Perfeito estado,Seca,Perfeito estado,Faixa de pedestre,Não há placas,,Dupla,Faixa seccionada,Canteiro central,
2019-06-04,06:56:00,SEM VÍTIMA,FINALIZADA,IMBIRIBEIRA,AV MARECHAL MASCARENHAS DE MORAES,2967,RUA JOSE DA SILVA LUCENA,,AV MARECHAL MASCARENHAS DE MORAES,2967,,IMBIRIBEIRA,,CIDADE,COLISÃO TRASEIRA,,2,,,,,,,,,0,,,Bom,Não existe,Perfeito estado,Seca,Perfeito estado,Não existe,Não há placas,60 km/h,Dupla,Faixa seccionada,Canteiro central,
2019-06-04,07:02:00,SEM VÍTIMA,CANCELADA,GRAÇAS,AV RUI BARBOSA,,PRC DO ENTRONCAMENTO,EM FRENTE AS PRAÇA DO ENTRONCAMENTO E AO BANCO ITAÚ,AV RUI BARBOSA,,EM FRENTE AS PRAÇA DO ENTRONCAMENTO E AO BANCO ITAÚ,GRAÇAS,,,COLISÃO,SEM  VITIMAS,1,,,,,1,,,,0,,,,,,,,,,,,,,
2019-06-04,07:28:00,SEM VÍTIMA,FINALIZADA,DERBY,AV GOVERNADOR AGAMENON MAGALHAES,,,APÓS O SEMÁFORO 75,AV GOVERNADOR AGAMENON MAGALHAES,,APÓS O SEMÁFORO 75,DERBY,75,SUBURBIO,COLISÃO TRASEIRA,SEM VITIMAS,3,,,,,,,,,0,,Longo da via,Chuvoso,Sem defeito,Perfeito estado,Molhada,Perfeito estado,Outros,Outras,,Dupla,Canteiro central,,
2019-06-04,07:37:00,COM VÍTIMA,FINALIZADA,BOA VIAGEM,AV ARMINDO MOURA,500,,GAP GRUPO DE APOIO DO RECIFE,AV ARMINDO MOURA,500,GAP GRUPO DE APOIO DO RECIFE,BOA VIAGEM,,,ABALROAMENTO TRANSVERSAL,COLISÃO C/VITIMA ENTRE UMA MOTO E UM AUTO,1,1,,,,,,,,1,,Longo da via,Bom,Não existe,Perfeito estado,Molhada,Perfeito estado,Não existe,Não há placas,40 km/h,Dupla,Faixa seccionada,,
2019-06-04,08:14:00,SEM VÍTIMA,FINALIZADA,AFOGADOS,RUA MOTOCOLOMBO,,RUA FRANCISCO SILVEIRA,,RUA MOTOCOLOMBO,,,AFOGADOS,,SUBURBIO,ABALROAMENTO LONGITUDINAL,SEM VITIMAS,2,,,,,,,,,0,,Longo da via,Bom,Não existe,Perfeito estado,Seca,Perfeito estado,Não existe,Não há placas,,,,,
2019-06-04,08:21:00,SEM VÍTIMA,FINALIZADA,TAMARINEIRA,RUA TELES JUNIOR,155 B,RUA GENERAL ARTUR OSCAR,,RUA TELES JUNIOR,155 B,,TAMARINEIRA,,SUBURBIO,ABALROAMENTO LONGITUDINAL,DOIS AUTOS,2,,,,,,,,,0,,Longo da via,Bom,Não existe,Perfeito estado,Seca,Perfeito estado,Faixa de pedestre,Placas Pare,,Dupla,Não existe,,
2019-06-04,09:15:00,SEM VÍTIMA,FINALIZADA,MADALENA,EST DOS REMEDIOS,2464,,EM FRENTE A POLICLÍNICA LESSA DE ANDRADE,EST DOS REMEDIOS,2464,EM FRENTE A POLICLÍNICA LESSA DE ANDRADE,MADALENA,,CIDADE,ABALROAMENTO LONGITUDINAL,COLISÃO S/VITIMAS ENTRE DOIS AUTOS,2,,,,,,,,,0,,Longo da via,Chuvoso,Sem defeito,Perfeito estado,Seca,Perfeito estado,Não existe,Não há placas,,Única,Faixa contínua,,
2019-06-04,09:21:00,COM VÍTIMA,FINALIZADA,IBURA,LAD DA COHAB,,,PROX. A PICLINA ARNALDO MARQUES,LAD DA COHAB,,PROX. A PICLINA ARNALDO MARQUES,IBURA,,SUBURBIO,COLISÃO COM CICLISTA,AUTO E CICLISTA (PONTO FIXO),1,,,1,,,,,,1,,Longo da via,Bom,Não existe,Perfeito estado,Seca,Mal conservada,Agente,Não há placas,,Dupla,Faixa contínua,,
2019-06-04,09:33:00,SEM VÍTIMA,FINALIZADA,ESPINHEIRO,AV JOAO DE BARROS,,RUA DO ESPINHEIRO,,AV JOAO DE BARROS,,,ESPINHEIRO,89,SUBURBIO,ABALROAMENTO LONGITUDINAL,COLISÃO S/VITIMAS ENTRE DOIS AUTOS,2,,,,,,,,,0,,Cruzamento,Chuvoso,Sem defeito,Perfeito estado,Molhada,Perfeito estado,Faixa de pedestre,Outras,,Única,Faixa contínua,Faixa seccionada,
2019-06-04,09:36:00,SEM VÍTIMA,FINALIZADA,BOA VIAGEM,RUA ERNESTO DE PAULA SANTOS,,,SEMÁFORO 330,RUA ERNESTO DE PAULA SANTOS,,SEMÁFORO 330,BOA VIAGEM,330,SUBURBIO,COLISÃO TRASEIRA,SEM VITIMAS,2,,,,,,,1,,0,,Longo da via,Bom,Sem defeito,Perfeito estado,Seca,Perfeito estado,,Outras,,Única,Faixa seccionada,,
2019-06-04,10:12:00,COM VÍTIMA,FINALIZADA,BOA VISTA,AV CONDE DA BOA VISTA,1482,,EM FRENTE AO EDF SANTA TEREZINHA,AV CONDE DA BOA VISTA,1482,EM FRENTE AO EDF SANTA TEREZINHA,BOA VISTA,,,ATROPELAMENTO,MOTO E PEDESTRE BATEDORES NO LOCAL,,1,,,1,,,,,1,,Longo da via,Bom,Não existe,Perfeito estado,Seca,Perfeito estado,Faixa de pedestre,R-6c,,Dupla,Faixa contínua,,
2019-06-04,10:21:00,SEM VÍTIMA,FINALIZADA,VÁRZEA,AV AFONSO OLINDENSE,202,,,AV AFONSO OLINDENSE,202,,VÁRZEA,,SUBURBIO,ABALROAMENTO TRANSVERSAL,DOIS AUTOS,2,,,,,,,,,0,,Longo da via,Bom,Não existe,Perfeito estado,Seca,Perfeito estado,Não existe,R-6a,,Dupla,Faixa seccionada,,
2019-06-04,10:53:00,SEM VÍTIMA,FINALIZADA,IPSEP,RUA PRESIDENTE KENNEDY,30,AV RECIFE,,RUA PRESIDENTE KENNEDY,30,,IPSEP,212,SUBURBIO,ABALROAMENTO LONGITUDINAL,CAMINHAO E AUTO PASSEIO,1,,,,,,1,,,0,,,Bom,Sem defeito,Perfeito estado,Seca,Perfeito estado,Não existe,Não há placas,,Dupla,Não existe,,
2019-06-04,11:00:00,SEM VÍTIMA,CANCELADA,ESTÂNCIA,AV RECIFE,485,,AO LADO DO POSTO SHELL,AV RECIFE,485,AO LADO DO POSTO SHELL,ESTÂNCIA,,BOA VIAGEM,COLISÃO,SEM VITIMAS,,,,,,,,,,0,,,,,,,,,,,,,,
2019-06-04,11:02:00,SEM VÍTIMA,FINALIZADA,BOA VISTA,RUA PRINCESA IZABEL,,,PRÓXIMO AO SEMÁFORO 22,RUA PRINCESA IZABEL,,PRÓXIMO AO SEMÁFORO 22,BOA VISTA,22,CIDADE,ABALROAMENTO LONGITUDINAL,COLISÃO S/VITIMAS ENTRE DOIS AUTOS,2,,,,,,,,,0,,Longo da via,Bom,Sem defeito,Perfeito estado,Seca,Perfeito estado,Não existe,Outras,,Única,,,
2019-06-04,11:17:00,SEM VÍTIMA,FINALIZADA,BONGI,AV ENGENHEIRO ABDIAS DE CARVALHO,899,,SISTEMA CONTÁBIL,AV ENGENHEIRO ABDIAS DE CARVALHO,899,SISTEMA CONTÁBIL,BONGI,,CIDADE,ABALROAMENTO LONGITUDINAL,DUAS MOTOS,,2,,,,,,,,0,,Longo da via,Bom,Não existe,Perfeito estado,Seca,Perfeito estado,Outros,Outras,,Dupla,Canteiro central,,
2019-06-04,11:38:00,SEM VÍTIMA,FINALIZADA,AREIAS,RUA IPOJUCA,722,,,RUA IPOJUCA,722,,AREIAS,,,ABALROAMENTO LONGITUDINAL,COLISÃO S/VITIMAS ENTRE AUTO E ONIBUS,1,,,,,1,,,,0,,Longo da via,Bom,Não existe,Perfeito estado,Seca,Perfeito estado,Não existe,Não há placas,,Dupla,Não existe,,
2019-06-04,12:49:00,SEM VÍTIMA,FINALIZADA,TORRÕES,RUA TIJUCAS,,AV ENGENHEIRO ABDIAS DE CARVALHO,,RUA TIJUCAS,,,TORRÕES,422,,ABALROAMENTO TRANSVERSAL,AUTO E MOTO SEM VITIMAS,1,1,,,,,,,,0,,Cruzamento,Bom,Sem defeito,Perfeito estado,Seca,Perfeito estado,Faixa de retenção,Não há placas,,Dupla,Canteiro central,,
2019-06-04,12:50:00,SEM VÍTIMA,FINALIZADA,BOA VIAGEM,AV ENGENHEIRO DOMINGOS FERREIRA,,,EM FRENTE AO Nº 2600,AV ENGENHEIRO DOMINGOS FERREIRA,,EM FRENTE AO Nº 2600,BOA VIAGEM,,SUBURBIO,COLISÃO TRASEIRA,COLISAO ENTRE DOIS AUTOS S/V,2,,,,,,,,,0,,Longo da via,Bom,Sem defeito,Perfeito estado,Seca,Perfeito estado,Não existe,Não há placas,,Dupla,Faixa seccionada,,
2019-06-04,12:58:00,SEM VÍTIMA,FINALIZADA,AFOGADOS,RUA NICOLAU PEREIRA,,,EM FRENTE AO SEMÁFORO 73,RUA NICOLAU PEREIRA,,EM FRENTE AO SEMÁFORO 73,AFOGADOS,73,SUBURBIO,ABALROAMENTO LONGITUDINAL,COLISAO ENTRE DOIS AUTOS S/V,2,,,,,,,,,0,,Longo da via,Bom,Sem defeito,Perfeito estado,Seca,Perfeito estado,Faixa de pedestre,Não há placas,,Única,Faixa contínua,,
2019-06-04,13:02:00,SEM VÍTIMA,FINALIZADA,BOA VISTA,AV VISCONDE DE SUASSUNA,,,EM FRENTE A UPSEG SEGUROS  Nº 783,AV VISCONDE DE SUASSUNA,,EM FRENTE A UPSEG SEGUROS  Nº 783,BOA VISTA,,SUBURBIO,ABALROAMENTO LONGITUDINAL,COLISAO ENTRE AUTO E MOTO S/V,1,1,,,,,,,,0,,Longo da via,Bom,Não existe,Perfeito estado,Seca,Perfeito estado,Não existe,Não há placas,40 km/h,Única,Faixa contínua,,
2019-06-04,13:10:00,SEM VÍTIMA,CANCELADA,AREIAS,AV RECIFE,9456,,E/F AO POSTO BR,AV RECIFE,9456,E/F AO POSTO BR,AREIAS,,CIDADE,COLISÃO,DOIS AUTO SEM VITIMAS,2,,,,,,,,,0,,,,,,,,,,,,,,
2019-06-04,13:24:00,SEM VÍTIMA,FINALIZADA,SANTO AMARO,AV GOVERNADOR AGAMENON MAGALHAES,,,SOB O VIADUTO DA AV NORTE,AV GOVERNADOR AGAMENON MAGALHAES,,SOB O VIADUTO DA AV NORTE,SANTO AMARO,,,ABALROAMENTO LONGITUDINAL,CAMINHÃO E AUTO SEM VITIMAS,1,,,,,,1,,,0,,Longo da via,Bom,Não existe,Perfeito estado,Seca,Perfeito estado,Não existe,Não há placas,,Única,Não existe,,
2019-06-04,13:46:00,SEM VÍTIMA,FINALIZADA,TAMARINEIRA,RUA CONEGO BARATA,,,E/F A FERREIRA COSTA,RUA CONEGO BARATA,,E/F A FERREIRA COSTA,TAMARINEIRA,,CIDADE,ABALROAMENTO LONGITUDINAL,DOIS AUTO SEM VITIMAS,2,,,,,,,,,0,,Longo da via,Bom,Não existe,Perfeito estado,Seca,Perfeito estado,Não existe,Outras,,Dupla,Canteiro central,,
2019-06-04,14:13:00,SEM VÍTIMA,CANCELADA,GRAÇAS,AV RUI BARBOSA,,,E/F A AUTO PARVI E CHEVROLET,AV RUI BARBOSA,,E/F A AUTO PARVI E CHEVROLET,GRAÇAS,,,COLISÃO,ENTRE 2 AUTOS. S/V,2,,,,,,,,,0,,,,,,,,,,,,,,
2019-06-04,14:41:00,SEM VÍTIMA,FINALIZADA,PRADO,RUA GOMES TABORDA,,,LADO OPOSTO AO COLEGIO CARLOS ALBERTO G ALMEIDA,RUA GOMES TABORDA,,LADO OPOSTO AO COLEGIO CARLOS ALBERTO G ALMEIDA,PRADO,,CIDADE,ABALROAMENTO LONGITUDINAL,DOIS AUTO SEM VITIMAS,2,,,,,,,,,0,,Longo da via,Bom,Não existe,Perfeito estado,Seca,Perfeito estado,Faixa de pedestre,,,Dupla,Faixa contínua,,
2019-06-04,14:47:00,SEM VÍTIMA,FINALIZADA,ILHA DO LEITE,AV GOVERNADOR AGAMENON MAGALHAES,,,HOSPITAL PORTUGUES,AV GOVERNADOR AGAMENON MAGALHAES,,HOSPITAL PORTUGUES,ILHA DO LEITE,349,SUBURBIO,COLISÃO TRASEIRA,COLISAO ENTRE DOIS AUTOS S/V,2,,,,,,,,,0,,Longo da via,Bom,Sem defeito,Perfeito estado,Seca,Perfeito estado,Faixa de pedestre,Não há placas,60 km/h,Dupla,Canteiro central,,
2019-06-04,14:58:00,SEM VÍTIMA,CANCELADA,IPSEP,RUA JEAN EMILE FAVRE,1676,,E/F A DELTA AUTO PEÇAS,RUA JEAN EMILE FAVRE,1676,E/F A DELTA AUTO PEÇAS,IPSEP,,,COLISÃO,ENTRE 2 AUTOS. S/V,2,,,,,,,,,0,,,,,,,,,,,,,,
2019-06-04,15:22:00,SEM VÍTIMA,FINALIZADA,SÃO JOSÉ,AV DANTAS BARRETO,,,E/F AO SANTANDER,AV DANTAS BARRETO,,E/F AO SANTANDER,SÃO JOSÉ,,CIDADE,COLISÃO TRASEIRA,DOIS AUTO SEM VITIMAS,2,,,,,,,,,0,,Longo da via,Bom,Não existe,Perfeito estado,Seca,Perfeito estado,,Não há placas,,Dupla,Canteiro central,,
2019-06-04,15:35:00,SEM VÍTIMA,FINALIZADA,DERBY,AV GOVERNADOR AGAMENON MAGALHAES,,RUA DOM BOSCO,,AV GOVERNADOR AGAMENON MAGALHAES,,,DERBY,174,,ABALROAMENTO LONGITUDINAL,AUTO E ONIBUS,1,,,,,1,,,,0,,Cruzamento,Bom,Sem defeito,Perfeito estado,Seca,Perfeito estado,,,60 km/h,Dupla,Canteiro central,,
2019-06-04,15:51:00,SEM VÍTIMA,FINALIZADA,SANTO ANTÔNIO,RUA DO SOL,,,APÓS OS CORREIOS,RUA DO SOL,,APÓS OS CORREIOS,SANTO ANTÔNIO,,SUBURBIO,COLISÃO TRASEIRA,DOIS AUTO SEM VITIMAS,2,,,,,,,,,0,,Longo da via,Bom,Não existe,Perfeito estado,Seca,Perfeito estado,Não existe,Não há placas,,Única,Faixa contínua,,
2019-06-04,15:52:00,SEM VÍTIMA,FINALIZADA,CASA FORTE,EST DAS UBAIAS ,255,EST DO ENCANAMENTO,,EST DAS UBAIAS ,255,,CASA FORTE,593,SUBURBIO,COLISÃO TRASEIRA,COLISAO ENTRE DOIS AUTOS S/V,2,,,,,,,,,0,,Longo da via,Bom,Sem defeito,Perfeito estado,Seca,Perfeito estado,Faixa de pedestre,R-6a,,Dupla,Não existe,,
2019-06-04,16:18:00,SEM VÍTIMA,FINALIZADA,SÃO JOSÉ,AV SUL,260,,,AV SUL,260,,SÃO JOSÉ,,CIDADE,COLISÃO TRASEIRA,ENTRE 2 AUTOS. S/V,2,,,,,,,,,0,,Longo da via,Bom,Sem defeito,Perfeito estado,Seca,Perfeito estado,Não existe,Não há placas,,Única,Faixa seccionada,,
2019-06-04,16:40:00,COM VÍTIMA,FINALIZADA,ESPINHEIRO,AV GOVERNADOR AGAMENON MAGALHAES,2764,RUA BUENOS AYRES,PISTA PRINCIPAL,AV GOVERNADOR AGAMENON MAGALHAES,2764,PISTA PRINCIPAL,ESPINHEIRO,78,SUBURBIO,COLISÃO COM CICLISTA,COLISÃO ENTRE AUTO E BICICLETA,,1,,1,,,,,,1,,Cruzamento,Bom,Sem defeito,Perfeito estado,Seca,Perfeito estado,Faixa de pedestre,Outras,,Dupla,Canteiro central,,
2019-06-04,16:51:00,SEM VÍTIMA,FINALIZADA,ESPINHEIRO,AV JOAO DE BARROS,,,E/F AO POSTO BR,AV JOAO DE BARROS,,E/F AO POSTO BR,ESPINHEIRO,,SUBURBIO,ABALROAMENTO LONGITUDINAL,ONIBUS E AUTO PASSEIO SEM VITIMAS,1,,,,,1,,,,0,,Longo da via,Bom,Não existe,Perfeito estado,Seca,Perfeito estado,Não existe,Não há placas,,Única,Faixa seccionada,,
2019-06-04,16:57:00,COM VÍTIMA,FINALIZADA,IBURA,RUA VALE DO ITAJAI,,,EM FRENTE AO Nº 161,RUA VALE DO ITAJAI,,EM FRENTE AO Nº 161,IBURA,,SUBURBIO,ATROPELAMENTO,ONIBUS E PEDESTRE,,,,,1,1,,,,1,,Longo da via,Bom,Não existe,Perfeito estado,Seca,Perfeito estado,Não existe,Não há placas,,Dupla,Não existe,,
2019-06-04,17:08:00,SEM VÍTIMA,FINALIZADA,SÃO JOSÉ,AV SUL,1222,,,AV SUL,1222,,SÃO JOSÉ,,CIDADE,ABALROAMENTO LONGITUDINAL,ENTRE 2 AUTOS. S/V,2,,,,,,,,,0,,Longo da via,Bom,Não existe,,Seca,Perfeito estado,Não existe,Não há placas,60 km/h,Dupla,Canteiro central,,
2019-06-04,17:20:00,SEM VÍTIMA,FINALIZADA,PRADO,AV ENGENHEIRO ABDIAS DE CARVALHO,,,E/F A FACULDADE ESTACIO,AV ENGENHEIRO ABDIAS DE CARVALHO,,E/F A FACULDADE ESTACIO,PRADO,,SUBURBIO,ABALROAMENTO LONGITUDINAL,COLISAO ENTRE CAMINHAO CEGONHA E AUTO S/V,1,,,,,,1,,,0,,Longo da via,Bom,Sem defeito,Perfeito estado,Seca,Perfeito estado,Não existe,R-6a,,Dupla,Faixa seccionada,Canteiro central,
2019-06-04,17:36:00,SEM VÍTIMA,FINALIZADA,ESPINHEIRO,RUA DO ESPINHEIRO,462,RUA SANTO ELIAS,E/F AO POSTO IPIRANGA,RUA DO ESPINHEIRO,462,E/F AO POSTO IPIRANGA,ESPINHEIRO,,SUBURBIO,ABALROAMENTO LONGITUDINAL,ENTRE 2 AUTOS. S/V,2,,,,,,,,,0,,Cruzamento,Bom,Não existe,Perfeito estado,Seca,Perfeito estado,Faixa de pedestre,Outras,,Única,Faixa contínua,,
2019-06-04,17:39:00,COM VÍTIMA,FINALIZADA,ÁGUA FRIA,RUA SAO SEBASTIAO,270,,COLEGIO FUTURO,RUA SAO SEBASTIAO,270,COLEGIO FUTURO,ÁGUA FRIA,,SUBURBIO,ABALROAMENTO LONGITUDINAL,ENTRE AUTO E MOTO. C/V,1,1,,,,,,,,1,,Longo da via,Bom,,,Seca,Perfeito estado,Não existe,Não há placas,,Dupla,Faixa seccionada,,
2019-06-04,18:02:00,SEM VÍTIMA,FINALIZADA,SANTO AMARO,AV CRUZ CABUGA,481,,,AV CRUZ CABUGA,481,,SANTO AMARO,,SUBURBIO,CHOQUE OBJETO FIXO,ENTRE AUTO E PRISMA DE CONCRETO. S/V,1,,,,,,,,,0,,Longo da via,Bom,Não existe,Perfeito estado,Seca,Mal iluminada,Não existe,Não há placas,,Dupla,Blocos,,
2019-06-04,18:14:00,SEM VÍTIMA,FINALIZADA,IMBIRIBEIRA,AV MARECHAL MASCARENHAS DE MORAES,,RUA CAPITAO JOAO PONTES,SEMÁFORO 471,AV MARECHAL MASCARENHAS DE MORAES,,SEMÁFORO 471,IMBIRIBEIRA,471,CIDADE,ABALROAMENTO LONGITUDINAL,AUTO X CAMINHAO,1,,,,,,1,,,0,,Longo da via,Bom,,Perfeito estado,Seca,Perfeito estado,Faixa de pedestre,,60 km/h,Dupla,Faixa contínua,Faixa seccionada,
2019-06-04,19:59:00,SEM VÍTIMA,FINALIZADA,BARRO,AV DR JOSE RUFINO,46,,SERRALHARIA GUEDE,AV DR JOSE RUFINO,46,SERRALHARIA GUEDE,BARRO,,SUBURBIO,ABALROAMENTO LONGITUDINAL,ENTRE AUTO E ÕNIBUS. S/V,1,,,,,1,,,,0,,Cruzamento,Bom,Não existe,Incompleta,Seca,Mal iluminada,,R-6a,60 km/h,Dupla,Não existe,,
2019-06-04,20:11:00,SEM VÍTIMA,FINALIZADA,BOA VIAGEM,RUA ANTONIO FALCAO,,,EM FRENTE AO CARREFOUR,RUA ANTONIO FALCAO,,EM FRENTE AO CARREFOUR,BOA VIAGEM,,SUBURBIO,COLISÃO TRASEIRA,MOTO X FOX,1,1,,,,,,,,0,,Longo da via,Bom,Sem defeito,Perfeito estado,Seca,Perfeito estado,Outros,Outras,,Única,Faixa contínua,,
2019-06-04,20:23:00,SEM VÍTIMA,FINALIZADA,DERBY,AV GOVERNADOR AGAMENON MAGALHAES,,,,AV GOVERNADOR AGAMENON MAGALHAES,,,DERBY,174,SUBURBIO,ABALROAMENTO LONGITUDINAL,ENTRE 2 AUTOS. S/V,2,,,,,,,,,0,,Longo da via,Bom,Sem defeito,Perfeito estado,Seca,Perfeito estado,Faixa de pedestre,Outras,60 km/h,Dupla,Canal,,
2019-06-04,20:39:00,SEM VÍTIMA,FINALIZADA,LINHA DO TIRO,RUA SODRELANDIA,50,,,RUA SODRELANDIA,50,,LINHA DO TIRO,,CIDADE,ABALROAMENTO LONGITUDINAL,ENTRE AUTO E CAMINHÃO. S/V,1,,,,,,1,,,0,,Longo da via,Bom,Não existe,Não existente,Seca,Mal conservada,Não existe,Não há placas,,Dupla,Não existe,,
2019-06-04,21:37:00,COM VÍTIMA,FINALIZADA,TEJIPIÓ,AV DR JOSE RUFINO,,,E/F AO QUARTEL 4º BCOM,AV DR JOSE RUFINO,,E/F AO QUARTEL 4º BCOM,TEJIPIÓ,3220,CIDADE,CHOQUE OBJETO FIXO,CONDUTOR PERDEU O CONTROLE DO VEÍCULO E OCASIONOU UM CHOQUE ENTRE O POSTE. SOLICITAM O ATENDIMENTO DA CTTU NO LOCAL,1,,,,,,,,,1,,Longo da via,Bom,Sem defeito,Perfeito estado,Seca,Perfeito estado,Outros,Outras,,Dupla,Faixa contínua,,
2019-06-04,22:00:00,SEM VÍTIMA,FINALIZADA,PINA,AVENIDA CELSO FURTADO (VIA MANGUE),,,,AVENIDA CELSO FURTADO (VIA MANGUE),,,PINA,,SUBURBIO,ABALROAMENTO LONGITUDINAL,FOX X ONIX,2,,,,,,,,,0,,Longo da via,Bom,Não existe,Perfeito estado,Seca,Perfeito estado,Não existe,,60 km/h,Dupla,Canteiro central,,