data,hora,natureza_acidente,situacao,bairro,endereco,numero,detalhe_endereco_acidente,complemento,endereco_cruzamento,numero_cruzamento,referencia_cruzamento,bairro_cruzamento,num_semaforo,sentido_via,tipo,descricao,auto,moto,ciclom,ciclista,pedestre,onibus,caminhao,viatura,outros,vitimas,vitimasfatais,acidente_verificado,tempo_clima,situacao_semaforo,sinalizacao,condicao_via,conservacao_via,ponto_controle,situacao_placa,velocidade_max_via,mao_direcao,divisao_via1,divisao_via2,divisao_via3
2019-06-05,00:50:00,SEM VÍTIMA,FINALIZADA,MACAXEIRA,AV DA RECUPERACAO,,,CENTRO DE DISTRIBUIÇÃO DA COMPESA,AV DA RECUPERACAO,,CENTRO DE DISTRIBUIÇÃO DA COMPESA,MACAXEIRA,,CIDADE,COLISÃO TRASEIRA,COLISÃO ENTRE ÔNIBUS E AUTO  SEM VÍTIMAS.,1,,,,,1,,,,0,,Longo da via,Bom,Não existe,Não existente,Seca,Perfeito estado,Não existe,Não há placas,,Única,Não existe,,
2019-06-05,07:00:00,SEM VÍTIMA,FINALIZADA,CORDEIRO,EST DO FORTE DO ARRAIAL N. DO B. JESUS,325,RUA ALAIDE,,EST DO FORTE DO ARRAIAL N. DO B. JESUS,325,,CORDEIRO,,CIDADE,ABALROAMENTO LONGITUDINAL,SEM VITIMAS,2,,,,,,,,,0,,Cruzamento,Chuvoso,Não existe,Incompleta,Molhada,Perfeito estado,Não existe,Placas Pare,,Dupla,Não existe,,
2019-06-05,07:46:00,COM VÍTIMA,FINALIZADA,SÃO JOSÉ,CAIS DO APOLO,925,,PRÓX AO PRÉDIO DA PREFEITURA DO RECIFE,CAIS DO APOLO,925,PRÓX AO PRÉDIO DA PREFEITURA DO RECIFE,SÃO JOSÉ,436,SUBURBIO,COLISÃO TRASEIRA,COLISÃO EM SEGUIDA DE ATROPELAMENTO VITIMA A ESPERA DO SAMU,1,1,,,,1,,,,1,,Longo da via,Chuvoso,Sem defeito,Perfeito estado,Molhada,Perfeito estado,Faixa de pedestre,,,Dupla,,,
2019-06-05,08:27:00,COM VÍTIMA,FINALIZADA,MADALENA,EST DOS REMEDIOS,,,EM FRENTE AO POSTO DE COMBUSTÍVEL EXTRA,EST DOS REMEDIOS,,EM FRENTE AO POSTO DE COMBUSTÍVEL EXTRA,MADALENA,,,COLISÃO TRASEIRA,INFORMAÇÃO REPASSDA QUE A MOTOCICLETA EVADIU-SE DO LOCAL E O MESMO NÃO PEGOU O NOME DO PÉRITO,,1,,,,,,,,1,,Longo da via,Chuvoso,Sem defeito,Não existente,Molhada,,Agente,Não há placas,,Única,,,
2019-06-05,08:40:00,SEM VÍTIMA,FINALIZADA,PAISSANDU,AV GOVERNADOR AGAMENON MAGALHAES,,,EM FRENTE AO HOSPITAL PORTUGUES,AV GOVERNADOR AGAMENON MAGALHAES,,EM FRENTE AO HOSPITAL PORTUGUES,PAISSANDU,,SUBURBIO,COLISÃO TRASEIRA,COLISÃO SEM VITIMAS VT 30 QTH,1,,,,,,,,1,0,,Longo da via,Chuvoso,Não existe,Perfeito estado,Molhada,Perfeito estado,Não existe,Não há placas,,Dupla,Faixa seccionada,,
2019-06-05,09:02:00,SEM VÍTIMA,FINALIZADA,AFOGADOS,RUA COSME VIANA,,TRV PADRE TEOFILO TWORZ,,RUA COSME VIANA,,,AFOGADOS,503,SUBURBIO,ABALROAMENTO TRANSVERSAL,DOIS AUTOS,2,,,,,,,,,0,,Cruzamento,Bom,Sem defeito,Perfeito estado,Seca,Perfeito estado,Faixa de pedestre,Não há placas,,Dupla,Faixa contínua,Canteiro central,
2019-06-05,09:08:00,SEM VÍTIMA,FINALIZADA,TORRÕES,RUA QUINZE DE MARCO,,,CHESF ( PRAÇA APOLONIO SALES),RUA QUINZE DE MARCO,,CHESF ( PRAÇA APOLONIO SALES),TORRÕES,422,CIDADE,ABALROAMENTO LONGITUDINAL,SEM VITIMAS,1,,,,,,1,,,0,,Longo da via,Bom,Sem defeito,Perfeito estado,Seca,Perfeito estado,Não existe,Não há placas,,Única,Não existe,,
2019-06-05,09:15:00,SEM VÍTIMA,FINALIZADA,MUSTARDINHA,AV MANOEL GONCALVES DA LUZ,,,,AV MANOEL GONCALVES DA LUZ,,,MUSTARDINHA,,CIDADE,ABALROAMENTO LONGITUDINAL,MOTO E AUTO,1,,,,,,,,1,0,,Longo da via,Bom,Sem defeito,Perfeito estado,Seca,,Não existe,R-6a,,Dupla,Faixa seccionada,,
2019-06-05,09:21:00,SEM VÍTIMA,DUPLICIDADE,CASA FORTE,AV DEZESSETE DE AGOSTO,,RUA MARECHAL RONDON,,AV DEZESSETE DE AGOSTO,,,CASA FORTE,,,COLISÃO,,,,,,,,,,,0,,,,,,,,,,,,,,
2019-06-05,09:24:00,SEM VÍTIMA,FINALIZADA,CASA FORTE,AV DEZESSETE DE AGOSTO,1450,RUA MARECHAL RONDON,LADO OPOSTO CNA INGLÊS DEFINITIVO,AV DEZESSETE DE AGOSTO,1450,LADO OPOSTO CNA INGLÊS DEFINITIVO,CASA FORTE,,SUBURBIO,ABALROAMENTO TRANSVERSAL,COLISÃO SEM VITIMAS,2,,,,,,,,,0,,Longo da via,Bom,Não existe,Perfeito estado,Seca,Perfeito estado,Outros,R-6a,,Dupla,Faixa seccionada,,
2019-06-05,09:41:00,SEM VÍTIMA,FINALIZADA,BOA VIAGEM,AV ENGENHEIRO DOMINGOS FERREIRA,,RUA CORONEL BENEDITO CHAVES,,AV ENGENHEIRO DOMINGOS FERREIRA,,,BOA VIAGEM,128,SUBURBIO,ABALROAMENTO LONGITUDINAL,COLISÃO SEM VITIMAS,2,,,,,,,,,0,,Cruzamento,Bom,Sem defeito,Perfeito estado,Seca,Perfeito estado,Faixa de pedestre,,50 km/h,Dupla,Canteiro central,,
2019-06-05,09:54:00,SEM VÍTIMA,FINALIZADA,SAN MARTIN,AV ENGENHEIRO ABDIAS DE CARVALHO,,,APÓS O SEMÁFORO COMPAZ,AV ENGENHEIRO ABDIAS DE CARVALHO,,APÓS O SEMÁFORO COMPAZ,SAN MARTIN,58,SUBURBIO,ABALROAMENTO TRANSVERSAL,DOIS AUTOS,2,,,,,,,,,0,,Longo da via,Bom,Sem defeito,Perfeito estado,Seca,Perfeito estado,Outros,Outras,60 km/h,,Faixa seccionada,,
2019-06-05,09:57:00,SEM VÍTIMA,FINALIZADA,ESPINHEIRO,RUA DR VICENTE MEIRA,,RUA VIGARIO BARRETO,AO LADO DA GALERIA ESQUINA 28,RUA DR VICENTE MEIRA,,AO LADO DA GALERIA ESQUINA 28,ESPINHEIRO,,SUBURBIO,ABALROAMENTO LONGITUDINAL,COLISÃO SEM VITIMAS,2,,,,,,,,,0,,,Bom,Sem defeito,Perfeito estado,Seca,Perfeito estado,Faixa de pedestre,R-6a,20 km/h,Dupla,Faixa seccionada,,
2019-06-05,10:48:00,SEM VÍTIMA,FINALIZADA,IMBIRIBEIRA,AV MARECHAL MASCARENHAS DE MORAES,7935,RUA PROF AURELIO DE CASTRO CAVALCANTI,MARTELINHO DE OURO,AV MARECHAL MASCARENHAS DE MORAES,7935,MARTELINHO DE OURO,IMBIRIBEIRA,626,CIDADE,COLISÃO TRASEIRA,DOIS AUTOS,2,,,,,,,,,0,,Longo da via,Bom,Sem defeito,Perfeito estado,Seca,Perfeito estado,Faixa de pedestre,Não há placas,60 km/h,Dupla,Canteiro central,,
2019-06-05,11:27:00,SEM VÍTIMA,FINALIZADA,ILHA DO LEITE,RUA GENERAL JOAQUIM INACIO,4575,,PRÓXIMO AO BANCO SAFRA,RUA GENERAL JOAQUIM INACIO,4575,PRÓXIMO AO BANCO SAFRA,ILHA DO LEITE,,SUBURBIO,COLISÃO TRASEIRA,DOIS AUTOS,2,,,,,,,,,0,,Longo da via,Bom,Não existe,Não existente,Seca,Perfeito estado,Não existe,Não há placas,60 km/h,Única,Faixa seccionada,,
2019-06-05,11:36:00,SEM VÍTIMA,FINALIZADA,ILHA DO RETIRO,AV ENGENHEIRO ABDIAS DE CARVALHO,,RUA JOAO ELISIO RAMOS,EM FRENTE AO ESTACIONAMENTO DO SPORT,AV ENGENHEIRO ABDIAS DE CARVALHO,,EM FRENTE AO ESTACIONAMENTO DO SPORT,ILHA DO RETIRO,355,CIDADE,ABALROAMENTO LONGITUDINAL,DOIS AUTOS,2,,,,,,,,,0,,Longo da via,Bom,Sem defeito,Perfeito estado,Seca,Perfeito estado,Não existe,Não há placas,60 km/h,Única,Não existe,,
2019-06-05,11:37:00,SEM VÍTIMA,FINALIZADA,BOA VIAGEM,AVENIDA CELSO FURTADO (VIA MANGUE),,RUA ANTONIO FALCAO,,AVENIDA CELSO FURTADO (VIA MANGUE),,,BOA VIAGEM,648,,ABALROAMENTO LONGITUDINAL,COLISÃO SEM VITIMAS,1,,,,,,1,,,0,,Cruzamento,Bom,Sem defeito,Perfeito estado,Seca,Perfeito estado,,Outras,,Única,Faixa seccionada,,
2019-06-05,11:54:00,COM VÍTIMA,FINALIZADA,BARRO,AV DR JOSE RUFINO,1926,,,AV DR JOSE RUFINO,1926,,BARRO,,SUBURBIO,ABALROAMENTO LONGITUDINAL,COLISÃO COM VITIMA A ESPERA DO SAMU,1,2,,,,,,,,2,,Longo da via,Bom,Não existe,Não existente,Seca,Perfeito estado,Não existe,Não há placas,,Dupla,Faixa contínua,,
2019-06-05,12:35:00,SEM VÍTIMA,FINALIZADA,AFOGADOS,RUA DR ADELINO,160,,SOB O SEMÁFORO,RUA DR ADELINO,160,SOB O SEMÁFORO,AFOGADOS,426,SUBURBIO,ABALROAMENTO LONGITUDINAL,COLISÃO SEM VITIMAS,2,,,,,,,,,0,,,Bom,Sem defeito,Perfeito estado,Seca,Perfeito estado,Outros,Outras,,Única,Não existe,,
2019-06-05,12:41:00,SEM VÍTIMA,FINALIZADA,BOA VISTA,RUA DO HOSPICIO,,,LOJAS AMERICANAS,RUA DO HOSPICIO,,LOJAS AMERICANAS,BOA VISTA,,SUBURBIO,COLISÃO TRASEIRA,COLISÃO SEM VÍTIMA,2,,,,,,,,,0,,Longo da via,Chuvoso,Não existe,Perfeito estado,Molhada,Perfeito estado,Não existe,Outras,,Única,Não existe,,
2019-06-05,13:16:00,COM VÍTIMA,FINALIZADA,CASA AMARELA,RUA OSCAR DE BARROS,,RUA XAVANTES,,RUA OSCAR DE BARROS,,,CASA AMARELA,,SUBURBIO,ABALROAMENTO TRANSVERSAL,CLISÃO C/VITIMAS ENTRE AUTO E MOTO,1,1,,,,,,,,1,,Cruzamento,Bom,Não existe,Ilegível,Seca,Perfeito estado,Não existe,Placas Pare,,Dupla,Faixa contínua,,
2019-06-05,13:57:00,SEM VÍTIMA,CANCELADA,BOA VISTA,RUA JOAQUIM DE BRITO,,RUA DOM BOSCO,,RUA JOAQUIM DE BRITO,,,BOA VISTA,,,COLISÃO,DOIS AUTOMÓVEIS,,,,,,,,,,0,,,,,,,,,,,,,,
2019-06-05,13:58:00,SEM VÍTIMA,CANCELADA,BOA VIAGEM,AV DOM JOAO VI,,,POR TRAS DO SHOPPING RECIFE BEIRA CANAL E/F AO MARLEINHO DE OURO PROX AO TUNEL S/T PIEDADE,AV DOM JOAO VI,,POR TRAS DO SHOPPING RECIFE BEIRA CANAL E/F AO MARLEINHO DE OURO PROX AO TUNEL S/T PIEDADE,BOA VIAGEM,,,COLISÃO,COLISAO ENTRE DOIS AUTOS S/V,2,,,,,,,,,0,,,,,,,,,,,,,,
2019-06-05,14:25:00,SEM VÍTIMA,FINALIZADA,JARDIM SÃO PAULO,AV PIRACICABA,934,,EM FRENTE AO POSTO DE SAÚDE PLANETA DOS MACACOS,AV PIRACICABA,934,EM FRENTE AO POSTO DE SAÚDE PLANETA DOS MACACOS,JARDIM SÃO PAULO,,,COLISÃO,COLISÃO SEM VÍTIMA,,,,,,1,1,,,0,,,,,,,,,,,,,,
2019-06-05,14:30:00,SEM VÍTIMA,FINALIZADA,BOA VISTA,RUA AURORA,,,PONTE DE FERRO,RUA AURORA,,PONTE DE FERRO,BOA VISTA,210,CIDADE,ABALROAMENTO LONGITUDINAL,COLISÃO SEM VÍTIMA,2,,,,,,,,,0,,Longo da via,Bom,Sem defeito,Perfeito estado,Seca,Perfeito estado,Faixa de pedestre,Não há placas,,Única,Faixa contínua,Faixa seccionada,
2019-06-05,14:58:00,SEM VÍTIMA,FINALIZADA,TAMARINEIRA,AV CONS ROSA E SILVA,2063,,NEO GASTRO,AV CONS ROSA E SILVA,2063,NEO GASTRO,TAMARINEIRA,253,SUBURBIO,ABALROAMENTO LONGITUDINAL,COLISÃO S/ VITIMAS ENTRE DOIS AUTOS,2,,,,,,,,,0,,Longo da via,Bom,Sem defeito,Perfeito estado,Seca,Perfeito estado,Não existe,R-6a,60 km/h,Única,Faixa seccionada,,
2019-06-05,15:02:00,COM VÍTIMA,FINALIZADA,MADALENA,RUA REAL DA TORRE,,,TUNEL DA ABOLIÇÃO,RUA REAL DA TORRE,,TUNEL DA ABOLIÇÃO,MADALENA,,SUBURBIO,COLISÃO TRASEIRA,ENTRE TRES AUTOS,2,1,,,,,,,,1,,Viaduto,Bom,Não existe,Perfeito estado,Seca,Perfeito estado,Não existe,Não há placas,,Única,Faixa contínua,,
2019-06-05,15:11:00,SEM VÍTIMA,FINALIZADA,IMBIRIBEIRA,AV MARECHAL MASCARENHAS DE MORAES,,,E/F A HYUNDAI,AV MARECHAL MASCARENHAS DE MORAES,,E/F A HYUNDAI,IMBIRIBEIRA,,CIDADE,COLISÃO TRASEIRA,COLISAO ENTRE DOIS AUTOS S/V,2,,,,,,,,,0,,Longo da via,Bom,Não existe,Perfeito estado,Seca,Perfeito estado,Não existe,Não há placas,60 km/h,Única,Faixa contínua,,
2019-06-05,15:15:00,COM VÍTIMA,CANCELADA,CAMPO GRANDE,EST DE BELEM,1462,,EM FRENTE A LOJA MAISON MODA,EST DE BELEM,1462,EM FRENTE A LOJA MAISON MODA,CAMPO GRANDE,,,COLISÃO,COLISÃO C/VITIMAS ENTREUM AUTO E MOTO,1,1,,,,,,,,1,,,,,,,,,,,,,,
2019-06-05,15:24:00,SEM VÍTIMA,FINALIZADA,TAMARINEIRA,AV CONS ROSA E SILVA,2063,RUA DR JOSE MARIA,NEO GASTRO,AV CONS ROSA E SILVA,2063,NEO GASTRO,TAMARINEIRA,253,SUBURBIO,ABALROAMENTO LONGITUDINAL,COLISÃO SEM VÍTIMA,1,,,,,1,,,,0,,Cruzamento,Bom,Sem defeito,Perfeito estado,Seca,Perfeito estado,Faixa de pedestre,R-6a,60 km/h,Única,Faixa seccionada,,
2019-06-05,15:46:00,SEM VÍTIMA,CANCELADA,SAN MARTIN,RUA QUINZE DE MARCO,,,EM FRENTE A CHESF,RUA QUINZE DE MARCO,,EM FRENTE A CHESF,SAN MARTIN,,,COLISÃO,COLISÃO SEM VITIMA,2,,,,,,1,,,0,,,,,,,,,,,,,,
2019-06-05,16:02:00,COM VÍTIMA,FINALIZADA,BARRO,AV DR JOSE RUFINO,,,LADO OPOSTO A IGREJA PRESBITERINA DE AREIAS,AV DR JOSE RUFINO,,LADO OPOSTO A IGREJA PRESBITERINA DE AREIAS,BARRO,,SUBURBIO,ABALROAMENTO LONGITUDINAL,AUTO X MOTO PEZ5610 . KLA2669,1,1,,,,,,,,1,,Longo da via,Bom,Sem defeito,Perfeito estado,Seca,Perfeito estado,Não existe,Outras,,Dupla,Faixa seccionada,,
2019-06-05,17:01:00,SEM VÍTIMA,CANCELADA,CAMPO GRANDE,EST DE BELEM,S/N,,EM FRENTE A PRAÇA DE DO CAMPO GRANDE,EST DE BELEM,S/N,EM FRENTE A PRAÇA DE DO CAMPO GRANDE,CAMPO GRANDE,458,,COLISÃO,COLISÃO S/ VITIMAS ENTRE CAMINHÃO E AUTO,1,,,,,,1,,,0,,,,,,,,,,,,,,
2019-06-05,17:11:00,SEM VÍTIMA,FINALIZADA,PRADO,AV ENGENHEIRO ABDIAS DE CARVALHO,,RUA SANTA EDWIRGES,POSTO BR,AV ENGENHEIRO ABDIAS DE CARVALHO,,POSTO BR,PRADO,354,SUBURBIO,ABALROAMENTO TRANSVERSAL,,1,1,,,,,,,,0,,Cruzamento,Bom,Sem defeito,Perfeito estado,Seca,Perfeito estado,Faixa de pedestre,Outras,,Dupla,Faixa contínua,Faixa seccionada,
2019-06-05,17:44:00,SEM VÍTIMA,FINALIZADA,ILHA DO LEITE,RUA BENFICA,98,,AUTO ESCOLA UNIÃO,RUA BENFICA,98,AUTO ESCOLA UNIÃO,ILHA DO LEITE,,SUBURBIO,ABALROAMENTO LONGITUDINAL,COLISÃO SEM VÍTIMA,2,,,,,,,,,0,,Longo da via,Bom,Não existe,Perfeito estado,Seca,Perfeito estado,Não existe,Não há placas,,Única,Não existe,,
2019-06-05,18:03:00,COM VÍTIMA,FINALIZADA,IMBIRIBEIRA,AV MARECHAL MASCARENHAS DE MORAES,,,UNIDAS SEMINOVOS,AV MARECHAL MASCARENHAS DE MORAES,,UNIDAS SEMINOVOS,IMBIRIBEIRA,631,CIDADE,ATROPELAMENTO ANIMAL,MOTO COLIDIU COM UM CACHORRO NA VIA,,1,,,,,,,,1,,Longo da via,Bom,Sem defeito,Perfeito estado,Seca,Perfeito estado,Faixa de pedestre,R-6a,,Dupla,Canteiro central,,
2019-06-05,18:18:00,COM VÍTIMA,FINALIZADA,PRADO,RUA GOMES TABORDA,,RUA DES ADOLFO CIRIACO,PRÓXIMO AO BAILE PERFUMADO,RUA GOMES TABORDA,,PRÓXIMO AO BAILE PERFUMADO,PRADO,,SUBURBIO,ABALROAMENTO LONGITUDINAL,DOIS AUTO COM VITIMAS  UM DOS AUTO COLIDIU COM UMA ARVORE QUE VEIO À CAIR,2,,,,,,,,,1,,Longo da via,Bom,Não existe,Perfeito estado,Seca,Perfeito estado,Não existe,Outras,,Dupla,Faixa seccionada,,
2019-06-05,18:19:00,SEM VÍTIMA,CANCELADA,CIDADE UNIVERSITÁRIA,AV PROFESSOR ARTUR DE SA,,,AO LADO DO HOSPITAL DAS CLíNICAS/PRÓX A FEDERAL,AV PROFESSOR ARTUR DE SA,,AO LADO DO HOSPITAL DAS CLíNICAS/PRÓX A FEDERAL,CIDADE UNIVERSITÁRIA,,,COLISÃO,ENTRE 2 AUTOS. S/V,2,,,,,,,,,0,,,,,,,,,,,,,,
2019-06-05,19:39:00,SEM VÍTIMA,FINALIZADA,ESPINHEIRO,AV CONS ROSA E SILVA,,RUA CONS PORTELA,,AV CONS ROSA E SILVA,,,ESPINHEIRO,,SUBURBIO,ABALROAMENTO TRANSVERSAL,ENTRE 2 AUTOS. S/V,2,,,,,,,,,0,,Cruzamento,Bom,Sem defeito,Perfeito estado,Seca,Perfeito estado,Faixa de retenção,Outras,,Única,Faixa contínua,,
2019-06-05,19:57:00,SEM VÍTIMA,CANCELADA,APIPUCOS,AV DEZESSETE DE AGOSTO,1010,,PRÓX AO 10 BATALHÃO DA 17 DE AGOSTO,AV DEZESSETE DE AGOSTO,1010,PRÓX AO 10 BATALHÃO DA 17 DE AGOSTO,APIPUCOS,,,COLISÃO,ENTRE 2 AUTOS. S/V,2,,,,,,,,,0,,,,,,,,,,,,,,
2019-06-05,20:15:00,COM VÍTIMA,FINALIZADA,IPSEP,RUA JEAN EMILE FAVRE,,,LADO OPOSTO A FARMÁCIA DIARIAMENTE,RUA JEAN EMILE FAVRE,,LADO OPOSTO A FARMÁCIA DIARIAMENTE,IPSEP,564,SUBURBIO,ATROPELAMENTO,MOTO E PEDESTRE,,1,,,1,,,,,1,,Longo da via,Bom,Sem defeito,Perfeito estado,Seca,Perfeito estado,Faixa de pedestre,Outras,,,Faixa contínua,,
2019-06-05,22:00:00,COM VÍTIMA,CANCELADA,ILHA DO RETIRO,RUA TABAIARES,,EST DOS REMEDIOS,E/F A CAOA,RUA TABAIARES,,E/F A CAOA,ILHA DO RETIRO,,,COLISÃO,AUTO E MOTO COM VITIMAS,1,1,,,,,,,,1,,,,,,,,,,,,,,
2019-06-06,06:28:00,COM VÍTIMA,FINALIZADA,BOA VISTA,AV CONDE DA BOA VISTA,1377,RUA GONCALVES MAIA,POSTO SHELL,AV CONDE DA BOA VISTA,1377,POSTO SHELL,BOA VISTA,299,CIDADE,ABALROAMENTO TRANSVERSAL,COM TRES VITIMAS SAMU NO LOCAL,1,,,,,1,,,,5,,Cruzamento,Bom,Sem defeito,Perfeito estado,Seca,Perfeito estado,Faixa de pedestre,,,Dupla,Faixa,,
2019-06-06,06:54:00,SEM VÍTIMA,CANCELADA,PRADO,AV ENGENHEIRO ABDIAS DE CARVALHO,,,EM FRENTE A LOJA C O S AUTO PEÇAS,AV ENGENHEIRO ABDIAS DE CARVALHO,,EM FRENTE A LOJA C O S AUTO PEÇAS,PRADO,,BR 232,COLISÃO,COLISÃO SEM VITIMAS,3,,,,,,,,,0,,,,,,,,,,,,,,
2019-06-06,06:59:00,COM VÍTIMA,FINALIZADA,JORDÃO,AV MARIA IRENE,,RUA TUPINANCY,BASE AÉREA DO RECIFE,AV MARIA IRENE,,BASE AÉREA DO RECIFE,JORDÃO,,CIDADE,ABALROAMENTO LONGITUDINAL,,1,1,,,,,,,,2,,Cruzamento,Bom,Não existe,Incompleta,Seca,Perfeito estado,Não existe,Não há placas,30 km/h,Dupla,Não existe,,
2019-06-06,07:22:00,SEM VÍTIMA,FINALIZADA,ESTÂNCIA,AV RECIFE,5516,,EM FRENTE A IMPERIAL EQUIPAMENTOS SENTIDO BR 101,AV RECIFE,5516,EM FRENTE A IMPERIAL EQUIPAMENTOS SENTIDO BR 101,ESTÂNCIA,,,COLISÃO,SEM VITIMAS,1,1,,,,,,,,0,,,,,,,,,,,,,,
2019-06-06,07:31:00,SEM VÍTIMA,FINALIZADA,ESPINHEIRO,AV GOVERNADOR AGAMENON MAGALHAES,2864,,AO LADO DO MEDICAL,AV GOVERNADOR AGAMENON MAGALHAES,2864,AO LADO DO MEDICAL,ESPINHEIRO,,,COLISÃO TRASEIRA,DOIS AUTOS,1,1,,,,,,,,0,,Longo da via,Bom,Não existe,Perfeito estado,Seca,Perfeito estado,Não existe,Não há placas,60 km/h,Dupla,Canteiro central,,
2019-06-06,07:31:00,SEM VÍTIMA,FINALIZADA,SÃO JOSÉ,RUA DA CONCORDIA,,RUA MARQUES DO HERVAL,,RUA DA CONCORDIA,,,SÃO JOSÉ,,,CHOQUE OBJETO FIXO,,,,,,,,1,,,0,,Cruzamento,Bom,Não existe,Perfeito estado,Seca,Perfeito estado,Outros,Outras,,Única,Não existe,,
2019-06-06,08:24:00,SEM VÍTIMA,FINALIZADA,SANTO AMARO,PTE PRINCESA IZABEL,,,,PTE PRINCESA IZABEL,,,SANTO AMARO,22,SUBURBIO,COLISÃO TRASEIRA,TRES AUTOS,3,,,,,,,,,0,,Ponte,Bom,Sem defeito,Perfeito estado,Seca,Perfeito estado,Faixa de pedestre,Não há placas,,Dupla,Faixa contínua,,
2019-06-06,08:47:00,SEM VÍTIMA,FINALIZADA,BOA VIAGEM,AVENIDA CELSO FURTADO (VIA MANGUE),,,APÓS O VIADUTO DA ANTONIO FALCÃO,AVENIDA CELSO FURTADO (VIA MANGUE),,APÓS O VIADUTO DA ANTONIO FALCÃO,BOA VIAGEM,,,CHOQUE OBJETO FIXO,,0,,,,,,,,,0,,,,,,,,,,,,,,
2019-06-06,08:57:00,SEM VÍTIMA,FINALIZADA,ILHA DO RETIRO,RUA SPORT CLUBE DO RECIFE,,,EM FRENTE AO SPORT CLUBE DO RECIFE,RUA SPORT CLUBE DO RECIFE,,EM FRENTE AO SPORT CLUBE DO RECIFE,ILHA DO RETIRO,,CIDADE,ABALROAMENTO LONGITUDINAL,,1,,,,,,1,,,0,,Longo da via,Bom,Não existe,Perfeito estado,Seca,Perfeito estado,Não existe,R-6a,,Dupla,Canteiro central,,
2019-06-06,09:16:00,COM VÍTIMA,FINALIZADA,ÁGUA FRIA,AV BEBERIBE,1692,,MERCADO DO ÓLEO,AV BEBERIBE,1692,MERCADO DO ÓLEO,ÁGUA FRIA,,CIDADE,ABALROAMENTO LONGITUDINAL,COLISÃO COM VÍTIMA  ENVOLVENDO AUTO E MOTO.,1,1,,,,,,,,1,,Longo da via,Bom,Não existe,Perfeito estado,Seca,Perfeito estado,Não existe,R-6a,,Dupla,Faixa contínua,,
2019-06-06,09:40:00,SEM VÍTIMA,FINALIZADA,IPUTINGA,AV MAURICIO DE NASSAU,151,,IMÓVEL DE Nº 151,AV MAURICIO DE NASSAU,151,IMÓVEL DE Nº 151,IPUTINGA,,CIDADE,ABALROAMENTO LONGITUDINAL,COLISÃO SEM VITIMAS,1,,,,,,1,,,0,,Longo da via,Bom,Não existe,Não existente,Seca,Perfeito estado,Não existe,Outras,,Dupla,Não existe,,
2019-06-06,09:52:00,SEM VÍTIMA,FINALIZADA,BOA VIAGEM,AV VINTE DE JANEIRO,496,,EDF DIANA,AV VINTE DE JANEIRO,496,EDF DIANA,BOA VIAGEM,,CIDADE,ABALROAMENTO LONGITUDINAL,SEM VITIMAS,1,1,,,,,,,,0,,Longo da via,Bom,Não existe,Incompleta,Seca,Perfeito estado,Não existe,Não há placas,,Dupla,Não existe,,
2019-06-06,09:57:00,SEM VÍTIMA,FINALIZADA,PINA,RUA CARNEIRO PESSOA,92,,IGREJA DO PINA,RUA CARNEIRO PESSOA,92,IGREJA DO PINA,PINA,,SUBURBIO,COLISÃO TRASEIRA,SEM VITIMAS,2,,,,,,,,,0,,Cruzamento,Bom,Não existe,Incompleta,Seca,Perfeito estado,Não existe,Não há placas,20 km/h,Única,Não existe,,
2019-06-06,10:22:00,SEM VÍTIMA,FINALIZADA,BOA VIAGEM,AV ENGENHEIRO DOMINGOS FERREIRA,,,EM FRENTE A SUDENE,AV ENGENHEIRO DOMINGOS FERREIRA,,EM FRENTE A SUDENE,BOA VIAGEM,,SUBURBIO,ABALROAMENTO LONGITUDINAL,COLISÃO SEM VITIMAS,1,,,,,1,,,,0,,Longo da via,Bom,Não existe,Perfeito estado,Seca,Perfeito estado,Não existe,Outras,60 km/h,Única,Canteiro central,,
2019-06-06,11:01:00,SEM VÍTIMA,CANCELADA,JORDÃO,AV MARIA IRENE,1672,,AO LADO DA ESCOLA ECOVILE,AV MARIA IRENE,1672,AO LADO DA ESCOLA ECOVILE,JORDÃO,,,COLISÃO,COLISÃO S/ VITIMAS ENTRE DOIS AUTOS,2,,,,,,,,,0,,,,,,,,,,,,,,
2019-06-06,11:21:00,SEM VÍTIMA,FINALIZADA,PARNAMIRIM,RUA ANDRE CAVALCANTE,178,,,RUA ANDRE CAVALCANTE,178,,PARNAMIRIM,,CIDADE,ABALROAMENTO LONGITUDINAL,COLISÃO SEM VITIMAS,3,,,,,,,,,0,,Longo da via,Bom,Não existe,Perfeito estado,Seca,Perfeito estado,Não existe,Placas Pare,,Única,Não existe,,
2019-06-06,11:55:00,SEM VÍTIMA,CANCELADA,BOA VIAGEM,RUA PROFESSOR JOSE BRANDAO,130,,AO LADO DA IGREJA JESUS CRISTO,RUA PROFESSOR JOSE BRANDAO,130,AO LADO DA IGREJA JESUS CRISTO,BOA VIAGEM,,,COLISÃO,COLISÃO SEM VITIMAS,2,,,,,,,,,0,,,,,,,,,,,,,,
2019-06-06,12:13:00,COM VÍTIMA,FINALIZADA,BOA VISTA,RUA JOSE DE ALENCAR,137,RUA BARAO DE SAO BORJA,,RUA JOSE DE ALENCAR,137,,BOA VISTA,,SUB/CID,ABALROAMENTO LONGITUDINAL,COLISÃO COM VÍTIMA,1,1,,,,,,,,1,,Cruzamento,Bom,Não existe,Perfeito estado,Seca,Perfeito estado,,Placas Pare,30 km/h,Única,,,
2019-06-06,12:48:00,SEM VÍTIMA,FINALIZADA,BOA VISTA,RUA JOSE DE ALENCAR,165,,,RUA JOSE DE ALENCAR,165,,BOA VISTA,,SUBURBIO,ABALROAMENTO LONGITUDINAL,COLISÃO COM VÍTIMA- APOIO A VT DO PROTOCOLO - ESPERA DO IC,2,,,,,,,,,0,,Longo da via,Bom,Não existe,Perfeito estado,Seca,Perfeito estado,Não existe,Outras,30 km/h,Única,Não existe,,