data,hora,natureza_acidente,situacao,bairro,endereco,numero,detalhe_endereco_acidente,complemento,endereco_cruzamento,numero_cruzamento,referencia_cruzamento,bairro_cruzamento,num_semaforo,sentido_via,tipo,descricao,auto,moto,ciclom,ciclista,pedestre,onibus,caminhao,viatura,outros,vitimas,vitimasfatais,acidente_verificado,tempo_clima,situacao_semaforo,sinalizacao,condicao_via,conservacao_via,ponto_controle,situacao_placa,velocidade_max_via,mao_direcao,divisao_via1,divisao_via2,divisao_via3
2019-06-06,13:00:00,SEM VÍTIMA,FINALIZADA,BOA VISTA,RUA JOSE DE ALENCAR,,RUA BARAO DE SAO BORJA,EM FRENTE AO HOTEL BOA VISTA,RUA JOSE DE ALENCAR,,EM FRENTE AO HOTEL BOA VISTA,BOA VISTA,,,COLISÃO,COLISÃO SEM VÍTIMA,2,,,,,,,,,0,,,,,,,,,,,,,,
2019-06-06,13:16:00,COM VÍTIMA,FINALIZADA,ENCRUZILHADA,AV JOAO DE BARROS,,,E/F FARMACIA DO TRABALHADOR,AV JOAO DE BARROS,,E/F FARMACIA DO TRABALHADOR,ENCRUZILHADA,664,,ATROPELAMENTO,MOTO E PEDESTRE COM VITIMAS,,1,,,1,,,,,2,,Longo da via,Bom,Sem defeito,Perfeito estado,Seca,Perfeito estado,Faixa de pedestre,,,Única,,,
2019-06-06,13:49:00,SEM VÍTIMA,FINALIZADA,BOA VIAGEM,AV DOM JOAO VI,,RUA JOSE DA SILVA LUCENA,AO LADO DO GGE,AV DOM JOAO VI,,AO LADO DO GGE,BOA VIAGEM,669,SUBURBIO,ABALROAMENTO LONGITUDINAL,COLISÃO SEM VÍTIMA,1,,,,,,,1,,0,,Outros,Bom,Sem defeito,Perfeito estado,Seca,Perfeito estado,Faixa de pedestre,Não há placas,50 km/h,Dupla,Canteiro central,,
2019-06-06,13:54:00,SEM VÍTIMA,FINALIZADA,TORREÃO,RUA ANTONIO RANGEL,,RUA MARECHAL DEODORO,ESQUINA DAS RUAS,RUA ANTONIO RANGEL,,ESQUINA DAS RUAS,TORREÃO,,CIDADE,COLISÃO TRASEIRA,CAMINHÃO E AUTO PASSEIO SEM VITIMAS,1,,,,,,1,,,0,,,Bom,Não existe,Incompleta,Seca,Perfeito estado,Faixa de retenção,Placas Pare,,Única,Não existe,,
2019-06-06,14:13:00,SEM VÍTIMA,FINALIZADA,SANTO AMARO,AV CRUZ CABUGA,,,EM FRENTE AO HOSPITAL NAVAL,AV CRUZ CABUGA,,EM FRENTE AO HOSPITAL NAVAL,SANTO AMARO,,CIDADE,COLISÃO TRASEIRA,,2,,,,,,,,,0,,Longo da via,Bom,Não existe,Perfeito estado,Seca,Perfeito estado,Não existe,,,Dupla,Faixa contínua,,
2019-06-06,14:23:00,SEM VÍTIMA,FINALIZADA,PINA,AV ANTONIO DE GOES,62,,,AV ANTONIO DE GOES,62,,PINA,,CIDADE,COLISÃO TRASEIRA,ENGAVETAMENTO DE QUATRO AUTO S/V,3,,,,,,,,,0,,Longo da via,Bom,Não existe,,Seca,Perfeito estado,Não existe,Não há placas,,Única,Faixa seccionada,,
2019-06-06,14:35:00,SEM VÍTIMA,FINALIZADA,IPSEP,AV SENADOR ROBERT KENNEDY,644,,EM FRENTE A GABI FARMA,AV SENADOR ROBERT KENNEDY,644,EM FRENTE A GABI FARMA,IPSEP,,,COLISÃO,COLISÃO SEM VÍTIMA,2,,,,,,,,,0,,,,,,,,,,,,,,
2019-06-06,15:31:00,COM VÍTIMA,FINALIZADA,CASA FORTE,AV DEZESSETE DE AGOSTO,,EST DAS UBAIAS ,,AV DEZESSETE DE AGOSTO,,,CASA FORTE,169,SUBURBIO,ABALROAMENTO TRANSVERSAL,COLISÃO COM VÍTIMA,1,1,,,,,,,,1,,Cruzamento,Bom,Sem defeito,Perfeito estado,Seca,Perfeito estado,Faixa de pedestre,R-6a,,Dupla,Faixa contínua,,
2019-06-06,15:49:00,SEM VÍTIMA,FINALIZADA,BAIRRO DO RECIFE,RUA DO HOSPICIO,,AV CONDE DA BOA VISTA,SEMÁFORO 23,RUA DO HOSPICIO,,SEMÁFORO 23,BAIRRO DO RECIFE,23,CIDADE,ABALROAMENTO LONGITUDINAL,COLISAO ENTRE DOIS AUTOS S/V,1,,,,,1,,,,0,,Cruzamento,Bom,Sem defeito,Perfeito estado,Seca,Perfeito estado,Faixa de pedestre,Outras,40 km/h,Única,Não existe,,
2019-06-06,15:55:00,SEM VÍTIMA,CANCELADA,ILHA DO LEITE,RUA FRANCISCO ALVES,325,,ANTES DO HOSPITAL ESPERANÇA,RUA FRANCISCO ALVES,325,ANTES DO HOSPITAL ESPERANÇA,ILHA DO LEITE,,,COLISÃO,AUTO E MOTO SEM VITIMAS,1,1,,,,,,,,0,,,,,,,,,,,,,,
2019-06-06,15:58:00,SEM VÍTIMA,FINALIZADA,BOA VIAGEM,RUA DR VICENTE GOMES,20,,,RUA DR VICENTE GOMES,20,,BOA VIAGEM,,CIDADE,COLISÃO TRASEIRA,COLISAO ENTRE DOIS AUTOS S/V,2,,,,,,,,,0,,Longo da via,Bom,Não existe,Perfeito estado,Seca,Perfeito estado,Não existe,Não há placas,,Única,Faixa seccionada,,
2019-06-06,16:09:00,SEM VÍTIMA,FINALIZADA,SÃO JOSÉ,PRC FREI CANECA,,,EM FRENTE AO TRE,PRC FREI CANECA,,EM FRENTE AO TRE,SÃO JOSÉ,,CIDADE,ABALROAMENTO LONGITUDINAL,COLISÃO SEM VÍTIMA,1,,,,,1,,,,0,,Longo da via,Bom,Não existe,Não existente,Seca,Mal iluminada,Não existe,Outras,,Única,Não existe,,
2019-06-06,16:21:00,SEM VÍTIMA,CANCELADA,CASA FORTE,RUA DR JOAO SANTOS FILHO,,,ENTRE O PLAZA SHOPPING EO WALMART,RUA DR JOAO SANTOS FILHO,,ENTRE O PLAZA SHOPPING EO WALMART,CASA FORTE,,,COLISÃO,COLISAO ENTRE DOIS AUTOS S/V,2,,,,,,,,,0,,,,,,,,,,,,,,
2019-06-06,16:26:00,SEM VÍTIMA,CANCELADA,CASA AMARELA,RUA ARMANDO GAIOSO,57,,POR TRAS DO MERCADO ATACAREJO,RUA ARMANDO GAIOSO,57,POR TRAS DO MERCADO ATACAREJO,CASA AMARELA,,,COLISÃO,COLISÃO SEM VÍTIMA,1,,,,,,1,,,0,,,,,,,,,,,,,,
2019-06-06,16:58:00,COM VÍTIMA,FINALIZADA,IPSEP,RUA HELIO BRANDAO,135,RUA ADERBAL DE MELO,E/F AO CHAMBARIL DO JOÃO,RUA HELIO BRANDAO,135,E/F AO CHAMBARIL DO JOÃO,IPSEP,,CIDADE,ABALROAMENTO TRANSVERSAL,TRES AUTO SEM VITIMAS,3,,,,,,,,,1,,Cruzamento,Bom,Não existe,Incompleta,Seca,Perfeito estado,Não existe,Não há placas,,Única,Não existe,,
2019-06-06,17:32:00,SEM VÍTIMA,FINALIZADA,CASA AMARELA,AV NORTE,1100,AV PROFESSOR JOSE DOS ANJOS,E/F AO SESC,AV NORTE,1100,E/F AO SESC,CASA AMARELA,364,SUBURBIO,ABALROAMENTO LONGITUDINAL,,1,,,,,1,,,,0,,Longo da via,Bom,Sem defeito,Perfeito estado,Seca,Perfeito estado,Faixa de pedestre,Placas Pare,,Dupla,Canteiro central,,
2019-06-06,17:56:00,COM VÍTIMA,FINALIZADA,IMBIRIBEIRA,RUA ITACARI,299,RUA ITAJAI,AO LADO BANCO ITAU,RUA ITACARI,299,AO LADO BANCO ITAU,IMBIRIBEIRA,,SUBURBIO,ABALROAMENTO TRANSVERSAL,AUTO E MOTO COM VITIMAS,1,1,,,,,,,,1,,Longo da via,Bom,Não existe,Perfeito estado,Seca,Perfeito estado,Não existe,Não há placas,,Dupla,Não existe,,
2019-06-06,18:32:00,COM VÍTIMA,FINALIZADA,CAMPO GRANDE,RUA JERONIMO VILELA,,,,RUA JERONIMO VILELA,,,CAMPO GRANDE,,,ABALROAMENTO TRANSVERSAL,MOTO X PALIO,1,1,,,,,,,,1,,Longo da via,Bom,Não existe,Perfeito estado,Seca,Perfeito estado,Não existe,Outras,,Dupla,Faixa seccionada,,
2019-06-06,19:40:00,SEM VÍTIMA,CANCELADA,DOIS UNIDOS,AV HILDEBRANDO DE VASCONCELOS,,,NO TERMINAL DE ONIBUS DOIS UNIDOS/CIDADE,AV HILDEBRANDO DE VASCONCELOS,,NO TERMINAL DE ONIBUS DOIS UNIDOS/CIDADE,DOIS UNIDOS,,,COLISÃO,ONIBUS E AUTO SEM VITIMAS,1,,,,,1,,,,0,,,,,,,,,,,,,,
2019-06-06,22:21:00,SEM VÍTIMA,FINALIZADA,CABANGA,AV SUL,,RUA NOVA DA CABANGA,SEMÁFORO 260,AV SUL,,SEMÁFORO 260,CABANGA,260,,COLISÃO TRASEIRA,ONIBUS E AUTO SEM VITIMAS,1,,,,,1,,,,0,,Cruzamento,Bom,Sem defeito,Incompleta,Seca,Perfeito estado,,Não há placas,60 km/h,Dupla,Canteiro central,,
2019-06-07,01:46:00,SEM VÍTIMA,FINALIZADA,CAMPO GRANDE,AV PROFESSOR JOSE DOS ANJOS,,RUA FARIAS NEVES,,AV PROFESSOR JOSE DOS ANJOS,,,CAMPO GRANDE,,,CHOQUE OBJETO FIXO,CONDUTOR PERDEU O CONTROLE DO VEÍCULO E CHOCOU-SE CONTRA UM GELO-BAIANO,1,,,,,,,,,0,,Cruzamento,Bom,Não existe,Perfeito estado,Seca,Perfeito estado,Faixa de pedestre,Placas Pare,40 km/h,Dupla,Faixa seccionada,Canal,
2019-06-07,05:32:00,COM VÍTIMA,FINALIZADA,MACAXEIRA,AV NORTE,,,EM FRENTE A PRAÇA DA MACAXEIRA // PRÓX A ANTIGA FÁBRICA,AV NORTE,,EM FRENTE A PRAÇA DA MACAXEIRA // PRÓX A ANTIGA FÁBRICA,MACAXEIRA,671,CIDADE,COLISÃO,COLISÃO ENTRE ÔNIBUS E AUTO  COM VÍTIMAS.,1,,,,,1,,,,2,,Longo da via,Bom,Sem defeito,Perfeito estado,Seca,Perfeito estado,Faixa de pedestre,R-6a,50 km/h,Dupla,Canteiro central,,
2019-06-07,06:47:00,SEM VÍTIMA,CANCELADA,MACAXEIRA,AV NORTE,,,EM FRENTE A PRAÇA DA MACAXEIRA // PRÓX A ANTIGA FÁBRICA,AV NORTE,,EM FRENTE A PRAÇA DA MACAXEIRA // PRÓX A ANTIGA FÁBRICA,MACAXEIRA,671,,COLISÃO,COLISÃO ENTRE ÔNIBUS E AUTO  COM VÍTIMAS.(RENDIÇÃO DA VT -22),1,,,,,1,,,,0,,,,,,,,,,,,,,
2019-06-07,06:53:00,SEM VÍTIMA,FINALIZADA,IBURA,RUA EXP FRANCISCO VITORIANO,57,RUA HULHA NEGRA,IGREJA ASSEMBLEIA DE DEUS,RUA EXP FRANCISCO VITORIANO,57,IGREJA ASSEMBLEIA DE DEUS,IBURA,,CIDADE,ABALROAMENTO TRANSVERSAL,CAMINHAO E MICROONIBUS,,,,,,1,1,,,0,,Cruzamento,Bom,Não existe,Perfeito estado,Seca,Perfeito estado,Não existe,Não há placas,30 km/h,Dupla,Faixa seccionada,,
2019-06-07,07:19:00,COM VÍTIMA,FINALIZADA,CAXANGÁ,AV CAXANGA,4515,,SENT. CAMARAGIBE EM FRENTE A ITALIANA,AV CAXANGA,4515,SENT. CAMARAGIBE EM FRENTE A ITALIANA,CAXANGÁ,,SUBURBIO,COLISÃO COM CICLISTA,MOTO E CICLISTA BATEDORES NO LOCAL,,1,,1,,,,,,2,,Longo da via,Bom,Não existe,Perfeito estado,Seca,Perfeito estado,Não existe,R-6a,,Dupla,Canteiro central,,
2019-06-07,08:21:00,SEM VÍTIMA,FINALIZADA,BOA VIAGEM,AV DES JOSE NEVES,334,,LADO OPOSTO AO SUPERMERCADO ATACADÃO,AV DES JOSE NEVES,334,LADO OPOSTO AO SUPERMERCADO ATACADÃO,BOA VIAGEM,,CIDADE,COLISÃO TRASEIRA,DOIS AUTOS,3,,,,,,,,,0,,Longo da via,Bom,Não existe,Perfeito estado,Seca,Perfeito estado,Faixa de pedestre,Não há placas,50 km/h,Única,Faixa seccionada,,
2019-06-07,08:40:00,SEM VÍTIMA,FINALIZADA,DERBY,RUA JENER DE SOUZA,,,APÓS O SEMAFORO 418,RUA JENER DE SOUZA,,APÓS O SEMAFORO 418,DERBY,,,ABALROAMENTO LONGITUDINAL,DOIS AUTOS,2,,,,,,,,,0,,Longo da via,Bom,Sem defeito,Perfeito estado,Seca,Perfeito estado,,,,Dupla,Canteiro central,,
2019-06-07,08:54:00,SEM VÍTIMA,FINALIZADA,MADALENA,RUA NOBRE DE LACERDA,,RUA MONSENHOR JULIO MARIA,,RUA NOBRE DE LACERDA,,,MADALENA,,CIDADE,ABALROAMENTO TRANSVERSAL,COLISAO S/VITIMAS ENTRE DOIS AUTOS,2,,,,,,,,,0,,Cruzamento,Bom,Não existe,Perfeito estado,Seca,Perfeito estado,Outros,Placas Pare,,Única,Não existe,,
2019-06-07,09:54:00,SEM VÍTIMA,CANCELADA,BOA VIAGEM,RUA SETUBAL,,RUA DR VICENTE GOMES,,RUA SETUBAL,,,BOA VIAGEM,60,,COLISÃO,COLISÃO SEM VITIMAS,2,,,,,,,,,0,,,,,,,,,,,,,,
2019-06-07,09:55:00,SEM VÍTIMA,FINALIZADA,BOA VIAGEM,AV CONSELHEIRO AGUIAR,4074,,EDF HOLYDAY,AV CONSELHEIRO AGUIAR,4074,EDF HOLYDAY,BOA VIAGEM,147,CIDADE,ABALROAMENTO LONGITUDINAL,DOIS AUTOS,2,,,,,,,,,0,,Cruzamento,Bom,Sem defeito,Perfeito estado,Seca,Perfeito estado,Faixa de pedestre,Não há placas,60 km/h,Única,Faixa contínua,,
2019-06-07,09:56:00,SEM VÍTIMA,CANCELADA,IMBIRIBEIRA,AV MARECHAL MASCARENHAS DE MORAES,2725,,EM FRENTE A UNIDAS (ALUGUEL DE CARROS),AV MARECHAL MASCARENHAS DE MORAES,2725,EM FRENTE A UNIDAS (ALUGUEL DE CARROS),IMBIRIBEIRA,631,CIDADE,COLISÃO,COLISÃO S/VITIMAS ENTRE CAMINHÃO E AUTO,1,,,,,,1,,,0,,,,,,,,,,,,,,
2019-06-07,10:02:00,SEM VÍTIMA,CANCELADA,IMBIRIBEIRA,VIADUTO TANCREDO NEVES,,,NA SUBIDA DO VIADUTO TANCREDO NEVES / SENT MASCARENHAS DE MORAIS,VIADUTO TANCREDO NEVES,,NA SUBIDA DO VIADUTO TANCREDO NEVES / SENT MASCARENHAS DE MORAIS,IMBIRIBEIRA,,,COLISÃO,COLISÃO SEM VITIMAS,1,1,,,,,,,,0,,,,,,,,,,,,,,
2019-06-07,10:40:00,COM VÍTIMA,FINALIZADA,CORDEIRO,AV GENERAL SAN MARTIN,,,AO LADO DO COMPAZ,AV GENERAL SAN MARTIN,,AO LADO DO COMPAZ,CORDEIRO,,CIDADE,ABALROAMENTO TRANSVERSAL,DUAS MOTOS,,1,1,,,,,,,1,,Longo da via,Bom,Não existe,Perfeito estado,Seca,Perfeito estado,Não existe,Outras,,Dupla,Faixa contínua,,
2019-06-07,11:21:00,SEM VÍTIMA,FINALIZADA,ENCRUZILHADA,RUA CEARA,352,RUA JULIAO NETO,,RUA CEARA,352,,ENCRUZILHADA,,SUBURBIO,ABALROAMENTO LONGITUDINAL,COLISÃO S/VITIMAS ENTRE CAMIMNHAO E UM AUTO,1,,,,,,1,,,0,,Cruzamento,Bom,Não existe,Incompleta,Seca,Perfeito estado,Não existe,R-6a,,Única,Não existe,,
2019-06-07,11:27:00,SEM VÍTIMA,FINALIZADA,TORRE,AV BEIRA RIO,1219,RUA CLOVIS BEVILAQUA,EDF MONTELUMA,AV BEIRA RIO,1219,EDF MONTELUMA,TORRE,77,,ABALROAMENTO LONGITUDINAL,MOTO E AUTO,1,1,,,,,,,,0,,Longo da via,Bom,Sem defeito,Perfeito estado,Seca,Perfeito estado,Não existe,R-6a,,Dupla,Faixa contínua,,
2019-06-07,11:31:00,SEM VÍTIMA,CANCELADA,DERBY,RUA AMARO BEZERRA,,,EM FRENTE AO QUARTEL DO DERBY  SENT. CIDADE,RUA AMARO BEZERRA,,EM FRENTE AO QUARTEL DO DERBY  SENT. CIDADE,DERBY,,,COLISÃO,DOIS AUTOS,2,,,,,,,,,0,,,,,,,,,,,,,,
2019-06-07,11:37:00,SEM VÍTIMA,CANCELADA,TAMARINEIRA,AV NORTE,4337,,EM FRENTE AO POSTO DE GASOLINA BR,AV NORTE,4337,EM FRENTE AO POSTO DE GASOLINA BR,TAMARINEIRA,,CIDADE,COLISÃO,COLISÃO SEM VITIMAS,2,,,,,,,,,0,,,,,,,,,,,,,,
2019-06-07,12:15:00,SEM VÍTIMA,FINALIZADA,AREIAS,AV RECIFE,3968,,LADO OPOSTO AO WALMART,AV RECIFE,3968,LADO OPOSTO AO WALMART,AREIAS,,SUBURBIO,COLISÃO TRASEIRA,COLISAO ENTRE DOIS AUTOS S/V,2,,,,,,,,,0,,Longo da via,Bom,Não existe,Perfeito estado,Seca,Perfeito estado,Não existe,Não há placas,,Dupla,Canteiro central,,
2019-06-07,12:22:00,SEM VÍTIMA,FINALIZADA,MADALENA,RUA SEVERINO PESSOA,,RUA DR JOAO COIMBRA,,RUA SEVERINO PESSOA,,,MADALENA,,SUBURBIO,ABALROAMENTO TRANSVERSAL,COLISAO ENTRE AUTO E MICRO ONIBUS S/V,1,,,,,1,,,,0,,Cruzamento,Bom,Não existe,Incompleta,Seca,Perfeito estado,Não existe,Não há placas,,Dupla,Não existe,,
2019-06-07,12:29:00,COM VÍTIMA,FINALIZADA,IMBIRIBEIRA,AV MARECHAL MASCARENHAS DE MORAES,5001,,OPOSTO AO GESSO E CIA MATERIAIS E SERVIÇOS,AV MARECHAL MASCARENHAS DE MORAES,5001,OPOSTO AO GESSO E CIA MATERIAIS E SERVIÇOS,IMBIRIBEIRA,,CIDADE,COLISÃO TRASEIRA,COLISAO ENTRE CAMINHAO AUTO E MOTO COM UMA VITIMA,1,,,,,,1,,,1,,Longo da via,Bom,Não existe,Perfeito estado,Seca,Perfeito estado,Outros,R-6a,,Dupla,Faixa seccionada,Canteiro central,
2019-06-07,12:51:00,SEM VÍTIMA,FINALIZADA,SÃO JOSÉ,PTE JOAQUIM CARDOSO,,TRV DO RAPOSO,LADO OPOSTO AO POSTE DE Nº K 106865,PTE JOAQUIM CARDOSO,,LADO OPOSTO AO POSTE DE Nº K 106865,SÃO JOSÉ,,SUBURBIO,ABALROAMENTO LONGITUDINAL,COLISÃO SEM VÍTIMA,1,1,,,,,,,,0,,Cruzamento,Bom,Não existe,Perfeito estado,Seca,Perfeito estado,Não existe,Não há placas,,Dupla,Faixa contínua,Faixa seccionada,Blocos
2019-06-07,13:17:00,COM VÍTIMA,FINALIZADA,ESTÂNCIA,AV RECIFE,5005,,EM FRENTE AO SEMÁFORO 461   AO LADO DO MAKRO,AV RECIFE,5005,EM FRENTE AO SEMÁFORO 461   AO LADO DO MAKRO,ESTÂNCIA,461,CIDADE,CHOQUE VEÍCULO PARADO,COLISAO ENTRE AUTO E MOTO COM UMA VITIMA,1,1,,,,,,,,1,,Longo da via,Bom,Com defeito,Ilegível,Seca,Perfeito estado,Faixa de pedestre,Não há placas,60 km/h,Única,Faixa contínua,,
2019-06-07,13:55:00,SEM VÍTIMA,FINALIZADA,BOA VIAGEM,AV ENGENHEIRO DOMINGOS FERREIRA,2324,,,AV ENGENHEIRO DOMINGOS FERREIRA,2324,,BOA VIAGEM,,SUBURBIO,COLISÃO TRASEIRA,COLISAO ENTRE AUTO E MOTO S/V,1,1,,,,,,,,0,,Longo da via,Bom,Sem defeito,Perfeito estado,Seca,Perfeito estado,Não existe,R-6a,,Única,Faixa seccionada,Canteiro central,
2019-06-07,14:01:00,SEM VÍTIMA,FINALIZADA,IMBIRIBEIRA,AV DOM JOAO VI,,RUA SOLDADO SINESIO DE ARAGAO,,AV DOM JOAO VI,,,IMBIRIBEIRA,,,COLISÃO TRASEIRA,COLISÃO SEM VÍTIMA,2,,,,,,,,,0,,Longo da via,Bom,Não existe,Perfeito estado,Seca,Perfeito estado,Não existe,Não há placas,,Única,Faixa seccionada,,
2019-06-07,14:02:00,SEM VÍTIMA,FINALIZADA,ÁGUA FRIA,AV BEBERIBE,1745,,EM FRENTE A OTICA LIMA,AV BEBERIBE,1745,EM FRENTE A OTICA LIMA,ÁGUA FRIA,,CIDADE,ABALROAMENTO LONGITUDINAL,COLISÃO COM VÍTIMA,1,1,,,,,,,,0,,Longo da via,Bom,Não existe,Perfeito estado,Seca,Perfeito estado,Não existe,Não há placas,,Dupla,Faixa contínua,,
2019-06-07,14:40:00,SEM VÍTIMA,FINALIZADA,GRAÇAS,AV RUI BARBOSA,141,,EM FRENTE A PRAÇA DO ENTRONCAMENTO,AV RUI BARBOSA,141,EM FRENTE A PRAÇA DO ENTRONCAMENTO,GRAÇAS,,CIDADE,COLISÃO TRASEIRA,COLISAO ENTRE TRES AUTOS S/V,3,,,,,,,,,0,,Longo da via,Bom,Não existe,Perfeito estado,Seca,Perfeito estado,Faixa de pedestre,Não há placas,60 km/h,Única,Faixa seccionada,,
2019-06-07,14:46:00,COM VÍTIMA,FINALIZADA,AFOGADOS,RUA DA PAZ,315,,,RUA DA PAZ,315,,AFOGADOS,,SUBURBIO,ABALROAMENTO TRANSVERSAL,COLISÃO COM VITIMA,1,1,,,,,,,,1,,Longo da via,Bom,Não existe,Perfeito estado,Seca,Perfeito estado,Não existe,Não há placas,,Única,Faixa seccionada,,
2019-06-07,14:57:00,SEM VÍTIMA,FINALIZADA,,RUA VISCONDE DE JEQUITINHONHA,,RUA JOAO CARDOSO AIRES,,RUA VISCONDE DE JEQUITINHONHA,,,,,SUBURBIO,ABALROAMENTO LONGITUDINAL,COLISÃO SEM VITIMA,2,,,,,,,,,0,,,Bom,Não existe,Perfeito estado,Seca,Perfeito estado,Faixa de pedestre,Não há placas,60 km/h,Dupla,Canteiro central,,
2019-06-07,14:59:00,COM VÍTIMA,FINALIZADA,AFOGADOS,RUA MOTOCOLOMBO,97,,EM FRENTE AO BANCO SANTANDER,RUA MOTOCOLOMBO,97,EM FRENTE AO BANCO SANTANDER,AFOGADOS,,SUBURBIO,COLISÃO,COLISÃO COM VÍTIMA,1,1,,,,,,,,1,,Longo da via,Bom,Não existe,Perfeito estado,Seca,Perfeito estado,Outros,Outras,,Única,Faixa seccionada,,
2019-06-07,15:16:00,SEM VÍTIMA,FINALIZADA,ILHA DO LEITE,AV GOVERNADOR AGAMENON MAGALHAES,,,NA PISTA LOCAL E/F AO HOSPITAL PORTUGUES NO SEMAFORO 350,AV GOVERNADOR AGAMENON MAGALHAES,,NA PISTA LOCAL E/F AO HOSPITAL PORTUGUES NO SEMAFORO 350,ILHA DO LEITE,,,COLISÃO,,2,,,,,,,,,0,,,,,,,,,,,,,,
2019-06-07,15:39:00,SEM VÍTIMA,FINALIZADA,AREIAS,,48 C,,ANDRÉ ÓTICA,,48 C,ANDRÉ ÓTICA,AREIAS,,,ABALROAMENTO LONGITUDINAL,COLISÃO SEM VITIMA,1,,,,,,1,,,0,,,Bom,Não existe,Perfeito estado,Seca,Perfeito estado,Não existe,Não há placas,,Única,Não existe,,
2019-06-07,15:52:00,SEM VÍTIMA,FINALIZADA,GRAÇAS,AV RUI BARBOSA,89,,EM FRENTE AO BANCO SANTANDER,AV RUI BARBOSA,89,EM FRENTE AO BANCO SANTANDER,GRAÇAS,,CIDADE,COLISÃO TRASEIRA,COLISÃO SEM VITIMA,2,,,,,,,,,0,,Longo da via,Bom,Não existe,Perfeito estado,Seca,Perfeito estado,Não existe,R-6a,,Única,Faixa seccionada,,
2019-06-07,16:17:00,SEM VÍTIMA,CANCELADA,AREIAS,AV DR JOSE RUFINO,2642,,AO LADO DO VIADULTO / LADO OPOSTO DO 2642 CASA,AV DR JOSE RUFINO,2642,AO LADO DO VIADULTO / LADO OPOSTO DO 2642 CASA,AREIAS,,,COLISÃO,COLISÃO SEM VITIMA,2,,,,,,,,,0,,,,,,,,,,,,,,
2019-06-07,16:41:00,SEM VÍTIMA,FINALIZADA,BARRO,AV DR JOSE RUFINO,2612,,,AV DR JOSE RUFINO,2612,,BARRO,,SUBURBIO,COLISÃO TRASEIRA,COLISAO ENTRE VEICULO OFICIAL E AUTO S/V,2,,,,,,,,,0,,Longo da via,Bom,Sem defeito,Perfeito estado,Seca,Perfeito estado,Outros,Outras,,Dupla,Faixa contínua,,
2019-06-07,16:47:00,SEM VÍTIMA,FINALIZADA,IPSEP,AV RECIFE,,,EM FRENTE A WK MARTELINHO DE OURO / SENTIDO IMBIRIBEIRA,AV RECIFE,,EM FRENTE A WK MARTELINHO DE OURO / SENTIDO IMBIRIBEIRA,IPSEP,,,COLISÃO,COLISÃO SEM VÍTIMA,2,,,,,,,,,0,,,,,,,,,,,,,,
2019-06-07,17:56:00,SEM VÍTIMA,CANCELADA,ILHA DO LEITE,RUA PAISSANDU,,,EM FRENTE AO SÃO MARCOS,RUA PAISSANDU,,EM FRENTE AO SÃO MARCOS,ILHA DO LEITE,,,COLISÃO,COLISÃO SEM VITIMA,2,,,,,,,,,0,,,,,,,,,,,,,,
2019-06-07,18:05:00,SEM VÍTIMA,FINALIZADA,IPSEP,AV RECIFE,3592,,EQUIPADORA FALCÃO,AV RECIFE,3592,EQUIPADORA FALCÃO,IPSEP,,CIDADE,COLISÃO TRASEIRA,04 VEÍCULOS,4,,,,,,,,,0,,Longo da via,Bom,Não existe,Perfeito estado,Seca,Perfeito estado,Não existe,Não há placas,60 km/h,Única,Canteiro central,,
2019-06-07,18:27:00,SEM VÍTIMA,FINALIZADA,IMBIRIBEIRA,RUA JAMAICA,134,RUA IZABEL DE SOUZA,,RUA JAMAICA,134,,IMBIRIBEIRA,,,ABALROAMENTO TRANSVERSAL,DOIS AUTO SEM VITIMAS  UM DOS AUTO ESTÁ CAPOTADO NA VIA,2,,,,,,,,,0,,Cruzamento,Bom,Não existe,Perfeito estado,Seca,Mal iluminada,Não existe,Placas Pare,,Única,Faixa seccionada,,
2019-06-07,18:58:00,SEM VÍTIMA,FINALIZADA,BOA VIAGEM,AV MARECHAL MASCARENHAS DE MORAES,5089,,,AV MARECHAL MASCARENHAS DE MORAES,5089,,BOA VIAGEM,,CIDADE,COLISÃO TRASEIRA,DOIS AUTO SEM VITIMAS,2,,,,,,,,,0,,Longo da via,Bom,Não existe,Perfeito estado,Seca,Perfeito estado,,Não há placas,,Dupla,Canteiro central,,
2019-06-07,19:24:00,SEM VÍTIMA,FINALIZADA,AFOGADOS,RUA SAO MIGUEL,,,SEMÁFORO 053,RUA SAO MIGUEL,,SEMÁFORO 053,AFOGADOS,53,SUBURBIO,ABALROAMENTO LONGITUDINAL,CAMINHÃO GUINDASTE E AUTO PASSEIO SEM VITIMAS  VEICULOS SE ENCONTRA NO DEPATRI POR UM DOS VEICULOS CONSTAR COMO ROUBADO INF DOS POLICIAL QUE PASSOU NA HORA QUE USUÁRIO ESTAVA REGISTRANDO A OCORENCIA,1,,,,,,1,,,0,,Longo da via,Bom,Sem defeito,Perfeito estado,Seca,Perfeito estado,,,,Dupla,Faixa contínua,,
2019-06-07,20:05:00,SEM VÍTIMA,FINALIZADA,BOA VIAGEM,AV FERNANDO SIMOES BARBOSA,,RUA DHALIA,,AV FERNANDO SIMOES BARBOSA,,,BOA VIAGEM,,SUBURBIO,COLISÃO TRASEIRA,TRES AUTO SEM VITIMAS,3,,,,,,,,,0,,,Bom,Não existe,Perfeito estado,Seca,Perfeito estado,Não existe,Outras,,Dupla,Canal,,