data,hora,natureza_acidente,situacao,bairro,endereco,numero,detalhe_endereco_acidente,complemento,endereco_cruzamento,numero_cruzamento,referencia_cruzamento,bairro_cruzamento,num_semaforo,sentido_via,tipo,descricao,auto,moto,ciclom,ciclista,pedestre,onibus,caminhao,viatura,outros,vitimas,vitimasfatais,acidente_verificado,tempo_clima,situacao_semaforo,sinalizacao,condicao_via,conservacao_via,ponto_controle,situacao_placa,velocidade_max_via,mao_direcao,divisao_via1,divisao_via2,divisao_via3
2019-06-10,15:59:00,SEM VÍTIMA,FINALIZADA,CORDEIRO,AV CAXANGA,,,EM FRENTE A DELI DOCES Nº 2255,AV CAXANGA,,EM FRENTE A DELI DOCES Nº 2255,CORDEIRO,,CIDADE,ABALROAMENTO LONGITUDINAL,COLISÃO SEM VITIMA,1,,,,,1,,,,0,,Longo da via,Bom,Não existe,Não existente,Seca,Perfeito estado,Não existe,Não há placas,60 km/h,Única,Não existe,,
2019-06-10,16:16:00,SEM VÍTIMA,CANCELADA,CURADO,AV PREFEITO ANTONIO PEREIRA,,,TIP  PLATAFORMA SUPERIOR,AV PREFEITO ANTONIO PEREIRA,,TIP  PLATAFORMA SUPERIOR,CURADO,,,COLISÃO,DOIS AUTO SEM VITIMAS,2,,,,,,,,,0,,,,,,,,,,,,,,
2019-06-10,16:49:00,SEM VÍTIMA,FINALIZADA,IPUTINGA,RUA JOSE TAVARES DA MOTA,90,,,RUA JOSE TAVARES DA MOTA,90,,IPUTINGA,,SUBURBIO,ABALROAMENTO LONGITUDINAL,COLISAO ENTRE AUTO E CAMINHAO,1,,,,,,1,,,0,,Longo da via,Bom,Não existe,Incompleta,Seca,Mal conservada,Não existe,Não há placas,,Dupla,Não existe,,
2019-06-10,17:20:00,COM VÍTIMA,FINALIZADA,DERBY,PRC DO DERBY,,RUA JENER DE SOUZA,EM FRENTE AO QUARTEL DO DERBY,PRC DO DERBY,,EM FRENTE AO QUARTEL DO DERBY,DERBY,,,ATROPELAMENTO,ONIBUS E PEDESTRE,,,,,1,1,,,,1,,Longo da via,Bom,Não existe,Perfeito estado,Seca,Perfeito estado,Não existe,Não há placas,,Única,Não existe,,
2019-06-10,17:38:00,SEM VÍTIMA,FINALIZADA,BEBERIBE,AV BEBERIBE,94,,NA PRAÇA DA CONVENÇÃO ( RETORNO),AV BEBERIBE,94,NA PRAÇA DA CONVENÇÃO ( RETORNO),BEBERIBE,,SUBURBIO,ABALROAMENTO LONGITUDINAL,COLISÃO SEM VITIMAS,1,,,,,1,,,,0,,,Bom,Não existe,Incompleta,Seca,Perfeito estado,Não existe,Não há placas,,Única,Não existe,,
2019-06-10,17:41:00,COM VÍTIMA,CANCELADA,AREIAS,AV DR JOSE RUFINO,,,E/F A HONDA,AV DR JOSE RUFINO,,E/F A HONDA,AREIAS,,,COLISÃO,AUTO E MOTO COM VITIMAS,1,1,,,,,,,,2,,,,,,,,,,,,,,
2019-06-10,17:44:00,SEM VÍTIMA,FINALIZADA,DOIS IRMÃOS,RUA MANUEL DE MEDEIROS,,,EM FRENTE A UFPE,RUA MANUEL DE MEDEIROS,,EM FRENTE A UFPE,DOIS IRMÃOS,,CIDADE,ABALROAMENTO LONGITUDINAL,COLISAO ENTRE TAXI E MOTO,1,1,,,,,,,,0,,Longo da via,Bom,Não existe,Perfeito estado,Seca,Perfeito estado,Não existe,Não há placas,60 km/h,Dupla,Faixa contínua,,
2019-06-10,18:25:00,COM VÍTIMA,FINALIZADA,BOA VISTA,RUA AURORA,,AV CONDE DA BOA VISTA,EM FRENTE AO CINE SÃO LUIZ,RUA AURORA,,EM FRENTE AO CINE SÃO LUIZ,BOA VISTA,162,,COLISÃO TRASEIRA,COLISÃO COM VÍTIMA  ENTRE CAMINHÃO E MOTO,,1,,,,,1,,,1,,Longo da via,Bom,Sem defeito,Perfeito estado,Seca,Perfeito estado,Faixa de retenção,Não há placas,,Única,Faixa seccionada,,
2019-06-10,19:05:00,SEM VÍTIMA,FINALIZADA,DOIS IRMÃOS,EST DOS PINTOS,,,GRANJA DE DOIS IRMÃOS,EST DOS PINTOS,,GRANJA DE DOIS IRMÃOS,DOIS IRMÃOS,,,ABALROAMENTO LONGITUDINAL,ENTRE ÕNIBUAS E AUTO. S/V,1,,,,,1,,,,0,,Longo da via,Bom,Não existe,Incompleta,Seca,Mal iluminada,Não existe,Outras,,Dupla,Faixa seccionada,,
2019-06-10,19:43:00,SEM VÍTIMA,FINALIZADA,ÁGUA FRIA,RUA DA REGENERACAO,,AV BEBERIBE,SEMÁFORO 622,RUA DA REGENERACAO,,SEMÁFORO 622,ÁGUA FRIA,622,SUBURBIO,ABALROAMENTO LONGITUDINAL,ENTRE 2 AUTOS. S/V,2,,,,,,,,,0,,Longo da via,Bom,Sem defeito,Perfeito estado,Seca,Perfeito estado,Outros,Outras,,Única,Faixa contínua,,
2019-06-10,20:28:00,COM VÍTIMA,FINALIZADA,CAXANGÁ,AV CAXANGA,1440,,PROX AO HOSPITAL GETULIO VARGAS  SNT CAMARAGIBE / SEMÁFORO 80 ----- VT 02 NO LOCAL - EDVAN,AV CAXANGA,1440,PROX AO HOSPITAL GETULIO VARGAS  SNT CAMARAGIBE / SEMÁFORO 80 ----- VT 02 NO LOCAL - EDVAN,CAXANGÁ,80,SUBURBIO,ABALROAMENTO LONGITUDINAL,ENTRE MOTO E AUTO. C/V,1,1,,,,,,,,1,,Longo da via,Bom,Sem defeito,Perfeito estado,Seca,Perfeito estado,Agente,Outras,,Dupla,Canteiro central,,
2019-06-10,21:43:00,SEM VÍTIMA,FINALIZADA,ESTÂNCIA,AV RECIFE,,AV JOAO CABRAL DE MELO NETO,EM FRENTE AO CERPE,AV RECIFE,,EM FRENTE AO CERPE,ESTÂNCIA,259,,CHOQUE VEÍCULO PARADO,CLASSIC X VOYAGE,2,,,,,,,,,0,,Longo da via,Chuvoso,Sem defeito,Perfeito estado,Molhada,Perfeito estado,Faixa de pedestre,,60 km/h,Dupla,Canteiro central,,
2019-06-11,01:41:00,COM VÍTIMA,FINALIZADA,DERBY,AV GOVERNADOR AGAMENON MAGALHAES,,,SEMÁFORO 078,AV GOVERNADOR AGAMENON MAGALHAES,,SEMÁFORO 078,DERBY,78,SUBURBIO,CAPOTAMENTO,MOTORISTA PERDEU O CONTROLE DO VEÍCULO E CAIU DENTRO DO CANAL COM O MESMO  C/V,1,,,,,,,,,1,,Longo da via,Bom,Sem defeito,Perfeito estado,Seca,Perfeito estado,Outros,Outras,,Única,Canteiro central,,
2019-06-11,02:26:00,SEM VÍTIMA,FINALIZADA,IPUTINGA,RUA PADRE DEHON,,,PRÓX AO DETRAN,RUA PADRE DEHON,,PRÓX AO DETRAN,IPUTINGA,,,CHOQUE OBJETO FIXO,CONDUTOR CHOCOU-SE CONTRA UM POSTE,,,,,,,1,,,0,,,,,,,,,,,,,,
2019-06-11,05:51:00,SEM VÍTIMA,FINALIZADA,BOA VISTA,RUA DO RIACHUELO,,RUA DA UNIAO,,RUA DO RIACHUELO,,,BOA VISTA,,,CHOQUE,VEÍCULO PERDEU O CONTROLE E CHOCOU-SE COM O CANTEIRO DA VIA PERMANECENDO PARTE DO VEÍCULO SOBRE A CALÇADA E PARTE SOBRE A VIA,1,,,,,,,,,0,,,,,,,,,,,,,,
2019-06-12,06:55:00,SEM VÍTIMA,FINALIZADA,JARDIM SÃO PAULO,AV RECIFE,5635,,LABORATORIO CERPE,AV RECIFE,5635,LABORATORIO CERPE,JARDIM SÃO PAULO,259,,COLISÃO TRASEIRA,COLISÃO SEM VITIMAS,1,,,,,,1,,,0,,Longo da via,Chuvoso,Sem defeito,Perfeito estado,Molhada,Perfeito estado,Não existe,Não há placas,60 km/h,Dupla,Canteiro central,,
2019-06-11,07:26:00,SEM VÍTIMA,FINALIZADA,SANTO AMARO,AV GOVERNADOR AGAMENON MAGALHAES,,,EM FRENTE AO POSTO DE GASOLINA DISLUB,AV GOVERNADOR AGAMENON MAGALHAES,,EM FRENTE AO POSTO DE GASOLINA DISLUB,SANTO AMARO,,SUBURBIO,ABALROAMENTO LONGITUDINAL,COLISÃO SEM VITIMAS,1,1,,,,,,,,0,,Longo da via,Chuvoso,Não existe,Perfeito estado,Molhada,Perfeito estado,Não existe,Outras,60 km/h,Dupla,Canteiro central,,
2019-06-11,08:15:00,COM VÍTIMA,FINALIZADA,ÁGUA FRIA,AV BEBERIBE,,RUA ZEFERINO AGRA,,AV BEBERIBE,,,ÁGUA FRIA,,CIDADE,ABALROAMENTO LONGITUDINAL,COLISÃO COM VITIMA,1,1,,,,,,,,1,,Longo da via,Bom,Não existe,Perfeito estado,Seca,Perfeito estado,Faixa de pedestre,R-6a,,Dupla,Não existe,,
2019-06-11,08:33:00,SEM VÍTIMA,FINALIZADA,IMBIRIBEIRA,RUA BARAO DE AGUA BRANCA,316,RUA DUQUE ESTRADA,,RUA BARAO DE AGUA BRANCA,316,,IMBIRIBEIRA,,CIDADE,ABALROAMENTO TRANSVERSAL,CAMINHÃO E DOIS AUTOS,1,,,,,,1,,,0,,Cruzamento,Chuvoso,Não existe,Não existente,Molhada,Perfeito estado,Não existe,Não há placas,,Dupla,Não existe,,
2019-06-11,08:55:00,SEM VÍTIMA,DUPLICIDADE,IMBIRIBEIRA,RUA DUQUE ESTRADA,,,EM FRENTE A POUSADA SOL E MAR,RUA DUQUE ESTRADA,,EM FRENTE A POUSADA SOL E MAR,IMBIRIBEIRA,,,COLISÃO,COLISÃO SEM VITIMAS,1,,,,,,1,,,0,,,,,,,,,,,,,,
2019-06-11,10:16:00,SEM VÍTIMA,FINALIZADA,BOA VIAGEM,AV CONSELHEIRO AGUIAR,3355,,EDF TROPICAL,AV CONSELHEIRO AGUIAR,3355,EDF TROPICAL,BOA VIAGEM,,CIDADE,ABALROAMENTO LONGITUDINAL,COLISÃO SEM VITIMAS,1,,,,,,1,,,0,,Longo da via,Bom,Não existe,Perfeito estado,Seca,Perfeito estado,Outros,Outras,,Única,Faixa seccionada,,
2019-06-11,10:41:00,SEM VÍTIMA,FINALIZADA,BOA VISTA,RUA DOM PEDRO HENRIQUE,300,,EM FRENTE AO ESTACIONAMENTO DO LUCILO AVILA,RUA DOM PEDRO HENRIQUE,300,EM FRENTE AO ESTACIONAMENTO DO LUCILO AVILA,BOA VISTA,,SUBURBIO,ABALROAMENTO LONGITUDINAL,DOIS AUTOS,2,,,,,,,,,0,,,Bom,,Perfeito estado,Seca,Perfeito estado,,R-6a,,Única,Não existe,,
2019-06-11,10:46:00,SEM VÍTIMA,FINALIZADA,IMBIRIBEIRA,AV MARECHAL MASCARENHAS DE MORAES,1854,,EM FRENTE AO POSTO BR / AO LADO AGENCIA DA HONDA,AV MARECHAL MASCARENHAS DE MORAES,1854,EM FRENTE AO POSTO BR / AO LADO AGENCIA DA HONDA,IMBIRIBEIRA,288,SUBURBIO,ABALROAMENTO LONGITUDINAL,DOIS AUTOS,2,,,,,,,,,0,,Longo da via,Bom,Não existe,Não existente,Seca,Perfeito estado,Não existe,Não há placas,,Dupla,Não existe,,
2019-06-11,11:12:00,SEM VÍTIMA,CANCELADA,SAN MARTIN,AV GENERAL SAN MARTIN,2321 A,,EM FRENTE A MERCEARIA,AV GENERAL SAN MARTIN,2321 A,EM FRENTE A MERCEARIA,SAN MARTIN,,,COLISÃO,DOIS AUTOD,2,,,,,,,,,0,,,,,,,,,,,,,,
2019-06-11,11:25:00,SEM VÍTIMA,FINALIZADA,BOA VIAGEM,AV HERCULANO BANDEIRA,,,EM FRENTE A JBS VEÍCULOS,AV HERCULANO BANDEIRA,,EM FRENTE A JBS VEÍCULOS,BOA VIAGEM,660,SUBURBIO,COLISÃO TRASEIRA,COLISÃO SEM VITIMAS,1,,,,,,1,,,0,,Longo da via,Bom,Sem defeito,Perfeito estado,Seca,Perfeito estado,Faixa de pedestre,Outras,,Única,Faixa contínua,,
2019-06-11,11:35:00,SEM VÍTIMA,DUPLICIDADE,PINA,AV HERCULANO BANDEIRA,949,,EM FRENTE AO ATACADO DA CONSTRUÇÃO,AV HERCULANO BANDEIRA,949,EM FRENTE AO ATACADO DA CONSTRUÇÃO,PINA,,,COLISÃO,CAMINHÃO E AUTO,1,,,,,,1,,,0,,,,,,,,,,,,,,
2019-06-11,12:07:00,SEM VÍTIMA,FINALIZADA,AFOGADOS,RUA NICOLAU PEREIRA,,RUA DO ACRE,,RUA NICOLAU PEREIRA,,,AFOGADOS,,CIDADE,ABALROAMENTO LONGITUDINAL,,2,,,,,,,,,0,,Longo da via,Bom,Não existe,Incompleta,Seca,Perfeito estado,Não existe,R-6a,,Única,Faixa seccionada,,
2019-06-11,12:11:00,SEM VÍTIMA,FINALIZADA,SÃO JOSÉ,VDO DAS CINCO PONTAS,,,SOBRE O VIADUTO,VDO DAS CINCO PONTAS,,SOBRE O VIADUTO,SÃO JOSÉ,,SUBURBIO,ABALROAMENTO TRANSVERSAL,COLISÃO SEM VÍTIMA,2,,,,,,,,,0,,Viaduto,Bom,Não existe,Perfeito estado,Seca,Perfeito estado,Não existe,Não há placas,,Dupla,Canteiro central,,
2019-06-11,13:08:00,SEM VÍTIMA,FINALIZADA,ILHA DO LEITE,AV GOVERNADOR AGAMENON MAGALHAES,,,ENTRE SO HOSPITAL PORTUGUES,AV GOVERNADOR AGAMENON MAGALHAES,,ENTRE SO HOSPITAL PORTUGUES,ILHA DO LEITE,,SUBURBIO,COLISÃO TRASEIRA,COLISAO ENTRE DOIS AUTOS S/V,2,,,,,,,,,0,,Longo da via,Bom,Não existe,Não existente,Seca,Perfeito estado,Não existe,Não há placas,,Dupla,Faixa seccionada,,
2019-06-11,13:10:00,SEM VÍTIMA,CANCELADA,IPUTINGA,EST DO BARBALHO,236,,EM FRENTE AO RESTAURANTE NOVA FAMA,EST DO BARBALHO,236,EM FRENTE AO RESTAURANTE NOVA FAMA,IPUTINGA,,,COLISÃO,COLISÃO S/VITIMAS ENTRE UM CAMINHÃO E AUTO,1,,,,,,1,,,0,,,,,,,,,,,,,,
2019-06-11,13:24:00,SEM VÍTIMA,FINALIZADA,BOA VISTA,RUA HENRIQUE DIAS,,RUA DOM BOSCO,,RUA HENRIQUE DIAS,,,BOA VISTA,294,SUBURBIO,ABALROAMENTO LONGITUDINAL,COLISÃO SEM VITIMA,1,,,,,1,,,,0,,,Bom,Sem defeito,Perfeito estado,Seca,Perfeito estado,Faixa de pedestre,Outras,,Única,Faixa seccionada,,
2019-06-11,13:37:00,SEM VÍTIMA,FINALIZADA,CORDEIRO,RUA TOMAZ GONZAGA,,,EM FRENTE AO SEMÁFORO DE Nº 280,RUA TOMAZ GONZAGA,,EM FRENTE AO SEMÁFORO DE Nº 280,CORDEIRO,280,SUBURBIO,COLISÃO TRASEIRA,COLISÃO S/ VITIMAS ENTRE DOIS AUTOS,2,,,,,,,,,0,,Longo da via,Bom,Sem defeito,Perfeito estado,Seca,Perfeito estado,Não existe,Outras,,Dupla,Faixa contínua,,
2019-06-11,14:38:00,COM VÍTIMA,FINALIZADA,BONGI,RUA ITAPEMIRIM,,RUA PIO MUNIZ FARIAS,,RUA ITAPEMIRIM,,,BONGI,,SUBURBIO,ABALROAMENTO TRANSVERSAL,COLISÃO COM VITIMA,1,,,,,,1,,,1,,,Bom,Não existe,Não existente,Seca,Perfeito estado,Não existe,Não há placas,,Dupla,Não existe,,
2019-06-11,15:11:00,SEM VÍTIMA,FINALIZADA,PAISSANDU,AV GOVERNADOR AGAMENON MAGALHAES,,,EM FRENTE AO HOSPITAL PORTUGUES,AV GOVERNADOR AGAMENON MAGALHAES,,EM FRENTE AO HOSPITAL PORTUGUES,PAISSANDU,,SUBURBIO,ABALROAMENTO LONGITUDINAL,COLISAO ENTRE ONIBUS E AUTO S/V,1,,,,,1,,,,0,,Longo da via,Bom,Não existe,Perfeito estado,Seca,Perfeito estado,Não existe,Não há placas,60 km/h,Única,Faixa seccionada,,
2019-06-11,15:18:00,SEM VÍTIMA,FINALIZADA,ILHA DO LEITE,AV GOVERNADOR AGAMENON MAGALHAES,4775,,EDIFCIO THOMAS EDSON,AV GOVERNADOR AGAMENON MAGALHAES,4775,EDIFCIO THOMAS EDSON,ILHA DO LEITE,,,COLISÃO TRASEIRA,COLISÃO S/ VITIMAS ENTRE MOTO E AUTO,1,1,,,,,,,,0,,Longo da via,Bom,Não existe,Perfeito estado,Seca,Perfeito estado,Não existe,Não há placas,,Única,Faixa seccionada,,
2019-06-11,16:15:00,SEM VÍTIMA,FINALIZADA,SAN MARTIN,RUA DR FLAVIO FERREIRA DA SILVA MAROJO,,RUA VINTE E UM DE ABRIL,EMPREL,RUA DR FLAVIO FERREIRA DA SILVA MAROJO,,EMPREL,SAN MARTIN,,,ABALROAMENTO TRANSVERSAL,COLISÃO SEM VITIMAS,1,,,,,1,,,,0,,Cruzamento,Bom,Não existe,Perfeito estado,Seca,Perfeito estado,Não existe,Não há placas,,Única,Não existe,,
2019-06-11,17:46:00,SEM VÍTIMA,FINALIZADA,IPUTINGA,RUA EMILIANO BRAGA,186,,PARAIBANOS BAR,RUA EMILIANO BRAGA,186,PARAIBANOS BAR,IPUTINGA,,,ABALROAMENTO LONGITUDINAL,COLISÃO SEM VITIMA,2,,,,,,,,,0,,Longo da via,Bom,Não existe,Perfeito estado,Seca,Perfeito estado,Não existe,Não há placas,,Dupla,Não existe,,
2019-06-11,18:16:00,SEM VÍTIMA,FINALIZADA,ILHA DO LEITE,AV FREI MATIAS TEVES,,RUA SENADOR JOSE HENRIQUE,,AV FREI MATIAS TEVES,,,ILHA DO LEITE,,SUBURBIO,COLISÃO TRASEIRA,COLISAO ENTRE DOIS AUTOS S/V,2,,,,,,,,,0,,Longo da via,Bom,Não existe,Perfeito estado,Seca,Perfeito estado,Faixa de pedestre,Placas Pare,,Única,Faixa seccionada,,
2019-06-11,18:16:00,COM VÍTIMA,FINALIZADA,ESPINHEIRO,AV GOVERNADOR AGAMENON MAGALHAES,,,,AV GOVERNADOR AGAMENON MAGALHAES,,,ESPINHEIRO,,SUBURBIO,ABALROAMENTO LONGITUDINAL,AUTO E MOTO COM VITIMAS,1,1,,,,,,,,1,,Longo da via,Bom,Não existe,Não existente,Seca,Perfeito estado,Não existe,Não há placas,,Única,Faixa contínua,,
2019-06-11,18:22:00,SEM VÍTIMA,FINALIZADA,CASA AMARELA,EST DO ENCANAMENTO,1093,,,EST DO ENCANAMENTO,1093,,CASA AMARELA,,,ABALROAMENTO LONGITUDINAL,ONIBUS E AUTO SEM VITIMAS,1,,,,,1,,,,0,,Longo da via,Bom,Não existe,Perfeito estado,Seca,Mal conservada,Não existe,Não há placas,,Única,Faixa seccionada,,
2019-06-11,18:24:00,SEM VÍTIMA,CANCELADA,IMBIRIBEIRA,RUA ITACARI,,,E/F AO BANCO ITAÚ S/T IPSEP,RUA ITACARI,,E/F AO BANCO ITAÚ S/T IPSEP,IMBIRIBEIRA,,,COLISÃO,COLISAO ENTRE DOIS AUTOS S/V,2,,,,,,,,,0,,,,,,,,,,,,,,
2019-06-11,18:30:00,SEM VÍTIMA,FINALIZADA,CAXANGÁ,AV CAXANGA,,,EM FRENTE AO POSTO BR,AV CAXANGA,,EM FRENTE AO POSTO BR,CAXANGÁ,533,CIDADE,ABALROAMENTO LONGITUDINAL,DOIS AUTO SEM VITIMAS,2,,,,,,,,1,0,,Longo da via,Bom,Sem defeito,Perfeito estado,Seca,Perfeito estado,Agente,Não há placas,,Dupla,Canteiro central,,
2019-06-11,18:43:00,SEM VÍTIMA,FINALIZADA,PINA,PTE GOVERNADOR PAULO GUERRA,,,SOBRE A PONTE,PTE GOVERNADOR PAULO GUERRA,,SOBRE A PONTE,PINA,,SUBURBIO,ABALROAMENTO LONGITUDINAL,COLISAO ENTRE AUTO E CAMINHAO S/V S/T SUB,1,,,,,,1,,,0,,Ponte,Bom,Não existe,Perfeito estado,Seca,Perfeito estado,Não existe,Não há placas,,Única,Faixa contínua,,
2019-06-11,19:43:00,SEM VÍTIMA,FINALIZADA,VÁRZEA,RUA PROFESSOR ANTONIO COELHO,270,RUA AGRICOLANDIA,,RUA PROFESSOR ANTONIO COELHO,270,,VÁRZEA,,SUBURBIO,ABALROAMENTO TRANSVERSAL,ENGAVETAMENTO ENTRE TRES AUTOS S/V,3,,,,,,,,,0,,Cruzamento,Bom,Não existe,Não existente,Seca,Perfeito estado,Não existe,Não há placas,,Dupla,Não existe,,
2019-06-11,20:03:00,SEM VÍTIMA,CANCELADA,CIDADE UNIVERSITÁRIA,RUA BACATUBA,,AV DOS REITORES,E/F A UFPE,RUA BACATUBA,,E/F A UFPE,CIDADE UNIVERSITÁRIA,,,COLISÃO,COLISAO ENTRE AUTO E CAMINHAO S/V,1,,,,,,1,,,0,,,,,,,,,,,,,,
2019-06-11,20:17:00,SEM VÍTIMA,FINALIZADA,PINA,AV ANTONIO DE GOES,,,EM FRENTE AO DNIT,AV ANTONIO DE GOES,,EM FRENTE AO DNIT,PINA,,SUBURBIO,ABALROAMENTO LONGITUDINAL,COLISAO ENTRE AUTO E ONIBUS S/V,1,,,,,1,,,,0,,Longo da via,Bom,Sem defeito,Perfeito estado,Seca,Perfeito estado,Faixa de pedestre,Outras,,Única,Faixa seccionada,,
2019-06-11,20:33:00,SEM VÍTIMA,FINALIZADA,PINA,AV ANTONIO DE GOES,,,TÚNEL  DA AV ENG ANTONIO DE GOES,AV ANTONIO DE GOES,,TÚNEL  DA AV ENG ANTONIO DE GOES,PINA,,CIDADE,COLISÃO TRASEIRA,DOIS AUTO SEM VITMAS,2,,,,,,,,,0,,,Bom,Não existe,Perfeito estado,Seca,Perfeito estado,Não existe,Não há placas,,Única,Faixa seccionada,,
2019-06-11,21:35:00,SEM VÍTIMA,FINALIZADA,MADALENA,AV CAXANGA,,,LADO OPOSTO AO COLEGIO CFI,AV CAXANGA,,LADO OPOSTO AO COLEGIO CFI,MADALENA,,CIDADE,COLISÃO TRASEIRA,DOPIS AUTO SEM VITIMAS,2,,,,,,,,,0,,Longo da via,Bom,Não existe,Perfeito estado,Seca,Perfeito estado,Não existe,Outras,,Dupla,Faixa contínua,,
2019-06-11,22:14:00,SEM VÍTIMA,CANCELADA,GRAÇAS,RUA JOAQUIM NABUCO,,RUA GUILHERME PINTO,E/F ACADEMIA 677,RUA JOAQUIM NABUCO,,E/F ACADEMIA 677,GRAÇAS,,,COLISÃO,COLISAO ENTRE DOIS AUTOS S/V,2,,,,,,,,,0,,,,,,,,,,,,,,
2019-06-12,00:21:00,SEM VÍTIMA,FINALIZADA,IBURA,LAD DA COHAB,80,,,LAD DA COHAB,80,,IBURA,,SUBURBIO,COLISÃO FRONTAL,COLISÃO ENTRE DOIS AUTOS  SEM VÍTIMAS.,2,,,,,,,,,0,,Longo da via,Bom,Não existe,Perfeito estado,Seca,Perfeito estado,,R-6a,,Dupla,Faixa contínua,,
2019-06-12,06:00:00,SEM VÍTIMA,FINALIZADA,GRAÇAS,AV RUI BARBOSA,,,COLÉGIO VERA CRUZ,AV RUI BARBOSA,,COLÉGIO VERA CRUZ,GRAÇAS,,CIDADE,ABALROAMENTO LONGITUDINAL,SEM VITIMAS,1,,,,,1,,,,0,,Longo da via,Chuvoso,Não existe,Perfeito estado,Molhada,Perfeito estado,Não existe,Não há placas,,Única,Faixa seccionada,,
2019-06-12,07:14:00,SEM VÍTIMA,FINALIZADA,,RUA AFONSO PENA,165,,EM FRENTE A UNICAP,RUA AFONSO PENA,165,EM FRENTE A UNICAP,,,CIDADE,ABALROAMENTO LONGITUDINAL,COLISÃO S/VITIMAS ENTRE DOIS AUTOS,2,,,,,,,,,0,,Longo da via,Bom,Não existe,Perfeito estado,Seca,Perfeito estado,Não existe,Não há placas,,Única,Não existe,,
2019-06-12,07:19:00,SEM VÍTIMA,FINALIZADA,AREIAS,AV DR JOSE RUFINO,2146,,FRUTAS E FRUTOS,AV DR JOSE RUFINO,2146,FRUTAS E FRUTOS,AREIAS,213,SUBURBIO,CHOQUE VEÍCULO PARADO,SEM VITIMAS,2,,,,,,,,,0,,Longo da via,Bom,Sem defeito,Perfeito estado,Seca,Perfeito estado,Faixa de pedestre,Outras,40 km/h,Dupla,Faixa contínua,,
2019-06-12,07:38:00,SEM VÍTIMA,FINALIZADA,AFLITOS,AV CONS ROSA E SILVA,1510,,EM FRENTE A ABA GLOBAL EDUCATION,AV CONS ROSA E SILVA,1510,EM FRENTE A ABA GLOBAL EDUCATION,AFLITOS,,SUBURBIO,ABALROAMENTO LONGITUDINAL,AUTO E ONIBUS,1,,,,,1,,,,0,,Longo da via,Bom,Não existe,Perfeito estado,Seca,Perfeito estado,Não existe,Outras,,Única,Faixa seccionada,,
2019-06-12,07:45:00,SEM VÍTIMA,FINALIZADA,IBURA,RUA FLORES DO PIAUI,93,,RESIDENCIA POR TRAS DA IGREJA IABV,RUA FLORES DO PIAUI,93,RESIDENCIA POR TRAS DA IGREJA IABV,IBURA,,,COLISÃO,COLISÃO SEM VITIMAS,2,,,,,,,,,0,,,,,,,,,,,,,,
2019-06-12,07:49:00,SEM VÍTIMA,FINALIZADA,MADALENA,RUA JOSE OSORIO,,AV VISCONDE DE ALBUQUERQUE,,RUA JOSE OSORIO,,,MADALENA,50,,ABALROAMENTO LONGITUDINAL,DOIS AUTOS,2,,,,,,,,,0,,Cruzamento,Bom,Sem defeito,Perfeito estado,Seca,Perfeito estado,Faixa de pedestre,R-6a,,Única,Faixa seccionada,,
2019-06-12,08:27:00,SEM VÍTIMA,FINALIZADA,CORDEIRO,RUA VICENTE DO REGO MONTEIRO,312,RUA ANTONIO VALDEVINO COSTA,PRÓXIMO A YOKI,RUA VICENTE DO REGO MONTEIRO,312,PRÓXIMO A YOKI,CORDEIRO,,SUBURBIO,ABALROAMENTO TRANSVERSAL,COLISÃO SEM VITIMAS,2,,,,,,,,,0,,,Bom,Não existe,Perfeito estado,Seca,Perfeito estado,,Outras,,Dupla,Não existe,,
2019-06-12,09:34:00,SEM VÍTIMA,FINALIZADA,BARRO,AV DR JOSE RUFINO,1807,,ENTRADA DA RUA PADRE NOBREGA / AO LADO DA CRECHE DO BARRO,AV DR JOSE RUFINO,1807,ENTRADA DA RUA PADRE NOBREGA / AO LADO DA CRECHE DO BARRO,BARRO,,SUBURBIO,COLISÃO TRASEIRA,DOIS CAMINHOES,,,,,,,2,,,0,,Longo da via,Bom,Não existe,Perfeito estado,Seca,Perfeito estado,Não existe,Não há placas,,Dupla,Faixa contínua,,
2019-06-12,09:42:00,SEM VÍTIMA,FINALIZADA,BOA VIAGEM,AV BOA VIAGEM,6576,,EM FRENTE AO EDF CANAVIAL,AV BOA VIAGEM,6576,EM FRENTE AO EDF CANAVIAL,BOA VIAGEM,,CIDADE,COLISÃO TRASEIRA,SEM VITIMAS,2,,,,,,,,,0,,Longo da via,Nublado,Não existe,Não existente,Seca,Perfeito estado,Não existe,Não há placas,60 km/h,Única,Faixa seccionada,,
2019-06-12,10:12:00,SEM VÍTIMA,FINALIZADA,SANTO AMARO,RUA DOS PALMARES,,RUA MAJOR CODECEIRA,PRÓXIMO AO SINDICATO DOS HOSPITAIS,RUA DOS PALMARES,,PRÓXIMO AO SINDICATO DOS HOSPITAIS,SANTO AMARO,,SUBURBIO,ABALROAMENTO TRANSVERSAL,COLISÃO SEM VITIMAS,1,1,,,,,,,,0,,Cruzamento,Chuvoso,Sem defeito,Perfeito estado,Seca,Perfeito estado,Não existe,Outras,,Única,Não existe,,