data,hora,natureza_acidente,situacao,bairro,endereco,numero,detalhe_endereco_acidente,complemento,endereco_cruzamento,numero_cruzamento,referencia_cruzamento,bairro_cruzamento,num_semaforo,sentido_via,tipo,descricao,auto,moto,ciclom,ciclista,pedestre,onibus,caminhao,viatura,outros,vitimas,vitimasfatais,acidente_verificado,tempo_clima,situacao_semaforo,sinalizacao,condicao_via,conservacao_via,ponto_controle,situacao_placa,velocidade_max_via,mao_direcao,divisao_via1,divisao_via2,divisao_via3
2019-06-12,10:13:00,COM VÍTIMA,FINALIZADA,TAMARINEIRA,AV NORTE,3798,,,AV NORTE,3798,,TAMARINEIRA,62,SUBURBIO,ABALROAMENTO LONGITUDINAL,COLISÃO COM VÍTIMA  ENVOLVENDO 2 MOTOCICLETAS.,,2,,,,,,,,1,,Longo da via,Bom,Sem defeito,Perfeito estado,Seca,Perfeito estado,Faixa de pedestre,Outras,,Dupla,Faixa seccionada,Canteiro central,
2019-06-12,10:58:00,SEM VÍTIMA,FINALIZADA,IMBIRIBEIRA,AV MARECHAL MASCARENHAS DE MORAES,,,UPA DA IMBIRIBEIRA,AV MARECHAL MASCARENHAS DE MORAES,,UPA DA IMBIRIBEIRA,IMBIRIBEIRA,,CIDADE,COLISÃO TRASEIRA,COLISÃO S/VITIMAS ENTRE TRES AUTOS (SOLICITAÇÃO DE ETILÔMETRO),3,,,,,,,,,0,,Longo da via,Bom,Não existe,Perfeito estado,Seca,Perfeito estado,Não existe,Não há placas,60 km/h,Dupla,Canteiro central,,
2019-06-12,11:21:00,COM VÍTIMA,FINALIZADA,CASA AMARELA,EST DAS UBAIAS ,105,,MERCADO BOM DE +,EST DAS UBAIAS ,105,MERCADO BOM DE +,CASA AMARELA,,CID/SUB,ABALROAMENTO TRANSVERSAL,COM UMA VITIMA AGUARDANDO SAMU,1,1,,,,,,,,1,,Longo da via,Bom,Não existe,Perfeito estado,Seca,Perfeito estado,Outros,Outras,,Dupla,,,
2019-06-12,12:15:00,COM VÍTIMA,FINALIZADA,ÁGUA FRIA,RUA CONEGO BARATA,,,PRÓXIMO AO DNOCS,RUA CONEGO BARATA,,PRÓXIMO AO DNOCS,ÁGUA FRIA,,,ABALROAMENTO TRANSVERSAL,COLISÃO COM VÍTIMA,1,1,,,,,,,,1,,Longo da via,Bom,Não existe,Perfeito estado,Seca,Perfeito estado,,,,,,,
2019-06-12,12:24:00,SEM VÍTIMA,FINALIZADA,ILHA DO RETIRO,AV ENGENHEIRO ABDIAS DE CARVALHO,,,JURANDIR PIRES,AV ENGENHEIRO ABDIAS DE CARVALHO,,JURANDIR PIRES,ILHA DO RETIRO,355,SUBURBIO,COLISÃO TRASEIRA,COLISÃO SEM VÍTIMA,2,,,,,,,,,0,,Longo da via,Bom,Sem defeito,Perfeito estado,Seca,Perfeito estado,Não existe,Outras,,Dupla,Canteiro central,,
2019-06-12,12:31:00,SEM VÍTIMA,CANCELADA,GRAÇAS,RUA DOM SEBASTIAO LEME,78,,RUA EM FRENTE A IGREJA DAS GRAÇAS,RUA DOM SEBASTIAO LEME,78,RUA EM FRENTE A IGREJA DAS GRAÇAS,GRAÇAS,,,COLISÃO,COLISÃO SEM VÍTIMA,2,,,,,,,,,0,,,,,,,,,,,,,,
2019-06-12,13:14:00,SEM VÍTIMA,FINALIZADA,ESPINHEIRO,RUA MARQUES DO PARANA,209,RUA ALFREDO DE CARVALHO,OFICINA MARTELINHO DE OURO,RUA MARQUES DO PARANA,209,OFICINA MARTELINHO DE OURO,ESPINHEIRO,,,ABALROAMENTO TRANSVERSAL,AUTO E MOTO SEM VITIMAS,1,1,,,,,,,,0,,Cruzamento,Bom,Não existe,Perfeito estado,Seca,Perfeito estado,Agente,Placas Pare,,Única,Faixa seccionada,,
2019-06-12,12:42:00,SEM VÍTIMA,FINALIZADA,ESPINHEIRO,AV GOVERNADOR AGAMENON MAGALHAES,2656,,EM FRENTE AO EMPRESARIAL AGAMENON MAGALHÃES,AV GOVERNADOR AGAMENON MAGALHAES,2656,EM FRENTE AO EMPRESARIAL AGAMENON MAGALHÃES,ESPINHEIRO,,CIDADE,ABALROAMENTO LONGITUDINAL,,1,1,,,,,,,,0,,Longo da via,Bom,Não existe,Perfeito estado,Seca,Perfeito estado,Não existe,Outras,60 km/h,Dupla,Faixa contínua,Faixa seccionada,Canteiro central
2019-06-12,12:58:00,SEM VÍTIMA,FINALIZADA,ARRUDA,AV BEBERIBE,1799,,RESTAURANTE HONG,AV BEBERIBE,1799,RESTAURANTE HONG,ARRUDA,,CIDADE,ABALROAMENTO LONGITUDINAL,COLISAO ENTRE AUTO E MOTO S/V,1,1,,,,,,,,0,,Longo da via,Bom,Não existe,Perfeito estado,Seca,Perfeito estado,Faixa de pedestre,Não há placas,,Dupla,Faixa contínua,,
2019-06-12,13:06:00,SEM VÍTIMA,CANCELADA,CASA AMARELA,AV NORTE,5956,,EM FRENTE AO IRMÃOS FERRAGENS/ SENTIDO MACAXEIRA,AV NORTE,5956,EM FRENTE AO IRMÃOS FERRAGENS/ SENTIDO MACAXEIRA,CASA AMARELA,,,COLISÃO,COLISÃO SEM VÍTIMA,1,,,,,,1,,,0,,,,,,,,,,,,,,
2019-06-12,13:34:00,COM VÍTIMA,FINALIZADA,BOA VISTA,RUA DOM BOSCO,,AV GOVERNADOR CARLOS DE LIMA CAVALCANTI,,RUA DOM BOSCO,,,BOA VISTA,27,SUBURBIO,ABALROAMENTO TRANSVERSAL,COLISÃO ENTRE UM ANO E UMA MOTO,1,1,,,,,,,,1,,Cruzamento,Bom,Sem defeito,Perfeito estado,Seca,Perfeito estado,Faixa de pedestre,R-6c,,Dupla,Faixa seccionada,,
2019-06-12,14:17:00,SEM VÍTIMA,FINALIZADA,,AV JOAO DE BARROS,561,,,AV JOAO DE BARROS,561,,,,CIDADE,COLISÃO TRASEIRA,COLISÃO SEM VÍTIMA,2,,,,,,,,,0,,Longo da via,Bom,Sem defeito,Perfeito estado,Seca,Perfeito estado,Faixa de pedestre,Não há placas,,Única,Faixa seccionada,,
2019-06-12,14:25:00,SEM VÍTIMA,FINALIZADA,PINA,AV ANTONIO DE GOES,275,,E/F AO POSTO FEDERAL,AV ANTONIO DE GOES,275,E/F AO POSTO FEDERAL,PINA,,CIDADE,ABALROAMENTO TRANSVERSAL,COLISAO ENTRE DUAS MOTOS S/V,,2,,,,,,,,0,,Longo da via,Bom,Sem defeito,Perfeito estado,Seca,Perfeito estado,Não existe,Não há placas,,Única,Faixa seccionada,,
2019-06-12,14:27:00,SEM VÍTIMA,FINALIZADA,SANTO ANTÔNIO,RUA IMPERADOR PEDRO SEGUNDO,468,,EM FRENTE AO MINISTÉRIO PÚBLICO DE PE,RUA IMPERADOR PEDRO SEGUNDO,468,EM FRENTE AO MINISTÉRIO PÚBLICO DE PE,SANTO ANTÔNIO,,SUBURBIO,ABALROAMENTO LONGITUDINAL,CAMINHÃO AUTO PASSEIO SEM VITIMAS,1,,,,,,1,,,0,,Longo da via,Bom,Sem defeito,Perfeito estado,Seca,Perfeito estado,Não existe,Outras,,Única,Não existe,,
2019-06-12,14:30:00,SEM VÍTIMA,FINALIZADA,PINA,RUA PEREIRA DA COSTA,,RUA CAPITAO REBELINHO,,RUA PEREIRA DA COSTA,,,PINA,,SUBURBIO,ABALROAMENTO TRANSVERSAL,COLISAO ENTRE DOIS AUTOS S/V,2,,,,,,,,,0,,Cruzamento,Chuvoso,Não existe,Incompleta,Seca,Mal conservada,Faixa de retenção,Não há placas,,Única,Não existe,,
2019-06-12,14:41:00,SEM VÍTIMA,FINALIZADA,IPSEP,AV RECIFE,,,,AV RECIFE,,,IPSEP,,CIDADE,COLISÃO TRASEIRA,COLISAO ENTRE CAMINHAO E AUTO S/V,1,,,,,,1,,,0,,Longo da via,Bom,Sem defeito,Perfeito estado,Seca,Perfeito estado,Faixa de pedestre,,,Dupla,Canteiro central,,
2019-06-12,14:45:00,SEM VÍTIMA,FINALIZADA,BOA VIAGEM,RUA VISCONDE DE JEQUITINHONHA,,,APÓS A LOCALIZA,RUA VISCONDE DE JEQUITINHONHA,,APÓS A LOCALIZA,BOA VIAGEM,,SUBURBIO,COLISÃO TRASEIRA,DOIS AUTO SEM VITIMAS,2,,,,,,,,,0,,Longo da via,Bom,Não existe,Perfeito estado,Seca,Perfeito estado,Não existe,Não há placas,,Única,Não existe,,
2019-06-12,15:17:00,SEM VÍTIMA,FINALIZADA,BOA VISTA,RUA DA SAUDADE,,,,RUA DA SAUDADE,,,BOA VISTA,,SUBURBIO,ABALROAMENTO TRANSVERSAL,COLISAO ENTRE DOIS AUTOS S/V,2,,,,,,,,,0,,Longo da via,Bom,Não existe,Perfeito estado,Seca,Perfeito estado,,,,,,,
2019-06-12,15:17:00,SEM VÍTIMA,CANCELADA,BOA VIAGEM,RUA BARAO DE SOUZA LEAO,335,,E/F SUBWAY,RUA BARAO DE SOUZA LEAO,335,E/F SUBWAY,BOA VIAGEM,,,COLISÃO,AUTO E ONIBUS SEM VITIMAS,,,,,,,,,,0,,,,,,,,,,,,,,
2019-06-12,15:19:00,SEM VÍTIMA,FINALIZADA,AREIAS,AV RECIFE,1644,,EM FRENTE A MARK DIVERSÕES,AV RECIFE,1644,EM FRENTE A MARK DIVERSÕES,AREIAS,,,COLISÃO TRASEIRA,COLISÃO SEM VÍTIMA,1,,,,,,1,,1,0,,Longo da via,Chuvoso,Não existe,Perfeito estado,Molhada,Perfeito estado,Não existe,Outras,,Dupla,Faixa seccionada,Canteiro central,
2019-06-12,17:09:00,SEM VÍTIMA,FINALIZADA,CAXANGÁ,RUA PROFESSOR ANTONIO COELHO,,AV CAXANGA,EM FRENTE AO RESTAURANTE BRAZETTUS,RUA PROFESSOR ANTONIO COELHO,,EM FRENTE AO RESTAURANTE BRAZETTUS,CAXANGÁ,,CIDADE,ABALROAMENTO LONGITUDINAL,COLISÃO SEM VÍTIMAS  ENVOLVENDO ÔNIBUS E CAMINHÃO.,,,,,,1,1,,,0,,Longo da via,Chuvoso,Não existe,Ilegível,Molhada,Perfeito estado,Faixa de pedestre,Não há placas,,Dupla,Faixa contínua,,
2019-06-12,17:15:00,SEM VÍTIMA,FINALIZADA,DOIS IRMÃOS,RUA DOIS IRMAOS,,,MOTEL SENZALA,RUA DOIS IRMAOS,,MOTEL SENZALA,DOIS IRMÃOS,,CIDADE,COLISÃO TRASEIRA,COLISAO ENTRE DOIS AUTOS S/V,2,,,,,,,,,0,,Longo da via,Bom,Não existe,Perfeito estado,Seca,Perfeito estado,Não existe,Outras,,Dupla,Faixa contínua,,
2019-06-12,17:24:00,SEM VÍTIMA,FINALIZADA,CORDEIRO,AV GENERAL SAN MARTIN,,,AO LADO DO COMPAZ,AV GENERAL SAN MARTIN,,AO LADO DO COMPAZ,CORDEIRO,,SUBURBIO,COLISÃO TRASEIRA,COLISAO ENTRE DOIS AUTOS S/V,2,,,,,,,,,0,,Longo da via,Chuvoso,Não existe,Perfeito estado,Molhada,Perfeito estado,Não existe,R-6a,,Dupla,Faixa contínua,,
2019-06-12,17:33:00,SEM VÍTIMA,CANCELADA,BOA VIAGEM,RUA JONATHAS DE VASCONCELOS,316,,E/F A UNINASSAU,RUA JONATHAS DE VASCONCELOS,316,E/F A UNINASSAU,BOA VIAGEM,,,COLISÃO,COLISAO ENTRE DOIS AUTOS S/V,2,,,,,,,,,0,,,,,,,,,,,,,,
2019-06-12,17:36:00,SEM VÍTIMA,FINALIZADA,SÃO JOSÉ,AV SUL,,AV DANTAS BARRETO,,AV SUL,,,SÃO JOSÉ,311,CIDADE,ABALROAMENTO LONGITUDINAL,DOIS AUTO SEM VITIMAS,2,,,,,,,,,0,,Longo da via,Chuvoso,Sem defeito,Perfeito estado,Seca,Perfeito estado,,Outras,60 km/h,Dupla,Canteiro central,,
2019-06-12,17:45:00,SEM VÍTIMA,FINALIZADA,SANTO ANTÔNIO,PRC DA REPUBLICA,,,E/F AO PALACIO DO GOVERNO,PRC DA REPUBLICA,,E/F AO PALACIO DO GOVERNO,SANTO ANTÔNIO,488,SUBURBIO,COLISÃO TRASEIRA,COLISAO ENTRE DOS AUTOS S/V,2,,,,,,,,,0,,Longo da via,Bom,Sem defeito,Perfeito estado,Seca,Perfeito estado,Faixa de pedestre,R-6a,40 km/h,Única,Faixa contínua,,
2019-06-12,18:12:00,SEM VÍTIMA,FINALIZADA,PRADO,RUA PADRE TEOFILO TWORZ,,RUA SANTA EDWIRGES,,RUA PADRE TEOFILO TWORZ,,,PRADO,,SUBURBIO,ABALROAMENTO TRANSVERSAL,DOIS AUTO SEM VITIMAS,2,,,,,,,,,0,,Cruzamento,Bom,Não existe,Perfeito estado,Seca,Perfeito estado,Não existe,Não há placas,,Dupla,Canteiro central,,
2019-06-12,18:46:00,SEM VÍTIMA,FINALIZADA,CAMPO GRANDE,RUA ODORICO MENDES,695,,,RUA ODORICO MENDES,695,,CAMPO GRANDE,,SUBURBIO,COLISÃO TRASEIRA,TRÊS AUTO SEM VITIMAS,3,,,,,,,,,0,,Longo da via,Bom,Não existe,Perfeito estado,Seca,Perfeito estado,Outros,Outras,,Dupla,Blocos,,
2019-06-12,18:51:00,SEM VÍTIMA,FINALIZADA,SANTO AMARO,AV GOVERNADOR AGAMENON MAGALHAES,,,LADO OPOSTO A FACULDADE UPE,AV GOVERNADOR AGAMENON MAGALHAES,,LADO OPOSTO A FACULDADE UPE,SANTO AMARO,,SUBURBIO,ABALROAMENTO LONGITUDINAL,COLISÃO ENTRE AUTO E MOTO S/V,1,1,,,,,,,,0,,Longo da via,Bom,Não existe,Perfeito estado,Seca,Perfeito estado,Não existe,Outras,,Dupla,Faixa seccionada,Canal,
2019-06-12,19:17:00,SEM VÍTIMA,CANCELADA,ÁGUA FRIA,RUA DAS MOCAS,1498,,E/F AO RESD BIAGIL CHIAPPETTA,RUA DAS MOCAS,1498,E/F AO RESD BIAGIL CHIAPPETTA,ÁGUA FRIA,,,COLISÃO COM CICLISTA,MOTO E CICLISTA SEM VITIMAS,,1,,1,,,,,,0,,,,,,,,,,,,,,
2019-06-12,19:18:00,COM VÍTIMA,FINALIZADA,IMBIRIBEIRA,RUA GONCALVES DE MAGALHAES,196,,,RUA GONCALVES DE MAGALHAES,196,,IMBIRIBEIRA,,SUBURBIO,COLISÃO TRASEIRA,COLISÃO ENTRE DOIS AUTOS S/V,2,,,,,,,,,2,,Longo da via,Chuvoso,Não existe,Não existente,Molhada,Mal conservada,Não existe,Não há placas,,Dupla,Não existe,,
2019-06-12,19:53:00,SEM VÍTIMA,FINALIZADA,CAMPO GRANDE,RUA MARQUES DE BAIPENDI,,RUA JERONIMO VILELA,,RUA MARQUES DE BAIPENDI,,,CAMPO GRANDE,341,SUBURBIO,COLISÃO TRASEIRA,DOIS AUTO SEM VITIMAS,2,,,,,,,,,0,,Cruzamento,Bom,Sem defeito,Perfeito estado,Seca,Perfeito estado,Faixa de pedestre,R-6a,,Dupla,Faixa contínua,Faixa seccionada,
2019-06-12,20:36:00,SEM VÍTIMA,FINALIZADA,CASA FORTE,EST DO ENCANAMENTO,459,,,EST DO ENCANAMENTO,459,,CASA FORTE,,SUBURBIO,COLISÃO TRASEIRA,DOIS AUTO SEM VITIMAS,2,,,,,,,,,0,,Longo da via,Bom,Não existe,Perfeito estado,Seca,Perfeito estado,Outros,Outras,,Única,Faixa contínua,,
2019-06-12,22:15:00,SEM VÍTIMA,FINALIZADA,BOA VIAGEM,AV CONSELHEIRO AGUIAR,,,POSTO DE GASOLINA IPIRANGA,AV CONSELHEIRO AGUIAR,,POSTO DE GASOLINA IPIRANGA,BOA VIAGEM,,CIDADE,COLISÃO TRASEIRA,AUTO E MOTO SEM VITIMAS,1,1,,,,,,,,0,,Longo da via,Bom,Não existe,Perfeito estado,Seca,Perfeito estado,Não existe,R-6a,60 km/h,Única,Faixa contínua,Faixa seccionada,
2019-06-12,23:44:00,SEM VÍTIMA,FINALIZADA,BOA VIAGEM,RUA RIBEIRO DE BRITO,,RUA AGENOR LOPES,,RUA RIBEIRO DE BRITO,,,BOA VIAGEM,496,CIDADE,ABALROAMENTO LONGITUDINAL,COLISÃO ENTRE DOIS AUTOS S/V,2,,,,,,,,,0,,Cruzamento,Chuvoso,Sem defeito,Perfeito estado,Molhada,Perfeito estado,Faixa de pedestre,R-6a,60 km/h,Única,Faixa contínua,Faixa seccionada,
2019-06-13,00:09:00,SEM VÍTIMA,FINALIZADA,IMBIRIBEIRA,AV MARECHAL MASCARENHAS DE MORAES,,,LOCALIXA VEÍCULOS / EM FRENTE AO AEROPORTO,AV MARECHAL MASCARENHAS DE MORAES,,LOCALIXA VEÍCULOS / EM FRENTE AO AEROPORTO,IMBIRIBEIRA,218,CIDADE,COLISÃO TRASEIRA,COLISÃO ENTRE DOIS AUTOS S/V,2,,,,,,,,,0,,Longo da via,Chuvoso,Sem defeito,Perfeito estado,Molhada,Perfeito estado,Faixa de pedestre,R-6a,60 km/h,Única,Faixa contínua,Faixa seccionada,
2019-06-13,03:09:00,SEM VÍTIMA,FINALIZADA,CASA FORTE,AV DEZESSETE DE AGOSTO,,EST DAS UBAIAS ,,AV DEZESSETE DE AGOSTO,,,CASA FORTE,469,CIDADE,ABALROAMENTO LONGITUDINAL,COLISÃO ENTRE DAUTO E CAMINHÃO S/V,1,,,,,,1,,1,0,,Longo da via,Bom,Sem defeito,Perfeito estado,Seca,Perfeito estado,,,,Dupla,Faixa contínua,Faixa seccionada,
2019-06-13,03:42:00,SEM VÍTIMA,FINALIZADA,TORRE,RUA REAL DA TORRE,246,,TÚNEL DA ABOLIÇÃO / HELIAR BATERIAS,RUA REAL DA TORRE,246,TÚNEL DA ABOLIÇÃO / HELIAR BATERIAS,TORRE,237,SUBURBIO,CHOQUE OBJETO FIXO,CONDUTOR PERDEU O CONTROLE DA DIREÇÃO E CHOCOU-SE CONTRA UM POSTE,1,,,,,,,,,0,,Longo da via,Chuvoso,Intermitente,Perfeito estado,Molhada,Perfeito estado,Faixa de pedestre,R-6a,50 km/h,Única,Faixa contínua,Faixa seccionada,
2019-06-13,06:25:00,COM VÍTIMA,CANCELADA,IMBIRIBEIRA,AV MARECHAL MASCARENHAS DE MORAES,6133,,EM FRENTE A FOCO ALUGUEL DE VEICULOS  SENT. CIDADE,AV MARECHAL MASCARENHAS DE MORAES,6133,PROX. A CAPELINHA,IMBIRIBEIRA,,CIDADE,COLISÃO,AUTO E MOTO,1,1,,,,,,,,2,,,,,,,,,,,,,,
2019-06-13,06:30:00,SEM VÍTIMA,CANCELADA,BOA VIAGEM,RUA MINISTRO NELSON HUNGRIA,661,RUA MARIA CAROLINA,EM FRENTE AO BISTROL RECIFE HOTEL,RUA MINISTRO NELSON HUNGRIA,661,EM FRENTE AO BISTROL RECIFE HOTEL,BOA VIAGEM,,,COLISÃO,COLISÃO S/VITIMAS ENTRE DOIS AUTOS,2,,,,,,,,,0,,,,,,,,,,,,,,
2019-06-13,07:36:00,SEM VÍTIMA,FINALIZADA,GRAÇAS,RUA DO FUTURO,,,LADO OPOSTO AO Nº 673,RUA DO FUTURO,,LADO OPOSTO AO Nº 673,GRAÇAS,,CIDADE,COLISÃO TRASEIRA,COLISÃO SEM VITIMAS,1,,,,,,1,,,0,,Longo da via,Chuvoso,Não existe,Perfeito estado,Molhada,Perfeito estado,Não existe,Não há placas,40 km/h,Única,Não existe,,
2019-06-13,08:09:00,SEM VÍTIMA,FINALIZADA,BOA VISTA,AV CONDE DA BOA VISTA,,,LADO OPOSTO AO POSTO IPIRANGA,AV CONDE DA BOA VISTA,,LADO OPOSTO AO POSTO IPIRANGA,BOA VISTA,27,SUBURBIO,ABALROAMENTO LONGITUDINAL,COLISÃO S/VITIMAS ENTRE AUTO E ONIBUS,1,,,,,1,,,,0,,Longo da via,Chuvoso,Sem defeito,Perfeito estado,Molhada,Perfeito estado,Faixa de pedestre,R-6a,,Única,Não existe,,
2019-06-13,08:56:00,SEM VÍTIMA,FINALIZADA,BOA VIAGEM,AV DES JOSE NEVES,,RUA JOAQUIM PINHEIRO,,AV DES JOSE NEVES,,,BOA VIAGEM,567,,ABALROAMENTO TRANSVERSAL,COLISÃO SEM VITIMAS,2,,,,,,,,,0,,Cruzamento,Chuvoso,Sem defeito,Perfeito estado,Molhada,Perfeito estado,Outros,,50 km/h,Dupla,Canteiro central,Canal,
2019-06-13,10:30:00,COM VÍTIMA,FINALIZADA,BEBERIBE,AV BEBERIBE,,,EM FRENTE A PARADA DE ÔNIBUS Nº 120058,AV BEBERIBE,,EM FRENTE A PARADA DE ÔNIBUS Nº 120058,BEBERIBE,559,SUBURBIO,COLISÃO TRASEIRA,COM VÍTIMA,,1,,,,1,,,,1,,Longo da via,Chuvoso,Sem defeito,Perfeito estado,Molhada,Perfeito estado,Faixa de pedestre,Não há placas,,Dupla,Faixa contínua,,
2019-06-13,11:07:00,SEM VÍTIMA,FINALIZADA,IPUTINGA,AV MAURICIO DE NASSAU,151,,EM FRENTE A RESIDENCIA DE Nº 151,AV MAURICIO DE NASSAU,151,EM FRENTE A RESIDENCIA DE Nº 151,IPUTINGA,,CIDADE,ABALROAMENTO LONGITUDINAL,ATO E VIATURA,1,,,,,,,1,,0,,Longo da via,Chuvoso,Não existe,Incompleta,Molhada,Perfeito estado,Não existe,Outras,,Dupla,Não existe,,
2019-06-13,14:28:00,SEM VÍTIMA,CANCELADA,IMBIRIBEIRA,AV MARECHAL MASCARENHAS DE MORAES,,,SOB O VIADUTU TANCREDO NEVES SENTIDO CIDADE,AV MARECHAL MASCARENHAS DE MORAES,,SOB O VIADUTU TANCREDO NEVES SENTIDO CIDADE,IMBIRIBEIRA,,,COLISÃO,UMA CARRETA E UM AUTO PASSEIO,1,,,,,,1,,,0,,,,,,,,,,,,,,
2019-06-13,14:48:00,COM VÍTIMA,FINALIZADA,IMBIRIBEIRA,AV MARECHAL MASCARENHAS DE MORAES,7935,,EM FRENTE AO FOTON,AV MARECHAL MASCARENHAS DE MORAES,7935,EM FRENTE AO FOTON,IMBIRIBEIRA,,CIDADE,ABALROAMENTO TRANSVERSAL,,1,1,,,,,,,,1,,Longo da via,Chuvoso,Não existe,Não existente,Molhada,Perfeito estado,Não existe,Não há placas,,Dupla,Canteiro central,,
2019-06-13,15:11:00,COM VÍTIMA,FINALIZADA,BOA VIAGEM,AV ENGENHEIRO DOMINGOS FERREIRA,,,EM FRENTE A DELEGACIA DE BOA VIAGEM  PISTA DA DIREITA,AV ENGENHEIRO DOMINGOS FERREIRA,,EM FRENTE A DELEGACIA DE BOA VIAGEM  PISTA DA DIREITA,BOA VIAGEM,,,COLISÃO,UMA MOTOCICLETA E AUTO PASEIO,1,1,,,,,,,,1,,,,,,,,,,,,,,
2019-06-13,17:05:00,COM VÍTIMA,FINALIZADA,ARRUDA,RUA MARQUES DE BAIPENDI,,RUA MADRE ROSA GATTORNO,PRAÇA ULISSES LEONS DE OLIVEIRA,RUA MARQUES DE BAIPENDI,,PRAÇA ULISSES LEONS DE OLIVEIRA,ARRUDA,,,ABALROAMENTO LONGITUDINAL,,,1,,,,,1,,,1,,Cruzamento,Chuvoso,Não existe,Não existente,Molhada,Perfeito estado,Não existe,Não há placas,,Dupla,Não existe,,
2019-06-13,17:22:00,VÍTIMA FATAL,FINALIZADA,PAISSANDU,AV GOVERNADOR AGAMENON MAGALHAES,,RUA PAISSANDU,SOB O SEMÁFORO 69/ SENTIDO OLINDA,AV GOVERNADOR AGAMENON MAGALHAES,,SOB O SEMÁFORO 69/ SENTIDO OLINDA,PAISSANDU,,SUB/CID,ATROPELAMENTO,CADEIRANTE NA FAIXA DE PEDESTRE DO SEMÁFORO 069,1,,,,1,,,,,,1,Cruzamento,Chuvoso,Sem defeito,Perfeito estado,Molhada,Perfeito estado,,Outras,60 km/h,Dupla,Canal,,
2019-06-13,18:26:00,SEM VÍTIMA,FINALIZADA,PINA,AV ANTONIO DE GOES,,,EM FRENTE A PRF,AV ANTONIO DE GOES,,EM FRENTE A PRF,PINA,,CIDADE,ABALROAMENTO LONGITUDINAL,COLISÃO SEM VÍTIMAS,1,,,,,1,,,,0,,Longo da via,Chuvoso,Não existe,Perfeito estado,Molhada,Perfeito estado,Outros,Outras,,Única,Faixa seccionada,,
2019-06-13,22:57:00,SEM VÍTIMA,FINALIZADA,SANTO ANTÔNIO,RUA DO SOL,,,PRAÇA JOAQUIM NABUCO,RUA DO SOL,,PRAÇA JOAQUIM NABUCO,SANTO ANTÔNIO,,SUBURBIO,CHOQUE OBJETO FIXO,VEÍCULO SE CHOCOU COM OBJETO FIXO,1,,,,,,,,,0,,Longo da via,Chuvoso,Sem defeito,Perfeito estado,Molhada,Perfeito estado,Não existe,Não há placas,,Única,,,
2019-06-13,23:17:00,SEM VÍTIMA,FINALIZADA,NOVA DESCOBERTA,RUA PINDAI,,,,RUA PINDAI,,,NOVA DESCOBERTA,,CIDADE,CHOQUE OBJETO FIXO,VEÍCULO SE CHOCOU COM UMA RESIDÊNCIA,1,,,,,,,,,0,,Longo da via,Chuvoso,Não existe,,Molhada,,,,,Dupla,,,
2019-06-14,06:09:00,SEM VÍTIMA,FINALIZADA,BOA VIAGEM,AV VINTE DE JANEIRO,295,,,AV VINTE DE JANEIRO,295,,BOA VIAGEM,,SUBURBIO,COLISÃO TRASEIRA,,2,,,,,,,,,0,,Longo da via,Bom,Sem defeito,Perfeito estado,Seca,Perfeito estado,Não existe,Não há placas,,Dupla,Faixa seccionada,,
2019-06-14,06:32:00,SEM VÍTIMA,FINALIZADA,SÃO JOSÉ,RUA BARAO DE SAO BORJA,,,EM FRENTE A IGREJA LARGO DO SANTA CRUZ,RUA BARAO DE SAO BORJA,,EM FRENTE A IGREJA LARGO DO SANTA CRUZ,SÃO JOSÉ,221,SUBURBIO,ABALROAMENTO LONGITUDINAL,S/V,1,,,,,1,,,,0,,Cruzamento,Bom,Sem defeito,Perfeito estado,Seca,Perfeito estado,Faixa de pedestre,,,,,,
2019-06-14,06:52:00,SEM VÍTIMA,FINALIZADA,ENCRUZILHADA,AV JOAO DE BARROS,1883,,E/F AO BRADESCO,AV JOAO DE BARROS,1883,E/F AO BRADESCO,ENCRUZILHADA,43,CIDADE,COLISÃO TRASEIRA,2 AUTOS S/V,2,,,,,,,,,0,,Longo da via,Bom,Sem defeito,Perfeito estado,Seca,Perfeito estado,Agente,Outras,40 km/h,Única,Outros,,
2019-06-14,07:23:00,SEM VÍTIMA,FINALIZADA,BONGI,EST DO BONGI,,AV MANOEL GONCALVES DA LUZ,PRÓXIMO A IGREJA BATISTA DO BONGI,EST DO BONGI,,PRÓXIMO A IGREJA BATISTA DO BONGI,BONGI,,SUBURBIO,ABALROAMENTO LONGITUDINAL,SEM VÍTIMA,2,,,,,,,,,0,,Cruzamento,Bom,Não existe,Incompleta,Seca,Perfeito estado,Faixa de pedestre,Não há placas,,Dupla,Faixa contínua,Faixa seccionada,
2019-06-14,07:39:00,SEM VÍTIMA,PENDENTE,GRAÇAS,AV RUI BARBOSA,,,EM FRENTE AO TRE,AV RUI BARBOSA,,EM FRENTE AO TRE,GRAÇAS,,,COLISÃO,SEM VITIMA,,,,,,,,,,0,,,,,,,,,,,,,,
2019-06-14,08:11:00,SEM VÍTIMA,FINALIZADA,BOA VISTA,RUA AURORA,175,AV CONDE DA BOA VISTA,EM FRENTE AO CINEMA SAO LUIZ,RUA AURORA,175,EM FRENTE AO CINEMA SAO LUIZ,BOA VISTA,162,,COLISÃO TRASEIRA,DOIS AUTOS SEM VÍTIMA,2,,,,,,,,,0,,Cruzamento,Bom,Sem defeito,Perfeito estado,Seca,Perfeito estado,Faixa de pedestre,,,Única,Faixa seccionada,,