data,hora,natureza_acidente,situacao,bairro,endereco,numero,detalhe_endereco_acidente,complemento,endereco_cruzamento,numero_cruzamento,referencia_cruzamento,bairro_cruzamento,num_semaforo,sentido_via,tipo,descricao,auto,moto,ciclom,ciclista,pedestre,onibus,caminhao,viatura,outros,vitimas,vitimasfatais,acidente_verificado,tempo_clima,situacao_semaforo,sinalizacao,condicao_via,conservacao_via,ponto_controle,situacao_placa,velocidade_max_via,mao_direcao,divisao_via1,divisao_via2,divisao_via3
2019-06-14,08:23:00,SEM VÍTIMA,FINALIZADA,BOA VIAGEM,RUA JOSE DOMINGUES DA SILVA,,RUA PADRE CABRAL,,RUA JOSE DOMINGUES DA SILVA,,,BOA VIAGEM,,SUBURBIO,ABALROAMENTO TRANSVERSAL,COLISÃO SEM VITIMA,2,,,,,,,,,0,,Cruzamento,Bom,Não existe,Não existente,Seca,Perfeito estado,Não existe,Não há placas,,Dupla,Não existe,,
2019-06-14,08:52:00,SEM VÍTIMA,DUPLICIDADE,GRAÇAS,AV RUI BARBOSA,,,EM FRENTE AO T.R.E,AV RUI BARBOSA,,EM FRENTE AO T.R.E,GRAÇAS,,,COLISÃO,COLISÃO SEM VITIMAS,2,1,,,,,,,,0,,,,,,,,,,,,,,
2019-06-14,09:00:00,SEM VÍTIMA,PENDENTE,ILHA JOANA BEZERRA,RUA IMPERIAL,,,AO LADO DO VIADUTO JOANA BEZERRA,RUA IMPERIAL,,AO LADO DO VIADUTO JOANA BEZERRA,ILHA JOANA BEZERRA,,,CHOQUE,CONDUTOR CHOCOU SE CONTRA MURO SEM VITIMAS,1,,,,,,,,,0,,,,,,,,,,,,,,
2019-06-14,09:20:00,SEM VÍTIMA,FINALIZADA,MADALENA,AV JOSE GONCALVES DE MEDEIROS,149,,EM FRENTE AO PETVILA,AV JOSE GONCALVES DE MEDEIROS,149,EM FRENTE AO PETVILA,MADALENA,,CIDADE,ABALROAMENTO LONGITUDINAL,COLISÃO S/VITIMAS ENTRE DOIS AUTOS,2,,,,,,,,,0,,Longo da via,Bom,Não existe,Perfeito estado,Seca,Perfeito estado,Não existe,Não há placas,,Dupla,Faixa seccionada,,
2019-06-14,09:30:00,COM VÍTIMA,CANCELADA,CAXANGÁ,AV CAXANGA,4251,,EM FRENTE A CAXANGA VEICULOS,AV CAXANGA,4251,EM FRENTE A CAXANGA VEICULOS,CAXANGÁ,,CIDADE,ABALROAMENTO LONGITUDINAL,COLISÃO COM VITIMAS SOCORRIDA PELO SAMU,1,1,,,,,,,,2,,Longo da via,Bom,Sem defeito,Perfeito estado,Seca,Perfeito estado,,Outras,,Dupla,Canteiro central,,
2019-06-14,10:26:00,COM VÍTIMA,FINALIZADA,IMBIRIBEIRA,RUA BARAO DE AGUA BRANCA,376,RUA DUQUE ESTRADA,SOB O POSTE H 034872,RUA BARAO DE AGUA BRANCA,376,SOB O POSTE H 034872,IMBIRIBEIRA,,SUB/CID,ABALROAMENTO LONGITUDINAL,COM DUAS VITIMAS AGUARDANDO SAMU,1,1,,,,,,,,2,,Cruzamento,Bom,Não existe,Não existente,Seca,Perfeito estado,,Não há placas,30 km/h,Dupla,,,
2019-06-14,10:30:00,COM VÍTIMA,FINALIZADA,COELHOS,RUA DOS COELHOS,,,EM FRENTE AO IMIP,RUA DOS COELHOS,,EM FRENTE AO IMIP,COELHOS,359,CIDADE,ATROPELAMENTO,COM UMA VITIMA AGUARDANDO O SAMU,1,,,,1,,,,,1,,Longo da via,Bom,Sem defeito,Perfeito estado,Seca,Perfeito estado,Faixa de pedestre,,,Dupla,Faixa contínua,Faixa seccionada,
2019-06-14,10:31:00,SEM VÍTIMA,FINALIZADA,JOANA BEZERRA,AV DES GUERRA BARRETO,,,AO LADO DO FÓRUM,AV DES GUERRA BARRETO,,AO LADO DO FÓRUM,JOANA BEZERRA,,SUBURBIO,CHOQUE OBJETO FIXO,CONDUTOR CHOCOU SE CONTRA MURO SEM VITIMAS,1,,,,,,,,,0,,Longo da via,Bom,Não existe,Perfeito estado,Seca,Perfeito estado,Não existe,Não há placas,,Dupla,Canal,,
2019-06-14,10:49:00,COM VÍTIMA,DUPLICIDADE,IMBIRIBEIRA,RUA BARAO DE AGUA BRANCA,376,RUA DUQUE ESTRADA,NA RUA DO HOTEL DEVANEIOS,RUA BARAO DE AGUA BRANCA,376,NA RUA DO HOTEL DEVANEIOS,IMBIRIBEIRA,,,COLISÃO,COLISÃO COM VITIMA A ESPERA DO SAMU,1,1,,,,,,,,1,,,,,,,,,,,,,,
2019-06-14,10:51:00,SEM VÍTIMA,FINALIZADA,ILHA DO RETIRO,AV ENGENHEIRO ABDIAS DE CARVALHO,,EST DOS REMEDIOS,,AV ENGENHEIRO ABDIAS DE CARVALHO,,,ILHA DO RETIRO,52,SUBURBIO,ABALROAMENTO LONGITUDINAL,SEM VÍTIMA,,,,,,1,1,,,0,,Cruzamento,Bom,Desligado,Perfeito estado,Seca,Perfeito estado,Agente,R-6a,,Dupla,Canteiro central,,
2019-06-14,10:55:00,COM VÍTIMA,DUPLICIDADE,COELHOS,RUA DOS COELHOS,,,EM FRENTE AO IMIP,RUA DOS COELHOS,,EM FRENTE AO IMIP,COELHOS,,,ATROPELAMENTO,AUTO E PEDESTRE,1,,,,1,,,,,1,,,,,,,,,,,,,,
2019-06-14,11:28:00,SEM VÍTIMA,CANCELADA,SÃO JOSÉ,RUA IMPERIAL,1410,,APÓS O POSTO BR,RUA IMPERIAL,1410,APÓS O POSTO BR,SÃO JOSÉ,,,COLISÃO,COLISÃO S/VITIMA ENTRE AUTO E CAMINHÃO,1,,,,,,1,,,0,,,,,,,,,,,,,,
2019-06-14,11:32:00,SEM VÍTIMA,CANCELADA,IPUTINGA,RUA SAO MATEUS,255,,PROX. A PADARIA MASSA PURA,RUA SAO MATEUS,255,PROX. A PADARIA MASSA PURA,IPUTINGA,,,COLISÃO,DOIS CAMINHÕES,,,,,,,2,,,0,,,,,,,,,,,,,,
2019-06-14,11:39:00,SEM VÍTIMA,DUPLICIDADE,SÃO JOSÉ,RUA IMPERIAL,1473,,EM FRENTE A ANTIGA LOJA CABANGA VEICULOS,RUA IMPERIAL,1473,EM FRENTE A ANTIGA LOJA CABANGA VEICULOS,SÃO JOSÉ,,,COLISÃO,COLISÃO SEM VITIMAS,1,,,,,,1,,,0,,,,,,,,,,,,,,
2019-06-14,11:42:00,SEM VÍTIMA,PENDENTE,IPSEP,RUA JEAN EMILE FAVRE,521,,EM FRENTE A FACULDADE BOA VIAGEM,RUA JEAN EMILE FAVRE,521,EM FRENTE A FACULDADE BOA VIAGEM,IPSEP,,,COLISÃO,COLISÃO SEM VITIMAS,1,,,,,,1,,,0,,,,,,,,,,,,,,
2019-06-14,11:50:00,SEM VÍTIMA,FINALIZADA,BOA VIAGEM,AV ENGENHEIRO DOMINGOS FERREIRA,2700,,,AV ENGENHEIRO DOMINGOS FERREIRA,2700,,BOA VIAGEM,,SUBURBIO,CHOQUE OBJETO FIXO,CHOQUE ENTRE CARRO DE POLÍCIA E POSTE,,,,,,,,1,,0,,,Bom,Não existe,Perfeito estado,Seca,Perfeito estado,Não existe,R-6a,,Única,Canteiro central,,
2019-06-14,12:04:00,SEM VÍTIMA,CANCELADA,CASA FORTE,RUA DR JOAO SANTOS FILHO,255,,PROX. AO SHOPPING DE CASA FORTE,RUA DR JOAO SANTOS FILHO,255,PROX. AO SHOPPING DE CASA FORTE,CASA FORTE,,,COLISÃO,COLISÃO SEM VITIMA,2,,,,,,,,,0,,,,,,,,,,,,,,
2019-06-14,12:05:00,SEM VÍTIMA,CANCELADA,BOA VIAGEM,AV DOM JOAO VI,,,POR TRAS DO EMPRESARIAL  AO LADO DO CANAL,AV DOM JOAO VI,,POR TRAS DO EMPRESARIAL  AO LADO DO CANAL,BOA VIAGEM,,,COLISÃO,SEM VITMAS,2,,,,,,,,,0,,,,,,,,,,,,,,
2019-06-14,12:21:00,SEM VÍTIMA,CANCELADA,BOA VIAGEM,RUA PADRE BERNADINO PESSOA,317,,EM FRENTE A HAMBURGUERIA GAMER,RUA PADRE BERNADINO PESSOA,317,EM FRENTE A HAMBURGUERIA GAMER,BOA VIAGEM,,,COLISÃO,COLISÃO SEM VÍTIMA,1,1,,,,,,,,0,,,,,,,,,,,,,,
2019-06-14,12:47:00,SEM VÍTIMA,CANCELADA,SAN MARTIN,AV GENERAL SAN MARTIN,,,APOS O HOSP. GERTULIO VARGAS   SENTIDO ABDIAS DE CARVALHO,AV GENERAL SAN MARTIN,,APOS O HOSP. GERTULIO VARGAS   SENTIDO ABDIAS DE CARVALHO,SAN MARTIN,,,COLISÃO,COLISÃO SEM VITIMA,1,,,,,,,,1,0,,,,,,,,,,,,,,
2019-06-14,12:55:00,SEM VÍTIMA,CANCELADA,CORDEIRO,AV ENGENHEIRO ABDIAS DE CARVALHO,,,EM FRENTE AO COMPAZ  SENTIDO BR,AV ENGENHEIRO ABDIAS DE CARVALHO,,EM FRENTE AO COMPAZ  SENTIDO BR,CORDEIRO,,,COLISÃO,COLISÃO SEM VITIMA,2,,,,,,,,,0,,,,,,,,,,,,,,
2019-06-14,12:57:00,SEM VÍTIMA,CANCELADA,VÁRZEA,RUA AMARO GOMES POROCA,255,,EM FRENTE AO RESTAURANTE BRAZZETTUS,RUA AMARO GOMES POROCA,255,EM FRENTE AO RESTAURANTE BRAZZETTUS,VÁRZEA,,,COLISÃO,COLISÃO SEM VITIMA,1,1,,,,,,,,0,,,,,,,,,,,,,,
2019-06-14,13:06:00,SEM VÍTIMA,FINALIZADA,ARRUDA,RUA DO MACHADO,554,RUA ZEFERINO AGRA,EM FRENTE A IGREJA DE SANTO ANTONIO,RUA DO MACHADO,554,EM FRENTE A IGREJA DE SANTO ANTONIO,ARRUDA,,CIDADE,ABALROAMENTO TRANSVERSAL,COLISÃO SEM VÍTIMA,1,1,,,,,,,,0,,Cruzamento,Bom,Não existe,Perfeito estado,Seca,Perfeito estado,Não existe,Placas Pare,,Dupla,Faixa seccionada,,
2019-06-14,13:22:00,SEM VÍTIMA,CANCELADA,MUSTARDINHA,AV MANOEL GONCALVES DA LUZ,,,EM FRENTE A QUADRA DO ABC,AV MANOEL GONCALVES DA LUZ,,EM FRENTE A QUADRA DO ABC,MUSTARDINHA,,,COLISÃO,COLISÃO SEM VÍTIMA,2,,,,,,,,,0,,,,,,,,,,,,,,
2019-06-14,13:22:00,SEM VÍTIMA,PENDENTE,SAN MARTIN,RUA VEREADOR SERGIO XAVIER,106,,POR TRAS DA LOJA MULTILAR,RUA VEREADOR SERGIO XAVIER,106,POR TRAS DA LOJA MULTILAR,SAN MARTIN,,,COLISÃO,COLISÃO SEM VÍTIMA,2,,,,,,,,,0,,,,,,,,,,,,,,
2019-06-14,13:26:00,SEM VÍTIMA,FINALIZADA,IMBIRIBEIRA,AV SUL,5095,,EM FRENTE AO EDIFICIO SHOPPING PARK RESIDENCE,AV SUL,5095,EM FRENTE AO EDIFICIO SHOPPING PARK RESIDENCE,IMBIRIBEIRA,,,ABALROAMENTO LONGITUDINAL,COLISÃO SEM VÍTIMA,1,,,,,,,,1,0,,Longo da via,Bom,Não existe,Não existente,Seca,Perfeito estado,Não existe,Não há placas,,Dupla,Não existe,,
2019-06-14,13:34:00,SEM VÍTIMA,FINALIZADA,BOA VIAGEM,RUA JOSE DA SILVA LUCENA,,,EM FRENTE AO COLEGIO GGE,RUA JOSE DA SILVA LUCENA,,EM FRENTE AO COLEGIO GGE,BOA VIAGEM,,SUBURBIO,ABALROAMENTO LONGITUDINAL,DOIS AUTOS,2,,,,,,,,,0,,Longo da via,Bom,Não existe,Perfeito estado,Seca,Perfeito estado,,Não há placas,,Dupla,Faixa contínua,,
2019-06-14,14:34:00,SEM VÍTIMA,CANCELADA,AFOGADOS,EST DOS REMEDIOS,1603,,EM FRENTE A HYUNDAI,EST DOS REMEDIOS,1603,EM FRENTE A HYUNDAI,AFOGADOS,,,COLISÃO,MOTO E AUTO,1,1,,,,,,,,0,,,,,,,,,,,,,,
2019-06-14,14:36:00,SEM VÍTIMA,FINALIZADA,SANTO AMARO,AV CRUZ CABUGA,,RUA DOS PALMARES,AO LADO DA ASSEMBLEIA DE DEUS,AV CRUZ CABUGA,,AO LADO DA ASSEMBLEIA DE DEUS,SANTO AMARO,,SUBURBIO,ABALROAMENTO LONGITUDINAL,SEM VITIMA,,1,,,,1,,,,0,,Cruzamento,Bom,Sem defeito,Perfeito estado,Seca,Perfeito estado,Faixa de pedestre,,,Dupla,Não existe,,
2019-06-14,14:37:00,SEM VÍTIMA,CANCELADA,AFOGADOS,RUA SAO MIGUEL,,,EM FRENTE AO 14º BATALHÃO,RUA SAO MIGUEL,,EM FRENTE AO 14º BATALHÃO,AFOGADOS,,,COLISÃO,COLISÃO SEM VÍTIMA,2,,,,,,,,,0,,,,,,,,,,,,,,
2019-06-14,14:55:00,SEM VÍTIMA,DUPLICIDADE,SANTO AMARO,AV MARIO MELO,,,AO LADO DA ASSEMBLEIA DE DEUS,AV MARIO MELO,,AO LADO DA ASSEMBLEIA DE DEUS,SANTO AMARO,,,COLISÃO,ONIBUS E MOTO,,,,,,,,,,0,,,,,,,,,,,,,,
2019-06-14,15:19:00,COM VÍTIMA,FINALIZADA,SANTO AMARO,AV CRUZ CABUGA,343,RUA DR JOAO VIEIRA DE MENEZES,,AV CRUZ CABUGA,343,,SANTO AMARO,,CIDADE,CAPOTAMENTO,QUEDA MOTOCICLISTA,,1,,,,,,,,1,,Longo da via,Bom,Sem defeito,Perfeito estado,Seca,,Não existe,Outras,,Dupla,Faixa contínua,,
2019-06-14,15:34:00,SEM VÍTIMA,FINALIZADA,CAXANGÁ,AV CAXANGA,231,,,AV CAXANGA,231,,CAXANGÁ,231,CIDADE,COLISÃO TRASEIRA,COLISÃO S/ VÍTIMA CAMINHÃO E AUTO PASSEIO,1,,,,,,1,,,0,,Longo da via,Bom,Sem defeito,Perfeito estado,Seca,Perfeito estado,Faixa de pedestre,Não há placas,,Dupla,Canteiro central,,
2019-06-14,16:00:00,SEM VÍTIMA,FINALIZADA,BOA VIAGEM,AV ENGENHEIRO DOMINGOS FERREIRA,2502,,,AV ENGENHEIRO DOMINGOS FERREIRA,2502,,BOA VIAGEM,,SUBURBIO,ABALROAMENTO LONGITUDINAL,COLISÃO SEM VÍTIMA,1,1,,,,,,,,0,,Longo da via,Bom,Não existe,Perfeito estado,Seca,Perfeito estado,Não existe,Não há placas,60 km/h,Única,Faixa contínua,,
2019-06-14,16:09:00,COM VÍTIMA,FINALIZADA,CASA FORTE,RUA SANTANA,136,,PROXIMO AO IBAMA,RUA SANTANA,136,PROXIMO AO IBAMA,CASA FORTE,,,COLISÃO,COLISÃO COM VÍTIMA,1,1,,,,,,,,1,,,,,,,,,,,,,,
2019-06-14,16:18:00,SEM VÍTIMA,CANCELADA,JARDIM SÃO PAULO,RUA LEANDRO BARRETO,1293,,RM FRENTE A LOJA DE TATUAGEM,RUA LEANDRO BARRETO,1293,RM FRENTE A LOJA DE TATUAGEM,JARDIM SÃO PAULO,,,COLISÃO,MOTO E TAXI,1,1,,,,,,,,0,,,,,,,,,,,,,,
2019-06-14,16:51:00,SEM VÍTIMA,FINALIZADA,DERBY,AV GOVERNADOR CARLOS DE LIMA CAVALCANTI,,,SOBRE A PONTE DO CANAL,AV GOVERNADOR CARLOS DE LIMA CAVALCANTI,,SOBRE A PONTE DO CANAL,DERBY,75,CIDADE,COLISÃO TRASEIRA,COLISÃO SEM VITIMA,1,1,,,,,,,,0,,Ponte,Bom,Sem defeito,Perfeito estado,Seca,Perfeito estado,Agente,,40 km/h,Dupla,Faixa contínua,,
2019-06-14,17:01:00,COM VÍTIMA,CANCELADA,JORDÃO,RUA DR ANDRADE LYRA,15,,APOS O MERCADO KI PREÇO,RUA DR ANDRADE LYRA,15,APOS O MERCADO KI PREÇO,JORDÃO,,,COLISÃO,MOTO E AUTO,1,1,,,,,,,,1,,,,,,,,,,,,,,
2019-06-14,17:41:00,SEM VÍTIMA,FINALIZADA,PINA,AV DR DIRCEU VELLOSO TOSCANO DE BRITO,85,,,AV DR DIRCEU VELLOSO TOSCANO DE BRITO,85,,PINA,,SUBURBIO,ABALROAMENTO LONGITUDINAL,AUTO E ONIBUS,1,,,,,1,,,,0,,Longo da via,Bom,Não existe,Incompleta,Seca,Mal conservada,Não existe,R-6a,,Única,Não existe,,
2019-06-14,17:44:00,SEM VÍTIMA,FINALIZADA,BOA VIAGEM,RUA RIBEIRO DE BRITO,1250,,EM FRENTE AO HOTEL NACIONAL INN,RUA RIBEIRO DE BRITO,1250,EM FRENTE AO HOTEL NACIONAL INN,BOA VIAGEM,,SUBURBIO,COLISÃO TRASEIRA,COLISÃO SEM VITIMA,2,,,,,,,,,0,,Longo da via,Bom,Não existe,Perfeito estado,Seca,Perfeito estado,Não existe,Não há placas,,Única,Faixa contínua,,
2019-06-14,17:58:00,SEM VÍTIMA,CANCELADA,AREIAS,AV DR JOSE RUFINO,,,EM FRENTE AO ARCO MIX,AV DR JOSE RUFINO,,EM FRENTE AO ARCO MIX,AREIAS,,CIDADE,COLISÃO,COLISÃO SEM VITIMA,2,,,,,,,,,0,,,,,,,,,,,,,,
2019-06-14,17:58:00,COM VÍTIMA,CANCELADA,IMBIRIBEIRA,RUA ARQUITETO LUIZ NUNES,1160,,PROXIMO AO COLEGIO ANITA GARIBALDI,RUA ARQUITETO LUIZ NUNES,1160,PROXIMO AO COLEGIO ANITA GARIBALDI,IMBIRIBEIRA,,,COLISÃO,COLISÃO COM VÍTIMA,1,1,,,,,,,,1,,,,,,,,,,,,,,
2019-06-14,18:30:00,SEM VÍTIMA,FINALIZADA,SAN MARTIN,RUA APULCRO DE ASSUNCAO,,RUA DUARTE FILHO,,RUA APULCRO DE ASSUNCAO,,,SAN MARTIN,,SUBURBIO,ABALROAMENTO TRANSVERSAL,COLISÃO SEM VITIMA,2,,,,,,,,,0,,Cruzamento,Bom,Não existe,Incompleta,Seca,Mal iluminada,Não existe,Não há placas,,Dupla,Não existe,,
2019-06-14,19:00:00,SEM VÍTIMA,CANCELADA,IMBIRIBEIRA,RUA SARGENTO SILVINO DE MACEDO,35,,E/F AO HOTEL PRAIA SUL E POSTO BR / PRÓX A FARMACIA DO TRABALHADOR,RUA SARGENTO SILVINO DE MACEDO,35,E/F AO HOTEL PRAIA SUL E POSTO BR / PRÓX A FARMACIA DO TRABALHADOR,IMBIRIBEIRA,,,COLISÃO,ENTRE 2 AUTOS. S/V,2,,,,,,,,,0,,,,,,,,,,,,,,
2019-06-14,19:28:00,SEM VÍTIMA,CANCELADA,ESPINHEIRO,AV GOVERNADOR AGAMENON MAGALHAES,,,NA LATERAL DO CLUBE PORTUGUÊS  SNT BOA VIAGEM / NA PRINCIPAL,AV GOVERNADOR AGAMENON MAGALHAES,,NA LATERAL DO CLUBE PORTUGUÊS  SNT BOA VIAGEM / NA PRINCIPAL,ESPINHEIRO,,,ENGAVETAMENTO,ENTRE 4 AUTOS. S/V,4,,,,,,,,,0,,,,,,,,,,,,,,
2019-06-14,19:33:00,SEM VÍTIMA,CANCELADA,TORRE,RUA CONDE DE IRAJA,1052,PRC PROFESSOR BARRETO CAMPELLO,PROX AO CENTRO PASTORIAL PE. ROMEU,RUA CONDE DE IRAJA,1052,PROX AO CENTRO PASTORIAL PE. ROMEU,TORRE,,,COLISÃO,VAN X SANDERO,1,,,,,1,,,,0,,,,,,,,,,,,,,
2019-06-14,19:41:00,SEM VÍTIMA,CANCELADA,PINA,RUA MANOEL DE BRITO,,,NA SAÍDA DO RIO MAR E TÚNEL MANOEL DE BRITO,RUA MANOEL DE BRITO,,NA SAÍDA DO RIO MAR E TÚNEL MANOEL DE BRITO,PINA,,,COLISÃO,ENTRE AUTO E ÕNIBUS. S/V,1,,,,,1,,,,0,,,,,,,,,,,,,,
2019-06-14,19:44:00,SEM VÍTIMA,FINALIZADA,MADALENA,RUA BENFICA,,RUA DEMOCRITO DE SOUZA FILHO,SUPERMERCADO EXTRA BENFICA,RUA BENFICA,,SUPERMERCADO EXTRA BENFICA,MADALENA,628,CIDADE,ABALROAMENTO TRANSVERSAL,,1,1,,,,,,,,0,,Cruzamento,Bom,Sem defeito,Perfeito estado,Seca,Mal conservada,Não existe,R-6a,,Única,Faixa contínua,Não existe,
2019-06-14,22:35:00,SEM VÍTIMA,FINALIZADA,ARRUDA,EST VELHA DE AGUA FRIA,,,,EST VELHA DE AGUA FRIA,,,ARRUDA,306,SUBURBIO,COLISÃO TRASEIRA,ENTRE 2 AUTOS. S/V,2,,,,,,,,,0,,Ponte,Bom,Sem defeito,Perfeito estado,Seca,Mal iluminada,Faixa de pedestre,Não há placas,,Única,Faixa seccionada,,
2019-06-15,01:45:00,SEM VÍTIMA,FINALIZADA,DERBY,AV GOVERNADOR AGAMENON MAGALHAES,,PRC DO DERBY,,AV GOVERNADOR AGAMENON MAGALHAES,,,DERBY,75,SUBURBIO,ABALROAMENTO TRANSVERSAL,ENTRE AUTO E AMBULÂNCIA. S/V,2,,,,,,,,,0,,Cruzamento,Bom,Sem defeito,Perfeito estado,Seca,Perfeito estado,Faixa de pedestre,Não há placas,60 km/h,Dupla,Canteiro central,,
2019-06-15,05:45:00,SEM VÍTIMA,FINALIZADA,SANTO AMARO,AV PREFEITO ARTUR LIMA CAVALCANTI,,,,AV PREFEITO ARTUR LIMA CAVALCANTI,,,SANTO AMARO,,SUBURBIO,CHOQUE OBJETO FIXO,CONDUTORA PERDEU O CONTROLE DA DIREÇÃO E CHOCOU-SE CONTRA O MEIO-FIO,1,,,,,,,,,0,,,Bom,Não existe,Incompleta,Seca,Perfeito estado,Não existe,Não há placas,,Dupla,Faixa seccionada,Canteiro central,
2019-06-15,06:21:00,SEM VÍTIMA,FINALIZADA,SÃO JOSÉ,RUA DO PEIXOTO,207,RUA IMPERIAL,EM FRENTE A IGREJA DE SAO JOSE,RUA DO PEIXOTO,207,EM FRENTE A IGREJA DE SAO JOSE,SÃO JOSÉ,207,SUBURBIO,ABALROAMENTO LONGITUDINAL,DOIS AUTOS,2,,,,,,,,,0,,Longo da via,Bom,Sem defeito,Perfeito estado,Seca,Perfeito estado,Não existe,Não há placas,,Única,Não existe,,
2019-06-15,08:16:00,SEM VÍTIMA,FINALIZADA,CASA FORTE,AV DEZESSETE DE AGOSTO,1176,,EM FRENTE AO RESIDENCIAL JARDIM CARIOCA,AV DEZESSETE DE AGOSTO,1176,EM FRENTE AO RESIDENCIAL JARDIM CARIOCA,CASA FORTE,,,COLISÃO,DOIS AUTOS,1,,,,,,1,,,0,,,,,,,,,,,,,,
2019-06-15,08:18:00,SEM VÍTIMA,FINALIZADA,DOIS UNIDOS,RUA BACHAREL SEVERINO T.G.DO NASCIMENTO,400,,,RUA BACHAREL SEVERINO T.G.DO NASCIMENTO,400,,DOIS UNIDOS,,SUBURBIO,ABALROAMENTO TRANSVERSAL,COLISÃO S/VITIMAS ENTRE DOIS AUTOS,2,,,,,,,,,0,,Longo da via,Bom,Não existe,Não existente,Seca,Perfeito estado,Não existe,Não há placas,,Única,Não existe,,
2019-06-15,08:32:00,SEM VÍTIMA,FINALIZADA,BEBERIBE,AV BEBERIBE,2243,,EM FRENTE AO SUPERMERCADO SOBERANO,AV BEBERIBE,2243,EM FRENTE AO SUPERMERCADO SOBERANO,BEBERIBE,,CIDADE,COLISÃO TRASEIRA,COLISÃO SEM VITIMAS,3,,,,,,,,,0,,Longo da via,Chuvoso,Não existe,Perfeito estado,Molhada,Perfeito estado,Não existe,Não há placas,60 km/h,Dupla,Faixa contínua,,
2019-06-15,08:52:00,SEM VÍTIMA,FINALIZADA,VÁRZEA,AV PROFESSOR ARTUR DE SA,1953,,EM FRENTE AO CEMITERIO DA VARZEA,AV PROFESSOR ARTUR DE SA,1953,EM FRENTE AO CEMITERIO DA VARZEA,VÁRZEA,,SUBURBIO,ABALROAMENTO LONGITUDINAL,DOIS AUTOS,2,,,,,,,,,0,,Longo da via,Bom,Não existe,Não existente,Seca,Perfeito estado,Não existe,Não há placas,,Dupla,Faixa seccionada,,
2019-06-15,09:27:00,SEM VÍTIMA,FINALIZADA,,AV GOVERNADOR AGAMENON MAGALHAES,158,AV RUI BARBOSA,,AV GOVERNADOR AGAMENON MAGALHAES,158,,,37,,ABALROAMENTO LONGITUDINAL,COLISÃO SEM VITIMAS,1,,,,,1,,,,0,,Longo da via,Chuvoso,Sem defeito,Perfeito estado,Molhada,Perfeito estado,Faixa de pedestre,Outras,,Única,Faixa contínua,Faixa seccionada,Canal
2019-06-15,09:32:00,SEM VÍTIMA,FINALIZADA,TORRE,RUA MARQUES DE MARICA,243,RUA SOUZA BANDEIRA,,RUA MARQUES DE MARICA,243,,TORRE,317,SUBURBIO,ABALROAMENTO TRANSVERSAL,COLISÃO S/VITIMAS ENTRE UM AUTO E UMA MOTO,1,1,,,,,,,,0,,Cruzamento,Bom,Sem defeito,Perfeito estado,Seca,Perfeito estado,Faixa de pedestre,R-6a,30 km/h,Dupla,Faixa contínua,,
2019-06-15,11:06:00,SEM VÍTIMA,FINALIZADA,GRAÇAS,RUA DA AMIZADE,116,,EDIFICIO VALFREDO FERREIRA LIMA,RUA DA AMIZADE,116,EDIFICIO VALFREDO FERREIRA LIMA,GRAÇAS,,,CHOQUE VEÍCULO PARADO,,2,,,,,,,,,0,,Longo da via,Bom,Não existe,Perfeito estado,Seca,Perfeito estado,Não existe,R-19,30 km/h,Única,Não existe,,
2019-06-15,12:21:00,SEM VÍTIMA,FINALIZADA,TORRÕES,AV ENGENHEIRO ABDIAS DE CARVALHO,4001,,EM FRENTE AO NUMERAL 4001,AV ENGENHEIRO ABDIAS DE CARVALHO,4001,EM FRENTE AO NUMERAL 4001,TORRÕES,,,COLISÃO TRASEIRA,ENTRE 2 AUTOS. S/V,2,,,,,,,,,0,,Longo da via,Bom,Sem defeito,Perfeito estado,Seca,Perfeito estado,Faixa de pedestre,Outras,60 km/h,Única,Faixa seccionada,Canteiro central,
2019-06-15,13:18:00,SEM VÍTIMA,CANCELADA,CASA AMARELA,RUA PADRE LEMOS,,,EM FRENTE AS CASAS BAHIA,RUA PADRE LEMOS,,EM FRENTE AS CASAS BAHIA,CASA AMARELA,,,COLISÃO,COLISÃO SEM VITMA,1,1,,,,,,,,0,,,,,,,,,,,,,,
2019-06-15,13:23:00,SEM VÍTIMA,CANCELADA,TORRE,RUA REAL DA TORRE,,,EM FRENTE A DROGARIA SÃO PAULO,RUA REAL DA TORRE,,EM FRENTE A DROGARIA SÃO PAULO,TORRE,,,COLISÃO,COLISÃO SEM VITIMA,2,,,,,,,,,0,,,,,,,,,,,,,,
2019-06-15,13:35:00,SEM VÍTIMA,CANCELADA,TORRE,RUA FLORIANO FRANCISCO DE OLIVEIRA,120,,EDIF. DA MOURA DO B...NAS PROXIMIDADES DO ATACADO DOS PRESENTES/ SALÃO AQUINO ESPAÇO BELEZA,RUA FLORIANO FRANCISCO DE OLIVEIRA,120,EDIF. DA MOURA DO B...NAS PROXIMIDADES DO ATACADO DOS PRESENTES/ SALÃO AQUINO ESPAÇO BELEZA,TORRE,,,COLISÃO,COLISÃO SEM VITIMA,1,,,,,,1,,,0,,,,,,,,,,,,,,
2019-06-15,14:45:00,SEM VÍTIMA,FINALIZADA,CORDEIRO,RUA PAES CABRAL,289,RUA PEREIRA DE MORAES,PRÓXIMO AO COLÉGIO ANGLO,RUA PAES CABRAL,289,PRÓXIMO AO COLÉGIO ANGLO,CORDEIRO,,CIDADE,ABALROAMENTO TRANSVERSAL,ENTRE 2 AUTOS. S/V,2,,,,,,,,,0,,Cruzamento,Bom,Não existe,Não existente,Seca,Perfeito estado,Não existe,Não há placas,,Dupla,Não existe,,
2019-06-15,14:52:00,SEM VÍTIMA,FINALIZADA,SANTO AMARO,AV CRUZ CABUGA,,,CLUBE DOS CISNES,AV CRUZ CABUGA,,CLUBE DOS CISNES,SANTO AMARO,,SUBURBIO,ABALROAMENTO LONGITUDINAL,ENTRE 2 AUTOS. S/V,2,,,,,,,,,0,,,Nublado,,,,,,,,Única,,,