data,hora,natureza_acidente,situacao,bairro,endereco,numero,detalhe_endereco_acidente,complemento,endereco_cruzamento,numero_cruzamento,referencia_cruzamento,bairro_cruzamento,num_semaforo,sentido_via,tipo,descricao,auto,moto,ciclom,ciclista,pedestre,onibus,caminhao,viatura,outros,vitimas,vitimasfatais,acidente_verificado,tempo_clima,situacao_semaforo,sinalizacao,condicao_via,conservacao_via,ponto_controle,situacao_placa,velocidade_max_via,mao_direcao,divisao_via1,divisao_via2,divisao_via3
2019-06-19,14:55:00,SEM VÍTIMA,FINALIZADA,ILHA DO LEITE,AV GOVERNADOR AGAMENON MAGALHAES,,,EM FRENTE AO ED ISAAC NEWTON,AV GOVERNADOR AGAMENON MAGALHAES,,EM FRENTE AO ED ISAAC NEWTON,ILHA DO LEITE,,CIDADE,ABALROAMENTO LONGITUDINAL,COLISAO ENTRE ONIBUS E AUTO S/V,1,,,,,1,,,,0,,Longo da via,Bom,Não existe,Perfeito estado,Seca,Perfeito estado,Não existe,Não há placas,60 km/h,Dupla,Canal,,
2019-06-19,16:36:00,SEM VÍTIMA,FINALIZADA,CORDEIRO,RUA ADELMAR TAVARES,260,,EM FRENTE STUDIO S.V FASHION,RUA ADELMAR TAVARES,260,EM FRENTE STUDIO S.V FASHION,CORDEIRO,,SUBURBIO,CHOQUE VEÍCULO PARADO,COLISÃO SEM VÍTMA,2,,,,,,,,,0,,Longo da via,Bom,Não existe,Não existente,Seca,Perfeito estado,Não existe,Não há placas,,Dupla,Não existe,,
2019-06-19,17:07:00,SEM VÍTIMA,CANCELADA,GRAÇAS,RUA JOSE CLEMENTINO,106,RUA DO FUTURO,AO LADO DOS CORREIOS,RUA JOSE CLEMENTINO,106,AO LADO DOS CORREIOS,GRAÇAS,,,COLISÃO,COLISAO ENTRE CAMINHAO E AUTO S/V,1,,,,,,1,,,0,,,,,,,,,,,,,,
2019-06-19,17:20:00,COM VÍTIMA,FINALIZADA,SANTO AMARO,VDO INDEPENDENCIA,,,DECIDA DO VIADUTO QUE PASSA POR CIMA DA JOAO DE BARROS SENTINDO OLINDA,VDO INDEPENDENCIA,,DECIDA DO VIADUTO QUE PASSA POR CIMA DA JOAO DE BARROS SENTINDO OLINDA,SANTO AMARO,,SUBURBIO,TOMBAMENTO,MOTOQUEIRO CAIDO NO LOCAL,,1,,,,,,,,2,,Viaduto,Bom,Não existe,Perfeito estado,Seca,Perfeito estado,Não existe,Não há placas,,Única,Faixa contínua,,
2019-06-19,17:44:00,COM VÍTIMA,FINALIZADA,CIDADE UNIVERSITÁRIA,AV PROFESSOR LUIZ FREIRE,500,,EM FRENTE IFPE,AV PROFESSOR LUIZ FREIRE,500,EM FRENTE IFPE,CIDADE UNIVERSITÁRIA,,,COLISÃO FRONTAL,,1,1,,,,,,,,1,,Longo da via,Bom,Não existe,Perfeito estado,Seca,Perfeito estado,Não existe,Não há placas,40 km/h,Dupla,Faixa seccionada,,
2019-06-19,18:34:00,SEM VÍTIMA,FINALIZADA,IPSEP,RUA SAO NICOLAU,,RUA ABDIAS CABRAL DE MOURA,SOB O SEMÁFORO 315,RUA SAO NICOLAU,,SOB O SEMÁFORO 315,IPSEP,315,SUBURBIO,ABALROAMENTO LONGITUDINAL,,1,1,,,,,,,,0,,Longo da via,Bom,Sem defeito,Perfeito estado,Seca,Perfeito estado,Agente,Não há placas,,Única,Não existe,,
2019-06-19,18:38:00,SEM VÍTIMA,FINALIZADA,IMBIRIBEIRA,AV MARECHAL MASCARENHAS DE MORAES,,RUA CAPITAO JOAO PONTES,SEMÁFORO 471,AV MARECHAL MASCARENHAS DE MORAES,,SEMÁFORO 471,IMBIRIBEIRA,,CIDADE,ABALROAMENTO LONGITUDINAL,ONIBUS VERA CRUZ X GOL,1,,,,,1,,,,0,,,Chuvoso,Intermitente,Perfeito estado,Molhada,Perfeito estado,,Não há placas,,Dupla,Canteiro central,,
2019-06-19,18:48:00,SEM VÍTIMA,CANCELADA,BOA VIAGEM,RUA SA E SOUZA,400,RUA CAPITAO ZUZINHA,PROX AO EDF SANTOS DUMONT,RUA SA E SOUZA,400,PROX AO EDF SANTOS DUMONT,BOA VIAGEM,,,COLISÃO,SIENA X AUTO,2,,,,,,,,,0,,,,,,,,,,,,,,
2019-06-19,19:51:00,SEM VÍTIMA,FINALIZADA,JARDIM SÃO PAULO,AV SAO PAULO,,,SUPERMERCADO RENDE MAIS,AV SAO PAULO,,SUPERMERCADO RENDE MAIS,JARDIM SÃO PAULO,,,ABALROAMENTO LONGITUDINAL,GOL X PALIO,2,,,,,,,,,0,,Longo da via,Chuvoso,Não existe,Incompleta,Molhada,,Não existe,Não há placas,,Dupla,Não existe,,
2019-06-19,20:26:00,SEM VÍTIMA,FINALIZADA,IMBIRIBEIRA,AV PRESIDENTE DUTRA,451 A,,CHURRASCARIA SAL E BRASA,AV PRESIDENTE DUTRA,451 A,CHURRASCARIA SAL E BRASA,IMBIRIBEIRA,,,ABALROAMENTO LONGITUDINAL,DOIS AUTO SEM VITIMAS,2,,,,,,,,,0,,,Chuvoso,Não existe,Perfeito estado,Molhada,Perfeito estado,Não existe,Não há placas,,Única,Não existe,,
2019-06-19,21:31:00,SEM VÍTIMA,FINALIZADA,ÁGUA FRIA,RUA JULIO RAMOS,,,,RUA JULIO RAMOS,,,ÁGUA FRIA,405,SUBURBIO,ABALROAMENTO LONGITUDINAL,AUTO E CAMINHÃO DO LIXO SEM VITIMAS,1,,,,,,1,,,0,,Longo da via,Chuvoso,Sem defeito,Perfeito estado,Molhada,Perfeito estado,Faixa de retenção,R-6a,,Única,Faixa seccionada,,
2019-06-19,22:50:00,SEM VÍTIMA,FINALIZADA,TAMARINEIRA,RUA CONEGO BARATA,618,,,RUA CONEGO BARATA,618,,TAMARINEIRA,,SUBURBIO,ABALROAMENTO LONGITUDINAL,MOTO X FORD K,1,1,,,,,,,,0,,Longo da via,Bom,Sem defeito,,,,,,,Dupla,,,
2019-06-20,05:46:00,SEM VÍTIMA,FINALIZADA,AREIAS,AV RECIFE,,,EM FRENTE AO MACRO,AV RECIFE,,EM FRENTE AO MACRO,AREIAS,,SUBURBIO,COLISÃO TRASEIRA,COLISÃO ENTRE DOIS AUTOS S/V,2,,,,,,,,,0,,Longo da via,Chuvoso,Não existe,Perfeito estado,Molhada,Perfeito estado,Não existe,R-6a,,Dupla,Canteiro central,,
2019-06-20,06:00:00,SEM VÍTIMA,FINALIZADA,GRAÇAS,,,,PONTE DA CAPUNGA,,,PONTE DA CAPUNGA,GRAÇAS,,SUBURBIO,COLISÃO TRASEIRA,,1,,,,,1,,,,0,,Ponte,Bom,Não existe,Perfeito estado,Seca,Perfeito estado,Não existe,Não há placas,,Dupla,Faixa seccionada,,
2019-06-20,06:25:00,SEM VÍTIMA,FINALIZADA,BOA VIAGEM,AV BOA VIAGEM,6636,,,AV BOA VIAGEM,6636,,BOA VIAGEM,,CIDADE,COLISÃO TRASEIRA,,2,,,,,,,,,0,,Longo da via,Bom,Sem defeito,Perfeito estado,Seca,Perfeito estado,Faixa de retenção,Não há placas,60 km/h,Única,Faixa contínua,,
2019-06-20,07:56:00,SEM VÍTIMA,FINALIZADA,ILHA DO RETIRO,RUA BENFICA,,,EM FRENTE AO SPORT CLUBE DO RECIFE   AO LADO DA BILHETERIA,RUA BENFICA,,EM FRENTE AO SPORT CLUBE DO RECIFE   AO LADO DA BILHETERIA,ILHA DO RETIRO,,CIDADE,ABALROAMENTO LONGITUDINAL,SEM VITIMAS,1,1,,,,,,,,0,,Longo da via,Bom,Não existe,Perfeito estado,Seca,Perfeito estado,Não existe,R-6a,,Única,Não existe,,
2019-06-20,08:24:00,SEM VÍTIMA,CANCELADA,SANTO AMARO,AV GOVERNADOR AGAMENON MAGALHAES,,,EM FRENTE AO IC,AV GOVERNADOR AGAMENON MAGALHAES,,EM FRENTE AO IC,SANTO AMARO,,BOA VIAGEM,COLISÃO,COLISÃO SEM VITIMAS,2,,,,,,,,,0,,,,,,,,,,,,,,
2019-06-20,08:24:00,SEM VÍTIMA,CANCELADA,BOA VIAGEM,AV CONSELHEIRO AGUIAR,2892,,EM FRENTE A CARMEN PADARIA GOURMET,AV CONSELHEIRO AGUIAR,2892,EM FRENTE A CARMEN PADARIA GOURMET,BOA VIAGEM,,,COLISÃO,DOIS AUTOS,2,,,,,,,,,0,,,,,,,,,,,,,,
2019-06-20,09:51:00,SEM VÍTIMA,FINALIZADA,AREIAS,AV RECIFE,150,,EM FENTE AO MAKRO,AV RECIFE,150,EM FENTE AO MAKRO,AREIAS,621,CIDADE,COLISÃO TRASEIRA,SEM VITIMAS,2,,,,,,,,,0,,Longo da via,Bom,Sem defeito,Perfeito estado,Seca,Perfeito estado,,Outras,,Dupla,Canteiro central,,
2019-06-20,10:07:00,SEM VÍTIMA,FINALIZADA,NOVA DESCOBERTA,AV VEREADOR OTACILIO AZEVEDO,3002,RUA SANTA TEREZA,EM FRENTE A LANCHONETE RAMOS,AV VEREADOR OTACILIO AZEVEDO,3002,EM FRENTE A LANCHONETE RAMOS,NOVA DESCOBERTA,,SUBURBIO,ABALROAMENTO LONGITUDINAL,COLISÃO S/VITIMAS ENTRE UM AUTO E ONIBUS,1,,,,,1,,,,0,,,Bom,Não existe,Não existente,Seca,Perfeito estado,Não existe,Não há placas,,Dupla,Faixa contínua,Faixa seccionada,
2019-06-20,10:27:00,COM VÍTIMA,FINALIZADA,ESTÂNCIA,AV JOAO CABRAL DE MELO NETO,,AV RECIFE,,AV JOAO CABRAL DE MELO NETO,,,ESTÂNCIA,259,SUBURBIO,COLISÃO TRASEIRA,MOTOCICLETA E MOTONETA.,,2,,,,,,,,1,,Cruzamento,Bom,Sem defeito,Perfeito estado,Seca,Perfeito estado,Faixa de pedestre,,,Dupla,Faixa contínua,Faixa seccionada,Canteiro central
2019-06-20,10:40:00,COM VÍTIMA,FINALIZADA,COHAB,AV SAO PAULO,134,,PRÓXIMO AO TERMINAL DE TRÊS CARNEIROS,AV SAO PAULO,134,PRÓXIMO AO TERMINAL DE TRÊS CARNEIROS,COHAB,,SUBURBIO,ATROPELAMENTO,AUTO  ÔNIBUS E PEDESTRE.,1,,,,1,1,,,,2,,Longo da via,Bom,Não existe,Incompleta,Seca,Perfeito estado,Não existe,R-6a,,Dupla,,,
2019-06-20,10:39:00,SEM VÍTIMA,FINALIZADA,BOA VIAGEM,AV ENGENHEIRO DOMINGOS FERREIRA,236,,SEMÁFORO 380,AV ENGENHEIRO DOMINGOS FERREIRA,236,SEMÁFORO 380,BOA VIAGEM,380,SUBURBIO,COLISÃO TRASEIRA,SEM VITIMAS,3,,,,,,,,,0,,Longo da via,Bom,Sem defeito,Perfeito estado,Seca,Perfeito estado,Faixa de pedestre,Não há placas,60 km/h,Dupla,Canteiro central,,
2019-06-20,10:48:00,SEM VÍTIMA,FINALIZADA,GRAÇAS,AV GOVERNADOR AGAMENON MAGALHAES,,AV RUI BARBOSA,SOB O SEMAFORO 037,AV GOVERNADOR AGAMENON MAGALHAES,,SOB O SEMAFORO 037,GRAÇAS,,,COLISÃO TRASEIRA,AUTO E CAMINHÃO,1,,,,,,1,,,0,,Cruzamento,Bom,Sem defeito,Perfeito estado,Seca,Perfeito estado,Faixa de pedestre,,60 km/h,Dupla,Canteiro central,,
2019-06-21,06:55:00,SEM VÍTIMA,FINALIZADA,VÁRZEA,AV CAXANGA,,RUA FRANCISCO TORRES,AO LADO DA UPA,AV CAXANGA,,AO LADO DA UPA,VÁRZEA,368,SUBURBIO,ABALROAMENTO LONGITUDINAL,COLISÃO SEM VITIMAS,2,,,,,,,,,0,,Longo da via,Bom,Sem defeito,Perfeito estado,Seca,Perfeito estado,Faixa de retenção,,,Dupla,Faixa contínua,Faixa seccionada,Canteiro central
2019-06-20,11:40:00,SEM VÍTIMA,FINALIZADA,SANTO AMARO,PRC GENERAL CARLOS PINTO,,,AO LADO DA PRAÇA GENERAL CARLOS PINTO,PRC GENERAL CARLOS PINTO,,AO LADO DA PRAÇA GENERAL CARLOS PINTO,SANTO AMARO,,CIDADE,CHOQUE VEÍCULO PARADO,SEM VITIMAS,2,,,,,,1,,,0,,Longo da via,Bom,Não existe,Incompleta,Seca,Mal conservada,Não existe,Não há placas,,Única,Não existe,,
2019-06-20,12:12:00,SEM VÍTIMA,CANCELADA,IMBIRIBEIRA,RUA ITAJAI,604,RUA BURITAMA,POR TRAS DA ANTIGA AUTO NUNES,RUA ITAJAI,604,POR TRAS DA ANTIGA AUTO NUNES,IMBIRIBEIRA,,,COLISÃO,,2,,,,,,,,,0,,,,,,,,,,,,,,
2019-06-20,12:45:00,SEM VÍTIMA,FINALIZADA,BOA VISTA,AV GOVERNADOR AGAMENON MAGALHAES,,AV GOVERNADOR CARLOS DE LIMA CAVALCANTI,,AV GOVERNADOR AGAMENON MAGALHAES,,,BOA VISTA,75,SUBURBIO,COLISÃO TRASEIRA,COLISAO SEM VITIMAS,2,,,,,,,,,0,,Cruzamento,Bom,Sem defeito,Perfeito estado,Seca,Perfeito estado,Faixa de pedestre,,60 km/h,Dupla,Faixa contínua,,
2019-06-20,14:10:00,SEM VÍTIMA,FINALIZADA,ARRUDA,EST VELHA DE AGUA FRIA,1485,,,EST VELHA DE AGUA FRIA,1485,,ARRUDA,,CIDADE,COLISÃO TRASEIRA,COLISÃO SEM VÍTIMA,1,,,,,1,,,,0,,Longo da via,Bom,Não existe,Perfeito estado,Seca,Perfeito estado,Não existe,Não há placas,,Única,Faixa seccionada,,
2019-06-20,14:41:00,SEM VÍTIMA,FINALIZADA,DERBY,RUA BENFICA,,,PRAÇA DA BANDEIRA,RUA BENFICA,,PRAÇA DA BANDEIRA,DERBY,,CIDADE,ABALROAMENTO LONGITUDINAL,COLISAO ENTRE CAMINHAO E AUTO BATEDOR DA MOTO 17 E 29 NO LOCAL,1,,,,,,1,,,0,,Longo da via,Bom,Não existe,Perfeito estado,Seca,Perfeito estado,Não existe,Outras,,Única,Faixa contínua,Faixa seccionada,
2019-06-20,14:45:00,SEM VÍTIMA,FINALIZADA,SANTO AMARO,AV NORTE,,,AO LADO DO SEAD - SUPERINTENDENCIA ESTADUAL DE APOIO,AV NORTE,,AO LADO DO SEAD - SUPERINTENDENCIA ESTADUAL DE APOIO,SANTO AMARO,,CIDADE,COLISÃO TRASEIRA,COLISÃO SEM VÍTIMA,2,,,,,,,,,0,,Longo da via,Bom,Sem defeito,Perfeito estado,Seca,Perfeito estado,Não existe,Não há placas,60 km/h,Única,Faixa contínua,,
2019-06-20,14:47:00,SEM VÍTIMA,FINALIZADA,DERBY,PTE ESTACIO COIMBRA,,,LADO OPOSTO AO QUARTEL DO DERBY,PTE ESTACIO COIMBRA,,LADO OPOSTO AO QUARTEL DO DERBY,DERBY,,CIDADE,COLISÃO TRASEIRA,ENGAVETAMENTO ENTRE TRES AUTOS S/V,3,,,,,,,,,0,,Ponte,Bom,Não existe,Perfeito estado,Seca,Perfeito estado,Não existe,Outras,,Dupla,Faixa contínua,,
2019-06-20,15:06:00,SEM VÍTIMA,CANCELADA,SANTO AMARO,RUA AURORA,1071,,APOS ASSEMBLEIA ENTRE O EDF ALFREDO BANDEIRA E O EDF DA REDE GLOBO,RUA AURORA,1071,APOS ASSEMBLEIA ENTRE O EDF ALFREDO BANDEIRA E O EDF DA REDE GLOBO,SANTO AMARO,,,COLISÃO,COLISAO ENTRE TAXI E AUTO S/V,2,,,,,,,,,0,,,,,,,,,,,,,,
2019-06-20,15:45:00,COM VÍTIMA,FINALIZADA,CAMPO GRANDE,RUA ODORICO MENDES,536,,PRÓXIMO AO CLUBE DAS PÁS.,RUA ODORICO MENDES,536,PRÓXIMO AO CLUBE DAS PÁS.,CAMPO GRANDE,,SUBURBIO,COLISÃO COM CICLISTA,COLISÃO COM VITIMAS,1,,,1,,,,,,1,,Longo da via,Bom,Não existe,Não existente,Seca,Perfeito estado,Não existe,Não há placas,,Dupla,Faixa seccionada,,
2019-06-20,15:49:00,SEM VÍTIMA,FINALIZADA,BOA VIAGEM,AV BOA VIAGEM,,,EM FRENTE A PRAÇA BOA VIAGEM,AV BOA VIAGEM,,EM FRENTE A PRAÇA BOA VIAGEM,BOA VIAGEM,,,COLISÃO TRASEIRA,COLISAO ENTRE DOIS AUTOS S/V,2,,,,,,,,,0,,Longo da via,Bom,Sem defeito,Perfeito estado,Seca,Perfeito estado,Não existe,Não há placas,,Única,Faixa seccionada,,
2019-06-20,16:56:00,SEM VÍTIMA,FINALIZADA,CASA FORTE,AV DEZESSETE DE AGOSTO,,RUA ALFREDO FERNANDES,,AV DEZESSETE DE AGOSTO,,,CASA FORTE,345,SUBURBIO,ABALROAMENTO TRANSVERSAL,COLISÃO SEM VITIMAS,2,,,,,,,,,0,,Cruzamento,Bom,Sem defeito,Perfeito estado,Seca,Perfeito estado,Faixa de pedestre,Não há placas,60 km/h,Dupla,Faixa contínua,,
2019-06-20,16:57:00,SEM VÍTIMA,FINALIZADA,BAIRRO DO RECIFE,CAIS DO APOLO,,PTE BUARQUE DE MACEDO,SOB O SEMÁORO 019,CAIS DO APOLO,,SOB O SEMÁORO 019,BAIRRO DO RECIFE,,CIDADE,COLISÃO TRASEIRA,COLISÃO SEM VÍTIMA,2,,,,,,,,,0,,Cruzamento,Bom,Sem defeito,Perfeito estado,Seca,Perfeito estado,,Não há placas,,Dupla,Canteiro central,,
2019-06-20,18:47:00,SEM VÍTIMA,FINALIZADA,BOA VISTA,RUA AURORA,703,RUA MAMEDE SIMOES,,RUA AURORA,703,,BOA VISTA,,SUBURBIO,ABALROAMENTO LONGITUDINAL,ENTRE AUTO E ÕNIBUS  S/V,1,,,,,1,,,,0,,Longo da via,Bom,Sem defeito,Perfeito estado,Seca,Perfeito estado,Outros,Outras,,,,,
2019-06-20,18:51:00,SEM VÍTIMA,FINALIZADA,DERBY,PRC DO DERBY,,,ENTRE AS PRAÇAS,PRC DO DERBY,,ENTRE AS PRAÇAS,DERBY,40,SUBURBIO,COLISÃO TRASEIRA,IX 35 X HONDA CIVIC OBS: : AGENTE DA CTTU NO LOCAL,2,,,,,,,,,0,,Longo da via,Bom,Sem defeito,Perfeito estado,Seca,Perfeito estado,,Não há placas,,Dupla,Canteiro central,,
2019-06-20,19:19:00,SEM VÍTIMA,FINALIZADA,BOA VIAGEM,RUA PROFESSOR ARNALDO CARNEIRO LEAO,,,AO LADO DO WALMART,RUA PROFESSOR ARNALDO CARNEIRO LEAO,,AO LADO DO WALMART,BOA VIAGEM,544,SUBURBIO,COLISÃO TRASEIRA,GOL X TRACKER,2,,,,,,,,,0,,Longo da via,Bom,Sem defeito,Perfeito estado,Seca,Perfeito estado,Outros,Outras,,Única,Canteiro central,,
2019-06-20,19:40:00,SEM VÍTIMA,FINALIZADA,ÁGUA FRIA,EST VELHA DE AGUA FRIA,,RUA SAO BENTO,ENTRADA DA BOMBA DO HEMETERIO,EST VELHA DE AGUA FRIA,,ENTRADA DA BOMBA DO HEMETERIO,ÁGUA FRIA,,,COLISÃO TRASEIRA,ENTRE 2 AUTOS. S/V,2,,,,,,,,,0,,,Bom,Não existe,Incompleta,Seca,Perfeito estado,,Não há placas,,Dupla,Faixa seccionada,Canteiro central,
2019-06-21,00:38:00,SEM VÍTIMA,FINALIZADA,PINA,AV ANTONIO DE GOES,,,EM FRENTE A BODEGA DO ZEZO,AV ANTONIO DE GOES,,EM FRENTE A BODEGA DO ZEZO,PINA,,CIDADE,CHOQUE OBJETO FIXO,CONDUTOR PERDEU O CONTROLE DO VEÍCULO E ACABOU SE CHOCANDO CONTRA O COQUEIRO NO LOCAL. S/V,1,,,,,,,,,0,,Longo da via,Bom,Não existe,Perfeito estado,Seca,Perfeito estado,,,,Única,Canteiro central,,
2019-06-21,07:25:00,SEM VÍTIMA,FINALIZADA,ILHA DO RETIRO,AV BEIRA RIO,,,EM FRENTE AO EDF. PORTAL DO CAPIBARIBE,AV BEIRA RIO,,EM FRENTE AO EDF. PORTAL DO CAPIBARIBE,ILHA DO RETIRO,,CIDADE,ABALROAMENTO LONGITUDINAL,DOIS AUTOS,2,,,,,,,,,0,,Longo da via,Bom,Não existe,Perfeito estado,Seca,Perfeito estado,Não existe,R-6a,,Dupla,Faixa seccionada,,
2019-06-21,07:44:00,SEM VÍTIMA,FINALIZADA,CASA AMARELA,AV NORTE,6674,,EM FRENTE AO Nº 6674,AV NORTE,6674,EM FRENTE AO Nº 6674,CASA AMARELA,,CIDADE,COLISÃO TRASEIRA,DIS AUTOS VT-20 NO LOCAL  SUB. INSP. LUCIO,2,,,,,,,,,0,,Longo da via,Bom,Não existe,Perfeito estado,Seca,Perfeito estado,Faixa de retenção,Outras,,Dupla,Canteiro central,,
2019-06-21,08:18:00,SEM VÍTIMA,FINALIZADA,BOA VIAGEM,AV CONSELHEIRO AGUIAR,,RUA RIBEIRO DE BRITO,,AV CONSELHEIRO AGUIAR,,,BOA VIAGEM,147,,COLISÃO TRASEIRA,COLISAO DOIS AUTOS E UM CAMINHAO S/V,2,,,,,,1,,,0,,Longo da via,Bom,Sem defeito,Perfeito estado,Seca,Perfeito estado,Faixa de retenção,,60 km/h,Única,Faixa contínua,,
2019-06-21,09:58:00,COM VÍTIMA,FINALIZADA,BOA VIAGEM,RUA DEZ DE JULHO,,RUA CAMBOIM,AO LADO DO MAISON CRISTAL,RUA DEZ DE JULHO,,AO LADO DO MAISON CRISTAL,BOA VIAGEM,,CIDADE,ABALROAMENTO TRANSVERSAL,COLISÃO COM VITIMA,1,1,,,,,,,,1,,Cruzamento,Bom,Não existe,Incompleta,Seca,,Não existe,Placas Pare,,Única,Faixa seccionada,,
2019-06-21,10:45:00,SEM VÍTIMA,FINALIZADA,ENCRUZILHADA,AV NORTE,2303,,EM FRENTE AO EDF SÃO PEDRO,AV NORTE,2303,EM FRENTE AO EDF SÃO PEDRO,ENCRUZILHADA,,CIDADE,ABALROAMENTO LONGITUDINAL,MOTO E AUTO,1,1,,,,,,,,0,,Longo da via,Bom,Sem defeito,Perfeito estado,Seca,Perfeito estado,Outros,R-6a,,Dupla,Faixa seccionada,Canteiro central,
2019-06-21,10:50:00,SEM VÍTIMA,FINALIZADA,BOA VISTA,RUA DAS NINFAS,269,RUA DO PROGRESSO,ODONTO LEITE,RUA DAS NINFAS,269,ODONTO LEITE,BOA VISTA,,CIDADE,ABALROAMENTO LONGITUDINAL,COLISÃO SEM VITIMAS,2,,,,,,,,,0,,Cruzamento,Bom,Não existe,Incompleta,Seca,Perfeito estado,Não existe,Placas Pare,,Dupla,Não existe,,
2019-06-21,11:44:00,SEM VÍTIMA,CANCELADA,CASA AMARELA,EST DO ARRAIAL,2621,,EM FRENTE A LOJA PARNAMIRIM PNEUS,EST DO ARRAIAL,2621,EM FRENTE A LOJA PARNAMIRIM PNEUS,CASA AMARELA,,,COLISÃO,SEM VITIMAS,2,,,,,,,,,0,,,,,,,,,,,,,,
2019-06-21,11:54:00,SEM VÍTIMA,CANCELADA,AFOGADOS,RUA NICOLAU PEREIRA,,,EM FRENTE AO METRÔ,RUA NICOLAU PEREIRA,,EM FRENTE AO METRÔ,AFOGADOS,,SUBURBIO,COLISÃO,COLISÃO SEM VITIMAS,1,1,,,,,,,,0,,,,,,,,,,,,,,
2019-06-21,12:02:00,SEM VÍTIMA,FINALIZADA,BARRO,AV DR JOSE RUFINO,,,EM FRENTE AO SEMAFORO 539,AV DR JOSE RUFINO,,EM FRENTE AO SEMAFORO 539,BARRO,539,SUBURBIO,CHOQUE VEÍCULO PARADO,COLISAO ENTRE CAMINHAO E AUTO S/V,1,,,,,,1,,,0,,Longo da via,Bom,Sem defeito,Perfeito estado,Seca,Perfeito estado,Faixa de retenção,Não há placas,50 km/h,Dupla,Faixa contínua,,
2019-06-21,12:53:00,COM VÍTIMA,FINALIZADA,TORREÃO,RUA OTHON PARAISO,,RUA DJALMA FARIAS,,RUA OTHON PARAISO,,,TORREÃO,,,ABALROAMENTO TRANSVERSAL,COLISÃO COM VITIMAS,,1,,,,,,,,1,,Cruzamento,Bom,Não existe,Perfeito estado,Seca,Perfeito estado,Faixa de retenção,Placas Pare,,Dupla,Faixa seccionada,Blocos,
2019-06-21,14:03:00,SEM VÍTIMA,FINALIZADA,JORDÃO,,,,EM FRENTE A CLIMED,,,EM FRENTE A CLIMED,JORDÃO,,SUBURBIO,COLISÃO TRASEIRA,COLISAO ENTRE DOIS AUTOS S/V,2,,,,,,,,,0,,Longo da via,Bom,Sem defeito,Incompleta,Seca,Perfeito estado,Não existe,Não há placas,,Dupla,Não existe,,
2019-06-21,14:27:00,SEM VÍTIMA,FINALIZADA,BOA VIAGEM,AV ENGENHEIRO DOMINGOS FERREIRA,515,,,AV ENGENHEIRO DOMINGOS FERREIRA,515,,BOA VIAGEM,,SUBURBIO,ABALROAMENTO LONGITUDINAL,COLISÃO SEM VÍTIMA,2,,,,,,,,,0,,Cruzamento,Bom,Não existe,Perfeito estado,Seca,Perfeito estado,Não existe,Outras,,Única,Faixa seccionada,Canteiro central,
2019-06-21,14:44:00,SEM VÍTIMA,FINALIZADA,IMBIRIBEIRA,RUA CANAL DO JORDAO,6997B,AV MARECHAL MASCARENHAS DE MORAES,AO LADO DO Nº 6997 B,RUA CANAL DO JORDAO,6997B,AO LADO DO Nº 6997 B,IMBIRIBEIRA,,CIDADE,ABALROAMENTO LONGITUDINAL,COLISÃO SEM VÍTIMA,1,,,,,1,,,,0,,,Bom,Não existe,Não existente,Seca,Perfeito estado,Não existe,Não há placas,,Única,Não existe,,
2019-06-21,14:58:00,SEM VÍTIMA,CANCELADA,BOA VIAGEM,RUA ANTONIO FALCAO,236,,NA FRENTE DA ESTAÇÃO ANTINIO FALCAO,RUA ANTONIO FALCAO,236,NA FRENTE DA ESTAÇÃO ANTINIO FALCAO,BOA VIAGEM,,,COLISÃO,COLISÃO SEM VITIMAS,1,1,,,,,,,,0,,,,,,,,,,,,,,
2019-06-21,15:08:00,COM VÍTIMA,FINALIZADA,HIPÓDROMO,RUA MARQUES DE BAIPENDI,184,RUA MADRE ROSA GATTORNO,EM FRENTE AO Nº 184,RUA MARQUES DE BAIPENDI,184,EM FRENTE AO Nº 184,HIPÓDROMO,,,ABALROAMENTO LONGITUDINAL,COLISAO ENTRE AUTO E MOTO S/V,1,1,,,,,,,,1,,Cruzamento,Bom,Não existe,Não existente,Seca,Perfeito estado,,Não há placas,,Dupla,,,
2019-06-21,15:20:00,SEM VÍTIMA,FINALIZADA,ILHA DO RETIRO,AV JOSE GONCALVES DE MEDEIROS,118,,EDF MAGNU,AV JOSE GONCALVES DE MEDEIROS,118,EDF MAGNU,ILHA DO RETIRO,355,CIDADE,COLISÃO TRASEIRA,COLISÃO SEM VITIMAS,3,,,,,,,,,0,,Longo da via,Bom,Sem defeito,Perfeito estado,Seca,Perfeito estado,,,,Dupla,Faixa contínua,,
2019-06-21,15:23:00,SEM VÍTIMA,CANCELADA,GRAÇAS,RUA DAS CREOULAS,292,,EM FRENTE A FARMACIA QUATRO CANTOS,RUA DAS CREOULAS,292,EM FRENTE A FARMACIA QUATRO CANTOS,GRAÇAS,,,COLISÃO,COLISÃO SEM VÍTIMA,2,,,,,,,,,0,,,,,,,,,,,,,,
2019-06-21,15:26:00,COM VÍTIMA,FINALIZADA,JARDIM SÃO PAULO,AV LIBERDADE,172,RUA PROFESSOR HENRIQUE DE LUCENA,,AV LIBERDADE,172,,JARDIM SÃO PAULO,,,ABALROAMENTO LONGITUDINAL,,1,1,,,,,,,,1,,,Bom,Não existe,Perfeito estado,Seca,Perfeito estado,,,,Dupla,Faixa contínua,,