data,hora,natureza_acidente,situacao,bairro,endereco,numero,detalhe_endereco_acidente,complemento,endereco_cruzamento,numero_cruzamento,referencia_cruzamento,bairro_cruzamento,num_semaforo,sentido_via,tipo,descricao,auto,moto,ciclom,ciclista,pedestre,onibus,caminhao,viatura,outros,vitimas,vitimasfatais,acidente_verificado,tempo_clima,situacao_semaforo,sinalizacao,condicao_via,conservacao_via,ponto_controle,situacao_placa,velocidade_max_via,mao_direcao,divisao_via1,divisao_via2,divisao_via3
2019-07-04,10:24:00,SEM VÍTIMA,FINALIZADA,BOA VIAGEM,AV CONSELHEIRO AGUIAR,,RUA TOME GIBSON,EM FRENTE AO GALETO PEKIN,AV CONSELHEIRO AGUIAR,,EM FRENTE AO GALETO PEKIN,BOA VIAGEM,2,CIDADE,COLISÃO TRASEIRA,DOIS AUTOS BATEDORES NO LOCAL,2,,,,,,,,,0,,Longo da via,Bom,Sem defeito,Perfeito estado,Seca,Perfeito estado,Faixa de pedestre,R-6a,60 km/h,Única,Faixa contínua,,
2019-07-04,10:30:00,SEM VÍTIMA,FINALIZADA,IMBIRIBEIRA,AV MARECHAL MASCARENHAS DE MORAES,,,EM FRENTE A FIAT ITALIANA,AV MARECHAL MASCARENHAS DE MORAES,,EM FRENTE A FIAT ITALIANA,IMBIRIBEIRA,502,SUBURBIO,COLISÃO TRASEIRA,SEM VITIMAS,2,,,,,,,,,0,,Longo da via,Bom,Sem defeito,Perfeito estado,Seca,Perfeito estado,Faixa de pedestre,Não há placas,60 km/h,Dupla,Canteiro central,,
2019-07-04,10:34:00,SEM VÍTIMA,FINALIZADA,TEJIPIÓ,RUA FALCAO DE LACERDA,457,,AO LADO DA ASA MOTOS,RUA FALCAO DE LACERDA,457,AO LADO DA ASA MOTOS,TEJIPIÓ,285,SUBURBIO,ABALROAMENTO LONGITUDINAL,COLISÃO S/VITIMAS ENTRE UMA CARRETA E UM AUTO,1,,,,,,1,,,0,,Longo da via,Bom,Sem defeito,Perfeito estado,Seca,Perfeito estado,Outros,Outras,40 km/h,Dupla,Faixa contínua,,
2019-07-04,10:43:00,SEM VÍTIMA,CANCELADA,TEJIPIÓ,AV DR JOSE RUFINO,5735,,EM FRENTE AO POSTO PETROBRAS,AV DR JOSE RUFINO,5735,EM FRENTE AO POSTO PETROBRAS,TEJIPIÓ,,,COLISÃO,COLISÃO S/VITIMAS ENTRE UMA MOTO E UM AUTO,1,1,,,,,,,,0,,,,,,,,,,,,,,
2019-07-04,11:16:00,SEM VÍTIMA,CANCELADA,BOA VISTA,AV MANOEL BORBA,1000,RUA DOM BOSCO,EM FRENTE AO EDF DOM BOSCO,AV MANOEL BORBA,1000,EM FRENTE AO EDF DOM BOSCO,BOA VISTA,,,COLISÃO,SEM VITIMA,2,,,,,,,,,0,,,,,,,,,,,,,,
2019-07-04,11:34:00,SEM VÍTIMA,FINALIZADA,BOA VIAGEM,RUA MARQUES DE VALENCA,,RUA AMALIA BERNARDINO DE SOUZA,POR TRAS DA ESCOLA SANTOS DUMONT,RUA MARQUES DE VALENCA,,POR TRAS DA ESCOLA SANTOS DUMONT,BOA VIAGEM,,,ABALROAMENTO LONGITUDINAL,COLISÃO S/VITIMAS ENTRE UM CAMINHÃO E UM AUTO,1,,,,,,1,,,0,,Longo da via,Bom,Não existe,Não existente,Seca,,Não existe,Não há placas,20 km/h,Dupla,Não existe,,
2019-07-04,11:38:00,SEM VÍTIMA,CANCELADA,PASSARINHO,EST DE PASSARINHO,1180,,PROXIMO A SUPERGÁS,EST DE PASSARINHO,1180,PROXIMO A SUPERGÁS,PASSARINHO,,,COLISÃO,COLISÃO S/VITIMAS ENTRE UMA MOTO E UM AUTO,1,1,,,,,,,,0,,,,,,,,,,,,,,
2019-07-04,12:07:00,SEM VÍTIMA,FINALIZADA,BOA VIAGEM,RUA PADRE CARAPUCEIRO,,AV FERNANDO SIMOES BARBOSA,,RUA PADRE CARAPUCEIRO,,,BOA VIAGEM,321,CIDADE,ABALROAMENTO LONGITUDINAL,DOIS AUTO SEM VITIMAS,2,,,,,,,,,0,,Cruzamento,Bom,Sem defeito,Perfeito estado,Seca,Perfeito estado,Faixa de pedestre,Outras,,Dupla,Canteiro central,,
2019-07-04,12:14:00,SEM VÍTIMA,FINALIZADA,DERBY,RUA AMARO BEZERRA,419,RUA JORNALISTA PAULO BITTENCOURT,EM FRENTE A DROGASIL,RUA AMARO BEZERRA,419,EM FRENTE A DROGASIL,DERBY,,SUBURBIO,ABALROAMENTO TRANSVERSAL,DOIS AUTO SEM VITIMAS ( UM DOS AUTO E DA 2ª SEÇÃO DA POLICIA),1,,,,,,,1,,0,,,Bom,Sem defeito,Perfeito estado,Seca,Perfeito estado,Não existe,Outras,,Única,Não existe,,
2019-07-04,12:38:00,SEM VÍTIMA,CANCELADA,BOA VISTA,AV CONDE DA BOA VISTA,,,E/F A LOJA MARISA S/T DERBY,AV CONDE DA BOA VISTA,,E/F A LOJA MARISA S/T DERBY,BOA VISTA,,,COLISÃO,COLISAO ENTRE ONIBUS E AUTO S/V,1,,,,,1,,,,0,,,,,,,,,,,,,,
2019-07-04,13:15:00,SEM VÍTIMA,FINALIZADA,SAN MARTIN,RUA VINTE E UM DE ABRIL,2857,,EM FRENTE AO EDUCANDÁRIO PEQUENO PRINCIPE,RUA VINTE E UM DE ABRIL,2857,EM FRENTE AO EDUCANDÁRIO PEQUENO PRINCIPE,SAN MARTIN,,SUBURBIO,CHOQUE VEÍCULO PARADO,COLISÃO SEM VITIMAS,2,,,,,,,,,0,,Longo da via,Bom,Não existe,Perfeito estado,Seca,Perfeito estado,Não existe,Não há placas,40 km/h,Dupla,Faixa contínua,,
2019-07-04,13:28:00,SEM VÍTIMA,FINALIZADA,BOA VIAGEM,RUA GENERAL AMERICANO FREIRE,,,EM FRENTE AO Nº 326,RUA GENERAL AMERICANO FREIRE,,EM FRENTE AO Nº 326,BOA VIAGEM,,SUBURBIO,ABALROAMENTO TRANSVERSAL,COLISAO ENTRE DOIS AUTOS,2,,,,,,,,,0,,Longo da via,Bom,Não existe,Perfeito estado,Seca,Perfeito estado,Não existe,Não há placas,,Única,Não existe,,
2019-07-04,13:33:00,SEM VÍTIMA,FINALIZADA,ESPINHEIRO,RUA DO ESPINHEIRO,,AV JOAO DE BARROS,,RUA DO ESPINHEIRO,,,ESPINHEIRO,89,,COLISÃO TRASEIRA,COLISAO ENTRE DOIS AUTOS S/V,2,,,,,,,,,0,,Longo da via,Bom,Sem defeito,Perfeito estado,Seca,Perfeito estado,Faixa de pedestre,R-6a,,Única,,,
2019-07-04,13:38:00,SEM VÍTIMA,FINALIZADA,ROSARINHO,AV NORTE,,,EM FRENTE AO Nº 409,AV NORTE,,EM FRENTE AO Nº 409,ROSARINHO,,CIDADE,COLISÃO TRASEIRA,COLISAO ENTRE MOTO E AUTO S/V,1,1,,,,,,,,0,,Longo da via,Bom,Não existe,Perfeito estado,Seca,Perfeito estado,Não existe,Outras,,Dupla,Canteiro central,,
2019-07-04,14:18:00,SEM VÍTIMA,CANCELADA,ILHA DO RETIRO,RUA BENFICA,,,AO LADO DO ESTADIO SPORT PROX AO TUNEL,RUA BENFICA,,AO LADO DO ESTADIO SPORT PROX AO TUNEL,ILHA DO RETIRO,,,COLISÃO,DOIS AUTO SEM VITIMAS,2,,,,,,,,,0,,,,,,,,,,,,,,
2019-07-04,14:40:00,SEM VÍTIMA,CANCELADA,SAN MARTIN,AV ENGENHEIRO ABDIAS DE CARVALHO,,,AO LADO DO POSTO BR APOS A FACULDADE ESTACIO,AV ENGENHEIRO ABDIAS DE CARVALHO,,AO LADO DO POSTO BR APOS A FACULDADE ESTACIO,SAN MARTIN,,,COLISÃO,COLISAO ENTRE DOIS AUTOS S/V,2,,,,,,,,,0,,,,,,,,,,,,,,
2019-07-04,15:03:00,SEM VÍTIMA,FINALIZADA,SÃO JOSÉ,RUA VIDAL DE NEGREIROS,370,,IGREJA MATRIZ DO BAIRRO DE SÃO JOSÉ,RUA VIDAL DE NEGREIROS,370,IGREJA MATRIZ DO BAIRRO DE SÃO JOSÉ,SÃO JOSÉ,207,SUBURBIO,ABALROAMENTO LONGITUDINAL,COLISAO ENTRE AUTO E CARRTA S/V,1,,,,,,1,,1,0,,Longo da via,Bom,Sem defeito,Perfeito estado,Seca,Mal conservada,,Outras,,Única,Não existe,,
2019-07-04,15:13:00,SEM VÍTIMA,FINALIZADA,TORRE,RUA MARCOS ANDRE,21,,AO LADO DO SALÃO L'ARMEE,RUA MARCOS ANDRE,21,AO LADO DO SALÃO L'ARMEE,TORRE,,SUBURBIO,COLISÃO TRASEIRA,TRES AUTO SEM VITIMAS,3,,,,,,,,,0,,Longo da via,Bom,Não existe,Perfeito estado,Seca,Perfeito estado,Não existe,Outras,40 km/h,Dupla,Faixa seccionada,,
2019-07-04,15:18:00,SEM VÍTIMA,FINALIZADA,BOA VIAGEM,AV CHARLES DARWIN,51,,,AV CHARLES DARWIN,51,,BOA VIAGEM,,SUBURBIO,ABALROAMENTO TRANSVERSAL,COLISÃO SEM VITIMAS,2,,,,,,,,,0,,Longo da via,Bom,Não existe,Perfeito estado,Seca,Perfeito estado,Não existe,Não há placas,,Dupla,Faixa seccionada,,
2019-07-04,16:00:00,SEM VÍTIMA,FINALIZADA,TORRE,RUA DOM MANOEL DA COSTA,40,,,RUA DOM MANOEL DA COSTA,40,,TORRE,192,CIDADE,COLISÃO TRASEIRA,DOIS AUTO SEM VITIMAS,2,,,,,,,,,0,,Longo da via,Bom,Sem defeito,Perfeito estado,Seca,Perfeito estado,Faixa de pedestre,R-6a,,Única,Faixa seccionada,,
2019-07-04,16:37:00,SEM VÍTIMA,FINALIZADA,,RUA SA E SOUZA,,RUA CAPITAO ZUZINHA,,RUA SA E SOUZA,,,,420,CIDADE,ABALROAMENTO LONGITUDINAL,COLISAO ENTRE ONIBUS E AUTOS S/V,1,,,,,1,,,,0,,Cruzamento,Bom,Sem defeito,Perfeito estado,Seca,Perfeito estado,Faixa de pedestre,Não há placas,,Única,Faixa seccionada,,
2019-07-04,17:21:00,SEM VÍTIMA,FINALIZADA,CASA AMARELA,AV NORTE,,,EM FRENTE A PARADA DE ÔNIBUS DE Nº 110044,AV NORTE,,EM FRENTE A PARADA DE ÔNIBUS DE Nº 110044,CASA AMARELA,,SUBURBIO,COLISÃO TRASEIRA,COLISAÕ SEM VITIMAS,2,,,,,,,,,0,,Longo da via,Bom,,Perfeito estado,Seca,Perfeito estado,Não existe,R-6a,,Dupla,Canteiro central,,
2019-07-04,17:24:00,SEM VÍTIMA,FINALIZADA,ESPINHEIRO,RUA AMELIA,293,,,RUA AMELIA,293,,ESPINHEIRO,,SUBURBIO,ABALROAMENTO LONGITUDINAL,ONIBUS E AUTO PASSEIO SEM VITIMAS,1,,,,,1,,,,0,,Longo da via,Bom,Não existe,Perfeito estado,Seca,Perfeito estado,Outros,Outras,,Única,Faixa seccionada,,
2019-07-04,17:27:00,COM VÍTIMA,FINALIZADA,JAQUEIRA,AV RUI BARBOSA,,,PARQUE DA JAQUEIRA (CAPELA),AV RUI BARBOSA,,PARQUE DA JAQUEIRA (CAPELA),JAQUEIRA,,,COLISÃO TRASEIRA,COLISÃO COM VÍTIMA,1,,,1,1,,,,,1,,Longo da via,Bom,Não existe,Perfeito estado,Seca,Perfeito estado,Não existe,Outras,50 km/h,Única,Não existe,,
2019-07-04,17:53:00,SEM VÍTIMA,FINALIZADA,AFOGADOS,EST DOS REMEDIOS,1341,,,EST DOS REMEDIOS,1341,,AFOGADOS,,CIDADE,ABALROAMENTO LONGITUDINAL,DOIS AUTO SEM VITIMAS,2,,,,,,,,,0,,Longo da via,Bom,Não existe,Perfeito estado,Seca,Perfeito estado,Não existe,R-6a,,Única,Faixa seccionada,,
2019-07-04,18:24:00,SEM VÍTIMA,FINALIZADA,CAXANGÁ,AV CAXANGA,,,E/F A ASSEMBLEIA DE DEUS,AV CAXANGA,,E/F A ASSEMBLEIA DE DEUS,CAXANGÁ,,CIDADE,ABALROAMENTO LONGITUDINAL,ENTRE AUTO E CAMINHÃO. S/V,1,,,,,,1,,,0,,Longo da via,Bom,Não existe,Perfeito estado,Seca,Perfeito estado,Não existe,Não há placas,,Dupla,Canteiro central,,
2019-07-04,18:50:00,SEM VÍTIMA,FINALIZADA,TORRE,RUA VITORIANO PALHARES,250,,PRÓX AO ATACADO DOS PRESENTES E POSTO SHELL,RUA VITORIANO PALHARES,250,PRÓX AO ATACADO DOS PRESENTES E POSTO SHELL,TORRE,,,COLISÃO,ENTRE 2 AUTOS. S/V,2,,,,,,,,,0,,,,,,,,,,,,,,
2019-07-04,21:13:00,SEM VÍTIMA,FINALIZADA,APIPUCOS,RUA DOIS IRMAOS,,,EM FRENTE AO INSTITUTO DE DOCUMENTAÇÃO,RUA DOIS IRMAOS,,EM FRENTE AO INSTITUTO DE DOCUMENTAÇÃO,APIPUCOS,,SUBURBIO,ABALROAMENTO LONGITUDINAL,HB 20 X LANDER MOTO,1,1,,,,,,,,0,,Longo da via,Bom,Não existe,Perfeito estado,Seca,Perfeito estado,Não existe,Não há placas,60 km/h,Dupla,Faixa contínua,,
2019-07-04,22:02:00,SEM VÍTIMA,CANCELADA,PINA,AV ANTONIO DE GOES,,,POR CIMA DA PONTE DO PINA / PRÓX AO RESTAURANTE BARGAFO,AV ANTONIO DE GOES,,POR CIMA DA PONTE DO PINA / PRÓX AO RESTAURANTE BARGAFO,PINA,,,ENGAVETAMENTO,ENTRE 2 AUTOS E MOTO. S/V,2,1,,,,,,,,0,,,,,,,,,,,,,,
2019-07-04,23:11:00,COM VÍTIMA,FINALIZADA,BARRO,AV DR JOSE RUFINO,,,,AV DR JOSE RUFINO,,,BARRO,,SUBURBIO,ABALROAMENTO TRANSVERSAL,ENTRE AUTO E MOTO. C/V,1,1,,,,,,,,1,,Cruzamento,Bom,Não existe,Ilegível,Molhada,Mal iluminada,Não existe,Não há placas,,Dupla,Faixa seccionada,,
2019-07-05,05:35:00,SEM VÍTIMA,FINALIZADA,MANGABEIRA,AV NORTE,,AV PROFESSOR JOSE DOS ANJOS,,AV NORTE,,,MANGABEIRA,364,SUBURBIO,COLISÃO FRONTAL,COLISÃO ENTRE AUTO E ÔNIBUS S/V,1,,,,,1,,,,0,,Cruzamento,Bom,Sem defeito,Perfeito estado,Seca,Perfeito estado,Outros,Outras,,Dupla,Faixa contínua,,
2019-07-05,07:07:00,COM VÍTIMA,FINALIZADA,IPUTINGA,AV CAXANGA,,EST DO BARBALHO,SOB O SEMÁFORO 533,AV CAXANGA,,SOB O SEMÁFORO 533,IPUTINGA,533,CIDADE,ABALROAMENTO LONGITUDINAL,COLISÃO COM VITIMAS ,,1,,,,1,,,,2,,Cruzamento,Bom,Sem defeito,Perfeito estado,Seca,Perfeito estado,Faixa de pedestre,Outras,,Única,Canteiro central,,
2019-07-05,08:26:00,SEM VÍTIMA,CANCELADA,PINA,RUA SAO LUIZ,,,EM FRENTE AO MERCADINHO M GRAÇAS,RUA SAO LUIZ,,EM FRENTE AO MERCADINHO M GRAÇAS,PINA,,,COLISÃO,ONIBUS E AUTO,1,,,,,1,,,,0,,,,,,,,,,,,,,
2019-07-05,09:27:00,SEM VÍTIMA,FINALIZADA,ILHA DO LEITE,AV GOVERNADOR AGAMENON MAGALHAES,,,EM FRENTE AO SEMÁFORO Nº 350- REAL HOSPITAL PORTUGUÊS,AV GOVERNADOR AGAMENON MAGALHAES,,EM FRENTE AO SEMÁFORO Nº 350- REAL HOSPITAL PORTUGUÊS,ILHA DO LEITE,350,SUBURBIO,ABALROAMENTO LONGITUDINAL,ONIBUS E AUTO PASSEIO,1,,,,,1,,,,0,,Longo da via,Bom,Sem defeito,Perfeito estado,Seca,Perfeito estado,,Outras,,Dupla,Canteiro central,,
2019-07-05,09:35:00,SEM VÍTIMA,FINALIZADA,VÁRZEA,RUA PROFESSOR ANTONIO COELHO,171,RUA AGRICOLANDIA,EDF TAPAJÓS,RUA PROFESSOR ANTONIO COELHO,171,EDF TAPAJÓS,VÁRZEA,,CIDADE,ABALROAMENTO TRANSVERSAL,CAMINHAO E AUTO PASSEIO,1,,,,,,1,,,0,,Cruzamento,Bom,Não existe,Não existente,Seca,Perfeito estado,Não existe,Não há placas,,Única,Não existe,,
2019-07-05,09:44:00,SEM VÍTIMA,FINALIZADA,IMBIRIBEIRA,AV MARECHAL MASCARENHAS DE MORAES,,,EM FRENTE AO GERALDÃO,AV MARECHAL MASCARENHAS DE MORAES,,EM FRENTE AO GERALDÃO,IMBIRIBEIRA,,AEROPORTO,COLISÃO,SEM VITIMAS,2,,,,,,,,,0,,,,,,,,,,,,,,
2019-07-05,10:01:00,SEM VÍTIMA,FINALIZADA,BOA VIAGEM,AV ARMINDO MOURA,,,EM FRENTE AO COMAR,AV ARMINDO MOURA,,EM FRENTE AO COMAR,BOA VIAGEM,,SUBURBIO,COLISÃO TRASEIRA,SEM VITIMAS,2,,,,,,,,,0,,Longo da via,Bom,Não existe,Perfeito estado,Seca,Perfeito estado,Não existe,Outras,40 km/h,Dupla,Faixa seccionada,,
2019-07-05,10:25:00,SEM VÍTIMA,FINALIZADA,IPUTINGA,RUA LEAL DE BARROS,15,RUA PEREIRA COUTINHO FILHO,POSTE BO37608,RUA LEAL DE BARROS,15,POSTE BO37608,IPUTINGA,,,ABALROAMENTO TRANSVERSAL,SEM VITIMAS,1,1,,,,,,,,0,,Cruzamento,Bom,Não existe,Não existente,Seca,Perfeito estado,Outros,Outras,,Dupla,Não existe,,
2019-07-05,11:03:00,SEM VÍTIMA,FINALIZADA,BOA VIAGEM,RUA BALTAZAR PASSOS,,RUA SA E SOUZA,PROX. A MAISON SETUBAL RECEPÇÕES,RUA BALTAZAR PASSOS,,PROX. A MAISON SETUBAL RECEPÇÕES,BOA VIAGEM,,,COLISÃO,DOIS AUTOS,2,,,,,,,,,0,,,,,,,,,,,,,,
2019-07-05,11:21:00,COM VÍTIMA,FINALIZADA,GUABIRABA,AV DA RECUPERACAO,,,EM FRENTE AO Nº 81-B,AV DA RECUPERACAO,,EM FRENTE AO Nº 81-B,GUABIRABA,,,COLISÃO TRASEIRA,ACIDENTE DE PERCUSO,1,1,,,,,,,,1,,Longo da via,Bom,Não existe,Não existente,Seca,Perfeito estado,,Não há placas,,Dupla,Faixa seccionada,,
2019-07-05,12:07:00,SEM VÍTIMA,FINALIZADA,VÁRZEA,RUA ACADEMICO HELIO RAMOS,134,,,RUA ACADEMICO HELIO RAMOS,134,,VÁRZEA,,CIDADE,ABALROAMENTO LONGITUDINAL,COLISÃO SEM VÍTIMA,1,,,,,1,,,,0,,Longo da via,Bom,,Perfeito estado,Seca,Perfeito estado,Não existe,Não há placas,,Dupla,Faixa seccionada,,
2019-07-05,12:53:00,SEM VÍTIMA,FINALIZADA,MACAXEIRA,AV NORTE,,,EM FRENTE A PARADA DE ÔNIBUS Nº 110004,AV NORTE,,EM FRENTE A PARADA DE ÔNIBUS Nº 110004,MACAXEIRA,,CIDADE,COLISÃO TRASEIRA,COLISÃO SEM VÍTIMA ENTRE ONIBUS E UM AUTO,1,,,,,1,,,,0,,Longo da via,Bom,Não existe,Perfeito estado,Seca,Perfeito estado,Não existe,R-6a,60 km/h,Dupla,Canteiro central,,
2019-07-05,13:11:00,SEM VÍTIMA,FINALIZADA,JOANA BEZERRA,AV BEIRA RIO,,,AO LADO DA ACADEMIA DA CIDADE,AV BEIRA RIO,,AO LADO DA ACADEMIA DA CIDADE,JOANA BEZERRA,,SUBURBIO,ABALROAMENTO TRANSVERSAL,COLISAO ENTRE DOIS AUTOS S/V,2,,,,,,,,,0,,,Bom,Não existe,Perfeito estado,Seca,Perfeito estado,,Placas Pare,,Dupla,Faixa contínua,Faixa seccionada,Canteiro central
2019-07-05,13:16:00,COM VÍTIMA,FINALIZADA,BOA VISTA,AV GOVERNADOR CARLOS DE LIMA CAVALCANTI,,,EM FRENTE AO SEMÁFORO 027,AV GOVERNADOR CARLOS DE LIMA CAVALCANTI,,EM FRENTE AO SEMÁFORO 027,BOA VISTA,,SUB/CID,COLISÃO TRASEIRA,COLISÃO C/VITIMA ENTRE DUAS MOTOS,,2,,,,,,,,1,,Longo da via,Bom,Sem defeito,Perfeito estado,Seca,Perfeito estado,Faixa de pedestre,Não há placas,40 km/h,Dupla,Canteiro central,,
2019-07-05,14:21:00,SEM VÍTIMA,FINALIZADA,ILHA DO RETIRO,RUA SPORT CLUBE DO RECIFE,,,EM FRENTE AO SPORT CLUBE DO RECIFE,RUA SPORT CLUBE DO RECIFE,,EM FRENTE AO SPORT CLUBE DO RECIFE,ILHA DO RETIRO,481,CIDADE,ABALROAMENTO LONGITUDINAL,COLISÃO SEM VITIMAS,1,1,,,,,,,,0,,Longo da via,Bom,Sem defeito,Perfeito estado,Seca,Perfeito estado,Faixa de pedestre,R-6a,,Dupla,Canteiro central,,
2019-07-05,14:36:00,SEM VÍTIMA,FINALIZADA,APIPUCOS,RUA DOM MALAN,50,AV DEZESSETE DE AGOSTO,EDF ALAMEDA IMPERIAL,RUA DOM MALAN,50,EDF ALAMEDA IMPERIAL,APIPUCOS,,SUBURBIO,CHOQUE VEÍCULO PARADO,COLISAO ENTRE AUTO E MOTO S/V,1,1,,,,,,,,0,,,Bom,Não existe,Perfeito estado,Seca,Perfeito estado,Não existe,Placas Pare,,Dupla,Não existe,,
2019-07-05,14:45:00,SEM VÍTIMA,FINALIZADA,PAISSANDU,AV GOVERNADOR AGAMENON MAGALHAES,,RUA GENERAL JOAQUIM INACIO,EM FRENTE AO SEMÁFORO Nº 069,AV GOVERNADOR AGAMENON MAGALHAES,,EM FRENTE AO SEMÁFORO Nº 069,PAISSANDU,,69,COLISÃO TRASEIRA,COLISAO ENTRE DOIS AUTOS S/V,2,,,,,,,,,0,,Longo da via,Bom,Sem defeito,Perfeito estado,Seca,Perfeito estado,Faixa de pedestre,,60 km/h,Dupla,Canal,,
2019-07-05,14:45:00,COM VÍTIMA,FINALIZADA,VÁRZEA,RUA PROFESSOR ANTONIO COELHO,50,RUA EMILIANO BRAGA,COLEGIO DESAFIO,RUA PROFESSOR ANTONIO COELHO,50,COLEGIO DESAFIO,VÁRZEA,,,ABALROAMENTO TRANSVERSAL,COLISÃO SEM VÍTIMA,2,,,,,,,,,1,,Cruzamento,Bom,Não existe,Perfeito estado,Seca,Perfeito estado,Não existe,Placas Pare,,Dupla,Faixa seccionada,,
2019-07-05,15:03:00,SEM VÍTIMA,FINALIZADA,SAN MARTIN,RUA VINTE E UM DE ABRIL,2190,,E/F AO TERMINAL DO ÔNIBUS DA MUSTARDINHA,RUA VINTE E UM DE ABRIL,2190,E/F AO TERMINAL DO ÔNIBUS DA MUSTARDINHA,SAN MARTIN,,CIDADE,COLISÃO TRASEIRA,COLISAO ENTRE DOIS AUTOS S/V,2,,,,,,,,,0,,Longo da via,Bom,Não existe,Incompleta,Seca,Perfeito estado,Não existe,Não há placas,,Dupla,Não existe,,
2019-07-05,16:06:00,SEM VÍTIMA,FINALIZADA,IMBIRIBEIRA,AV MARECHAL MASCARENHAS DE MORAES,,,LADO OPOSTO AO N 7935-A,AV MARECHAL MASCARENHAS DE MORAES,,LADO OPOSTO AO N 7935-A,IMBIRIBEIRA,,SUBURBIO,ABALROAMENTO LONGITUDINAL,COLISÃO SEM VÍTIMA,1,,,,,,1,,,0,,Longo da via,Bom,Sem defeito,Incompleta,Seca,Perfeito estado,Não existe,Não há placas,,Dupla,Canteiro central,,
2019-07-05,16:09:00,SEM VÍTIMA,FINALIZADA,SÃO JOSÉ,PRC DAS CINCO PONTAS,,,NA FRENTE DO TRE,PRC DAS CINCO PONTAS,,NA FRENTE DO TRE,SÃO JOSÉ,,,COLISÃO,COLISÃO SEM VITIMAS,1,,,,,1,,,,0,,,,,,,,,,,,,,
2019-07-05,17:56:00,SEM VÍTIMA,FINALIZADA,SANTO AMARO,AV GOVERNADOR AGAMENON MAGALHAES,,,PROXIMO A ACADEMIA DA CIDADE,AV GOVERNADOR AGAMENON MAGALHAES,,PROXIMO A ACADEMIA DA CIDADE,SANTO AMARO,,,COLISÃO TRASEIRA,COLISÃO SEM VITIMAS,2,,,,,,,,,0,,Longo da via,Bom,Não existe,Não existente,Seca,Perfeito estado,Não existe,Não há placas,,Dupla,Canteiro central,,
2019-07-05,18:45:00,SEM VÍTIMA,FINALIZADA,BEBERIBE,PRC DA CONVENCAO,,,IGREJA NOSSA SENHORA DA CONCEINÇAO,PRC DA CONVENCAO,,IGREJA NOSSA SENHORA DA CONCEINÇAO,BEBERIBE,,SUBURBIO,ABALROAMENTO LONGITUDINAL,COLISÃO SEM VITIMAS,1,,,,,1,,,,0,,Longo da via,Bom,Não existe,Perfeito estado,Seca,Perfeito estado,,,,,,,
2019-07-05,18:55:00,SEM VÍTIMA,FINALIZADA,TORRE,RUA VITORIANO PALHARES,,,ESTACIONAMENTO EXTERNO DO ATACADO DOS PRESENTES,RUA VITORIANO PALHARES,,ESTACIONAMENTO EXTERNO DO ATACADO DOS PRESENTES,TORRE,,SUBURBIO,COLISÃO TRASEIRA,COLISÃO SEM VITIMAS,2,,,,,,,,,0,,Longo da via,Bom,Sem defeito,Perfeito estado,Seca,Perfeito estado,,R-6a,,Única,Não existe,,
2019-07-05,19:26:00,SEM VÍTIMA,FINALIZADA,PRADO,AV ENGENHEIRO ABDIAS DE CARVALHO,,,FACULDADE ESTÁCIO,AV ENGENHEIRO ABDIAS DE CARVALHO,,FACULDADE ESTÁCIO,PRADO,,SUBURBIO,COLISÃO TRASEIRA,ENTRE 2 AUTOS . S/V,2,,,,,,,,,0,,Longo da via,Bom,,Perfeito estado,Seca,Perfeito estado,,,,Dupla,Canteiro central,,
2019-07-05,19:30:00,SEM VÍTIMA,FINALIZADA,TORRE,RUA REAL DA TORRE,,RUA PADRE ANCHIETA,SEMÁFORO 192,RUA REAL DA TORRE,,SEMÁFORO 192,TORRE,192,SUBURBIO,ABALROAMENTO LONGITUDINAL,COLISÃO SEM VITIMAS,2,,,,,,,,,0,,Cruzamento,Bom,Sem defeito,Perfeito estado,Seca,Perfeito estado,Faixa de pedestre,Não há placas,,Única,Faixa seccionada,,
2019-07-05,19:48:00,SEM VÍTIMA,CANCELADA,SANTO AMARO,AV GOVERNADOR AGAMENON MAGALHAES,,,NA FRENTE DA CAIXA ECONOMICA FEDERAL,AV GOVERNADOR AGAMENON MAGALHAES,,NA FRENTE DA CAIXA ECONOMICA FEDERAL,SANTO AMARO,,,COLISÃO,COLISÃO SEM VITIMAS,2,,,,,,,,,0,,,,,,,,,,,,,,
2019-07-05,21:11:00,SEM VÍTIMA,FINALIZADA,CAMPINA DO BARRETO,RUA DA REGENERACAO,1012,,LADO OPOSTO AO Nº 1012,RUA DA REGENERACAO,1012,LADO OPOSTO AO Nº 1012,CAMPINA DO BARRETO,,SUBURBIO,COLISÃO TRASEIRA,ENTRE 3 AUTOS. S/V,3,,,,,,,,,0,,Longo da via,Bom,Não existe,Perfeito estado,Seca,Perfeito estado,,,,Dupla,,,
2019-07-05,21:15:00,COM VÍTIMA,FINALIZADA,,RUA VISCONDE DE JEQUITINHONHA,1378,,APÓS O PARQUE DONA LINDU,RUA VISCONDE DE JEQUITINHONHA,1378,APÓS O PARQUE DONA LINDU,,,SUBURBIO,COLISÃO TRASEIRA,COLISÃO SEM VITIMAS,1,,,,,,1,,,1,,Longo da via,Bom,Não existe,Perfeito estado,Seca,Perfeito estado,Não existe,R-6a,60 km/h,Única,Canteiro central,,