data,hora,natureza_acidente,situacao,bairro,endereco,numero,detalhe_endereco_acidente,complemento,endereco_cruzamento,numero_cruzamento,referencia_cruzamento,bairro_cruzamento,num_semaforo,sentido_via,tipo,descricao,auto,moto,ciclom,ciclista,pedestre,onibus,caminhao,viatura,outros,vitimas,vitimasfatais,acidente_verificado,tempo_clima,situacao_semaforo,sinalizacao,condicao_via,conservacao_via,ponto_controle,situacao_placa,velocidade_max_via,mao_direcao,divisao_via1,divisao_via2,divisao_via3
2019-07-08,16:06:00,SEM VÍTIMA,FINALIZADA,BOA VIAGEM,RUA VISCONDE DE JEQUITINHONHA,,RUA VERDES MARES,AO LADO DO POSTE DE ILUMINAÇÃO Nº B 007419,RUA VISCONDE DE JEQUITINHONHA,,AO LADO DO POSTE DE ILUMINAÇÃO Nº B 007419,BOA VIAGEM,,SUBURBIO,ABALROAMENTO LONGITUDINAL,COLISAO ENTRE AUTO E MOTO S/V,1,1,,,,,,,,0,,Longo da via,Bom,Não existe,Perfeito estado,Seca,Perfeito estado,Não existe,Não há placas,,Única,Faixa seccionada,Canteiro central,Canal
2019-07-08,16:25:00,SEM VÍTIMA,FINALIZADA,AREIAS,AV RECIFE,5008,,LADO OPOSTO AO SUPERMERCADO MAKRO,AV RECIFE,5008,LADO OPOSTO AO SUPERMERCADO MAKRO,AREIAS,621,,COLISÃO TRASEIRA,COLISAO ENTRE DOIS AUTOS S/V,2,,,,,,,,,0,,Longo da via,Bom,Sem defeito,Perfeito estado,Seca,Perfeito estado,,Outras,,Dupla,Canteiro central,,
2019-07-08,16:43:00,SEM VÍTIMA,FINALIZADA,IMBIRIBEIRA,RUA CONDE PEREIRA CARNEIRO,2613,,AO LADO DA TROLLER,RUA CONDE PEREIRA CARNEIRO,2613,AO LADO DA TROLLER,IMBIRIBEIRA,,CIDADE,ABALROAMENTO LONGITUDINAL,COLISAO SEM VITIMAS,2,,,,,,,,,0,,Longo da via,Bom,Não existe,Ilegível,Seca,Mal conservada,Não existe,Não há placas,,Dupla,Não existe,,
2019-07-08,17:00:00,COM VÍTIMA,FINALIZADA,AREIAS,RUA IPOJUCA,273,RUA CARUARU,EM FRENTE A ESCOLA MUNICIPAL DE AREIAS,RUA IPOJUCA,273,EM FRENTE A ESCOLA MUNICIPAL DE AREIAS,AREIAS,,SUBURBIO,ABALROAMENTO TRANSVERSAL,COLISÃO COM VITIMAS,1,1,,,,,,,,2,,Cruzamento,Bom,Não existe,Não existente,Seca,Perfeito estado,Não existe,Não há placas,,Dupla,Não existe,,
2019-07-08,18:17:00,SEM VÍTIMA,FINALIZADA,CORDEIRO,AV CAXANGA,2351,,EM FRENTE A AUTOSPORT,,2351,EM FRENTE A AUTOSPORT,CORDEIRO,235,CIDADE,COLISÃO TRASEIRA,ENTRE AUTO E MOTO. S/V,1,1,,,,,,,,0,,Longo da via,Bom,Sem defeito,Perfeito estado,Seca,Perfeito estado,Faixa de pedestre,Outras,60 km/h,Dupla,Canteiro central,,
2019-07-08,19:34:00,SEM VÍTIMA,CANCELADA,BOA VIAGEM,AV CONSELHEIRO AGUIAR,,,EM FRENTE AO EDIFICIL HOLIDAY,AV CONSELHEIRO AGUIAR,,EM FRENTE AO EDIFICIL HOLIDAY,BOA VIAGEM,,,COLISÃO,COLISÃO ENTRE DOIS AUTOS S/V,2,,,,,,,,,0,,,,,,,,,,,,,,
2019-07-09,06:49:00,SEM VÍTIMA,FINALIZADA,SÃO JOSÉ,C SANTA RITA,,,APÓS O SEMÁFORO 76,C SANTA RITA,,APÓS O SEMÁFORO 76,SÃO JOSÉ,76,CIDADE,CHOQUE OBJETO FIXO,SEM VITIMAS VEICULO SE CHOCOU COM A MURETA DOS GALPÕES,1,,,,,,,,,0,,Longo da via,Chuvoso,Sem defeito,Perfeito estado,Molhada,Perfeito estado,Não existe,Outras,,Dupla,Faixa seccionada,Canteiro central,
2019-07-09,08:07:00,SEM VÍTIMA,FINALIZADA,TORRÕES,EST DO FORTE DO ARRAIAL N. DO B. JESUS,,RUA ONZE DE FEVEREIRO,,EST DO FORTE DO ARRAIAL N. DO B. JESUS,,,TORRÕES,,SUBURBIO,ABALROAMENTO TRANSVERSAL,COLISÃO SEM VITIMAS,1,,,,,,1,,,0,,Cruzamento,Bom,Não existe,Perfeito estado,Seca,Mal conservada,Outros,Placas Pare,,Única,Faixa contínua,,
2019-07-09,08:11:00,SEM VÍTIMA,FINALIZADA,IMBIRIBEIRA,AV MARECHAL MASCARENHAS DE MORAES,4896,,LADO OPOSTO AO Nº 4896,AV MARECHAL MASCARENHAS DE MORAES,4896,LADO OPOSTO AO Nº 4896,IMBIRIBEIRA,,CIDADE,COLISÃO TRASEIRA,TRES AUTOS,3,,,,,,,,,0,,Longo da via,Bom,Não existe,Perfeito estado,Seca,Perfeito estado,Não existe,Outras,,Dupla,Canteiro central,,
2019-07-09,08:22:00,SEM VÍTIMA,FINALIZADA,IMBIRIBEIRA,AV MARECHAL MASCARENHAS DE MORAES,2156,,FIAT ITALIANA,AV MARECHAL MASCARENHAS DE MORAES,2156,FIAT ITALIANA,IMBIRIBEIRA,501,SUBURBIO,COLISÃO TRASEIRA,COLISÃO SEM VITIMAS,2,,,,,,,,,0,,Longo da via,Bom,Sem defeito,Perfeito estado,Seca,Perfeito estado,Faixa de pedestre,Não há placas,60 km/h,Dupla,Canteiro central,,
2019-07-09,08:48:00,SEM VÍTIMA,FINALIZADA,MADALENA,AV ENGENHEIRO ABDIAS DE CARVALHO,,,LADO OPOSTO AO MUTIRIM Nº 480,AV ENGENHEIRO ABDIAS DE CARVALHO,,LADO OPOSTO AO MUTIRIM Nº 480,MADALENA,,CIDADE,ABALROAMENTO LONGITUDINAL,AUTO,1,,,,,,,,,0,,Longo da via,Bom,Sem defeito,Perfeito estado,Seca,Perfeito estado,Faixa de pedestre,Outras,60 km/h,Única,Faixa seccionada,Canteiro central,
2019-07-09,08:59:00,SEM VÍTIMA,CANCELADA,CAXANGÁ,AV CAXANGA,2766,,EN FRENTE A PARATI AUTOMOVEIS,AV CAXANGA,2766,EN FRENTE A PARATI AUTOMOVEIS,CAXANGÁ,,SUBURBIO,COLISÃO,MOTO E AUTO,1,1,,,,,,,,0,,,,,,,,,,,,,,
2019-07-09,10:07:00,SEM VÍTIMA,FINALIZADA,ROSARINHO,AV NORTE,,,EM FRENTE AO Nº 3080,AV NORTE,,EM FRENTE AO Nº 3080,ROSARINHO,,SUBURBIO,ABALROAMENTO LONGITUDINAL,SEM VITIMAS,2,,,,,,,,,0,,Longo da via,Chuvoso,Sem defeito,Perfeito estado,Molhada,Perfeito estado,Faixa de pedestre,R-6a,,Dupla,Canteiro central,,
2019-07-09,10:38:00,SEM VÍTIMA,FINALIZADA,COELHOS,RUA DOS COELHOS,361,,LADO OPOSTO DO IMIP,RUA DOS COELHOS,361,LADO OPOSTO DO IMIP,COELHOS,359,SUBURBIO,CHOQUE VEÍCULO PARADO,AUTO E ONIBUS,1,,,,,1,,,,0,,Longo da via,Bom,Sem defeito,Perfeito estado,Seca,Mal conservada,Não existe,Outras,,Dupla,Faixa contínua,,
2019-07-09,11:09:00,SEM VÍTIMA,FINALIZADA,IMBIRIBEIRA,VIADUTO TANCREDO NEVES,,,,VIADUTO TANCREDO NEVES,,,IMBIRIBEIRA,,CIDADE,ABALROAMENTO LONGITUDINAL,SEM VITIMAS/VT 24 VAI FAZER B.O,1,,,,,1,,,,0,,Viaduto,Bom,Não existe,Incompleta,Seca,Perfeito estado,Não existe,Não há placas,,Dupla,Faixa seccionada,,
2019-07-09,11:26:00,SEM VÍTIMA,CANCELADA,JIQUIÁ,RUA SAO MIGUEL,2072,,EM FRENTE AO POSTO DE GASOLINA IPIRANGA,RUA SAO MIGUEL,2072,EM FRENTE AO POSTO DE GASOLINA IPIRANGA,JIQUIÁ,,AREIAS,COLISÃO,COLISAO SEM VITIMAS,1,,,,,,1,,,0,,,,,,,,,,,,,,
2019-07-09,11:39:00,SEM VÍTIMA,FINALIZADA,ARRUDA,AV BEBERIBE,,RUA JOSE AUSTREGESILO,,AV BEBERIBE,,,ARRUDA,492,SUBURBIO,ABALROAMENTO LONGITUDINAL,COLISÃO SEM VITIMAS,2,,,,,,,,,0,,Cruzamento,Bom,Sem defeito,Perfeito estado,Seca,Perfeito estado,Faixa de pedestre,R-6a,,Dupla,Faixa contínua,,
2019-07-09,11:41:00,COM VÍTIMA,FINALIZADA,CAXANGÁ,RUA RIBEIRO PESSOA,501,,SENTIDO UNIVERSIDADE RURAL DE PERNAMBUCO,RUA RIBEIRO PESSOA,501,SENTIDO UNIVERSIDADE RURAL DE PERNAMBUCO,CAXANGÁ,,SUBURBIO,ABALROAMENTO TRANSVERSAL,MOTO E AUTO,1,1,,,,,,,,1,,Cruzamento,Bom,Não existe,Incompleta,Seca,Mal conservada,Não existe,Não há placas,,Dupla,Faixa seccionada,,
2019-07-09,13:43:00,SEM VÍTIMA,FINALIZADA,BOA VIAGEM,AV BOA VIAGEM,2554,,EM FRENTE AO COLÉGIO LUIZ IGNÁCIO,AV BOA VIAGEM,2554,EM FRENTE AO COLÉGIO LUIZ IGNÁCIO,BOA VIAGEM,,CIDADE,CHOQUE VEÍCULO PARADO,04 VÉICULOS,4,,,,,,,,,0,,Longo da via,Bom,Não existe,Perfeito estado,Seca,Perfeito estado,Não existe,Não há placas,60 km/h,Única,Faixa seccionada,,
2019-07-09,14:10:00,SEM VÍTIMA,FINALIZADA,DERBY,RUA JOAQUIM NABUCO,92,,AO LADO DO HOSPITAL DA RESTAURAÇÃO,RUA JOAQUIM NABUCO,92,AO LADO DO HOSPITAL DA RESTAURAÇÃO,DERBY,,SUBURBIO,ABALROAMENTO LONGITUDINAL,COLISÃO SEM VÍTIMA,2,,,,,,,,,0,,Longo da via,Bom,Sem defeito,Perfeito estado,Seca,Perfeito estado,Não existe,Não há placas,,Única,Não existe,,
2019-07-09,14:13:00,SEM VÍTIMA,FINALIZADA,BARRO,AV DR JOSE RUFINO,,,IGREJA MUNDIAL DE JESUS CRISTO,AV DR JOSE RUFINO,,IGREJA MUNDIAL DE JESUS CRISTO,BARRO,,SUBURBIO,ABALROAMENTO TRANSVERSAL,COLISAO ENTRE AUTO E MOTO S/V,1,1,,,,,,,,0,,Longo da via,Bom,Sem defeito,Perfeito estado,Seca,Perfeito estado,Outros,Outras,60 km/h,Dupla,Faixa contínua,,
2019-07-09,14:29:00,SEM VÍTIMA,FINALIZADA,TAMARINEIRA,AV NORTE,42,,AO LADO DO SEMÁFORO 643,AV NORTE,42,AO LADO DO SEMÁFORO 643,TAMARINEIRA,,CIDADE,COLISÃO TRASEIRA,COLISAO ENTRE DOIS AUTOS S/V,2,,,,,,,,,0,,Longo da via,Bom,Sem defeito,Perfeito estado,Seca,Perfeito estado,Faixa de pedestre,R-6a,,Dupla,Faixa contínua,Faixa seccionada,Canteiro central
2019-07-09,14:54:00,SEM VÍTIMA,FINALIZADA,ILHA DO RETIRO,RUA BENFICA,98,,EM FRENTE AO CRED GESTANTE,RUA BENFICA,98,EM FRENTE AO CRED GESTANTE,ILHA DO RETIRO,,SUBURBIO,ABALROAMENTO LONGITUDINAL,COLISÃO SEM VÍTIMA,1,,,,,,1,,,0,,Longo da via,Bom,Não existe,Perfeito estado,Seca,Perfeito estado,Não existe,Outras,,Única,Faixa seccionada,,
2019-07-09,15:20:00,SEM VÍTIMA,CANCELADA,SÃO JOSÉ,RUA VELHA,80,RUA DA SANTA CRUZ,AO LADO DA IGREJA CATOLICA,RUA VELHA,80,AO LADO DA IGREJA CATOLICA,SÃO JOSÉ,,,COLISÃO,COLISÃO SEM VITIMAS,2,,,,,,,,,0,,,,,,,,,,,,,,
2019-07-09,15:55:00,SEM VÍTIMA,CANCELADA,DERBY,RUA LUIZ BARBALHO,279,AV GOVERNADOR AGAMENON MAGALHAES,AO LADO DO CLUBE SAUDE GM NO LOCAL,RUA LUIZ BARBALHO,279,AO LADO DO CLUBE SAUDE GM NO LOCAL,DERBY,,,COLISÃO,COLISAO ENTRE DOIS AUTOS S/V,2,,,,,,,,,0,,,,,,,,,,,,,,
2019-07-09,15:56:00,SEM VÍTIMA,FINALIZADA,CORDEIRO,AV CAXANGA,,,EM FRENTE A ESTAÇÃO BRT GETÚLIO VARGAS,AV CAXANGA,,EM FRENTE A ESTAÇÃO BRT GETÚLIO VARGAS,CORDEIRO,,CIDADE,COLISÃO TRASEIRA,COLISÃO SEM VÍTIMA,2,,,,,,,,,0,,Longo da via,Bom,Sem defeito,Perfeito estado,Seca,Perfeito estado,,,,Dupla,Canteiro central,,
2019-07-09,16:32:00,SEM VÍTIMA,FINALIZADA,CORDEIRO,AV CAXANGA,,RUA ELIZEU CAVALCANTE,AO LADO DA ESTAÇÃO GETÚLIO VARGAS,AV CAXANGA,,AO LADO DA ESTAÇÃO GETÚLIO VARGAS,CORDEIRO,265,SUBURBIO,ABALROAMENTO LONGITUDINAL,COLISAO ENTRE AUTO E BRT S/V,1,,,,,1,,,,0,,,Bom,Sem defeito,Perfeito estado,Seca,Perfeito estado,Faixa de pedestre,R-6a,,Dupla,Canteiro central,,
2019-07-09,19:41:00,COM VÍTIMA,FINALIZADA,TAMARINEIRA,RUA JOAO TUDE DE MELO,,AV PARNAMIRIM,,RUA JOAO TUDE DE MELO,,,TAMARINEIRA,10,SUBURBIO,ABALROAMENTO LONGITUDINAL,MOTO X PRISMA,1,1,,,,,,,,1,,Cruzamento,Bom,Sem defeito,Perfeito estado,Seca,Perfeito estado,,R-6a,,Dupla,Canal,,
2019-07-09,21:16:00,SEM VÍTIMA,FINALIZADA,BOA VIAGEM,AV ENGENHEIRO DOMINGOS FERREIRA,2700,RUA TENENTE JOAO CICERO,FARMACIA DROGASIL,AV ENGENHEIRO DOMINGOS FERREIRA,2700,FARMACIA DROGASIL,BOA VIAGEM,,SUBURBIO,CHOQUE VEÍCULO PARADO,ENTRE 3 AUTOS. S/V,3,,,,,,,,,0,,Longo da via,Bom,Não existe,Perfeito estado,Seca,Perfeito estado,Não existe,Não há placas,,Única,Faixa seccionada,Canteiro central,
2019-07-09,21:28:00,SEM VÍTIMA,FINALIZADA,AREIAS,RUA AURORA CACOTE,,,PROX A LINHA DO TREM E MERCADINHO BOI QUENTE,RUA AURORA CACOTE,,PROX A LINHA DO TREM E MERCADINHO BOI QUENTE,AREIAS,,,COLISÃO,DOIS TAXI,2,,,,,,,,,0,,,,,,,,,,,,,,
2019-07-10,05:44:00,SEM VÍTIMA,FINALIZADA,CAXANGÁ,RUA EMILIANO BRAGA,,RUA PROFESSOR ANTONIO COELHO,,RUA EMILIANO BRAGA,,,CAXANGÁ,,,COLISÃO FRONTAL,COLISÃO ENTRE DOIS AUTOS  SEM VÍTIMAS,2,,,,,,,,,0,,Cruzamento,Bom,Não existe,Perfeito estado,Seca,Perfeito estado,Não existe,Placas Pare,30 km/h,Única,Não existe,,
2019-07-10,06:22:00,COM VÍTIMA,FINALIZADA,BOA VIAGEM,RUA ERNESTO DE PAULA SANTOS,,,RUA PROFESSOR JOÃO MEDEIROS,RUA ERNESTO DE PAULA SANTOS,,RUA PROFESSOR JOÃO MEDEIROS,BOA VIAGEM,329,,ABALROAMENTO LONGITUDINAL,COLISÃO C/VITIMAS ENTRE DOIS AUTOS  SEGUIDO DE CAPOTAMENTO.,2,,,,,,,,,1,,Cruzamento,Bom,Sem defeito,Incompleta,Seca,Perfeito estado,Faixa de pedestre,R-6a,,Única,Não existe,,
2019-07-10,06:46:00,SEM VÍTIMA,FINALIZADA,AFOGADOS,LARGO DA PAZ,388,,EM FRENTE AO BANCO ITAU,LARGO DA PAZ,388,EM FRENTE AO BANCO ITAU,AFOGADOS,53,SUBURBIO,ABALROAMENTO LONGITUDINAL,SEM VITIMAS,2,,,,,,,,,0,,Longo da via,Bom,Sem defeito,Perfeito estado,Seca,Perfeito estado,Outros,Outras,,Única,Outros,,
2019-07-10,07:20:00,COM VÍTIMA,FINALIZADA,PAISSANDU,AV GOVERNADOR AGAMENON MAGALHAES,,,SOB O SEMÁFORO 069,AV GOVERNADOR AGAMENON MAGALHAES,,SOB O SEMÁFORO 069,PAISSANDU,,,COLISÃO TRASEIRA,COLISÃO C/VITIMAS ENTRE UMA MOTO E AUTO.,1,1,,,,,,,,1,,Longo da via,Bom,Sem defeito,Perfeito estado,Seca,Perfeito estado,Faixa de pedestre,,60 km/h,Dupla,Canteiro central,,
2019-07-10,08:33:00,SEM VÍTIMA,FINALIZADA,BOA VISTA,AV CONDE DA BOA VISTA,921,,EM FRENTE AO COLÉGIO DE SÃO JOSÉ,AV CONDE DA BOA VISTA,921,EM FRENTE AO COLÉGIO DE SÃO JOSÉ,BOA VISTA,,CIDADE,ABALROAMENTO LONGITUDINAL,COLISÃO S/VITIMAS ENTRE UMA MOTO E UM AUTO,1,1,,,,,,,,0,,Longo da via,Bom,Não existe,Incompleta,Seca,Mal conservada,Não existe,Outras,,Dupla,Faixa contínua,Faixa seccionada,
2019-07-10,08:33:00,SEM VÍTIMA,CANCELADA,MADALENA,RUA REAL DA TORRE,191,,EM FRENTE A ESCOLA JOAQUIM TAVORA,RUA REAL DA TORRE,191,EM FRENTE A ESCOLA JOAQUIM TAVORA,MADALENA,,,COLISÃO,CAMINHAO E AUTO PASSEIO,1,,,,,,1,,,0,,,,,,,,,,,,,,
2019-07-10,08:51:00,SEM VÍTIMA,FINALIZADA,BREJO DA GUABIRABA,AV VEREADOR OTACILIO AZEVEDO,4500,,EM FRENTE AO Nº 4500,AV VEREADOR OTACILIO AZEVEDO,4500,EM FRENTE AO Nº 4500,BREJO DA GUABIRABA,,SUBURBIO,ABALROAMENTO LONGITUDINAL,COLISÃO S/VITIMAS ENTRE UM MICROONIBUS E UM CAMINHÃO,,,,,,1,1,,,0,,Longo da via,Bom,Não existe,Não existente,Seca,Perfeito estado,Não existe,Não há placas,,Dupla,Não existe,,
2019-07-10,09:44:00,SEM VÍTIMA,FINALIZADA,IMBIRIBEIRA,RUA ALFREDO MARCONDES,,,,RUA ALFREDO MARCONDES,,,IMBIRIBEIRA,442,CIDADE,ABALROAMENTO LONGITUDINAL,DOIS AUTOS,2,,,,,,,,,0,,Longo da via,Bom,Sem defeito,Perfeito estado,Seca,Perfeito estado,Faixa de pedestre,Não há placas,,Única,Faixa seccionada,,
2019-07-10,09:47:00,COM VÍTIMA,FINALIZADA,PINA,AV HERCULANO BANDEIRA,,,EM FRENTE AO Nº 276,AV HERCULANO BANDEIRA,,EM FRENTE AO Nº 276,PINA,,SUBURBIO,ATROPELAMENTO,,,1,,,,,,,,1,,Longo da via,Bom,Sem defeito,Perfeito estado,Seca,Perfeito estado,Faixa de pedestre,Outras,60 km/h,Única,Faixa seccionada,Canteiro central,
2019-07-10,10:15:00,SEM VÍTIMA,FINALIZADA,BOA VISTA,AV CONDE DA BOA VISTA,,RUA GERVASIO PIRES,FARMACIA DROGASIL,AV CONDE DA BOA VISTA,,FARMACIA DROGASIL,BOA VISTA,24,CIDADE,ABALROAMENTO LONGITUDINAL,VIATURA PM E AUTO,1,,,,,,,1,,0,,Cruzamento,Bom,Sem defeito,Perfeito estado,Seca,Perfeito estado,Faixa de pedestre,R-6a,40 km/h,Dupla,Faixa contínua,,
2019-07-10,10:15:00,SEM VÍTIMA,FINALIZADA,GRAÇAS,AV RUI BARBOSA,960,,EM FRENTE A CHEVROLET PEDRAGON,AV RUI BARBOSA,960,EM FRENTE A CHEVROLET PEDRAGON,GRAÇAS,,CIDADE,ABALROAMENTO LONGITUDINAL,COLISÃO S/VITIMAS ENTRE DOIS AUTOS,2,,,,,,,,,0,,Longo da via,Bom,Não existe,Perfeito estado,Seca,Perfeito estado,Não existe,,,Única,Faixa seccionada,,
2019-07-10,10:40:00,SEM VÍTIMA,FINALIZADA,CAXANGÁ,AV CAXANGA,,,,AV CAXANGA,,,CAXANGÁ,533,CIDADE,ABALROAMENTO LONGITUDINAL,COLISÃO S/VITIMAS ENTRE UM ONIBUS E UM AUTO,1,,,,,1,,,,0,,Longo da via,Bom,Sem defeito,Perfeito estado,Seca,Perfeito estado,Faixa de pedestre,R-6a,,Dupla,Canteiro central,,
2019-07-10,12:10:00,SEM VÍTIMA,CANCELADA,BOA VIAGEM,AV ENGENHEIRO DOMINGOS FERREIRA,,RUA CORONEL BENEDITO CHAVES,E/F AO MUNDO DO CABELEIREIRO,AV ENGENHEIRO DOMINGOS FERREIRA,,E/F AO MUNDO DO CABELEIREIRO,BOA VIAGEM,128,,COLISÃO,COLISÃO SEM VITIMAS,1,1,,,,,,,,0,,,,,,,,,,,,,,
2019-07-10,12:18:00,SEM VÍTIMA,FINALIZADA,DERBY,AV GOVERNADOR AGAMENON MAGALHAES,,RUA CARLOS PORTO CARREIRO,,AV GOVERNADOR AGAMENON MAGALHAES,,,DERBY,,,COLISÃO TRASEIRA,COLISAO ENTRE DOIS AUTOS S/V,2,,,,,,,,,0,,Longo da via,Bom,Sem defeito,Perfeito estado,Seca,Perfeito estado,,R-6a,60 km/h,Única,Faixa seccionada,,
2019-07-10,14:00:00,COM VÍTIMA,FINALIZADA,JARDIM SÃO PAULO,AV SAO PAULO,,RUA APENINOS,,AV SAO PAULO,,,JARDIM SÃO PAULO,141,SUBURBIO,COLISÃO TRASEIRA,COLISAO COM VITIMAS,1,,1,,,,,,,1,,Longo da via,Bom,Não existe,Perfeito estado,Seca,Perfeito estado,Não existe,R-6a,,Dupla,Não existe,,
2019-07-10,14:09:00,COM VÍTIMA,FINALIZADA,PRADO,RUA GOMES TABORDA,15,,,RUA GOMES TABORDA,15,,PRADO,,SUBURBIO,ABALROAMENTO TRANSVERSAL,COLISAO ENTRE AUTO E MOTO COM UMA VITIMA,1,1,,,,,,,,1,,Longo da via,Bom,Não existe,Perfeito estado,Seca,Perfeito estado,Não existe,Não há placas,30 km/h,Dupla,Faixa seccionada,,
2019-07-10,14:21:00,SEM VÍTIMA,CANCELADA,SAN MARTIN,RUA DUARTE FILHO,460,RUA COMENDADOR FRANCO FERREIRA,,RUA DUARTE FILHO,460,,SAN MARTIN,,,COLISÃO,COLISAO ENTRE DOIS CARROS,2,,,,,,,,,0,,,,,,,,,,,,,,
2019-07-10,14:23:00,SEM VÍTIMA,FINALIZADA,SÃO JOSÉ,AV DANTAS BARRETO,,RUA IMPERIAL,,AV DANTAS BARRETO,,,SÃO JOSÉ,35,SUBURBIO,ABALROAMENTO LONGITUDINAL,COLISÃO SEM VITIMAS,,1,,,,1,,,,0,,Cruzamento,Bom,Sem defeito,Perfeito estado,Seca,Perfeito estado,Faixa de pedestre,,,Dupla,Faixa contínua,,
2019-07-10,14:41:00,SEM VÍTIMA,FINALIZADA,,AV GOVERNADOR AGAMENON MAGALHAES,,RUA JOAO FERNANDES VIEIRA,,AV GOVERNADOR AGAMENON MAGALHAES,,,,37,SUBURBIO,COLISÃO,COLISÃO SEM VITIMAS,1,1,,,,,,,,0,,,Bom,Sem defeito,Perfeito estado,Seca,Perfeito estado,Faixa de pedestre,Não há placas,60 km/h,Dupla,Canal,,
2019-07-10,14:47:00,SEM VÍTIMA,CANCELADA,SANTO AMARO,AV GOVERNADOR AGAMENON MAGALHAES,,,EM FRENTE AO SHOPPING TACARUNA - SUBIDA DO VIADUTO,AV GOVERNADOR AGAMENON MAGALHAES,,EM FRENTE AO SHOPPING TACARUNA - SUBIDA DO VIADUTO,SANTO AMARO,,OLINDA,ENGAVETAMENTO,COLISAO ENTRE TRES AUTOMOVEIS  SEM VITIMAS,3,,,,,,,,,0,,,,,,,,,,,,,,
2019-07-10,14:47:00,SEM VÍTIMA,FINALIZADA,COELHOS,RUA DOS COELHOS,300,,IMIP,RUA DOS COELHOS,300,IMIP,COELHOS,,SUBURBIO,ABALROAMENTO LONGITUDINAL,COLISAO ENTRE DOIS AUTOS S/V,2,,,,,,,,,0,,Longo da via,Bom,Não existe,Perfeito estado,Seca,Perfeito estado,Não existe,Outras,,Dupla,Faixa seccionada,,
2019-07-10,15:32:00,SEM VÍTIMA,FINALIZADA,PINA,AV ANTONIO DE GOES,,,SEMÁFORO 619,AV ANTONIO DE GOES,,SEMÁFORO 619,PINA,619,CIDADE,COLISÃO TRASEIRA,COLISAO ENTRE DOIS AUTOS S/V,2,,,,,,,,,0,,Longo da via,Bom,Sem defeito,Perfeito estado,Seca,Perfeito estado,Faixa de pedestre,R-6a,60 km/h,Única,Canteiro central,,
2019-07-10,15:35:00,SEM VÍTIMA,FINALIZADA,CASA FORTE,AV DEZESSETE DE AGOSTO,1820,,EM FRENTE AO Nº 1820,AV DEZESSETE DE AGOSTO,1820,EM FRENTE AO Nº 1820,CASA FORTE,,CIDADE,CHOQUE OBJETO FIXO,APOIO AO AGENTE COELHO,1,,,,,,,,,0,,Longo da via,Chuvoso,Não existe,Perfeito estado,Molhada,Perfeito estado,Não existe,R-6a,,Dupla,Faixa contínua,,
2019-07-10,15:37:00,SEM VÍTIMA,FINALIZADA,BOA VIAGEM,AV CONSELHEIRO AGUIAR,3197,RUA MAMANGUAPE,,AV CONSELHEIRO AGUIAR,3197,,BOA VIAGEM,,CIDADE,ABALROAMENTO TRANSVERSAL,,1,,,,,1,,,,0,,Cruzamento,Bom,Não existe,Perfeito estado,Seca,Perfeito estado,Não existe,Placas Pare,,Única,Faixa seccionada,,
2019-07-10,15:42:00,COM VÍTIMA,FINALIZADA,MADALENA,RUA BENFICA,,,LADO OPOSTO AO MUSEU DA ABOLIÇÃO,RUA BENFICA,,LADO OPOSTO AO MUSEU DA ABOLIÇÃO,MADALENA,257,SUBURBIO,COLISÃO COM CICLISTA,COM VÍTIMA,,1,,1,,,,,,1,,Longo da via,Bom,Sem defeito,Perfeito estado,Seca,Perfeito estado,Não existe,Não há placas,,Dupla,Faixa contínua,,
2019-07-10,15:46:00,COM VÍTIMA,FINALIZADA,MADALENA,RUA JOSE OSORIO,,,EM FRENTE AO Nº 88,RUA JOSE OSORIO,,EM FRENTE AO Nº 88,MADALENA,,CID/SUB,ABALROAMENTO LONGITUDINAL,COM VÍTIMA,1,1,,,,,,,,1,,Longo da via,Bom,Não existe,Perfeito estado,Seca,Perfeito estado,,R-6a,50 km/h,Única,,,
2019-07-10,15:56:00,SEM VÍTIMA,FINALIZADA,PRADO,AV ENGENHEIRO ABDIAS DE CARVALHO,,EST DOS REMEDIOS,EM FRENTE A TRUS VIGILANCIA,AV ENGENHEIRO ABDIAS DE CARVALHO,,EM FRENTE A TRUS VIGILANCIA,PRADO,52,CIDADE,COLISÃO TRASEIRA,COLISÃO SEM VITIMAS,2,,,,,,1,,,0,,Longo da via,Bom,Sem defeito,Perfeito estado,Seca,Perfeito estado,Outros,Outras,,Dupla,Canteiro central,,
2019-07-10,16:20:00,SEM VÍTIMA,FINALIZADA,PRADO,AV ENGENHEIRO ABDIAS DE CARVALHO,,RUA JOAO IVO DA SILVA,,AV ENGENHEIRO ABDIAS DE CARVALHO,,,PRADO,132,,ABALROAMENTO LONGITUDINAL,COLISÃO SEM VITIMAS,2,,,,,,2,,,0,,Cruzamento,Bom,Sem defeito,Perfeito estado,Seca,Perfeito estado,Faixa de pedestre,R-6a,,Dupla,Canteiro central,,
2019-07-10,16:27:00,SEM VÍTIMA,FINALIZADA,TORRE,RUA REAL DA TORRE,,RUA CONDE DE IRAJA,AO LADO DO EXTRABOM,RUA REAL DA TORRE,,AO LADO DO EXTRABOM,TORRE,106,SUBURBIO,ABALROAMENTO LONGITUDINAL,COLISAO ENTRE CAMINHAO E AUTO S/V,1,,,,,,1,,,0,,Longo da via,Bom,Sem defeito,Perfeito estado,Seca,Perfeito estado,Faixa de pedestre,R-6a,,Única,Faixa contínua,,