data,hora,natureza_acidente,situacao,bairro,endereco,numero,detalhe_endereco_acidente,complemento,endereco_cruzamento,numero_cruzamento,referencia_cruzamento,bairro_cruzamento,num_semaforo,sentido_via,tipo,descricao,auto,moto,ciclom,ciclista,pedestre,onibus,caminhao,viatura,outros,vitimas,vitimasfatais,acidente_verificado,tempo_clima,situacao_semaforo,sinalizacao,condicao_via,conservacao_via,ponto_controle,situacao_placa,velocidade_max_via,mao_direcao,divisao_via1,divisao_via2,divisao_via3
2019-07-12,15:27:00,SEM VÍTIMA,FINALIZADA,PINA,AV ANTONIO DE GOES,222,,LUCILO AVILA DIAGNOSTICOS,AV ANTONIO DE GOES,222,LUCILO AVILA DIAGNOSTICOS,PINA,,CIDADE,COLISÃO TRASEIRA,ENTRE DOIS AUTO S/V,2,,,,,,,,,0,,Longo da via,Bom,Não existe,Perfeito estado,Seca,Perfeito estado,Não existe,Não há placas,60 km/h,Única,Canteiro central,,
2019-07-12,16:33:00,SEM VÍTIMA,FINALIZADA,CABANGA,RUA CAPITAO TEMUDO,,,EM FRENTE AO Nº 234,RUA CAPITAO TEMUDO,,EM FRENTE AO Nº 234,CABANGA,,SUBURBIO,ABALROAMENTO LONGITUDINAL,SEM VÍTIMA,2,,,,,,,,,0,,Longo da via,Bom,Não existe,Perfeito estado,Seca,Perfeito estado,Não existe,Não há placas,,Única,Não existe,,
2019-07-12,16:35:00,SEM VÍTIMA,FINALIZADA,ENGENHO DO MEIO,RUA MANOEL CORTE REAL,375,RUA GOVERNADOR LOPO GARRO,,RUA MANOEL CORTE REAL,375,,ENGENHO DO MEIO,,,ABALROAMENTO TRANSVERSAL,COLISÃO SEM VÍTIMA,2,,,,,,,,,0,,Cruzamento,Bom,Não existe,Não existente,Seca,Mal conservada,Não existe,Não há placas,,Dupla,Não existe,,
2019-07-12,16:52:00,SEM VÍTIMA,FINALIZADA,ENGENHO DO MEIO,RUA CARNEIRO DE MARIZ,1001,,,RUA CARNEIRO DE MARIZ,1001,,ENGENHO DO MEIO,,SUBURBIO,COLISÃO TRASEIRA,COLISÃO SEM VÍTIMA,2,,,,,,,,,0,,Longo da via,Bom,Não existe,Não existente,Seca,Perfeito estado,Não existe,Não há placas,30 km/h,Dupla,Não existe,,
2019-07-12,17:11:00,SEM VÍTIMA,FINALIZADA,IPSEP,AV RECIFE,,AV DOM HELDER CAMARA,EXTRAFARMA,AV RECIFE,,EXTRAFARMA,IPSEP,55,,COLISÃO TRASEIRA,COLISAO ENTRE DOIS AUTOS S/V,2,,,,,,,,,0,,Cruzamento,Bom,Sem defeito,Perfeito estado,Seca,Perfeito estado,Faixa de pedestre,,,Dupla,Canteiro central,,
2019-07-12,17:16:00,SEM VÍTIMA,FINALIZADA,PINA,RUA CAPITAO REBELINHO,,RUA ATLANTICO,,RUA CAPITAO REBELINHO,,,PINA,,SUBURBIO,ABALROAMENTO LONGITUDINAL,COLISÃO SEM VÍTIMA,3,,,,,,,,,0,,Longo da via,Bom,Não existe,Perfeito estado,Seca,Perfeito estado,Não existe,Outras,,Única,,,
2019-07-12,17:32:00,SEM VÍTIMA,FINALIZADA,,RUA TOBIAS BARRETO,409,,,RUA TOBIAS BARRETO,409,,,,SUBURBIO,ABALROAMENTO LONGITUDINAL,CHOQUE EM VEICULO PARADO,2,,,,,,,,,0,,Longo da via,Bom,Não existe,Perfeito estado,Seca,Perfeito estado,Não existe,Não há placas,,Única,,,
2019-07-12,17:35:00,SEM VÍTIMA,FINALIZADA,BOA VIAGEM,RUA PADRE CARAPUCEIRO,501,RUA FRANCISCO DA CUNHA,,RUA PADRE CARAPUCEIRO,501,,BOA VIAGEM,,,ABALROAMENTO TRANSVERSAL,COLISÃO SEM VÍTIMA,1,,,,,1,,,,0,,Cruzamento,Bom,Sem defeito,Perfeito estado,Seca,Perfeito estado,Não existe,Não há placas,,Única,Faixa seccionada,,
2019-07-12,17:42:00,SEM VÍTIMA,FINALIZADA,CABANGA,AV SATURNINO DE BRITO,401,,EM FRENTE AO Nº 401,AV SATURNINO DE BRITO,401,EM FRENTE AO Nº 401,CABANGA,661,SUBURBIO,COLISÃO TRASEIRA,COLISAO ENTRE DOIS AUTOS S/V,2,,,,,,,,,0,,Longo da via,Bom,Sem defeito,Perfeito estado,Seca,Perfeito estado,Faixa de pedestre,R-6a,,Única,Faixa contínua,,
2019-07-12,18:06:00,SEM VÍTIMA,FINALIZADA,ARRUDA,AV PROFESSOR JOSE DOS ANJOS,,RUA JUTAI,,AV PROFESSOR JOSE DOS ANJOS,,,ARRUDA,,,ABALROAMENTO TRANSVERSAL,COLISÃO SEM VITIMAS,1,1,,,,,,,,0,,,Bom,Não existe,Perfeito estado,Seca,Perfeito estado,Não existe,Não há placas,,Dupla,Canal,,
2019-07-12,18:17:00,SEM VÍTIMA,FINALIZADA,DERBY,AV GOVERNADOR AGAMENON MAGALHAES,,RUA LUIZ BARBALHO,EM FRENTE AO Nº 73,AV GOVERNADOR AGAMENON MAGALHAES,,EM FRENTE AO Nº 73,DERBY,,SUBURBIO,ABALROAMENTO LONGITUDINAL,COLISÃO SEM VITIMAS,1,,,,,1,,,,0,,Longo da via,Bom,Sem defeito,Perfeito estado,Seca,Perfeito estado,Não existe,Não há placas,60 km/h,Dupla,Canal,,
2019-07-12,18:25:00,SEM VÍTIMA,CANCELADA,VASCO DA GAMA,RUA VASCO DA GAMA,781,,AO LADO DO MERCADINHO RENDE MAIS,RUA VASCO DA GAMA,781,AO LADO DO MERCADINHO RENDE MAIS,VASCO DA GAMA,,,COLISÃO,COLISAO SEM VITIMAS,,2,,,,,,,,0,,,,,,,,,,,,,,
2019-07-12,19:08:00,SEM VÍTIMA,FINALIZADA,,RUA BENFICA,,AV VISCONDE DE ALBUQUERQUE,,RUA BENFICA,,,,,CIDADE,ABALROAMENTO LONGITUDINAL,COLISAÕ SEM VITIMAS,2,,,,,,,,,0,,Longo da via,Bom,Sem defeito,Ilegível,Seca,Mal iluminada,Não existe,Não há placas,,Dupla,Não existe,,
2019-07-12,20:03:00,SEM VÍTIMA,FINALIZADA,DERBY,AV GOVERNADOR AGAMENON MAGALHAES,,,AO LADO DA FARMÁCIA DROGASIL,AV GOVERNADOR AGAMENON MAGALHAES,,AO LADO DA FARMÁCIA DROGASIL,DERBY,,SUBURBIO,COLISÃO TRASEIRA,COLISAO SEM VITIMAS,2,,,,,,,,,0,,,Bom,Sem defeito,Perfeito estado,Seca,Perfeito estado,Não existe,,60 km/h,Dupla,Canal,,
2019-07-12,20:29:00,SEM VÍTIMA,FINALIZADA,CASA AMARELA,AV NORTE,,AV PROFESSOR JOSE DOS ANJOS,ENF AO SESC DE CASA AMARELA,AV NORTE,,ENF AO SESC DE CASA AMARELA,CASA AMARELA,,,COLISÃO,VOYAGE X RENAULT CLIO,2,,,,,,,,,0,,,,,,,,,,,,,,
2019-07-12,20:42:00,SEM VÍTIMA,FINALIZADA,MADALENA,RUA DEMOCRITO DE SOUZA FILHO,,,E/F AO RESTAURANTE JIM SAN,RUA DEMOCRITO DE SOUZA FILHO,,E/F AO RESTAURANTE JIM SAN,MADALENA,,CIDADE,COLISÃO TRASEIRA,COLISAO SEM VITIMAS,2,,,,,,,,,0,,Longo da via,Bom,Não existe,Incompleta,Seca,Perfeito estado,Não existe,,,Única,Não existe,,
2019-07-12,22:26:00,SEM VÍTIMA,FINALIZADA,ARRUDA,AV BEBERIBE,,,POSTO PETROBRAS BR,AV BEBERIBE,,POSTO PETROBRAS BR,ARRUDA,,,ABALROAMENTO LONGITUDINAL,COLISAO SEM VITIMAS,2,,,,,,,,,0,,Longo da via,Bom,Sem defeito,Perfeito estado,Seca,Perfeito estado,,Outras,60 km/h,Dupla,Faixa contínua,Faixa seccionada,
2019-07-12,22:36:00,SEM VÍTIMA,FINALIZADA,TEJIPIÓ,RUA FALCAO DE LACERDA,,,AO LADO DA PRAÇA DO PACHECO,RUA FALCAO DE LACERDA,,AO LADO DA PRAÇA DO PACHECO,TEJIPIÓ,,CIDADE,ABALROAMENTO LONGITUDINAL,COLISÃO SEM VITIMAS,1,,,,,1,,,,0,,Longo da via,Bom,Não existe,Ilegível,Seca,Mal iluminada,Não existe,Não há placas,,Dupla,Faixa seccionada,,
2019-07-13,01:47:00,COM VÍTIMA,FINALIZADA,BOA VIAGEM,AV ENGENHEIRO DOMINGOS FERREIRA,,RUA PADRE CARAPUCEIRO,SEMÁFORO Nº 216,AV ENGENHEIRO DOMINGOS FERREIRA,,SEMÁFORO Nº 216,BOA VIAGEM,,CID/SUB,ABALROAMENTO TRANSVERSAL,COLISÃO ENTRE DOIS AUTOS S/V,2,,,,,,,,,1,,Cruzamento,Bom,Sem defeito,Perfeito estado,Seca,Perfeito estado,Faixa de pedestre,,60 km/h,Única,Canteiro central,,
2019-07-13,02:37:00,SEM VÍTIMA,FINALIZADA,BOA VIAGEM,AV ANTONIO DE GOES,,,EM FRENTE AO JCPM,AV ANTONIO DE GOES,,EM FRENTE AO JCPM,BOA VIAGEM,,CIDADE,CHOQUE OBJETO FIXO,VEÍCULO CHOCOU-SE CONTRA UMA ÁRVORE,1,,,,,,,,,0,,Longo da via,Chuvoso,Não existe,Perfeito estado,Molhada,Perfeito estado,Não existe,,,Única,Canteiro central,,
2019-07-13,04:06:00,SEM VÍTIMA,FINALIZADA,IPSEP,RUA JEAN EMILE FAVRE,,RUA BLUMENAU,SEMÁFORO 101,RUA JEAN EMILE FAVRE,,SEMÁFORO 101,IPSEP,101,SUBURBIO,ABALROAMENTO LONGITUDINAL,COLISÃO ENTRE DOIS AUTOS S/V,2,,,,,,,,,0,,Cruzamento,Chuvoso,Intermitente,Perfeito estado,Molhada,Perfeito estado,Agente,R-6a,40 km/h,Dupla,Faixa contínua,,
2019-07-13,09:15:00,SEM VÍTIMA,FINALIZADA,JAQUEIRA,RUA DO FUTURO,,RUA DEPUTADO PEDRO PIRES FERREIRA,EM FRENTE A JAQUEIRA PARK CENTER,RUA DO FUTURO,,EM FRENTE A JAQUEIRA PARK CENTER,JAQUEIRA,,CIDADE,ABALROAMENTO TRANSVERSAL,COLISÃO SEM VITIMAS,2,,,,,,,,,0,,Longo da via,Chuvoso,Não existe,Perfeito estado,Molhada,Perfeito estado,,Placas Pare,40 km/h,Única,,,
2019-07-13,11:02:00,SEM VÍTIMA,DUPLICIDADE,SANTO AMARO,AV NORTE,1153,,,AV NORTE,1153,,SANTO AMARO,,,COLISÃO,DOIS AUTOMÓVEIS,2,,,,,,,,,0,,,,,,,,,,,,,,
2019-07-13,11:06:00,SEM VÍTIMA,FINALIZADA,SANTO AMARO,AV NORTE,1173,,IGREJA DE SÃO SEBASTIÃO,AV NORTE,1173,IGREJA DE SÃO SEBASTIÃO,SANTO AMARO,97,CIDADE,COLISÃO TRASEIRA,DOIS AUTOS,2,,,,,,,,,0,,Longo da via,Chuvoso,Sem defeito,Perfeito estado,Molhada,Perfeito estado,Faixa de pedestre,Não há placas,,Dupla,Canteiro central,,
2019-07-13,11:32:00,COM VÍTIMA,FINALIZADA,CIDADE UNIVERSITÁRIA,RUA AGRICOLANDIA,,RUA PROFESSOR ANTONIO COELHO,,RUA AGRICOLANDIA,,,CIDADE UNIVERSITÁRIA,,,ABALROAMENTO LONGITUDINAL,COLISÃO COM VITIMA A ESPERA DO SAMU,1,,,,,,1,,,1,,Cruzamento,Chuvoso,Não existe,Não existente,Seca,Perfeito estado,,Não há placas,,Dupla,,,
2019-07-13,11:44:00,SEM VÍTIMA,FINALIZADA,SAN MARTIN,RUA DELMIRO GOUVEIA,,,CHESF,RUA DELMIRO GOUVEIA,,CHESF,SAN MARTIN,,CIDADE,ABALROAMENTO LONGITUDINAL,COLISÃO S/ VITIMAS ENTRE UM CAMINHÃO E AUTO,1,,,,,,1,,1,0,,Longo da via,Bom,Não existe,Não existente,Seca,Perfeito estado,Não existe,Não há placas,,Única,,,
2019-07-13,12:47:00,COM VÍTIMA,FINALIZADA,ROSARINHO,RUA DES MARTINS PEREIRA,,RUA TELES JUNIOR,,RUA DES MARTINS PEREIRA,,,ROSARINHO,,SUBURBIO,ABALROAMENTO TRANSVERSAL,COLISAO ENTRE AUTO E MOTO COM UMA VITIMA,1,1,,,,,,,,1,,Cruzamento,Bom,Não existe,Perfeito estado,Seca,Perfeito estado,Faixa de pedestre,Placas Pare,,Única,Não existe,,
2019-07-13,12:56:00,COM VÍTIMA,CANCELADA,CIDADE UNIVERSITÁRIA,RUA AGRICOLANDIA,,RUA PROFESSOR ANTONIO COELHO,EM FRENTE AO EDIFICIO TAPAJOS,RUA AGRICOLANDIA,,EM FRENTE AO EDIFICIO TAPAJOS,CIDADE UNIVERSITÁRIA,,,COLISÃO,COLISÃO COM VITIMA A ESPERA DO SAMU,1,,,,,,1,,,1,,,,,,,,,,,,,,
2019-07-13,14:01:00,SEM VÍTIMA,CANCELADA,SANCHO,AV LIBERDADE,,,POS O CEMITERIO PARQUE DAS FLORES E/F A ULTRA GÁS,AV LIBERDADE,,POS O CEMITERIO PARQUE DAS FLORES E/F A ULTRA GÁS,SANCHO,,,COLISÃO,COLISAO ENTRE MICRO ONIBUS E AUTO S/V,1,,,,,1,,,,0,,,,,,,,,,,,,,
2019-07-13,14:15:00,SEM VÍTIMA,FINALIZADA,MADALENA,RUA REAL DA TORRE,,,EM FRENTE A ESCOLA JOAQUIM TAVORA,RUA REAL DA TORRE,,EM FRENTE A ESCOLA JOAQUIM TAVORA,MADALENA,,SUBURBIO,ABALROAMENTO LONGITUDINAL,COLISÃO SEM VÍTIMA,1,,,,,,1,,,0,,Longo da via,Bom,Sem defeito,Perfeito estado,Seca,Perfeito estado,Faixa de pedestre,R-6a,,Única,,,
2019-07-13,14:43:00,SEM VÍTIMA,FINALIZADA,ENCRUZILHADA,AV BEBERIBE,66,,E/F A LOJA ORTOBOM,AV BEBERIBE,66,E/F A LOJA ORTOBOM,ENCRUZILHADA,186,SUBURBIO,COLISÃO TRASEIRA,COLISAO ENTRE DOIS AUTOS S/V,3,,,,,,,,,0,,Longo da via,Bom,Sem defeito,Perfeito estado,Seca,Perfeito estado,Faixa de pedestre,R-6a,,Dupla,Faixa contínua,Canteiro central,
2019-07-13,16:15:00,SEM VÍTIMA,FINALIZADA,PRADO,RUA GOMES TABORDA,1100,,EM FRENTE AO Nº 1100,RUA GOMES TABORDA,1100,EM FRENTE AO Nº 1100,PRADO,,SUBURBIO,ABALROAMENTO TRANSVERSAL,COLISÃO SEM VÍTIMA,1,1,,,,,,,,0,,Longo da via,Bom,Não existe,Perfeito estado,Seca,Perfeito estado,Não existe,Outras,,Dupla,Faixa seccionada,,
2019-07-13,16:31:00,COM VÍTIMA,FINALIZADA,IPUTINGA,AV CAXANGA,4251,,CHEVROLET CAXANGÁ,AV CAXANGA,4251,CHEVROLET CAXANGÁ,IPUTINGA,,CIDADE,ABALROAMENTO LONGITUDINAL,COLISAO ENTRE ONIBUS DO BRT AUTO E MOTO COM UMA VITIMA,1,,1,,,1,,,,1,,Longo da via,Bom,Sem defeito,Perfeito estado,Seca,Perfeito estado,Não existe,Outras,,Dupla,Faixa contínua,Faixa seccionada,Canteiro central
2019-07-13,16:49:00,SEM VÍTIMA,FINALIZADA,SANTO AMARO,AV GOVERNADOR AGAMENON MAGALHAES,,,UNIVERSIDADE DE PERNAMBUCO,AV GOVERNADOR AGAMENON MAGALHAES,,UNIVERSIDADE DE PERNAMBUCO,SANTO AMARO,465,SUBURBIO,COLISÃO TRASEIRA,COLISÃO SEM VÍTIMA,3,,,,,,,,,0,,Viaduto,Nublado,Sem defeito,Perfeito estado,Seca,Perfeito estado,Faixa de pedestre,Outras,,Dupla,Canteiro central,,
2019-07-13,17:42:00,SEM VÍTIMA,FINALIZADA,BOA VISTA,RUA SAO GONCALO,142,,LADO OPOSTO AO Nº 142,RUA SAO GONCALO,142,LADO OPOSTO AO Nº 142,BOA VISTA,,,CHOQUE VEÍCULO PARADO,COLISAO ENTRE TRES VEICULOS,3,,,,,,,,,0,,Longo da via,Chuvoso,Não existe,Perfeito estado,Molhada,Perfeito estado,Não existe,R-19,40 km/h,Única,Faixa seccionada,,
2019-07-13,17:54:00,SEM VÍTIMA,FINALIZADA,SANTO AMARO,AV GOVERNADOR AGAMENON MAGALHAES,,,EM FRENTE A ANTIGA FABRICA TACARUNA,AV GOVERNADOR AGAMENON MAGALHAES,,EM FRENTE A ANTIGA FABRICA TACARUNA,SANTO AMARO,,CIDADE,COLISÃO TRASEIRA,COLISAO SEM VITIMAS,2,1,,,,,,,,0,,Longo da via,Bom,Não existe,Perfeito estado,Seca,Perfeito estado,Não existe,Não há placas,,Dupla,Faixa seccionada,,
2019-07-13,19:28:00,COM VÍTIMA,CANCELADA,TAMARINEIRA,AV NORTE,,EST VELHA DE AGUA FRIA,PROX A FERREIRA COSTA,AV NORTE,,PROX A FERREIRA COSTA,TAMARINEIRA,,SUBURBIO,COLISÃO,AUTO E MOTO,1,1,,,,,,,,2,,,,,,,,,,,,,,
2019-07-13,20:01:00,COM VÍTIMA,FINALIZADA,VASCO DA GAMA,AV NORTE,,RUA PADRE LEMOS,POSTO BR,AV NORTE,,POSTO BR,VASCO DA GAMA,66,CIDADE,ATROPELAMENTO,ONIBUS X PEDESTRE,,,,,1,1,,,,1,,Cruzamento,Chuvoso,Sem defeito,Perfeito estado,Molhada,Perfeito estado,Faixa de pedestre,,60 km/h,Dupla,Canteiro central,,
2019-07-13,20:11:00,SEM VÍTIMA,FINALIZADA,IPUTINGA,AV CAXANGA,,,EM FRENTE AO HOSPITAL BARAO DE LUCENA,AV CAXANGA,,EM FRENTE AO HOSPITAL BARAO DE LUCENA,IPUTINGA,,SUBURBIO,COLISÃO TRASEIRA,COLISAO S/V ENTRE TRES AUTO  MAS UM NÃO FICOU NO LOCAL,2,,,,,,,,,0,,Longo da via,Chuvoso,Não existe,Perfeito estado,Molhada,Perfeito estado,Não existe,R-6a,,Dupla,Canteiro central,,
2019-07-13,20:39:00,SEM VÍTIMA,FINALIZADA,BOA VIAGEM,AV ENGENHEIRO DOMINGOS FERREIRA,,RUA PADRE BERNADINO PESSOA,,AV ENGENHEIRO DOMINGOS FERREIRA,,,BOA VIAGEM,,,ABALROAMENTO LONGITUDINAL,DOIS AUTO,2,,,,,,,,,0,,Cruzamento,Bom,Sem defeito,Perfeito estado,Seca,Perfeito estado,Faixa de pedestre,,,Única,Canteiro central,,
2019-07-13,20:54:00,SEM VÍTIMA,FINALIZADA,BOA VIAGEM,RUA RIBEIRO DE BRITO,,,SUBIDA DO VIADUTO TANCREDO NEVES,RUA RIBEIRO DE BRITO,,SUBIDA DO VIADUTO TANCREDO NEVES,BOA VIAGEM,,,COLISÃO TRASEIRA,TRES AUTOS,3,,,,,,,,,0,,Viaduto,Chuvoso,Não existe,Perfeito estado,Molhada,Perfeito estado,Não existe,Não há placas,,Única,Faixa seccionada,,
2019-07-13,21:15:00,SEM VÍTIMA,FINALIZADA,,RUA VISCONDE DE JEQUITINHONHA,,RUA BALTAZAR PASSOS,SEMAFORO 154,RUA VISCONDE DE JEQUITINHONHA,,SEMAFORO 154,,154,SUBURBIO,ABALROAMENTO LONGITUDINAL,DOIS AUTO,2,,,,,,,,,0,,Cruzamento,Chuvoso,Sem defeito,Perfeito estado,Molhada,Perfeito estado,Faixa de pedestre,Outras,,Dupla,Canal,,
2019-07-13,21:44:00,SEM VÍTIMA,FINALIZADA,IMBIRIBEIRA,RUA IZABEL DE SOUZA,,RUA PAMPULHA,,RUA IZABEL DE SOUZA,,,IMBIRIBEIRA,450,CIDADE,ABALROAMENTO TRANSVERSAL,ENTRE DOIS AUTO S/V,2,,,,,,,,,0,,Cruzamento,Chuvoso,Sem defeito,Perfeito estado,Molhada,Perfeito estado,Faixa de pedestre,Não há placas,,Única,Faixa contínua,,
2019-07-13,22:24:00,SEM VÍTIMA,FINALIZADA,AREIAS,RUA IPOJUCA,273,,ESCOLA MUNICIPAL DE AREIAS,RUA IPOJUCA,273,ESCOLA MUNICIPAL DE AREIAS,AREIAS,,SUBURBIO,COLISÃO FRONTAL,SIENA X AUTO,2,,,,,,,,,0,,Longo da via,Chuvoso,Não existe,Não existente,Molhada,,Não existe,Não há placas,,Dupla,Não existe,,
2019-07-13,23:55:00,COM VÍTIMA,FINALIZADA,TORRÕES,AV ENGENHEIRO ABDIAS DE CARVALHO,326,,,AV ENGENHEIRO ABDIAS DE CARVALHO,326,,TORRÕES,,CIDADE,COLISÃO TRASEIRA,COLISÃO ENTRE AUTO E MOTO C/V,1,1,,,,,,,,1,,Longo da via,Chuvoso,Não existe,Perfeito estado,Molhada,Perfeito estado,Não existe,Não há placas,,Dupla,Canteiro central,,
2019-07-14,00:42:00,SEM VÍTIMA,FINALIZADA,CORDEIRO,AV CAXANGA,4302,,,AV CAXANGA,4302,,CORDEIRO,,,ABALROAMENTO LONGITUDINAL,COLISÃO ENTRE AUTO E MOTO S/V,1,1,,,,,,,,0,,Longo da via,Chuvoso,Sem defeito,Perfeito estado,Molhada,Perfeito estado,,R-6a,60 km/h,Dupla,Canteiro central,,
2019-07-14,01:55:00,SEM VÍTIMA,FINALIZADA,ALTO DO MANDU,RUA TRAMANDAI,,,ASSEMBLEIA DE DEUS,RUA TRAMANDAI,,ASSEMBLEIA DE DEUS,ALTO DO MANDU,,,CHOQUE VEÍCULO PARADO,VIATURA DO GATE E AUTO S/V,2,,,,,,,,,0,,Longo da via,Chuvoso,Não existe,Não existente,Molhada,Mal conservada,Não existe,Não há placas,,,Não existe,,
2019-07-14,02:08:00,SEM VÍTIMA,FINALIZADA,IPUTINGA,AV PROFESSOR MORAES REGO,,,,AV PROFESSOR MORAES REGO,,,IPUTINGA,,CIDADE,ABALROAMENTO LONGITUDINAL,COLISÃO ENTRE DOIS AUTOS S/V,2,,,,,,,,,0,,Longo da via,Chuvoso,Não existe,Incompleta,Molhada,Mal iluminada,Não existe,Não há placas,,Única,Não existe,,
2019-07-14,02:48:00,SEM VÍTIMA,FINALIZADA,AREIAS,AV RECIFE,,RUA CAPITAO JACINTO DA CRUZ,EM FRENTE A FARMACIA PAGUE MENOS,AV RECIFE,,EM FRENTE A FARMACIA PAGUE MENOS,AREIAS,,SUBURBIO,ABALROAMENTO TRANSVERSAL,COLISÃO ENTRE DOIS AUTOS S/V,2,,,,,,,,,0,,Cruzamento,Chuvoso,Sem defeito,Perfeito estado,Molhada,Perfeito estado,Faixa de retenção,Não há placas,,Dupla,Canteiro central,,
2019-07-14,06:02:00,COM VÍTIMA,FINALIZADA,CASA FORTE,AV DEZESSETE DE AGOSTO,1094,,PROXIMO A EXTRAFAMA,AV DEZESSETE DE AGOSTO,1094,PROXIMO A EXTRAFAMA,CASA FORTE,,,CHOQUE OBJETO FIXO,CHOCOU-SE EM ÁRVORE,,,,,1,,,,,1,,,,,,,,,,,,,,
2019-07-14,07:17:00,SEM VÍTIMA,FINALIZADA,SANTO AMARO,AV GOVERNADOR AGAMENON MAGALHAES,,,AO LADO DA ACADEMIA DA CIDADE,AV GOVERNADOR AGAMENON MAGALHAES,,AO LADO DA ACADEMIA DA CIDADE,SANTO AMARO,465,,COLISÃO TRASEIRA,COLISÃO S/ VITIMAS ENTRE DOIS AUTOS E UMA MOTO,2,,,,,,,,,0,,Cruzamento,Chuvoso,Não existe,Perfeito estado,Molhada,Perfeito estado,,Outras,60 km/h,Dupla,Canal,,
2019-07-14,07:48:00,SEM VÍTIMA,FINALIZADA,PINA,AV HERCULANO BANDEIRA,949,RUA ARQUITETO AUGUSTO REINALDO,SEMÁFORO 660,AV HERCULANO BANDEIRA,949,SEMÁFORO 660,PINA,660,SUBURBIO,ABALROAMENTO LONGITUDINAL,SEM VITIMAS,2,,,,,,,,,0,,Cruzamento,Chuvoso,Desligado,Perfeito estado,Molhada,Perfeito estado,Faixa de pedestre,Outras,,Única,Faixa seccionada,,
2019-07-14,11:15:00,SEM VÍTIMA,FINALIZADA,ENGENHO DO MEIO,RUA ANTONIO CURADO,200,RUA DOM JOAO MOURA,,RUA ANTONIO CURADO,200,,ENGENHO DO MEIO,,CIDADE,ABALROAMENTO LONGITUDINAL,SEM VITIMAS,1,,,,,1,,,,0,,Longo da via,Chuvoso,Não existe,Não existente,Molhada,Perfeito estado,Não existe,Não há placas,,Dupla,Faixa seccionada,,
2019-07-14,11:17:00,SEM VÍTIMA,CANCELADA,BOA VIAGEM,RUA PADRE CARAPUCEIRO,1847,RUA DOS NAVEGANTES,EM FRENTE AO EDIFICIO STUDIO PORTO NAVEGANTES,RUA PADRE CARAPUCEIRO,1847,EM FRENTE AO EDIFICIO STUDIO PORTO NAVEGANTES,BOA VIAGEM,,,COLISÃO,COLISÃO S/VITIMAS ENTRE DOIS AUTOS,2,,,,,,,,,0,,,,,,,,,,,,,,
2019-07-14,12:26:00,SEM VÍTIMA,FINALIZADA,AREIAS,AV RECIFE,620,AV TAPAJOS,BR MUNCK CAMINHÕES,AV RECIFE,620,BR MUNCK CAMINHÕES,AREIAS,620,SUBURBIO,COLISÃO TRASEIRA,COLISÃO SEM VÍTIMA,2,,,,,,,,,0,,Longo da via,Chuvoso,Sem defeito,Perfeito estado,Molhada,Perfeito estado,Faixa de pedestre,Outras,,Dupla,Canteiro central,,
2019-07-14,12:52:00,SEM VÍTIMA,FINALIZADA,MADALENA,AV VISCONDE DE ALBUQUERQUE,836,,EM FRENTE A PÇ EÇA DE QUEIROZ,AV VISCONDE DE ALBUQUERQUE,836,EM FRENTE A PÇ EÇA DE QUEIROZ,MADALENA,,SUBURBIO,CHOQUE OBJETO FIXO,AUTO CHOCOU-SE CONTRA A ÁRVORE NO LOCAL  PORÉM NÃO CAUSOU A QUEDA DA MESMA. S/V,1,,,,,,,,,0,,Longo da via,Chuvoso,Não existe,Perfeito estado,Seca,Perfeito estado,Não existe,Não há placas,,Única,Faixa seccionada,,
2019-07-14,14:01:00,SEM VÍTIMA,FINALIZADA,BOA VIAGEM,RUA RIBEIRO DE BRITO,,RUA AMALIA BERNARDINO DE SOUZA,UNINASSAU,RUA RIBEIRO DE BRITO,,UNINASSAU,BOA VIAGEM,,SUBURBIO,ABALROAMENTO TRANSVERSAL,ENTRE 2 AUTOS. S/V,2,,,,,,,,,0,,Cruzamento,Chuvoso,Não existe,Incompleta,Seca,Perfeito estado,,Não há placas,,Única,Faixa seccionada,,
2019-07-14,15:21:00,SEM VÍTIMA,FINALIZADA,MADALENA,RUA BENFICA,1008,,,RUA BENFICA,1008,,MADALENA,,CIDADE,ABALROAMENTO LONGITUDINAL,COLISÃO SEM VÍTIMA,2,,,,,,,,,0,,Longo da via,Chuvoso,Não existe,Perfeito estado,Molhada,Mal conservada,Não existe,R-6a,40 km/h,Dupla,Não existe,,
2019-07-14,16:53:00,SEM VÍTIMA,FINALIZADA,VÁRZEA,RUA MARQUES DE MARIALVA,222,,PRÓXIMO A ESTAÇÃO COSME E DAMIÃO,RUA MARQUES DE MARIALVA,222,PRÓXIMO A ESTAÇÃO COSME E DAMIÃO,VÁRZEA,,SUBURBIO,ABALROAMENTO LONGITUDINAL,COLISÃO SEM VÍTIMA,1,,,,,1,,,,0,,Longo da via,Chuvoso,Não existe,Perfeito estado,Molhada,Perfeito estado,Não existe,Outras,30 km/h,Dupla,Outros,,