data,hora,natureza_acidente,situacao,bairro,endereco,numero,detalhe_endereco_acidente,complemento,endereco_cruzamento,numero_cruzamento,referencia_cruzamento,bairro_cruzamento,num_semaforo,sentido_via,tipo,descricao,auto,moto,ciclom,ciclista,pedestre,onibus,caminhao,viatura,outros,vitimas,vitimasfatais,acidente_verificado,tempo_clima,situacao_semaforo,sinalizacao,condicao_via,conservacao_via,ponto_controle,situacao_placa,velocidade_max_via,mao_direcao,divisao_via1,divisao_via2,divisao_via3
2019-07-17,09:19:00,COM VÍTIMA,FINALIZADA,DERBY,AV GOVERNADOR AGAMENON MAGALHAES,,,EM FRENTE A ODONTOCAPE - VIA PRINCIPAL,AV GOVERNADOR AGAMENON MAGALHAES,,EM FRENTE A ODONTOCAPE - VIA PRINCIPAL,DERBY,,CID/SUB,ABALROAMENTO TRANSVERSAL,AUTO E MOTO,1,1,,,,,,,,2,,,Bom,Sem defeito,Perfeito estado,Seca,Perfeito estado,,Não há placas,60 km/h,Dupla,Faixa,Canteiro central,Blocos
2019-07-17,09:21:00,SEM VÍTIMA,FINALIZADA,CORDEIRO,AV CAXANGA,,,EM FRENTE AO SEMÁFORO Nº 080,AV CAXANGA,,EM FRENTE AO SEMÁFORO Nº 080,CORDEIRO,80,CIDADE,ABALROAMENTO LONGITUDINAL,COLISÃO SEM VITIMAS,1,1,,,,,,,,0,,Longo da via,Bom,Sem defeito,Perfeito estado,Seca,Perfeito estado,Faixa de pedestre,Outras,,Única,Faixa seccionada,,
2019-07-17,09:43:00,SEM VÍTIMA,FINALIZADA,FUNDÃO,AV BEBERIBE,,RUA CORONEL URBANO RIBEIRO DE SENA,NÓS EQUIPADORA,AV BEBERIBE,,NÓS EQUIPADORA,FUNDÃO,307,CIDADE,COLISÃO TRASEIRA,COLISÃO SEM VITIMAS,1,1,,,,,,,,0,,Cruzamento,Bom,Sem defeito,Perfeito estado,Seca,Perfeito estado,Faixa de pedestre,Outras,60 km/h,Dupla,Faixa seccionada,,
2019-07-17,10:09:00,SEM VÍTIMA,FINALIZADA,TEJIPIÓ,AV DR JOSE RUFINO,2835,,,AV DR JOSE RUFINO,2835,,TEJIPIÓ,,,COLISÃO TRASEIRA,DOIS AUTOS,2,,,,,,,,,0,,Cruzamento,Bom,Não existe,Incompleta,Seca,Perfeito estado,Não existe,Outras,,Dupla,Faixa seccionada,,
2019-07-17,10:25:00,SEM VÍTIMA,FINALIZADA,AREIAS,AV DR JOSE RUFINO,1418B,,AO LADO SUZY BOLOS,AV DR JOSE RUFINO,1418B,AO LADO SUZY BOLOS,AREIAS,,SUBURBIO,ABALROAMENTO LONGITUDINAL,COLISÃO SEM VITIMAS,,,,,,1,1,,,0,,Longo da via,Bom,Sem defeito,Perfeito estado,Seca,Perfeito estado,Faixa de pedestre,Outras,,Dupla,Faixa seccionada,,
2019-07-17,10:33:00,COM VÍTIMA,FINALIZADA,BOA VIAGEM,AV ENGENHEIRO DOMINGOS FERREIRA,1450,,GALERIA TRADE CENTER,AV ENGENHEIRO DOMINGOS FERREIRA,1450,GALERIA TRADE CENTER,BOA VIAGEM,,SUBURBIO,COLISÃO TRASEIRA,MOTO E AUTO,1,1,,,,,,,,1,,Longo da via,Bom,Não existe,Perfeito estado,Seca,Perfeito estado,Não existe,Não há placas,60 km/h,Única,Faixa seccionada,,
2019-07-17,10:44:00,SEM VÍTIMA,CANCELADA,MADALENA,AV ENGENHEIRO ABDIAS DE CARVALHO,1771,,PROX. A FACULDADE ESTACIO  SENT. BOA VISTA,AV ENGENHEIRO ABDIAS DE CARVALHO,1771,PROX. A FACULDADE ESTACIO  SENT. BOA VISTA,MADALENA,,,COLISÃO,DOIS AUTOS,2,,,,,,,,,0,,,,,,,,,,,,,,
2019-07-17,11:24:00,COM VÍTIMA,FINALIZADA,DERBY,AV GOVERNADOR AGAMENON MAGALHAES,,,EM FRENTE A ODONTO CAP,AV GOVERNADOR AGAMENON MAGALHAES,,EM FRENTE A ODONTO CAP,DERBY,,,COLISÃO,AUTO E MOTO,1,1,,,,,,,,2,,,,,,,,,,,,,,
2019-07-17,12:26:00,COM VÍTIMA,FINALIZADA,BOA VIAGEM,RUA TENENTE JOAO CICERO,638,RUA MINISTRO NELSON HUNGRIA,CORPO LIVRE,RUA TENENTE JOAO CICERO,638,CORPO LIVRE,BOA VIAGEM,,,ABALROAMENTO TRANSVERSAL,COLISÃO COM VÍTIMA,2,,,,,,,,,1,,Longo da via,Bom,Não existe,Perfeito estado,Seca,Perfeito estado,Faixa de pedestre,,,Única,,,
2019-07-17,12:39:00,COM VÍTIMA,FINALIZADA,IMBIRIBEIRA,AV PRESIDENTE DUTRA,,,SOBRE O VIADUTO TANCREDO NEVES,AV PRESIDENTE DUTRA,,SOBRE O VIADUTO TANCREDO NEVES,IMBIRIBEIRA,,,COLISÃO COM CICLISTA,COLISAO ENTRE AUTO E CICLISTA,1,,,1,,,,,,1,,Viaduto,Bom,Não existe,Perfeito estado,Seca,Perfeito estado,Não existe,Não há placas,,Única,,,
2019-07-17,12:55:00,SEM VÍTIMA,FINALIZADA,BOA VIAGEM,RUA DOS NAVEGANTES,2277,RUA PROFESSOR JOSE BRANDAO,RESTAURANTE GIRO PRAIA,RUA DOS NAVEGANTES,2277,RESTAURANTE GIRO PRAIA,BOA VIAGEM,,,ABALROAMENTO TRANSVERSAL,COLISAO ENTRE DOIS AUTOS S/V,2,,,,,,,,,0,,Cruzamento,Bom,Não existe,Perfeito estado,Seca,Perfeito estado,Faixa de retenção,Placas Pare,,Única,Não existe,,
2019-07-17,13:07:00,COM VÍTIMA,FINALIZADA,PINA,AV ENGENHEIRO DOMINGOS FERREIRA,636,,EM FRENTE AO CLINICAL CENTER,AV ENGENHEIRO DOMINGOS FERREIRA,636,EM FRENTE AO CLINICAL CENTER,PINA,,SUBURBIO,ATROPELAMENTO,VEICULO ATROPELOU UM PEDESTRE,1,,,,1,,,,,1,,Longo da via,Bom,Não existe,Perfeito estado,Seca,Perfeito estado,Não existe,R-6a,60 km/h,Dupla,Canteiro central,,
2019-07-17,13:48:00,SEM VÍTIMA,FINALIZADA,AFOGADOS,RUA COSME VIANA,,,EM FRENTE A TUPAN,RUA COSME VIANA,,EM FRENTE A TUPAN,AFOGADOS,,SUBURBIO,COLISÃO TRASEIRA,COLISAO SEM VITIMAS,2,1,,,,,,,,0,,Longo da via,Bom,Não existe,Perfeito estado,Seca,Perfeito estado,Não existe,Não há placas,,Única,Faixa contínua,,
2019-07-17,13:56:00,SEM VÍTIMA,FINALIZADA,AFOGADOS,EST DOS REMEDIOS,1462,,ARMAZEM TUPAN,EST DOS REMEDIOS,1462,ARMAZEM TUPAN,AFOGADOS,,,COLISÃO TRASEIRA,COLISAO COM VITIMAS,1,,,,,1,,,,0,,Longo da via,Bom,Não existe,Perfeito estado,Seca,Perfeito estado,Não existe,Outras,,Única,Faixa contínua,Faixa seccionada,
2019-07-17,13:59:00,SEM VÍTIMA,FINALIZADA,TAMARINEIRA,RUA PADRE ROMA,,,LADO OPOSTO AO GOLDEN HOME SENADOR ANTONIO FARIAS  Nº 34,RUA PADRE ROMA,,LADO OPOSTO AO GOLDEN HOME SENADOR ANTONIO FARIAS  Nº 34,TAMARINEIRA,61,CIDADE,COLISÃO TRASEIRA,COLISAO ENTRE CAMINHAO E AUTO S/V,1,,,,,,1,,,0,,Longo da via,Bom,Sem defeito,Perfeito estado,Seca,Perfeito estado,Faixa de pedestre,R-6a,50 km/h,Dupla,Canteiro central,,
2019-07-17,14:05:00,SEM VÍTIMA,FINALIZADA,BOA VIAGEM,RUA RIBEIRO DE BRITO,,RUA DR JOAO GUILHERME DE P SOBRINHO,,RUA RIBEIRO DE BRITO,,,BOA VIAGEM,,SUBURBIO,ABALROAMENTO LONGITUDINAL,COLISAO ENTRE DOIS VEICULOS,1,1,,,,,,,,0,,Longo da via,Bom,Não existe,Perfeito estado,Seca,Perfeito estado,Não existe,Não há placas,,Única,Não existe,,
2019-07-17,14:14:00,SEM VÍTIMA,FINALIZADA,JAQUEIRA,AV RUI BARBOSA,1654,,PRÓXIMO AO COLÉGIO DAMAS,AV RUI BARBOSA,1654,PRÓXIMO AO COLÉGIO DAMAS,JAQUEIRA,,CIDADE,ABALROAMENTO LONGITUDINAL,COLISAO SEM VITIMAS,1,1,,,,,,,,0,,Longo da via,Bom,Não existe,Perfeito estado,Seca,Perfeito estado,Não existe,Não há placas,60 km/h,Única,Faixa seccionada,,
2019-07-17,14:43:00,SEM VÍTIMA,CANCELADA,IMBIRIBEIRA,RUA ITACARI,57,,AO LADO DA SEMINOVOS MOVIDA,RUA ITACARI,57,AO LADO DA SEMINOVOS MOVIDA,IMBIRIBEIRA,,,COLISÃO,COLISÃO SEM VÍTIMA,2,,,,,,,,,0,,,,,,,,,,,,,,
2019-07-17,15:11:00,SEM VÍTIMA,FINALIZADA,TAMARINEIRA,EST DO ARRAIAL,2466,,,EST DO ARRAIAL,2466,,TAMARINEIRA,,SUBURBIO,COLISÃO TRASEIRA,COLISÃO S/VITIMAS ENTRE TRES AUTOS,3,,,,,,,,,0,,Longo da via,Bom,Não existe,Perfeito estado,Seca,Perfeito estado,Não existe,R-6a,,Única,Faixa seccionada,,
2019-07-17,15:23:00,SEM VÍTIMA,FINALIZADA,IMBIRIBEIRA,RUA JOAQUIM BANDEIRA,,AV SUL,,RUA JOAQUIM BANDEIRA,,,IMBIRIBEIRA,,CIDADE,ABALROAMENTO LONGITUDINAL,COLISÃO S/VITIMAS ENTRE CAMINHÃO E AUTO,1,,,,,,1,,,0,,Cruzamento,Bom,Não existe,Não existente,Seca,Perfeito estado,Não existe,Não há placas,,Única,Faixa seccionada,,
2019-07-17,15:52:00,SEM VÍTIMA,FINALIZADA,CASA AMARELA,EST DO ARRAIAL,3087,RUA ARNOLDO MAGALHAES,AMERICA FUTEBOL CLUBE,EST DO ARRAIAL,3087,AMERICA FUTEBOL CLUBE,CASA AMARELA,,SUBURBIO,ABALROAMENTO LONGITUDINAL,COLISÃO SEM VÍTIMA,2,,,,,,,,,0,,Longo da via,Bom,Não existe,Perfeito estado,Seca,Perfeito estado,Não existe,Placas Pare,40 km/h,Única,Faixa seccionada,,
2019-07-17,16:05:00,SEM VÍTIMA,FINALIZADA,IMBIRIBEIRA,RUA SARGENTO SILVINO DE MACEDO,273,RUA JOSE DA SILVA LUCENA,LACOMEX,RUA SARGENTO SILVINO DE MACEDO,273,LACOMEX,IMBIRIBEIRA,,,ABALROAMENTO TRANSVERSAL,,2,,,,,,,,,0,,Cruzamento,Bom,Não existe,Perfeito estado,Seca,Perfeito estado,Não existe,Placas Pare,,Dupla,Não existe,,
2019-07-17,17:40:00,SEM VÍTIMA,EQUIPE EM DESLOCAMENTO,SANTO AMARO,AV GOVERNADOR AGAMENON MAGALHAES,,,APÓS O VIADUTO DA AV NORTE  SNT TACARUNA / AO LADO DA PRAÇA,AV GOVERNADOR AGAMENON MAGALHAES,,APÓS O VIADUTO DA AV NORTE  SNT TACARUNA / AO LADO DA PRAÇA,SANTO AMARO,,,COLISÃO,ENTRE AUTO E ÕNIBUS. S/V,1,,,,,1,,,,0,,,,,,,,,,,,,,
2019-07-17,17:52:00,SEM VÍTIMA,FINALIZADA,SÃO JOSÉ,AV MARTINS DE BARROS,,,EM FRENTE AO POSTO IPIRANGA,AV MARTINS DE BARROS,,EM FRENTE AO POSTO IPIRANGA,SÃO JOSÉ,,CIDADE,ABALROAMENTO LONGITUDINAL,ENTRE DOIS AUTO S/V,2,,,,,,,,,0,,Longo da via,Bom,Não existe,Perfeito estado,Seca,Mal iluminada,Não existe,Outras,,Dupla,Canteiro central,,
2019-07-17,18:35:00,COM VÍTIMA,FINALIZADA,BAIRRO DO RECIFE,PTE GIRATORIA,,,SOBRE A PONTE GIRATÓRIA,PTE GIRATORIA,,SOBRE A PONTE GIRATÓRIA,BAIRRO DO RECIFE,,SUBURBIO,COLISÃO TRASEIRA,ENTRE AUTO E MOTO. C/V,1,1,,,,,,,,1,,Viaduto,Bom,Não existe,Perfeito estado,Seca,Perfeito estado,Não existe,Não há placas,,Dupla,Faixa seccionada,Canteiro central,
2019-07-17,18:38:00,SEM VÍTIMA,FINALIZADA,CASA AMARELA,AV NORTE,5010,,,AV NORTE,5010,,CASA AMARELA,,SUBURBIO,COLISÃO TRASEIRA,ENTRE DOIS AUTO S/V,2,,,,,,,,,0,,Longo da via,Bom,Não existe,Perfeito estado,Seca,Perfeito estado,Não existe,Não há placas,,Dupla,Canteiro central,,
2019-07-17,18:46:00,SEM VÍTIMA,FINALIZADA,AREIAS,AV RECIFE,220,,,AV RECIFE,220,,AREIAS,,,ABALROAMENTO LONGITUDINAL,,1,,,,,,1,,,0,,Longo da via,Bom,Não existe,Perfeito estado,Seca,Perfeito estado,Não existe,Não há placas,,Dupla,Canteiro central,,
2019-07-17,19:17:00,SEM VÍTIMA,FINALIZADA,ÁGUA FRIA,RUA DR EUDES COSTA,,RUA BELO JARDIM,,RUA DR EUDES COSTA,,,ÁGUA FRIA,,CIDADE,ABALROAMENTO TRANSVERSAL,ENTRE UM AUTO E ONIBUS S/V,1,,,,,1,,,,0,,Cruzamento,Bom,Não existe,Perfeito estado,Seca,Perfeito estado,Faixa de retenção,Placas Pare,,Dupla,Faixa seccionada,,
2019-07-17,19:26:00,SEM VÍTIMA,FINALIZADA,BOA VIAGEM,RUA ERNESTO DE PAULA SANTOS,,RUA DOS NAVEGANTES,POSTE Nº E009090,RUA ERNESTO DE PAULA SANTOS,,POSTE Nº E009090,BOA VIAGEM,,SUBURBIO,ABALROAMENTO TRANSVERSAL,ENTRE 2 AUTOS. S/V,2,,,,,,,,,0,,Cruzamento,Bom,Não existe,Perfeito estado,Seca,Perfeito estado,Faixa de pedestre,Placas Pare,,Única,Faixa seccionada,,
2019-07-17,20:12:00,SEM VÍTIMA,FINALIZADA,JORDÃO,AV GOVERNADOR TORRES GALVAO,64,,R. LIMA CAMPOS,AV GOVERNADOR TORRES GALVAO,64,R. LIMA CAMPOS,JORDÃO,,SUBURBIO,CHOQUE VEÍCULO PARADO,ENTRE UM AUTO E ONIBUS S/V,,,,,,1,,,,0,,Cruzamento,Chuvoso,Não existe,Perfeito estado,Molhada,Mal conservada,Não existe,Placas Pare,40 km/h,,Não existe,,
2019-07-17,20:52:00,COM VÍTIMA,FINALIZADA,SANTO AMARO,AV MARIO MELO,,AV CRUZ CABUGA,SEMÁFORO 171,AV MARIO MELO,,SEMÁFORO 171,SANTO AMARO,171,SUBURBIO,ABALROAMENTO TRANSVERSAL,ENTRE AUTO E MOTO. C/V,1,1,,,,,,,,1,,Cruzamento,Bom,Sem defeito,Perfeito estado,Seca,Perfeito estado,Faixa de pedestre,Não há placas,,Dupla,Canteiro central,,
2019-07-17,21:00:00,SEM VÍTIMA,FINALIZADA,MUSTARDINHA,RUA JOSE BEZERRA CAVALCANTE,2078,,,RUA JOSE BEZERRA CAVALCANTE,2078,,MUSTARDINHA,,SUBURBIO,CHOQUE VEÍCULO PARADO,ENTRE VT DA POLÍCIA COM CAMINHÃO DO GUINCHO. S/V,1,,,,,,,,,0,,Longo da via,Bom,Não existe,Não existente,Seca,Perfeito estado,Não existe,Não há placas,,Dupla,Não existe,,
2019-07-17,21:41:00,SEM VÍTIMA,FINALIZADA,BOMBA DO HEMETÉRIO,EST VELHA DE AGUA FRIA,343,,POSTO NORTE BRAZ,EST VELHA DE AGUA FRIA,343,POSTO NORTE BRAZ,BOMBA DO HEMETÉRIO,,SUBURBIO,COLISÃO TRASEIRA,ENTRE DOIS AUTO S/V,2,,,,,,,,,0,,Longo da via,Chuvoso,Não existe,Não existente,Molhada,Perfeito estado,Não existe,Não há placas,60 km/h,Única,Faixa contínua,,
2019-07-17,21:43:00,COM VÍTIMA,FINALIZADA,ILHA DO RETIRO,AV BEIRA RIO,400,,,AV BEIRA RIO,400,,ILHA DO RETIRO,,CIDADE,ABALROAMENTO LONGITUDINAL,ENTRE AUTO E MOTO. C/V,1,1,,,,,,,,1,,Longo da via,Bom,Não existe,Perfeito estado,Seca,Perfeito estado,Não existe,Não há placas,,Dupla,Faixa seccionada,,
2019-07-17,21:56:00,COM VÍTIMA,FINALIZADA,ÁGUA FRIA,EST VELHA DE AGUA FRIA,1311,,EM FRENTE AO Nº 1311,EST VELHA DE AGUA FRIA,1311,EM FRENTE AO Nº 1311,ÁGUA FRIA,,,COLISÃO TRASEIRA,CAMINHÃO E CICLISTA. C/V,,,,1,,,1,,,1,,Longo da via,Chuvoso,Não existe,Incompleta,Molhada,Mal conservada,Não existe,Não há placas,,Única,Faixa seccionada,,
2019-07-18,00:51:00,SEM VÍTIMA,FINALIZADA,SANTO AMARO,RUA DO SOSSEGO,,,PRÓXIMO AO CRUZAMENTO DA AV DA SAUDADE,RUA DO SOSSEGO,,PRÓXIMO AO CRUZAMENTO DA AV DA SAUDADE,SANTO AMARO,,CIDADE,CHOQUE VEÍCULO PARADO,COLISÃO ENTRE DOIS AUTOS S/V,2,,,,,,,,,0,,Longo da via,Bom,Não existe,Não existente,Seca,Mal conservada,Não existe,Não há placas,,Dupla,Não existe,,
2019-07-18,02:30:00,SEM VÍTIMA,FINALIZADA,IMBIRIBEIRA,AV MARECHAL MASCARENHAS DE MORAES,,AV GENERAL MAC ARTHUR,,AV MARECHAL MASCARENHAS DE MORAES,,,IMBIRIBEIRA,225,CIDADE,ABALROAMENTO TRANSVERSAL,COLISÃO ENTRE AUTO E CAMINHÃO S/V,1,,,,,,1,,,0,,,Chuvoso,Sem defeito,Perfeito estado,Molhada,Perfeito estado,Faixa de pedestre,Não há placas,,Dupla,Faixa contínua,Canteiro central,
2019-07-18,07:33:00,SEM VÍTIMA,FINALIZADA,MADALENA,RUA BENFICA,352,,,RUA BENFICA,352,,MADALENA,,CIDADE,ABALROAMENTO LONGITUDINAL,COLISÃO SEM VITIMAS,1,,,,,,,,,0,,Longo da via,Bom,Não existe,Perfeito estado,Seca,Perfeito estado,Faixa de pedestre,R-6a,,Única,Faixa seccionada,,
2019-07-18,07:42:00,COM VÍTIMA,FINALIZADA,DOIS IRMÃOS,RUA MANUEL DE MEDEIROS,71A,,APÓS O SEMÁFORO DE Nº 224 / PORTARIA DA REITORIA DA UFRPE,RUA MANUEL DE MEDEIROS,71A,APÓS O SEMÁFORO DE Nº 224 / PORTARIA DA REITORIA DA UFRPE,DOIS IRMÃOS,224,,ABALROAMENTO LONGITUDINAL,COLISÃO COM VITIMA A ESPERA DO SAMU,1,1,,,,,,,,1,,Longo da via,Bom,Sem defeito,Perfeito estado,Seca,Perfeito estado,Não existe,Não há placas,,Dupla,Não existe,,
2019-07-18,08:21:00,SEM VÍTIMA,FINALIZADA,CAMPO GRANDE,RUA ODORICO MENDES,542,,EM FRENTE AO Nº 542,RUA ODORICO MENDES,542,EM FRENTE AO Nº 542,CAMPO GRANDE,,CIDADE,ABALROAMENTO LONGITUDINAL,COLISÃO S/VITIMAS ENTRE UM AUTO E UMA MOTO,1,1,,,,,,,,0,,Longo da via,Bom,Não existe,Perfeito estado,Seca,Perfeito estado,Não existe,,,Dupla,Faixa seccionada,,
2019-07-18,08:58:00,SEM VÍTIMA,FINALIZADA,POÇO DA PANELA,AV DEZESSETE DE AGOSTO,,RUA MARECHAL RONDON,LABORATORIO MARCELO MAGALHÃES,AV DEZESSETE DE AGOSTO,,LABORATORIO MARCELO MAGALHÃES,POÇO DA PANELA,,SUBURBIO,ABALROAMENTO TRANSVERSAL,COLISÃO SEM VÍTIMA,2,,,,,,,,,0,,Longo da via,Bom,Não existe,Perfeito estado,Seca,Perfeito estado,Não existe,Não há placas,40 km/h,Dupla,Faixa contínua,,
2019-07-18,09:21:00,COM VÍTIMA,FINALIZADA,TOTÓ,AV LIBERDADE,1223,,EM FRENTE A PLANALTO PEÇAS,AV LIBERDADE,1223,EM FRENTE A PLANALTO PEÇAS,TOTÓ,,SUBURBIO,ABALROAMENTO TRANSVERSAL,COM UMA VITIMA AGUARDANDO SAMU,1,1,,,,,,,,1,,Longo da via,Bom,Não existe,Perfeito estado,Seca,Perfeito estado,Não existe,Outras,40 km/h,Dupla,Faixa contínua,,
2019-07-18,09:43:00,COM VÍTIMA,FINALIZADA,ÁGUA FRIA,AV BEBERIBE,,RUA SAO BENTO,SEMÁFORO 064,AV BEBERIBE,,SEMÁFORO 064,ÁGUA FRIA,64,CIDADE,ABALROAMENTO TRANSVERSAL,COLISÃO ENVOLVENDO UMA MOTOCICLETA E UMA BICICLETA,,1,,1,,,,,,2,,Cruzamento,Bom,Sem defeito,Perfeito estado,Seca,Perfeito estado,Faixa de pedestre,,,Dupla,Faixa contínua,,
2019-07-18,09:54:00,COM VÍTIMA,FINALIZADA,BOA VIAGEM,AV ENGENHEIRO DOMINGOS FERREIRA,1761,,SUPERMERCADO EXTRA,AV ENGENHEIRO DOMINGOS FERREIRA,1761,SUPERMERCADO EXTRA,BOA VIAGEM,,SUBURBIO,COLISÃO TRASEIRA,COLISÃO COM VÍTIMA,1,1,,,,,,,,2,,Longo da via,Bom,Não existe,Perfeito estado,Seca,Perfeito estado,Não existe,Não há placas,60 km/h,Única,Faixa seccionada,Canteiro central,
2019-07-18,09:56:00,SEM VÍTIMA,FINALIZADA,IMBIRIBEIRA,AV MARECHAL MASCARENHAS DE MORAES,,,AO LADO DO DESEMBARQUE A1 DO AEROPORTO INTERNACIONAL DO RECIFE GUARARAPES GILBERTO FREYRE,AV MARECHAL MASCARENHAS DE MORAES,,AO LADO DO DESEMBARQUE A1 DO AEROPORTO INTERNACIONAL DO RECIFE GUARARAPES GILBERTO FREYRE,IMBIRIBEIRA,,,ABALROAMENTO LONGITUDINAL,COLISÃO SEM VITIMAS,1,,,,,1,,,,0,,Longo da via,Bom,Não existe,Perfeito estado,Seca,Perfeito estado,Não existe,Não há placas,20 km/h,Única,Não existe,,
2019-07-18,10:02:00,SEM VÍTIMA,FINALIZADA,ESTÂNCIA,AV DR JOSE RUFINO,374,,LADO OPOSTO AO COLÉGIO DECISÃO,AV DR JOSE RUFINO,374,LADO OPOSTO AO COLÉGIO DECISÃO,ESTÂNCIA,,SUBURBIO,ABALROAMENTO LONGITUDINAL,COLISÃO SEM VÍTIMA,1,,,,,,1,,,0,,Longo da via,Bom,Não existe,Perfeito estado,Seca,Perfeito estado,Não existe,Não há placas,,Dupla,Faixa contínua,,
2019-07-18,10:35:00,SEM VÍTIMA,FINALIZADA,SÃO JOSÉ,AV SUL,,RUA BOM SUCESSO,EM FRENTE AO GALPÃO DO GALO,AV SUL,,EM FRENTE AO GALPÃO DO GALO,SÃO JOSÉ,,CIDADE,ABALROAMENTO TRANSVERSAL,COLISÃO SEM VÍTIMA,2,,,,,,,,,0,,,Bom,Não existe,Não existente,Seca,Perfeito estado,Não existe,Não há placas,,Dupla,Faixa seccionada,Canteiro central,
2019-07-18,11:12:00,SEM VÍTIMA,FINALIZADA,CASA FORTE,AV DEZESSETE DE AGOSTO,892,,EDF CASA GRANDE SANTANA,AV DEZESSETE DE AGOSTO,892,EDF CASA GRANDE SANTANA,CASA FORTE,,,ABALROAMENTO TRANSVERSAL,SEM VITIMAS,2,,,,,,,,,0,,Longo da via,Bom,Não existe,Perfeito estado,Seca,Perfeito estado,Não existe,Outras,,Dupla,Faixa contínua,,
2019-07-18,11:34:00,SEM VÍTIMA,FINALIZADA,BOA VISTA,AV CONDE DA BOA VISTA,,,LADO OPOSTO A FACULDADE SÃO MIGUEL,AV CONDE DA BOA VISTA,,LADO OPOSTO A FACULDADE SÃO MIGUEL,BOA VISTA,,CIDADE,COLISÃO TRASEIRA,COLISÃO SEM VÍTIMA ENTRE UM AUTO E MOTO,1,1,,,,,,,,0,,Longo da via,Bom,Não existe,Incompleta,Seca,Perfeito estado,Não existe,Outras,,Dupla,Faixa contínua,,
2019-07-18,11:40:00,SEM VÍTIMA,FINALIZADA,BOA VIAGEM,AV ENGENHEIRO DOMINGOS FERREIRA,3904,,EM FRENTE AO EDF VALÊNCIA,AV ENGENHEIRO DOMINGOS FERREIRA,3904,EM FRENTE AO EDF VALÊNCIA,BOA VIAGEM,,SUBURBIO,COLISÃO TRASEIRA,COLISÃO SEM VITIMAS,1,,,,,1,,,,0,,Longo da via,Bom,Não existe,Perfeito estado,Seca,Perfeito estado,Não existe,Não há placas,60 km/h,Única,Canteiro central,,
2019-07-18,11:57:00,SEM VÍTIMA,CANCELADA,JARDIM SÃO PAULO,RUA PAJUSSARA,42,,PROX. AO RESIDENCIAL VILLA JARDIM,RUA PAJUSSARA,42,PROX. AO RESIDENCIAL VILLA JARDIM,JARDIM SÃO PAULO,,,COLISÃO,COLISÃO S/VITIMAS ENTRE DOIS AUTOS,2,,,,,,,,,0,,,,,,,,,,,,,,
2019-07-18,12:08:00,SEM VÍTIMA,CANCELADA,CORDEIRO,AV CAXANGA,,,EM FRENTE A AGENCIA DA CAIXA,AV CAXANGA,,EM FRENTE A AGENCIA DA CAIXA,CORDEIRO,,SUBURBIO,ENGAVETAMENTO,ENTRE TRES AUTO S/V,3,,,,,,,,,0,,,,,,,,,,,,,,
2019-07-18,12:10:00,SEM VÍTIMA,FINALIZADA,AFOGADOS,RUA AUGUSTO CALHEIROS,,,GREMURB,RUA AUGUSTO CALHEIROS,,GREMURB,AFOGADOS,,SUBURBIO,ABALROAMENTO LONGITUDINAL,CAMINHAO E AUTO,1,,,,,,1,,,0,,Longo da via,Bom,Não existe,Perfeito estado,Seca,Perfeito estado,Não existe,Outras,40 km/h,Única,Não existe,,
2019-07-18,12:13:00,SEM VÍTIMA,FINALIZADA,GRAÇAS,RUA XAVIER MARQUES,275,,EDF SAINT ANTORNE,RUA XAVIER MARQUES,275,EDF SAINT ANTORNE,GRAÇAS,,CIDADE,ABALROAMENTO TRANSVERSAL,CAMINHAO E AUTO,1,,,,,,1,,,0,,Longo da via,Bom,Não existe,Não existente,Seca,Perfeito estado,Não existe,Não há placas,,Única,Não existe,,
2019-07-18,13:08:00,SEM VÍTIMA,FINALIZADA,TORRÕES,AV ENGENHEIRO ABDIAS DE CARVALHO,,,PRÓXIMO A UPA,AV ENGENHEIRO ABDIAS DE CARVALHO,,PRÓXIMO A UPA,TORRÕES,271,CIDADE,COLISÃO TRASEIRA,ENTRE DOIS AUTO S/V,2,,,,,,,,,0,,Longo da via,Bom,Sem defeito,Perfeito estado,Seca,Perfeito estado,Não existe,Outras,60 km/h,Dupla,Outros,,
2019-07-18,13:48:00,COM VÍTIMA,FINALIZADA,POÇO DA PANELA,RUA DOS ARCOS,202,RUA PAULO INOJOSA,PRÓXIMO AO ARCOS DO POÇO CORPORATE,RUA DOS ARCOS,202,PRÓXIMO AO ARCOS DO POÇO CORPORATE,POÇO DA PANELA,,,COLISÃO COM CICLISTA,ENTRE UM AUTO E BICICLETA,1,,,1,,,,,,2,,Longo da via,Bom,Não existe,Não existente,Seca,Perfeito estado,Não existe,Placas Pare,,Única,Não existe,,
2019-07-18,14:48:00,SEM VÍTIMA,FINALIZADA,IPSEP,AV RECIFE,,,POSTO IPIRANGA,AV RECIFE,,POSTO IPIRANGA,IPSEP,,CIDADE,COLISÃO TRASEIRA,MOTO E AUTO,1,1,,,,,,,,0,,Longo da via,Bom,Não existe,Perfeito estado,Seca,Perfeito estado,Não existe,Não há placas,,Dupla,Canteiro central,,