data,hora,natureza_acidente,situacao,bairro,endereco,numero,detalhe_endereco_acidente,complemento,endereco_cruzamento,numero_cruzamento,referencia_cruzamento,bairro_cruzamento,num_semaforo,sentido_via,tipo,descricao,auto,moto,ciclom,ciclista,pedestre,onibus,caminhao,viatura,outros,vitimas,vitimasfatais,acidente_verificado,tempo_clima,situacao_semaforo,sinalizacao,condicao_via,conservacao_via,ponto_controle,situacao_placa,velocidade_max_via,mao_direcao,divisao_via1,divisao_via2,divisao_via3
2019-07-18,14:52:00,COM VÍTIMA,FINALIZADA,CASA AMARELA,AV NORTE,,,LADO OPOSTO A AGÊNCIA DE EMPREGO DO RECIFE,AV NORTE,,LADO OPOSTO A AGÊNCIA DE EMPREGO DO RECIFE,CASA AMARELA,,CIDADE,COLISÃO TRASEIRA,AUTO E MOTO COM UMA VITIMA,1,1,,,,,,,,1,,Longo da via,Bom,Não existe,Perfeito estado,Seca,Perfeito estado,Não existe,Não há placas,60 km/h,Dupla,Canteiro central,,
2019-07-18,15:49:00,SEM VÍTIMA,FINALIZADA,BARRO,AV DR JOSE RUFINO,1851,,LADO OPOSTO A CRECHE ESCOLAR RECIFE PRESIDENTE TANCREDO NEVES,AV DR JOSE RUFINO,1851,LADO OPOSTO A CRECHE ESCOLAR RECIFE PRESIDENTE TANCREDO NEVES,BARRO,,CIDADE,ABALROAMENTO LONGITUDINAL,CAMINHAO E AUTO,1,,,,,,1,,,0,,Longo da via,Bom,Não existe,Perfeito estado,Seca,Perfeito estado,Faixa de pedestre,Não há placas,60 km/h,Dupla,Faixa contínua,,
2019-07-18,15:53:00,SEM VÍTIMA,CANCELADA,TORRÕES,AV ENGENHEIRO ABDIAS DE CARVALHO,,,EM FRENTE A UPA DA ABDIAS DE CARVALHO,AV ENGENHEIRO ABDIAS DE CARVALHO,,EM FRENTE A UPA DA ABDIAS DE CARVALHO,TORRÕES,,,COLISÃO,ENTRE DOIS AUTO S/V,2,,,,,,,,,0,,,,,,,,,,,,,,
2019-07-18,16:03:00,SEM VÍTIMA,FINALIZADA,CORDEIRO,RUA MANOEL DE ARRUDA CAMARA,375,RUA CARLOS GOMES,,RUA MANOEL DE ARRUDA CAMARA,375,,CORDEIRO,348,SUBURBIO,ABALROAMENTO LONGITUDINAL,MICROONIBUS E AUTO PASSEIO,1,,,,,1,,,,0,,Cruzamento,Bom,Sem defeito,Perfeito estado,Seca,Perfeito estado,Faixa de pedestre,Não há placas,,Única,Não existe,,
2019-07-18,16:05:00,SEM VÍTIMA,CANCELADA,BOA VIAGEM,RUA FELIX DE BRITO E MELO,,,AO LADO DO WALMART,RUA FELIX DE BRITO E MELO,,AO LADO DO WALMART,BOA VIAGEM,,,COLISÃO,ENTRE DOIS AUTO S/V,2,,,,,,,,,0,,,,,,,,,,,,,,
2019-07-18,16:10:00,SEM VÍTIMA,CANCELADA,PINA,AV ANTONIO DE GOES,,,E/F AO JCPM NO SEMAFORO 019,AV ANTONIO DE GOES,,E/F AO JCPM NO SEMAFORO 019,PINA,,,COLISÃO,COLISAO ENTRE ONIBUS E AUTO S/V,1,,,,,1,,,,0,,,,,,,,,,,,,,
2019-07-18,17:15:00,SEM VÍTIMA,CANCELADA,MADALENA,AV ENGENHEIRO ABDIAS DE CARVALHO,,RUA JOAO IVO DA SILVA,PROX A HABIB´S,AV ENGENHEIRO ABDIAS DE CARVALHO,,PROX A HABIB´S,MADALENA,132,,COLISÃO,VAN E AUTO,2,,,,,,,,,0,,,,,,,,,,,,,,
2019-07-18,18:19:00,SEM VÍTIMA,FINALIZADA,TORRE,RUA JORNALISTA LUIZ TEIXEIRA,10,,BETTY LANCHES,RUA JORNALISTA LUIZ TEIXEIRA,10,BETTY LANCHES,TORRE,,SUBURBIO,ABALROAMENTO LONGITUDINAL,ENTRE 2 AUTOS. S/V,2,,,,,,,,,0,,Longo da via,Bom,Não existe,Não existente,Seca,Mal conservada,Não existe,Não há placas,,Dupla,Não existe,,
2019-07-18,18:47:00,SEM VÍTIMA,FINALIZADA,TORRÕES,AV BICENTENARIO DA REVOLUCAO FRANCESA,185,,,AV BICENTENARIO DA REVOLUCAO FRANCESA,185,,TORRÕES,,SUBURBIO,ABALROAMENTO LONGITUDINAL,ENTRE ÕNIBUS E AUTO PASSEIO. S/V,1,,,,,1,,,,0,,Longo da via,Bom,Não existe,Ilegível,Seca,Mal iluminada,Não existe,Não há placas,,Dupla,Não existe,,
2019-07-18,19:10:00,SEM VÍTIMA,FINALIZADA,JOANA BEZERRA,VIADUTO CAPITAO TEMUDO,,,SOB O VIADUTO,VIADUTO CAPITAO TEMUDO,,SOB O VIADUTO,JOANA BEZERRA,,SUBURBIO,COLISÃO TRASEIRA,AUDI X FOX,2,,,,,,,,,0,,Viaduto,Bom,Não existe,Perfeito estado,Seca,Perfeito estado,Outros,Outras,,Única,Faixa contínua,,
2019-07-18,19:39:00,SEM VÍTIMA,FINALIZADA,GRAÇAS,AV RUI BARBOSA,579,,,AV RUI BARBOSA,579,,GRAÇAS,,CIDADE,ABALROAMENTO LONGITUDINAL,ENTRE 2 AUTOS. S/V,2,,,,,,,,,0,,Longo da via,Bom,Não existe,Perfeito estado,Seca,Perfeito estado,,Outras,,Única,Faixa seccionada,,
2019-07-18,20:57:00,SEM VÍTIMA,CANCELADA,BOA VIAGEM,RUA VISCONDE DE JEQUITINHONHA,,RUA BALTAZAR PASSOS,SEMÁFORO 154,RUA VISCONDE DE JEQUITINHONHA,,SEMÁFORO 154,BOA VIAGEM,,,COLISÃO,ENTRE 2 AUTOS. S/V,2,,,,,,,,,0,,,,,,,,,,,,,,
2019-07-18,21:42:00,COM VÍTIMA,FINALIZADA,ROSARINHO,RUA DR JOSE MARIA,,RUA GENERAL ABREU E LIMA,EM FRENTE A PRAÇA NOSSA SENHORA DE FÁTIMA,RUA DR JOSE MARIA,,EM FRENTE A PRAÇA NOSSA SENHORA DE FÁTIMA,ROSARINHO,,,ABALROAMENTO LONGITUDINAL,ENTRE TÁXI E MOTO. C/V,1,1,,,,,,,,1,,Cruzamento,Bom,Não existe,Ilegível,Molhada,Mal iluminada,Não existe,Placas Pare,,Dupla,Faixa seccionada,,
2019-07-19,07:39:00,COM VÍTIMA,FINALIZADA,CASA AMARELA,AV NORTE,5071,,LADO OPOSTO AO REI DA PICANHA,AV NORTE,5071,LADO OPOSTO AO REI DA PICANHA,CASA AMARELA,,CIDADE,ABALROAMENTO LONGITUDINAL,COLISÃO C/VITIMAS ENTRE AUTO E MOTO,1,1,,,,,,,,1,,Longo da via,Bom,Sem defeito,Perfeito estado,Seca,Perfeito estado,Faixa de pedestre,,,Dupla,Faixa seccionada,Canteiro central,
2019-07-19,08:11:00,SEM VÍTIMA,FINALIZADA,BOA VISTA,AV CONDE DA BOA VISTA,1583,,MICROLINS,AV CONDE DA BOA VISTA,1583,MICROLINS,BOA VISTA,,CIDADE,COLISÃO TRASEIRA,COLISÃO S/VITIMAS ENTRE UMA MOTO E AUTO,1,1,,,,,,,,0,,Longo da via,Chuvoso,Não existe,Ilegível,Molhada,Perfeito estado,Faixa de retenção,R-6c,,Dupla,Faixa contínua,Canteiro central,
2019-07-19,08:39:00,SEM VÍTIMA,FINALIZADA,CASA AMARELA,AV NORTE,6120,,LADO OPOSTO AO DESKONTÃO,AV NORTE,6120,LADO OPOSTO AO DESKONTÃO,CASA AMARELA,,SUBURBIO,COLISÃO TRASEIRA,COLISÃO SEM VITIMAS,3,,,,,,,,,0,,Longo da via,Bom,Não existe,Perfeito estado,Seca,Perfeito estado,Faixa de pedestre,R-6a,60 km/h,Única,Faixa seccionada,,
2019-07-19,09:01:00,SEM VÍTIMA,FINALIZADA,ILHA DO LEITE,AV FREI MATIAS TEVES,224,,,AV FREI MATIAS TEVES,224,,ILHA DO LEITE,,CIDADE,ABALROAMENTO TRANSVERSAL,DOIS AUTOS,2,,,,,,,,,0,,Longo da via,Bom,Não existe,Perfeito estado,Seca,Perfeito estado,Não existe,Placas Pare,30 km/h,Única,Não existe,,
2019-07-19,09:18:00,SEM VÍTIMA,FINALIZADA,AFOGADOS,RUA SAO MIGUEL,709,,,RUA SAO MIGUEL,709,,AFOGADOS,,CIDADE,ABALROAMENTO LONGITUDINAL,COLISÃO SEM VITIMAS,1,,,,,,1,,1,0,,Longo da via,Bom,Não existe,Incompleta,Seca,Perfeito estado,Não existe,Não há placas,,Dupla,Faixa contínua,,
2019-07-19,09:35:00,SEM VÍTIMA,FINALIZADA,AREIAS,AV RECIFE,1590,,CONJUNTO INEZ ANDREAZZA,AV RECIFE,1590,CONJUNTO INEZ ANDREAZZA,AREIAS,599,,COLISÃO TRASEIRA,DOIS AUTOS,2,,,,,,,,,0,,Longo da via,Chuvoso,Sem defeito,Perfeito estado,Molhada,Perfeito estado,Faixa de pedestre,Não há placas,60 km/h,Dupla,Canteiro central,,
2019-07-19,09:41:00,SEM VÍTIMA,CANCELADA,PINA,RUA PEREIRA DA COSTA,576,AV CONSELHEIRO AGUIAR,AO LADO DA BANI ART,RUA PEREIRA DA COSTA,576,AO LADO DA BANI ART,PINA,,,COLISÃO,DOIS AUTOS,2,,,,,,,,,0,,,,,,,,,,,,,,
2019-07-19,09:52:00,COM VÍTIMA,FINALIZADA,IPUTINGA,AV MAURICIO DE NASSAU,268,RUA ENGENHEIRO MOACYR PARAHYBA,EQUIPADORA AUTO FILME,AV MAURICIO DE NASSAU,268,EQUIPADORA AUTO FILME,IPUTINGA,,CIDADE,COLISÃO FRONTAL,COLISÃO COM VITIMA SOCORRIDO PELO SAMU,,1,,,,1,,,,1,,Cruzamento,Chuvoso,Não existe,,Molhada,,Não existe,Não há placas,,Dupla,Faixa contínua,,
2019-07-19,10:23:00,SEM VÍTIMA,FINALIZADA,SANTO AMARO,AV CRUZ CABUGA,2160,,EM FRENTE AO CLUBE DO CISNES,AV CRUZ CABUGA,2160,EM FRENTE AO CLUBE DO CISNES,SANTO AMARO,,SUBURBIO,CHOQUE OBJETO FIXO,CHOCOU-SE COM O PRISMA,1,,,,,,,,,0,,Longo da via,Chuvoso,Sem defeito,Não existente,Seca,Outros,Não existe,Outras,,Dupla,Blocos,,
2019-07-19,10:51:00,SEM VÍTIMA,FINALIZADA,IBURA,AV DOZE DE JUNHO,1010,RUA DA VITORIA,PRÓXIMO AO CRUZAMENTO DO LARGO,AV DOZE DE JUNHO,1010,PRÓXIMO AO CRUZAMENTO DO LARGO,IBURA,,,ABALROAMENTO TRANSVERSAL,AUTO PASSEIO E VIATURA DA PM,1,,,,,,,1,,0,,Longo da via,Bom,Sem defeito,Incompleta,Seca,Mal conservada,Não existe,Não há placas,,Dupla,Não existe,,
2019-07-19,11:50:00,SEM VÍTIMA,FINALIZADA,IMBIRIBEIRA,AV MARECHAL MASCARENHAS DE MORAES,,,POSTO DE COMBUSTÍVEL IPIRANGA,AV MARECHAL MASCARENHAS DE MORAES,,POSTO DE COMBUSTÍVEL IPIRANGA,IMBIRIBEIRA,,SUBURBIO,ABALROAMENTO LONGITUDINAL,DOIS AUTOS,2,,,,,,,,,0,,Longo da via,Chuvoso,Não existe,Perfeito estado,Molhada,Perfeito estado,Não existe,Outras,,Dupla,Canteiro central,,
2019-07-19,11:52:00,SEM VÍTIMA,FINALIZADA,GRAÇAS,AV GOVERNADOR AGAMENON MAGALHAES,,RUA JOAQUIM NABUCO,SEMÁFORO 174,AV GOVERNADOR AGAMENON MAGALHAES,,SEMÁFORO 174,GRAÇAS,174,SUBURBIO,ABALROAMENTO TRANSVERSAL,DOIS AUTOS,2,,,,,,,,,0,,,Nublado,Sem defeito,Perfeito estado,Molhada,Perfeito estado,Agente,Outras,60 km/h,Dupla,Faixa seccionada,Canteiro central,Canal
2019-07-19,12:04:00,SEM VÍTIMA,FINALIZADA,ILHA DO LEITE,RUA ANTONIO GOMES DE FREITAS,,,PRALA MIGUEL DE SERVANTE,RUA ANTONIO GOMES DE FREITAS,,PRALA MIGUEL DE SERVANTE,ILHA DO LEITE,,SUBURBIO,ABALROAMENTO LONGITUDINAL,COLISAO ENTRE DOIS AUTOS S/V,2,,,,,,,,,0,,Cruzamento,Bom,Não existe,Perfeito estado,Seca,Perfeito estado,Não existe,Placas Pare,40 km/h,Única,Faixa seccionada,,
2019-07-19,12:23:00,SEM VÍTIMA,FINALIZADA,APIPUCOS,,581,RUA DOIS IRMAOS,MOTEL SENZALA,,581,MOTEL SENZALA,APIPUCOS,,,COLISÃO TRASEIRA,COLISÃO SEM VÍTIMA,2,,,,,,,,,0,,,Chuvoso,Não existe,Perfeito estado,Molhada,Perfeito estado,Não existe,R-28,30 km/h,Dupla,Não existe,,
2019-07-19,12:36:00,SEM VÍTIMA,FINALIZADA,IMBIRIBEIRA,AV MARECHAL MASCARENHAS DE MORAES,4896,,TOLENTINO ENGENHARIA,AV MARECHAL MASCARENHAS DE MORAES,4896,TOLENTINO ENGENHARIA,IMBIRIBEIRA,,SUBURBIO,CHOQUE VEÍCULO PARADO,COLISAO ENTRE CAMINHAO E AUTO S/V,1,,,,,,1,,,0,,Longo da via,Bom,Não existe,Perfeito estado,Molhada,Perfeito estado,Não existe,Não há placas,60 km/h,Dupla,Canteiro central,,
2019-07-19,12:38:00,SEM VÍTIMA,FINALIZADA,IMBIRIBEIRA,AV GENERAL MAC ARTHUR,,,AV MAR MASCARENHAS DE MORAIS,AV GENERAL MAC ARTHUR,,AV MAR MASCARENHAS DE MORAIS,IMBIRIBEIRA,225,CIDADE,ABALROAMENTO TRANSVERSAL,COLISÃO SEM VÍTIMA,2,,,,,,,,,0,,Cruzamento,Chuvoso,Sem defeito,,,,,,,,,,
2019-07-19,13:01:00,SEM VÍTIMA,FINALIZADA,ENCRUZILHADA,RUA INACIO GALVAO DOS SANTOS,104,,POR TRAS DO MERCADO DA ENCRUZILHADA NA PRAÇA DOS CAMINHONEIROS,RUA INACIO GALVAO DOS SANTOS,104,POR TRAS DO MERCADO DA ENCRUZILHADA NA PRAÇA DOS CAMINHONEIROS,ENCRUZILHADA,,,COLISÃO,COLISAO ENTRE DOIS AUTOS S/V,2,,,,,,,,,0,,,,,,,,,,,,,,
2019-07-19,13:18:00,SEM VÍTIMA,FINALIZADA,SANTO AMARO,RUA SAO GERALDO,,AV MARIO MELO,LADO OPOSTO A ESCOLA ESTADUAL SILVIO RABELO,RUA SAO GERALDO,,LADO OPOSTO A ESCOLA ESTADUAL SILVIO RABELO,SANTO AMARO,,,ABALROAMENTO TRANSVERSAL,COLISÃO SEM VITIMAS,2,,,,,,,,,0,,Cruzamento,Chuvoso,Não existe,Não existente,Molhada,Mal conservada,Não existe,R-6a,,Dupla,Canteiro central,,
2019-07-19,15:40:00,SEM VÍTIMA,FINALIZADA,DERBY,AV GOVERNADOR AGAMENON MAGALHAES,1160,,TRIBUNAL REGIONAL ELEITORAL DE PE,AV GOVERNADOR AGAMENON MAGALHAES,1160,TRIBUNAL REGIONAL ELEITORAL DE PE,DERBY,,SUBURBIO,ABALROAMENTO LONGITUDINAL,,2,,,,,,,,,0,,Longo da via,Bom,Não existe,Perfeito estado,Seca,Perfeito estado,Não existe,Outras,60 km/h,Dupla,Canteiro central,,
2019-07-19,15:49:00,SEM VÍTIMA,FINALIZADA,BOA VISTA,RUA GERVASIO PIRES,332,AV CONDE DA BOA VISTA,AO LADO DO SHOPPING BOA VISTA,RUA GERVASIO PIRES,332,AO LADO DO SHOPPING BOA VISTA,BOA VISTA,24,SUBURBIO,ABALROAMENTO LONGITUDINAL,COLISAO ENTRE DOIS AUTOS S/V,2,,,,,,,,,0,,Cruzamento,Bom,Sem defeito,Incompleta,Seca,Perfeito estado,Agente,Não há placas,40 km/h,Única,Faixa seccionada,,
2019-07-19,16:03:00,SEM VÍTIMA,FINALIZADA,SANTO AMARO,AV DR JAYME DA FONTE,,AV CRUZ CABUGA,,AV DR JAYME DA FONTE,,,SANTO AMARO,,SUBURBIO,COLISÃO TRASEIRA,COLISAO ENTRE TRES AUTOS S/V,3,,,,,,,,,0,,Longo da via,Bom,Sem defeito,Perfeito estado,Seca,Perfeito estado,Não existe,Não há placas,,Dupla,Canteiro central,,
2019-07-19,16:04:00,SEM VÍTIMA,FINALIZADA,IMBIRIBEIRA,AV MARECHAL MASCARENHAS DE MORAES,2682,,,AV MARECHAL MASCARENHAS DE MORAES,2682,,IMBIRIBEIRA,,CIDADE,ABALROAMENTO LONGITUDINAL,COLISÃO SEM VÍTIMA,2,,,,,,,,1,0,,Longo da via,Bom,Sem defeito,Perfeito estado,Seca,Perfeito estado,Faixa de pedestre,Não há placas,60 km/h,Dupla,Canteiro central,,
2019-07-19,16:13:00,SEM VÍTIMA,FINALIZADA,SÃO JOSÉ,AV SUL,,,EM FRENTE AS TORRES GÊMEAS,AV SUL,,EM FRENTE AS TORRES GÊMEAS,SÃO JOSÉ,583,CIDADE,ABALROAMENTO LONGITUDINAL,COLISÃO SEM VÍTIMA,1,,,,,,1,,,0,,Longo da via,Bom,Sem defeito,Perfeito estado,Seca,Perfeito estado,Faixa de pedestre,Outras,,Dupla,Canteiro central,,
2019-07-19,16:52:00,SEM VÍTIMA,FINALIZADA,VÁRZEA,RUA ACADEMICO HELIO RAMOS,500,,E/F A GRE METRO SUL,RUA ACADEMICO HELIO RAMOS,500,E/F A GRE METRO SUL,VÁRZEA,,,COLISÃO,CLISAO ENTRE ONIBUS E AUTO S/V,1,,,,,1,,,,0,,Longo da via,Bom,Não existe,Perfeito estado,Seca,Perfeito estado,Faixa de pedestre,R-6a,,Dupla,Faixa contínua,,
2019-07-19,16:58:00,SEM VÍTIMA,FINALIZADA,TORRE,RUA REAL DA TORRE,1166,,SUPERMERCADO EXTRA,RUA REAL DA TORRE,1166,SUPERMERCADO EXTRA,TORRE,,SUBURBIO,COLISÃO TRASEIRA,COLISÃO SEM VITIMAS,3,,,,,,,,,0,,Longo da via,Bom,Não existe,Perfeito estado,Seca,Perfeito estado,Não existe,Não há placas,,Única,Faixa seccionada,,
2019-07-19,17:40:00,SEM VÍTIMA,FINALIZADA,PRADO,RUA FIDELIS MOLITERNO,,RUA DR CARLOS ALVES,,RUA FIDELIS MOLITERNO,,,PRADO,,SUBURBIO,ABALROAMENTO LONGITUDINAL,COLISÃO SEM VITIMAS,2,,,,,,,,,0,,Cruzamento,Chuvoso,Não existe,,Molhada,Perfeito estado,Não existe,Não há placas,,Dupla,Não existe,,
2019-07-19,17:55:00,SEM VÍTIMA,FINALIZADA,SÃO JOSÉ,PRC DAS CINCO PONTAS,280,,LADO OPOSTO A SÃO JOSÉ ATACADO E VAREJO,PRC DAS CINCO PONTAS,280,LADO OPOSTO A SÃO JOSÉ ATACADO E VAREJO,SÃO JOSÉ,,SUBURBIO,ABALROAMENTO LONGITUDINAL,COLISÃO SEM VITIMAS,1,1,,,,,,,,0,,Longo da via,Bom,Não existe,Não existente,Seca,Perfeito estado,Não existe,Outras,,Dupla,Blocos,,
2019-07-19,18:10:00,SEM VÍTIMA,FINALIZADA,IPSEP,RUA JEAN EMILE FAVRE,,RUA BLUMENAU,,RUA JEAN EMILE FAVRE,,,IPSEP,101,SUBURBIO,ABALROAMENTO LONGITUDINAL,CIVIC X ONIBUS,1,,,,,1,,,,0,,Longo da via,Bom,Sem defeito,Perfeito estado,Seca,Perfeito estado,Faixa de pedestre,R-6a,60 km/h,Dupla,Faixa seccionada,,
2019-07-19,18:24:00,COM VÍTIMA,FINALIZADA,BOA VIAGEM,AV DOM JOAO VI,,AV ANTONIO TORRES GALVAO,WALMART,AV DOM JOAO VI,,WALMART,BOA VIAGEM,543,SUBURBIO,ABALROAMENTO LONGITUDINAL,HONDA CIVIC X MOTO,1,1,,,,,,,,1,,Cruzamento,Bom,Sem defeito,Perfeito estado,Seca,Perfeito estado,Faixa de pedestre,Não há placas,,Dupla,Canteiro central,,
2019-07-19,18:49:00,COM VÍTIMA,FINALIZADA,CASA AMARELA,AV NORTE,,AV PEDRO ALLAIN,,AV NORTE,,,CASA AMARELA,95,SUBURBIO,ABALROAMENTO TRANSVERSAL,MOTO E PRISMA,1,1,,,,,,,,2,,Cruzamento,Bom,Sem defeito,Perfeito estado,Seca,Perfeito estado,Faixa de pedestre,,,Dupla,Canteiro central,,
2019-07-19,19:00:00,SEM VÍTIMA,FINALIZADA,CORDEIRO,RUA DR MIGUEL VIEIRA FERREIRA,115,,EM FRENTE AO Nº 115,RUA DR MIGUEL VIEIRA FERREIRA,115,EM FRENTE AO Nº 115,CORDEIRO,,CIDADE,COLISÃO TRASEIRA,ENTRE DOIS CARROS E UMA KOMBI,3,,,,,,,,,0,,Longo da via,Bom,Não existe,Incompleta,Seca,Perfeito estado,Não existe,R-6a,,Dupla,Faixa seccionada,,
2019-07-19,19:15:00,SEM VÍTIMA,FINALIZADA,BOA VIAGEM,AV ENGENHEIRO DOMINGOS FERREIRA,,,,AV ENGENHEIRO DOMINGOS FERREIRA,,,BOA VIAGEM,297,SUBURBIO,COLISÃO TRASEIRA,ENTRE DOIS AUTO S/V,2,,,,,,,,,0,,Longo da via,Bom,Sem defeito,Perfeito estado,Seca,Perfeito estado,,R-6a,,Dupla,Canteiro central,,
2019-07-19,19:31:00,SEM VÍTIMA,FINALIZADA,BOA VIAGEM,RUA BARAO DE SOUZA LEAO,5313,,EM FRENTE AO IBIS HOTEL,RUA BARAO DE SOUZA LEAO,5313,EM FRENTE AO IBIS HOTEL,BOA VIAGEM,,SUBURBIO,ABALROAMENTO LONGITUDINAL,ENTRE AUTO PASSEIO E ONIBUS,1,,,,,1,,,,0,,Longo da via,Bom,Não existe,Perfeito estado,Seca,Perfeito estado,Não existe,Não há placas,,Única,Não existe,,
2019-07-19,21:28:00,SEM VÍTIMA,CANCELADA,JAQUEIRA,RUA PADRE ROMA,,RUA DO FUTURO,DE ESQUINA COM ALBERT SABIN,RUA PADRE ROMA,,DE ESQUINA COM ALBERT SABIN,JAQUEIRA,,,COLISÃO,AUTO X ONIBUS,1,,,,,1,,,,0,,,,,,,,,,,,,,
2019-07-20,04:18:00,SEM VÍTIMA,CANCELADA,SÃO JOSÉ,AV DANTAS BARRETO,,,NA PISTA LOCAL  PRÓX AO BRADESCO,AV DANTAS BARRETO,,NA PISTA LOCAL  PRÓX AO BRADESCO,SÃO JOSÉ,,,COLISÃO,COLISÃO ENTRE DOIS ÔNIBUS  SEM VÍTIMAS,,,,,,2,,,,0,,,,,,,,,,,,,,
2019-07-20,09:06:00,SEM VÍTIMA,FINALIZADA,IMBIRIBEIRA,AV MARECHAL MASCARENHAS DE MORAES,3468,,EM FRENTE AO SAM'S CLUB E POSTO DE COBUSTÍVEL BR,AV MARECHAL MASCARENHAS DE MORAES,3468,EM FRENTE AO SAM'S CLUB E POSTO DE COBUSTÍVEL BR,IMBIRIBEIRA,289,SUBURBIO,COLISÃO TRASEIRA,TRES AUTOS,3,,,,,,,,,0,,Longo da via,Chuvoso,Sem defeito,Perfeito estado,Molhada,Perfeito estado,Faixa de pedestre,Outras,,Dupla,Faixa contínua,Faixa seccionada,Canteiro central
2019-07-20,09:07:00,SEM VÍTIMA,FINALIZADA,ALTO DO MANDU,RUA QUATRO DE MARCO,,,CENTRO DE SAUDE JOAQUIM DA COSTA CARVALHO,RUA QUATRO DE MARCO,,CENTRO DE SAUDE JOAQUIM DA COSTA CARVALHO,ALTO DO MANDU,,SUBURBIO,ABALROAMENTO LONGITUDINAL,SEM VITIMAS,1,,,,,,1,,,0,,Longo da via,Chuvoso,Não existe,Não existente,Molhada,Perfeito estado,Não existe,Não há placas,,Dupla,Não existe,,
2019-07-20,10:38:00,COM VÍTIMA,FINALIZADA,IBURA,AV SANTOS,160 - A,AV SANTOS,NA CURVA ACENTUADA A ESQUERDA,AV SANTOS,160 - A,NA CURVA ACENTUADA A ESQUERDA,IBURA,,SUBURBIO,ABALROAMENTO TRANSVERSAL,COLISÃO C/VITIMAS ENTRE DUAS MOTOS,,2,,,,,,,,1,,Cruzamento,Chuvoso,Não existe,Incompleta,Molhada,Mal iluminada,Outros,Placas Pare,,Dupla,Faixa seccionada,,
2019-07-20,10:58:00,SEM VÍTIMA,FINALIZADA,NOVA DESCOBERTA,AV VEREADOR OTACILIO AZEVEDO,1076,,LADO OPOSTO AO Nº 1076,AV VEREADOR OTACILIO AZEVEDO,1076,LADO OPOSTO AO Nº 1076,NOVA DESCOBERTA,,SUBURBIO,COLISÃO TRASEIRA,SEM VITIMAS,2,,,,,,,,,0,,Longo da via,Chuvoso,Não existe,Perfeito estado,Molhada,Perfeito estado,Não existe,R-6a,,Dupla,Faixa seccionada,,
2019-07-20,11:44:00,SEM VÍTIMA,FINALIZADA,VÁRZEA,AV CAXANGA,,,GOLF CLUBE,AV CAXANGA,,GOLF CLUBE,VÁRZEA,,CIDADE,COLISÃO TRASEIRA,SEM VITIMAS,3,,,,,,,,,0,,Longo da via,Chuvoso,Não existe,Perfeito estado,Molhada,Perfeito estado,Não existe,Outras,60 km/h,Dupla,Canteiro central,,
2019-07-20,12:32:00,SEM VÍTIMA,FINALIZADA,ESTÂNCIA,AV DR JOSE RUFINO,58,,AO LADO DA COLÉGIO VISÃO,AV DR JOSE RUFINO,58,AO LADO DA COLÉGIO VISÃO,ESTÂNCIA,,SUBURBIO,ABALROAMENTO LONGITUDINAL,COLISAO ENTRE DOIS AUTOS S/V,2,,,,,,,,,0,,Longo da via,Chuvoso,Não existe,Incompleta,Molhada,Mal conservada,Não existe,Não há placas,60 km/h,Dupla,Faixa contínua,,
2019-07-20,12:57:00,SEM VÍTIMA,FINALIZADA,IMBIRIBEIRA,AV MARECHAL MASCARENHAS DE MORAES,,AV LUXEMBURGO,AO LADO DA FIAT ITALIANA,AV MARECHAL MASCARENHAS DE MORAES,,AO LADO DA FIAT ITALIANA,IMBIRIBEIRA,,SUBURBIO,ABALROAMENTO LONGITUDINAL,SEM VITIMAS,1,,,,,1,,,,0,,Longo da via,Chuvoso,Sem defeito,Perfeito estado,Molhada,Perfeito estado,,,,Única,Faixa seccionada,,
2019-07-20,14:40:00,SEM VÍTIMA,FINALIZADA,AREIAS,RUA AIRES BELO,46,,,RUA AIRES BELO,46,,AREIAS,,SUBURBIO,COLISÃO FRONTAL,SEM VITIMAS,2,,,,,,,,,0,,Longo da via,Chuvoso,Não existe,Perfeito estado,Molhada,Perfeito estado,Não existe,Não há placas,30 km/h,Dupla,Faixa contínua,,
2019-07-20,16:16:00,SEM VÍTIMA,FINALIZADA,ALTO JOSÉ BONIFÁCIO,RUA CORREGO DO EUCLIDES,,,NA ROTATÓRIA EM FRENTE AO TERMINAL,RUA CORREGO DO EUCLIDES,,NA ROTATÓRIA EM FRENTE AO TERMINAL,ALTO JOSÉ BONIFÁCIO,,CIDADE,COLISÃO TRASEIRA,COLISÃO C/VITIMAS ENTRE DOIS AUTOS,1,,,,,1,,,,0,,,Chuvoso,Não existe,Perfeito estado,Molhada,Perfeito estado,Não existe,Não há placas,40 km/h,Dupla,Faixa seccionada,,
2019-07-20,17:03:00,SEM VÍTIMA,FINALIZADA,BOA VISTA,AV GOVERNADOR AGAMENON MAGALHAES,,RUA JOAO FERNANDES VIEIRA,EM FRENTE AO COLÉGIO AMERICANO BATISTA,AV GOVERNADOR AGAMENON MAGALHAES,,EM FRENTE AO COLÉGIO AMERICANO BATISTA,BOA VISTA,37,SUBURBIO,ABALROAMENTO LONGITUDINAL,COLISÃO ENTRE DOIS AUTOS SEM VÍTIMA,2,,,,,,,,,0,,Cruzamento,Chuvoso,Sem defeito,Perfeito estado,Molhada,Perfeito estado,Faixa de pedestre,,60 km/h,Dupla,Canteiro central,,