data,hora,natureza_acidente,situacao,bairro,endereco,numero,detalhe_endereco_acidente,complemento,endereco_cruzamento,numero_cruzamento,referencia_cruzamento,bairro_cruzamento,num_semaforo,sentido_via,tipo,descricao,auto,moto,ciclom,ciclista,pedestre,onibus,caminhao,viatura,outros,vitimas,vitimasfatais,acidente_verificado,tempo_clima,situacao_semaforo,sinalizacao,condicao_via,conservacao_via,ponto_controle,situacao_placa,velocidade_max_via,mao_direcao,divisao_via1,divisao_via2,divisao_via3
2019-07-23,07:27:00,SEM VÍTIMA,CANCELADA,BAIRRO DO RECIFE,CAIS DO APOLO,,,EM FRENTE A PREFEITURA DO RECIFE,CAIS DO APOLO,,EM FRENTE A PREFEITURA DO RECIFE,BAIRRO DO RECIFE,,,COLISÃO,COLISÃO SEM VITIMAS,1,1,,,,,,,,0,,,,,,,,,,,,,,
2019-07-23,07:35:00,SEM VÍTIMA,FINALIZADA,PINA,RUA MANOEL DE BRITO,,,EM FRENTE AO 19º BPM,RUA MANOEL DE BRITO,,EM FRENTE AO 19º BPM,PINA,,CIDADE,COLISÃO TRASEIRA,SEM VITIMAS,,,,1,,,,1,,0,,Longo da via,Chuvoso,Não existe,Perfeito estado,Molhada,Perfeito estado,Faixa de retenção,Outras,,Única,Não existe,,
2019-07-23,07:56:00,SEM VÍTIMA,FINALIZADA,PINA,AV ANTONIO DE GOES,,,EM FRENTE AO POSTO PETROBRAS,AV ANTONIO DE GOES,,EM FRENTE AO POSTO PETROBRAS,PINA,,CIDADE,COLISÃO TRASEIRA,SEM VITIMAS CTTU NO LOCAL SUB INSP NATALICIO VAI FAZER O B.O,2,,,,,,,,,0,,Longo da via,Chuvoso,Não existe,Perfeito estado,Molhada,Perfeito estado,Não existe,Não há placas,60 km/h,Única,Faixa seccionada,Canteiro central,
2019-07-23,08:16:00,COM VÍTIMA,FINALIZADA,DERBY,AV GOVERNADOR AGAMENON MAGALHAES,3849,,EM FRENTE AO MC DONALDS,AV GOVERNADOR AGAMENON MAGALHAES,3849,EM FRENTE AO MC DONALDS,DERBY,,OLINDA,ABALROAMENTO LONGITUDINAL,COM UMA VITIMA. CTTU NO LOCAL,1,1,,,,,,,,2,,Longo da via,Chuvoso,Sem defeito,Perfeito estado,Molhada,Perfeito estado,Faixa de pedestre,Outras,60 km/h,Dupla,Canteiro central,,
2019-07-23,09:15:00,SEM VÍTIMA,CANCELADA,BOA VIAGEM,AV ENGENHEIRO DOMINGOS FERREIRA,2200,,EM FRENTE A IMOBILIARIA PULO MIRANDA  NO POSTO DE GASOLINA BR,AV ENGENHEIRO DOMINGOS FERREIRA,2200,EM FRENTE A IMOBILIARIA PULO MIRANDA  NO POSTO DE GASOLINA BR,BOA VIAGEM,,,COLISÃO,DOIS AUTOS,2,,,,,,,,,0,,,,,,,,,,,,,,
2019-07-23,09:15:00,SEM VÍTIMA,CANCELADA,MADALENA,RUA PESSOA DE MELO,199,RUA DOM JOAO DE SOUZA,RUA DA IGREJA CATOLICA DA MADALENA,RUA PESSOA DE MELO,199,RUA DA IGREJA CATOLICA DA MADALENA,MADALENA,,,COLISÃO,SEM VITIMAS,2,,,,,,,,,0,,,,,,,,,,,,,,
2019-07-23,09:16:00,SEM VÍTIMA,FINALIZADA,BOA VIAGEM,RUA JOAO CARDOSO AIRES,,RUA JOSE HIPOLITO CARDOSO,,RUA JOAO CARDOSO AIRES,,,BOA VIAGEM,,SUBURBIO,ABALROAMENTO TRANSVERSAL,COLISAO SEM VITIMAS,2,,,,,,,,,0,,Cruzamento,Chuvoso,Não existe,Perfeito estado,Molhada,Perfeito estado,Faixa de retenção,Placas Pare,40 km/h,Única,Faixa contínua,,
2019-07-23,09:26:00,SEM VÍTIMA,CANCELADA,ESPINHEIRO,RUA QUARENTA E OITO,,RUA CONS PORTELA,ENFRENTE A PAGUE MENOS,RUA QUARENTA E OITO,,ENFRENTE A PAGUE MENOS,ESPINHEIRO,,,COLISÃO,COLISAO SEM VITIMAS,1,1,,,,,,,,0,,,,,,,,,,,,,,
2019-07-23,09:31:00,SEM VÍTIMA,FINALIZADA,ARRUDA,AV PROFESSOR JOSE DOS ANJOS,,,IGREJA ASSEMBLEIA DE DEUS,AV PROFESSOR JOSE DOS ANJOS,,IGREJA ASSEMBLEIA DE DEUS,ARRUDA,642,SUBURBIO,COLISÃO TRASEIRA,DOIS AUTOS,2,,,,,,,,,0,,Longo da via,Bom,Sem defeito,Perfeito estado,Molhada,Perfeito estado,Faixa de pedestre,Não há placas,60 km/h,Única,Faixa contínua,,
2019-07-23,09:56:00,SEM VÍTIMA,FINALIZADA,IMBIRIBEIRA,AV MARECHAL MASCARENHAS DE MORAES,6133,,LADO OPOSTO A FOCO ALUGUEL DE VEICULOS,AV MARECHAL MASCARENHAS DE MORAES,6133,LADO OPOSTO A FOCO ALUGUEL DE VEICULOS,IMBIRIBEIRA,,SUBURBIO,ABALROAMENTO LONGITUDINAL,SEM VITIMAS,1,,,,,,1,,1,0,,Longo da via,Chuvoso,Não existe,Perfeito estado,Molhada,Perfeito estado,Não existe,Não há placas,60 km/h,Dupla,Faixa seccionada,Canteiro central,
2019-07-23,10:11:00,SEM VÍTIMA,FINALIZADA,BOA VIAGEM,AV ENGENHEIRO DOMINGOS FERREIRA,1761,,LADO OPOSTO AO N 1761 / DENTAL SORRISO,AV ENGENHEIRO DOMINGOS FERREIRA,1761,LADO OPOSTO AO N 1761 / DENTAL SORRISO,BOA VIAGEM,,SUBURBIO,COLISÃO TRASEIRA,4 AUTOS,4,,,,,,,,,0,,Longo da via,Bom,Não existe,Perfeito estado,Seca,Perfeito estado,Não existe,Outras,,Única,Canteiro central,,
2019-07-23,10:38:00,SEM VÍTIMA,FINALIZADA,SANTO AMARO,AV GOVERNADOR AGAMENON MAGALHAES,2615,,EMPRESARIAL BARLE MARY,AV GOVERNADOR AGAMENON MAGALHAES,2615,EMPRESARIAL BARLE MARY,SANTO AMARO,,SUBURBIO,COLISÃO TRASEIRA,COLISAO SEM VITMAS,2,,,,,,,,,0,,Longo da via,Chuvoso,Não existe,Perfeito estado,Molhada,Perfeito estado,Não existe,Não há placas,60 km/h,Única,Canteiro central,,
2019-07-23,14:12:00,COM VÍTIMA,CANCELADA,IBURA,TRV JOAO RIO BRANCO DE LIMA,,RUA FRANCISCO MIRANDA,EM FRENTE AO POSTO DE SAÚDE UR12,TRV JOAO RIO BRANCO DE LIMA,,EM FRENTE AO POSTO DE SAÚDE UR12,IBURA,,,COLISÃO,PALIO X MOTOQ,1,1,,,,,,,,1,,,,,,,,,,,,,,
2019-07-23,14:19:00,SEM VÍTIMA,CANCELADA,AREIAS,AV DR JOSE RUFINO,,,E/F PADARIA CIPIENSE APÓS O COLÉGIO VISÃO -,AV DR JOSE RUFINO,,E/F PADARIA CIPIENSE APÓS O COLÉGIO VISÃO -,AREIAS,,AFOGADOS,COLISÃO,GOL X STRADA,2,,,,,,,,,0,,,,,,,,,,,,,,
2019-07-23,14:24:00,COM VÍTIMA,FINALIZADA,SÃO JOSÉ,AV SUL,,,EM FRENTE A GERALDO ARAÚJO TECIDOS,AV SUL,,EM FRENTE A GERALDO ARAÚJO TECIDOS,SÃO JOSÉ,,CIDADE,ATROPELAMENTO,ATROPELAMENTO ENTRE ÔNIBUS E PEDESTRE,,,,,1,1,,,,1,,Longo da via,Bom,Não existe,Não existente,Seca,Mal conservada,Não existe,Não há placas,,Dupla,Canteiro central,,
2019-07-23,14:25:00,SEM VÍTIMA,FINALIZADA,ILHA DO RETIRO,RUA SPORT CLUBE DO RECIFE,,,EM FRENTE A FACULDADE DE CIENCIA DE ADM DE PE,RUA SPORT CLUBE DO RECIFE,,EM FRENTE A FACULDADE DE CIENCIA DE ADM DE PE,ILHA DO RETIRO,,,ABALROAMENTO LONGITUDINAL,COLISÃO SEM VÍTIMA,,1,,,,,,1,,0,,Longo da via,Chuvoso,Sem defeito,Perfeito estado,Molhada,Perfeito estado,Faixa de pedestre,Não há placas,,Dupla,Canteiro central,,
2019-07-23,14:50:00,SEM VÍTIMA,FINALIZADA,IMBIRIBEIRA,AV MARECHAL MASCARENHAS DE MORAES,,,LADO OPOSTO A TOYOLEX,AV MARECHAL MASCARENHAS DE MORAES,,LADO OPOSTO A TOYOLEX,IMBIRIBEIRA,,SUBURBIO,COLISÃO TRASEIRA,COLISÃO S/VITIMAS ENTRE DOIS AUTOS,2,,,,,,,,,0,,Longo da via,Bom,Não existe,Perfeito estado,Seca,Perfeito estado,,Não há placas,60 km/h,Dupla,Canteiro central,,
2019-07-23,15:16:00,SEM VÍTIMA,FINALIZADA,TEJIPIÓ,RUA FALCAO DE LACERDA,381,,PROX AO CARTORIO DE TEJIPIÓ,RUA FALCAO DE LACERDA,381,PROX AO CARTORIO DE TEJIPIÓ,TEJIPIÓ,,SUBURBIO,CHOQUE VEÍCULO PARADO,COLISAO ENTRE DOIS AUTOS E MOTO S/V,2,1,,,,,,,,0,,Longo da via,Bom,Não existe,Perfeito estado,Seca,Perfeito estado,Não existe,R-6a,,Dupla,Faixa contínua,,
2019-07-23,15:27:00,COM VÍTIMA,FINALIZADA,CASA AMARELA,RUA XAVANTES,150,RUA OSCAR DE BARROS,EM FRENTE AO CONSULTORIO MÉDICO DE OFTALMOLOGIA,RUA XAVANTES,150,EM FRENTE AO CONSULTORIO MÉDICO DE OFTALMOLOGIA,CASA AMARELA,,SUBURBIO,ABALROAMENTO TRANSVERSAL,AUTO E MOTO.,1,1,,,,,,,,2,,Cruzamento,Chuvoso,Não existe,Perfeito estado,Molhada,Perfeito estado,Não existe,Placas Pare,,Dupla,Não existe,,
2019-07-23,15:29:00,SEM VÍTIMA,FINALIZADA,IMBIRIBEIRA,AV MARECHAL MASCARENHAS DE MORAES,,,EM FRENTE A LOCALIZA,AV MARECHAL MASCARENHAS DE MORAES,,EM FRENTE A LOCALIZA,IMBIRIBEIRA,,CIDADE,ABALROAMENTO TRANSVERSAL,COLISÃO SEM VÍTIMA,1,,,,,1,,,,0,,Longo da via,Bom,Não existe,Perfeito estado,Seca,Perfeito estado,Não existe,Não há placas,,Dupla,Canteiro central,,
2019-07-23,16:08:00,SEM VÍTIMA,FINALIZADA,BOA VIAGEM,AV HERCULANO BANDEIRA,,RUA ARQUITETO AUGUSTO REINALDO,,AV HERCULANO BANDEIRA,,,BOA VIAGEM,660,SUBURBIO,ABALROAMENTO TRANSVERSAL,,1,,,,,1,,,,0,,Cruzamento,Chuvoso,Sem defeito,Perfeito estado,Seca,Perfeito estado,Faixa de pedestre,,,Única,,,
2019-07-23,16:57:00,COM VÍTIMA,FINALIZADA,IMBIRIBEIRA,AV MARECHAL MASCARENHAS DE MORAES,,,APÓS O VIADUTO TANCREDO NEVES,AV MARECHAL MASCARENHAS DE MORAES,,APÓS O VIADUTO TANCREDO NEVES,IMBIRIBEIRA,,CIDADE,COLISÃO COM CICLISTA,COLISÃO AUTOMÓVEL E BICICLETA.,1,,,1,,,,,,1,,Longo da via,Bom,Não existe,Perfeito estado,Seca,Perfeito estado,Não existe,Não há placas,60 km/h,Dupla,Faixa seccionada,,
2019-07-23,17:38:00,SEM VÍTIMA,FINALIZADA,MACAXEIRA,AV NORTE,,,EM FRENTE AO TERMINAL INTEGRADO DA MACAXEIRA,AV NORTE,,EM FRENTE AO TERMINAL INTEGRADO DA MACAXEIRA,MACAXEIRA,,SUBURBIO,ABALROAMENTO LONGITUDINAL,COLISÃO S/ VITIMAS ENTRE DOIS AUTOS,2,,,,,,,,,0,,Longo da via,Chuvoso,Não existe,Perfeito estado,Molhada,Perfeito estado,Não existe,Não há placas,,Única,Não existe,,
2019-07-23,17:09:00,SEM VÍTIMA,FINALIZADA,IMBIRIBEIRA,AV MARECHAL MASCARENHAS DE MORAES,474,,,AV MARECHAL MASCARENHAS DE MORAES,474,,IMBIRIBEIRA,,SUBURBIO,ABALROAMENTO TRANSVERSAL,COLISÃO S/ VITIMAS ENTRE AUTO E ONIBUS,1,,,,,1,,,,0,,Longo da via,Chuvoso,Sem defeito,Perfeito estado,Molhada,Perfeito estado,,,,Dupla,Faixa seccionada,Canteiro central,
2019-07-23,18:58:00,COM VÍTIMA,FINALIZADA,BOA VIAGEM,RUA VISCONDE DE JEQUITINHONHA,,RUA BARAO DE SOUZA LEAO,EM FRENTE A POUSADA DIPLOMATA,RUA VISCONDE DE JEQUITINHONHA,,EM FRENTE A POUSADA DIPLOMATA,BOA VIAGEM,129,SUBURBIO,ATROPELAMENTO,ATROPELAMENTO DE PEDESTRE,1,,,,1,,,,,1,,Cruzamento,Chuvoso,Sem defeito,Perfeito estado,Molhada,Perfeito estado,Faixa de pedestre,Não há placas,,Única,Canal,,
2019-07-23,19:14:00,SEM VÍTIMA,CANCELADA,PINA,AV ENGENHEIRO DOMINGOS FERREIRA,133,,E/F AO POSTO TOTAL / PRÓX A SUL AMÉRICAS SEGURO,AV ENGENHEIRO DOMINGOS FERREIRA,133,E/F AO POSTO TOTAL / PRÓX A SUL AMÉRICAS SEGURO,PINA,,,COLISÃO,ENTRE 2 AUTOS. S/V,2,,,,,,,,,0,,,,,,,,,,,,,,
2019-07-23,19:26:00,SEM VÍTIMA,FINALIZADA,MADALENA,EST DOS REMEDIOS,,,,EST DOS REMEDIOS,,,MADALENA,353,,ABALROAMENTO LONGITUDINAL,ENTRE AUTO E ONIBUS. S/V,1,,,,,1,,,,0,,Longo da via,Chuvoso,Sem defeito,Perfeito estado,Molhada,Perfeito estado,Faixa de pedestre,,,Única,Faixa contínua,Faixa seccionada,
2019-07-23,19:31:00,SEM VÍTIMA,FINALIZADA,GRAÇAS,AV GOVERNADOR AGAMENON MAGALHAES,,,POR TRÁS DO CLUBE PORTUGUÊS,AV GOVERNADOR AGAMENON MAGALHAES,,POR TRÁS DO CLUBE PORTUGUÊS,GRAÇAS,,,COLISÃO TRASEIRA,ENTRE 2 AUTOS. S/V,2,,,,,,,,,0,,Longo da via,Chuvoso,Não existe,Perfeito estado,Molhada,Perfeito estado,Não existe,Não há placas,,Dupla,Canteiro central,,
2019-07-23,19:49:00,SEM VÍTIMA,FINALIZADA,CORDEIRO,AV MARIO ALVARES PEREIRA DE LYRA,,RUA AMBROSIO MACHADO,,AV MARIO ALVARES PEREIRA DE LYRA,,,CORDEIRO,134,CIDADE,ABALROAMENTO LONGITUDINAL,ENTRE 2 AUTOS. S/V,2,,,,,,,,,0,,Cruzamento,Chuvoso,,Perfeito estado,Molhada,Perfeito estado,Não existe,Outras,,Dupla,Faixa seccionada,,
2019-07-23,20:23:00,SEM VÍTIMA,FINALIZADA,BOA VISTA,RUA HENRIQUE DIAS,145,,RESIDENCIA Nº 145,RUA HENRIQUE DIAS,145,RESIDENCIA Nº 145,BOA VISTA,,CIDADE,COLISÃO COM CICLISTA,ENTRE AUTO E BICICLETA,1,,,1,,,,,,0,,Longo da via,Chuvoso,Não existe,Perfeito estado,Molhada,Perfeito estado,Não existe,Não há placas,,Única,Faixa seccionada,,
2019-07-23,21:56:00,SEM VÍTIMA,CANCELADA,IBURA,AV JORNALISTA COSTA PORTO,95,,E/F AO MERCADO FIRMINO,AV JORNALISTA COSTA PORTO,95,E/F AO MERCADO FIRMINO,IBURA,,,COLISÃO,ENTRE 2 AUTOS. S/V,2,,,,,,,,,0,,,,,,,,,,,,,,
2019-07-23,22:31:00,SEM VÍTIMA,FINALIZADA,GRAÇAS,RUA DAS PERNAMBUCANAS,36,RUA DAS CREOULAS,,RUA DAS PERNAMBUCANAS,36,,GRAÇAS,,SUBURBIO,ABALROAMENTO LONGITUDINAL,ENTRE AUTO E CAMINHÃO. S.V,1,,,,,,1,,,0,,Longo da via,Chuvoso,Não existe,Perfeito estado,Molhada,Perfeito estado,Não existe,Outras,40 km/h,Única,Faixa seccionada,,
2019-07-24,06:29:00,SEM VÍTIMA,FINALIZADA,BOA VISTA,RUA DO PROGRESSO,,RUA DAS NINFAS,,RUA DO PROGRESSO,,,BOA VISTA,,CIDADE,ABALROAMENTO TRANSVERSAL,COLISAO DE DOIS AUTOS SEM VITIMAS,2,,,,,,,,,0,,Cruzamento,Chuvoso,Não existe,Incompleta,Molhada,Perfeito estado,,Placas Pare,,Única,Não existe,,
2019-07-24,07:03:00,SEM VÍTIMA,CANCELADA,ARRUDA,RUA JERONIMO VILELA,,AV PROFESSOR JOSE DOS ANJOS,EM FRENTE A IGREJA ASSEMBLEIA DE DEUS,RUA JERONIMO VILELA,,EM FRENTE A IGREJA ASSEMBLEIA DE DEUS,ARRUDA,,,COLISÃO,COLISÃO SEM VITIMAS,2,,,,,,,,,0,,,,,,,,,,,,,,
2019-07-24,07:50:00,SEM VÍTIMA,FINALIZADA,BOA VISTA,AV GOVERNADOR AGAMENON MAGALHAES,,,EM FRENTE AO COLÉGIO AMERICANO BATISTA,AV GOVERNADOR AGAMENON MAGALHAES,,EM FRENTE AO COLÉGIO AMERICANO BATISTA,BOA VISTA,37,SUBURBIO,COLISÃO TRASEIRA,COLISÃO S/VITIMAS ENTRE DOIS AUTOS,2,,,,,,,,,0,,Longo da via,Chuvoso,Sem defeito,,Molhada,Perfeito estado,Outros,R-6a,60 km/h,Dupla,Outros,,
2019-07-24,08:25:00,SEM VÍTIMA,FINALIZADA,IBURA,RUA PINTOR AGENOR DE ALBUQUERQUE CESAR,388,RUA RIO BRIGIDA,,RUA PINTOR AGENOR DE ALBUQUERQUE CESAR,388,,IBURA,,SUBURBIO,ABALROAMENTO TRANSVERSAL,ONIBUS E AUTO,1,,,,,1,,,,0,,Cruzamento,Chuvoso,Não existe,Ilegível,Molhada,Mal conservada,Não existe,Não há placas,,Dupla,Não existe,,
2019-07-24,08:37:00,SEM VÍTIMA,FINALIZADA,BOA VIAGEM,RUA BARAO DE SOUZA LEAO,939,,EM FRENTE AO POSTO DE GASOLINA ESCADENSE,RUA BARAO DE SOUZA LEAO,939,EM FRENTE AO POSTO DE GASOLINA ESCADENSE,BOA VIAGEM,,,ABALROAMENTO LONGITUDINAL,COLISÃO S/ VITIMAS ENTRE DOIS AUTOS,2,,,,,,,,,0,,Longo da via,Chuvoso,Não existe,Perfeito estado,Molhada,Perfeito estado,Não existe,Não há placas,,Única,Faixa seccionada,,
2019-07-24,09:25:00,SEM VÍTIMA,FINALIZADA,IPUTINGA,RUA PEREIRA COUTINHO FILHO,727,RUA MIGUEL LEAO,,RUA PEREIRA COUTINHO FILHO,727,,IPUTINGA,,SUBURBIO,ABALROAMENTO LONGITUDINAL,ONIBUS E AUTO,1,,,,,1,,,,0,,Cruzamento,Chuvoso,Não existe,Não existente,Molhada,Perfeito estado,Não existe,Não há placas,,Dupla,Não existe,,
2019-07-24,09:44:00,COM VÍTIMA,FINALIZADA,BOA VIAGEM,RUA BALTAZAR PASSOS,441,RUA SA E SOUZA,EM FRENTE A CULTURA INGLESA E MAISON SETÚBAL RECEPÇÕES.,RUA BALTAZAR PASSOS,441,EM FRENTE A CULTURA INGLESA E MAISON SETÚBAL RECEPÇÕES.,BOA VIAGEM,,CIDADE,ABALROAMENTO TRANSVERSAL,COLISÃO C/VITIMAS ENTRE UMA MOTO E UM AUTO,1,1,,,,,,,,1,,Cruzamento,Chuvoso,Não existe,Perfeito estado,Molhada,Perfeito estado,Não existe,Placas Pare,,Única,,,
2019-07-24,10:01:00,SEM VÍTIMA,FINALIZADA,CASA AMARELA,RUA BELA VISTA,152,,EM FRENTE AO NUMERO 152,RUA BELA VISTA,152,EM FRENTE AO NUMERO 152,CASA AMARELA,,,ATROPELAMENTO,VITIMA SOCORRIDA PELO SAMU,1,,,,1,,,,,0,,,,,,,,,,,,,,
2019-07-24,11:25:00,COM VÍTIMA,FINALIZADA,JARDIM SÃO PAULO,AV SAO PAULO,270,,EM FRENTE A FACULDADE 2001,AV SAO PAULO,270,EM FRENTE A FACULDADE 2001,JARDIM SÃO PAULO,,SUBURBIO,COLISÃO TRASEIRA,COLISÃO C/VITIMA ENTRE UMA MOTO E UM AUTO,1,1,,,,,,,,1,,Longo da via,Chuvoso,Não existe,Incompleta,Molhada,Mal conservada,Não existe,R-6a,40 km/h,Dupla,Faixa contínua,,
2019-07-24,11:37:00,SEM VÍTIMA,FINALIZADA,DERBY,RUA AMARO BEZERRA,418A,,EM FRENTE A FARMACIA DROGASIL,RUA AMARO BEZERRA,418A,EM FRENTE A FARMACIA DROGASIL,DERBY,,CIDADE,ABALROAMENTO LONGITUDINAL,COLISÃO SEM VITIMAS,2,,,,,,,,,0,,Longo da via,Chuvoso,Não existe,Perfeito estado,Molhada,Perfeito estado,Não existe,R-6a,40 km/h,Única,Não existe,,
2019-07-24,11:46:00,SEM VÍTIMA,FINALIZADA,BOA VIAGEM,AV BOA VIAGEM,4744,RUA LUSIANIA,EDF NORMA CARDOSO,AV BOA VIAGEM,4744,EDF NORMA CARDOSO,BOA VIAGEM,,CIDADE,COLISÃO TRASEIRA,MOTO E AUTO,1,1,,,,,,,,0,,Cruzamento,Chuvoso,Não existe,Ilegível,Molhada,Perfeito estado,Não existe,Não há placas,60 km/h,Única,Faixa seccionada,,
2019-07-24,12:30:00,SEM VÍTIMA,CANCELADA,BOA VISTA,RUA JOSE DE ALENCAR,,RUA BARAO DE SAO BORJA,ESQUINA COM HOTEL BOA VISTA,RUA JOSE DE ALENCAR,,ESQUINA COM HOTEL BOA VISTA,BOA VISTA,,,COLISÃO,AUTO PASSEIO E MOTO ( NÃO FICOU NO LOCAL),1,1,,,,,,,,0,,,,,,,,,,,,,,
2019-07-24,12:37:00,SEM VÍTIMA,FINALIZADA,TAMARINEIRA,AV NORTE,,,SEMÁFORO 062,AV NORTE,,SEMÁFORO 062,TAMARINEIRA,62,CIDADE,COLISÃO TRASEIRA,COLISÃO SEM VÍTIMA,2,,,,,,,,,0,,Longo da via,Chuvoso,Sem defeito,Perfeito estado,Molhada,Perfeito estado,Faixa de pedestre,Outras,,Dupla,Faixa contínua,Canteiro central,
2019-07-24,14:32:00,SEM VÍTIMA,FINALIZADA,PORTO DA MADEIRA,AV BEBERIBE,3785,,EM FRENTE AO Nº 3785,AV BEBERIBE,3785,EM FRENTE AO Nº 3785,PORTO DA MADEIRA,,CIDADE,ABALROAMENTO LONGITUDINAL,COLISAO SEM VITIMAS,2,,,,,,,,,0,,Longo da via,Chuvoso,Não existe,Incompleta,Seca,Perfeito estado,Não existe,Não há placas,,Dupla,Faixa contínua,,
2019-07-24,15:00:00,SEM VÍTIMA,FINALIZADA,BOA VISTA,RUA AURORA,,RUA PRINCESA IZABEL,,RUA AURORA,,,BOA VISTA,22,CIDADE,ABALROAMENTO TRANSVERSAL,COM VÍTIMA,2,,,,,,,,,0,,Cruzamento,Chuvoso,Sem defeito,Perfeito estado,Seca,Perfeito estado,Faixa de pedestre,R-6a,,Única,Faixa seccionada,,
2019-07-24,17:23:00,COM VÍTIMA,FINALIZADA,PINA,AV HERCULANO BANDEIRA,,RUA MANOEL DE BRITO,,AV HERCULANO BANDEIRA,,,PINA,,SUBURBIO,COLISÃO FRONTAL,COLISÃO COM VÍTIMA,1,1,,,,,,,,1,,Cruzamento,Bom,Não existe,Perfeito estado,Seca,Perfeito estado,Não existe,,,,,,
2019-07-24,19:13:00,SEM VÍTIMA,FINALIZADA,SANTO AMARO,RUA TREZE DE MAIO,,RUA ARTUR COUTINHO,EM FRENTE AO COLEGIO JOSÉ MARIA,RUA TREZE DE MAIO,,EM FRENTE AO COLEGIO JOSÉ MARIA,SANTO AMARO,,,ABALROAMENTO LONGITUDINAL,ENTRE DOIS AUTO S/V,2,,,,,,,,,0,,,Chuvoso,Não existe,Ilegível,Molhada,Mal iluminada,Não existe,Não há placas,,Dupla,Faixa seccionada,,
2019-07-24,19:53:00,SEM VÍTIMA,FINALIZADA,APIPUCOS,AV NORTE,6941,,POSTO SOLAR,AV NORTE,6941,POSTO SOLAR,APIPUCOS,,CIDADE,ABALROAMENTO LONGITUDINAL,CAMINHAO DA SKOL X HB 20,1,,,,,,1,,,0,,Longo da via,Chuvoso,Não existe,Perfeito estado,Molhada,Perfeito estado,Faixa de pedestre,Não há placas,,Dupla,Canteiro central,,
2019-07-24,20:20:00,SEM VÍTIMA,FINALIZADA,BOA VIAGEM,RUA SA E SOUZA,238,RUA CONEGO ROMEU,EM FRENTE A STONE HOUSE,RUA SA E SOUZA,238,EM FRENTE A STONE HOUSE,BOA VIAGEM,,SUBURBIO,CHOQUE VEÍCULO PARADO,ENTRE DOIS AUTO S/V,2,,,,,,,,,0,,Cruzamento,Chuvoso,Não existe,Ilegível,Molhada,Mal iluminada,Não existe,Placas Pare,,Dupla,Faixa seccionada,,
2019-07-24,21:41:00,SEM VÍTIMA,FINALIZADA,AREIAS,AV RECIFE,,,,AV RECIFE,,,AREIAS,620,SUBURBIO,CHOQUE VEÍCULO PARADO,GOL X PRISMA,2,,,,,,,,,0,,Longo da via,Chuvoso,Sem defeito,Perfeito estado,Molhada,Perfeito estado,Faixa de pedestre,Não há placas,60 km/h,Dupla,Canteiro central,,
2019-07-24,21:57:00,SEM VÍTIMA,FINALIZADA,,AV MARECHAL JUAREZ TAVORA,,,,AV MARECHAL JUAREZ TAVORA,,,,,SUBURBIO,CHOQUE VEÍCULO PARADO,ENTRE DOIS AUTO S/V,2,,,,,,,,,0,,Longo da via,Chuvoso,Não existe,Incompleta,Molhada,Mal iluminada,Não existe,Não há placas,40 km/h,Única,Faixa seccionada,,
2019-07-24,22:28:00,SEM VÍTIMA,FINALIZADA,TORRE,AV BEIRA RIO,,,COMPESA / POSTE B03690,AV BEIRA RIO,,COMPESA / POSTE B03690,TORRE,,SUBURBIO,COLISÃO TRASEIRA,VECTRA X NISSAN VERSA,2,,,,,,,,,0,,Longo da via,Chuvoso,Não existe,Perfeito estado,Molhada,Mal iluminada,Não existe,Não há placas,,Dupla,Faixa contínua,Faixa seccionada,
2019-07-24,23:05:00,SEM VÍTIMA,CANCELADA,TORRÕES,AV ENGENHEIRO ABDIAS DE CARVALHO,,,NA SAIDA DA ABDIAS PARA BR  PROXIMO A DLP DISTRIBUIDORA,AV ENGENHEIRO ABDIAS DE CARVALHO,,NA SAIDA DA ABDIAS PARA BR  PROXIMO A DLP DISTRIBUIDORA,TORRÕES,,,COLISÃO,ENTRE DOIS AUTO S/V,2,,,,,,,,,0,,,,,,,,,,,,,,
2019-07-25,05:05:00,SEM VÍTIMA,FINALIZADA,VÁRZEA,RUA MARIO CAMPELO,169,PRC PINTO DAMASO,,RUA MARIO CAMPELO,169,,VÁRZEA,,CIDADE,ABALROAMENTO LONGITUDINAL,COLISÃO ENTRE AUTO E ÔNIBUS  SEM VÍTIMAS.,1,,,,,1,,,,0,,,Bom,Não existe,Incompleta,Molhada,Perfeito estado,Não existe,Placas Pare,,Dupla,Não existe,,
2019-07-25,08:45:00,SEM VÍTIMA,FINALIZADA,ILHA DO LEITE,RUA GENERAL JOAQUIM INACIO,566,,EM FRENTE A FARMACIA INDEPENDENTE,RUA GENERAL JOAQUIM INACIO,566,EM FRENTE A FARMACIA INDEPENDENTE,ILHA DO LEITE,,SUBURBIO,COLISÃO TRASEIRA,DOIS AUTOS,2,,,,,,,,,0,,Longo da via,Bom,Não existe,Perfeito estado,Seca,Perfeito estado,Agente,Não há placas,40 km/h,Única,Faixa seccionada,,