data,hora,natureza_acidente,situacao,bairro,endereco,numero,detalhe_endereco_acidente,complemento,endereco_cruzamento,numero_cruzamento,referencia_cruzamento,bairro_cruzamento,num_semaforo,sentido_via,tipo,descricao,auto,moto,ciclom,ciclista,pedestre,onibus,caminhao,viatura,outros,vitimas,vitimasfatais,acidente_verificado,tempo_clima,situacao_semaforo,sinalizacao,condicao_via,conservacao_via,ponto_controle,situacao_placa,velocidade_max_via,mao_direcao,divisao_via1,divisao_via2,divisao_via3
2019-08-08,06:58:00,SEM VÍTIMA,FINALIZADA,IMBIRIBEIRA,AV MARECHAL MASCARENHAS DE MORAES,4861,,FACULDADE PERNAMBUCANA DE SAÚDE,AV MARECHAL MASCARENHAS DE MORAES,4861,FACULDADE PERNAMBUCANA DE SAÚDE,IMBIRIBEIRA,,CIDADE,COLISÃO TRASEIRA,ONIBUS E AUTO,1,,,,,1,,,,0,,Longo da via,Chuvoso,Não existe,Perfeito estado,Molhada,Perfeito estado,Não existe,Não há placas,,Dupla,Canteiro central,,
2019-08-08,07:30:00,SEM VÍTIMA,FINALIZADA,SAN MARTIN,AV GENERAL SAN MARTIN,269b,,APÓS A LOMBADA ELETRONICA,AV GENERAL SAN MARTIN,269b,APÓS A LOMBADA ELETRONICA,SAN MARTIN,,SUBURBIO,ABALROAMENTO LONGITUDINAL,DOIS AUTOS,2,,,,,,,,,0,,Cruzamento,Chuvoso,Não existe,Não existente,Molhada,Perfeito estado,Não existe,Não há placas,,Dupla,Não existe,,
2019-08-08,08:00:00,SEM VÍTIMA,FINALIZADA,PINA,AV ANTONIO DE GOES,,,PISTA DA DIREITA FRENTE AO Nº 275,AV ANTONIO DE GOES,,PISTA DA DIREITA FRENTE AO Nº 275,PINA,,CIDADE,COLISÃO TRASEIRA,COLISÃO SEM VITIMAS,2,,,,,,,,,0,,Longo da via,Chuvoso,Sem defeito,Perfeito estado,Molhada,Perfeito estado,Agente,Outras,60 km/h,Única,Faixa contínua,Faixa seccionada,Canteiro central
2019-08-08,08:02:00,SEM VÍTIMA,FINALIZADA,ILHA DO RETIRO,AV JOSE GONCALVES DE MEDEIROS,107,,,AV JOSE GONCALVES DE MEDEIROS,107,,ILHA DO RETIRO,,CIDADE,ABALROAMENTO LONGITUDINAL,MOTO E AUTO,1,1,,,,,,,,0,,Longo da via,Chuvoso,,,Molhada,Perfeito estado,,Não há placas,,Única,Faixa contínua,,
2019-08-08,08:17:00,SEM VÍTIMA,FINALIZADA,BOA VIAGEM,VIADUTO TANCREDO NEVES,,,FAIXA DE ACESSO AO SUPERMERCADO ATACADÃO,VIADUTO TANCREDO NEVES,,FAIXA DE ACESSO AO SUPERMERCADO ATACADÃO,BOA VIAGEM,,CIDADE,ABALROAMENTO LONGITUDINAL,DOIS AUTOS,2,,,,,,,,,0,,Viaduto,Chuvoso,Não existe,Incompleta,Molhada,Perfeito estado,Não existe,Não há placas,,Dupla,Blocos,,
2019-08-08,08:30:00,COM VÍTIMA,FINALIZADA,CORDEIRO,RUA DR MIGUEL VIEIRA FERREIRA,325,,LADO OPOSTO AO COLEGIO NOVA GERAÇÃO 2000,RUA DR MIGUEL VIEIRA FERREIRA,325,LADO OPOSTO AO COLEGIO NOVA GERAÇÃO 2000,CORDEIRO,,CIDADE,COLISÃO TRASEIRA,COLISÃO ENTRE AUTO EM MOTO,1,1,,,,,,,,1,,Longo da via,Chuvoso,Não existe,Perfeito estado,Molhada,Perfeito estado,Faixa de pedestre,R-6a,,Dupla,Faixa contínua,,
2019-08-08,08:31:00,SEM VÍTIMA,FINALIZADA,BOA VIAGEM,AV ENGENHEIRO DOMINGOS FERREIRA,,RUA ARTUR MUNIZ,SPETTUS STEAK HOUSE,AV ENGENHEIRO DOMINGOS FERREIRA,,SPETTUS STEAK HOUSE,BOA VIAGEM,,SUBURBIO,COLISÃO TRASEIRA,DOIS AUTOS,2,,,,,,,,,0,,Cruzamento,Chuvoso,Sem defeito,Perfeito estado,Molhada,Perfeito estado,Faixa de pedestre,Não há placas,60 km/h,Única,Faixa contínua,,
2019-08-08,08:57:00,COM VÍTIMA,FINALIZADA,SANTO AMARO,AV JOAO DE BARROS,960,,EM FRENTE AO EMPRESARIAL BURLE MARX,AV JOAO DE BARROS,960,EM FRENTE AO EMPRESARIAL BURLE MARX,SANTO AMARO,,SUBURBIO,ABALROAMENTO LONGITUDINAL,COLISÃO COM VITIMA - EVASÃO DE UMA DAS PARTES ENVOLVIDAS NO ACIDENTE.,1,1,,,,,,,,1,,Longo da via,Chuvoso,Não existe,Perfeito estado,Molhada,Perfeito estado,Não existe,R-6a,,Dupla,Faixa seccionada,,
2019-08-08,09:03:00,COM VÍTIMA,FINALIZADA,SANTO AMARO,AV GOVERNADOR AGAMENON MAGALHAES,,,SOBRE O VIADUTO DA INDEPENDÊNCIA,AV GOVERNADOR AGAMENON MAGALHAES,,SOBRE O VIADUTO DA INDEPENDÊNCIA,SANTO AMARO,,CIDADE,COLISÃO TRASEIRA,COLISAO COM VITIMAS,1,1,,,,,,,,1,,Viaduto,Chuvoso,Não existe,Não existente,Molhada,Perfeito estado,Não existe,Não há placas,60 km/h,Dupla,Faixa contínua,Canteiro central,
2019-08-08,09:23:00,SEM VÍTIMA,FINALIZADA,BEBERIBE,RUA URIEL DE HOLANDA,,,ARMAZEM DAYANE CONSTRUÇÕES,RUA URIEL DE HOLANDA,,ARMAZEM DAYANE CONSTRUÇÕES,BEBERIBE,,,COLISÃO TRASEIRA,COLISÃO SEM VITIMAS,2,,,,,,,,,0,,Cruzamento,Chuvoso,Não existe,Incompleta,Molhada,Perfeito estado,Não existe,Não há placas,,Dupla,Faixa seccionada,,
2019-08-08,09:31:00,COM VÍTIMA,FINALIZADA,BOA VIAGEM,AVENIDA CELSO FURTADO (VIA MANGUE),,,NA ENTRADA DA AREA MILITAR DA MARINHA,AVENIDA CELSO FURTADO (VIA MANGUE),,NA ENTRADA DA AREA MILITAR DA MARINHA,BOA VIAGEM,,SUBURBIO,COLISÃO TRASEIRA,COLISÃO ENTRE AUTO E MOTO,1,1,,,,,,,,1,,Longo da via,Chuvoso,Não existe,Perfeito estado,Molhada,Perfeito estado,Outros,Outras,,Dupla,Canteiro central,,
2019-08-08,10:26:00,SEM VÍTIMA,FINALIZADA,IPSEP,AV RECIFE,,RUA SAO NICOLAU,EM FRENT A AMARAL MOTOS,AV RECIFE,,EM FRENT A AMARAL MOTOS,IPSEP,16,SUBURBIO,COLISÃO TRASEIRA,DOIS AUTOS PONTO FIXO,2,,,,,,,,,0,,Cruzamento,Chuvoso,Sem defeito,Perfeito estado,Molhada,Perfeito estado,Agente,Não há placas,60 km/h,Única,Faixa seccionada,,
2019-08-08,11:29:00,SEM VÍTIMA,CANCELADA,BOA VIAGEM,RUA SIDERAL,531,,,RUA SIDERAL,531,,BOA VIAGEM,,,COLISÃO,AUTO E MOTOCICLETA,,,,,,,,,,0,,,,,,,,,,,,,,
2019-08-08,11:29:00,SEM VÍTIMA,FINALIZADA,ENCRUZILHADA,EST DE BELEM,17,RUA CASTRO ALVES,FARMACIA PAGUE MENOS,EST DE BELEM,17,FARMACIA PAGUE MENOS,ENCRUZILHADA,42,CIDADE,ABALROAMENTO LONGITUDINAL,CARRO OFICIAL BOMBEIROS,1,,,,,,1,,,0,,Cruzamento,Bom,Sem defeito,Perfeito estado,Seca,Perfeito estado,Faixa de pedestre,R-6a,,Única,Faixa seccionada,,
2019-08-08,11:40:00,SEM VÍTIMA,FINALIZADA,IPSEP,AV DOM HELDER CAMARA,,AV RECIFE,SEMÁFORO 055 / PRÓXIMO AO POSTO SHELL,AV DOM HELDER CAMARA,,SEMÁFORO 055 / PRÓXIMO AO POSTO SHELL,IPSEP,55,CIDADE,COLISÃO TRASEIRA,,1,,,,,1,,,,0,,Longo da via,Chuvoso,Sem defeito,Perfeito estado,Molhada,Perfeito estado,,Não há placas,,Dupla,Canteiro central,,
2019-08-08,11:43:00,SEM VÍTIMA,FINALIZADA,BOA VIAGEM,RUA CAPITAO ZUZINHA,,RUA SA E SOUZA,,RUA CAPITAO ZUZINHA,,,BOA VIAGEM,,CIDADE,COLISÃO TRASEIRA,,1,,,,,1,,,,0,,Cruzamento,Chuvoso,Sem defeito,Perfeito estado,Molhada,Perfeito estado,Faixa de pedestre,Outras,,Única,Faixa seccionada,,
2019-08-08,12:22:00,SEM VÍTIMA,FINALIZADA,AFLITOS,AV SANTOS DUMONT,255,,,AV SANTOS DUMONT,255,,AFLITOS,,CIDADE,COLISÃO TRASEIRA,,3,,,,,,,,,0,,Longo da via,Bom,Não existe,Incompleta,Seca,Mal conservada,Não existe,Não há placas,,Única,Não existe,,
2019-08-08,12:53:00,SEM VÍTIMA,FINALIZADA,IPUTINGA,AV MAURICIO DE NASSAU,,,PADARIA E PASTELARIA ATLÂNTICA,AV MAURICIO DE NASSAU,,PADARIA E PASTELARIA ATLÂNTICA,IPUTINGA,,CIDADE,COLISÃO TRASEIRA,,2,,,,,,,,,0,,Longo da via,Bom,Não existe,Incompleta,Seca,Perfeito estado,Não existe,Não há placas,,Dupla,Faixa seccionada,,
2019-08-08,13:00:00,SEM VÍTIMA,FINALIZADA,ESPINHEIRO,AV GOVERNADOR AGAMENON MAGALHAES,3158,,EM FRENTE A MEDICAL,AV GOVERNADOR AGAMENON MAGALHAES,3158,EM FRENTE A MEDICAL,ESPINHEIRO,,,ABALROAMENTO LONGITUDINAL,,2,,,,,,,,,0,,Longo da via,Bom,Não existe,Perfeito estado,Seca,Perfeito estado,Não existe,R-6a,,Dupla,Faixa seccionada,,
2019-08-08,13:10:00,COM VÍTIMA,FINALIZADA,ÁGUA FRIA,AV ANIBAL BENEVOLO,1338,,EM FRENTE AO COMPAZ,AV ANIBAL BENEVOLO,1338,EM FRENTE AO COMPAZ,ÁGUA FRIA,,SUBURBIO,ATROPELAMENTO,COM VÍTIMA SOCORRIDA PELO SAMU,,,,,1,1,,,,1,,Longo da via,Bom,Não existe,Não existente,,Perfeito estado,,Não há placas,,Dupla,Não existe,,
2019-08-08,13:23:00,SEM VÍTIMA,FINALIZADA,ARRUDA,RUA SETE PECADOS,,,E/F ANTIGA EMPRESA SÃO PAULO,RUA SETE PECADOS,,E/F ANTIGA EMPRESA SÃO PAULO,ARRUDA,,,COLISÃO,SEM VÍTIMA - VEÍCULOS,2,,,,,,,,,0,,,,,,,,,,,,,,
2019-08-08,13:32:00,SEM VÍTIMA,CANCELADA,ALTO SANTA TERESINHA,RUA TAMBOARA,785,,PRÓXIMO A LOJA DO BAIXINHO,RUA TAMBOARA,785,PRÓXIMO A LOJA DO BAIXINHO,ALTO SANTA TERESINHA,,,COLISÃO,,1,1,,,,,,,,0,,,,,,,,,,,,,,
2019-08-08,13:47:00,SEM VÍTIMA,FINALIZADA,NOVA DESCOBERTA,RUA VASCO DA GAMA,1887,,DESCIDA DO ALTO DO VAQUEIRO,RUA VASCO DA GAMA,1887,DESCIDA DO ALTO DO VAQUEIRO,NOVA DESCOBERTA,,,COLISÃO TRASEIRA,,3,,,,,,,,,0,,Longo da via,Bom,Não existe,Incompleta,Seca,Perfeito estado,Não existe,Não há placas,,Dupla,Não existe,,
2019-08-08,17:40:00,COM VÍTIMA,FINALIZADA,BEBERIBE,AV BEBERIBE,4293,,EM FRENTE A BEBERIBE AUTO PEÇAS,AV BEBERIBE,4293,EM FRENTE A BEBERIBE AUTO PEÇAS,BEBERIBE,514,CIDADE,ABALROAMENTO LONGITUDINAL,COM VÍTIMA,1,1,,,,,,,,1,,Longo da via,Bom,Sem defeito,,Seca,Outros,Faixa de pedestre,Outras,,Dupla,Faixa contínua,,
2019-08-08,17:45:00,SEM VÍTIMA,FINALIZADA,ENCRUZILHADA,EST DE BELEM,83,RUA ENGENHEIRO LUIZ VAUTHIER,MULTI PAPELARIA,EST DE BELEM,83,MULTI PAPELARIA,ENCRUZILHADA,,SUBURBIO,ABALROAMENTO LONGITUDINAL,,2,,,,,,,,,0,,Cruzamento,Bom,Não existe,Perfeito estado,Seca,Perfeito estado,Não existe,R-6a,60 km/h,Dupla,Faixa contínua,,
2019-08-08,18:01:00,SEM VÍTIMA,FINALIZADA,BONGI,EST DO BONGI,,,EM FRENTE A FACULDADE NOVA ROMA,EST DO BONGI,,EM FRENTE A FACULDADE NOVA ROMA,BONGI,,CIDADE,COLISÃO TRASEIRA,EM FRENTE A FACULDADE NOVA ROMA,1,1,,,,,,,,0,,Longo da via,Bom,Não existe,Perfeito estado,Seca,Perfeito estado,Não existe,Outras,30 km/h,Dupla,Faixa contínua,,
2019-08-08,18:04:00,SEM VÍTIMA,FINALIZADA,DERBY,AV GOVERNADOR CARLOS DE LIMA CAVALCANTI,,,CRUZAMENTO COM AV GOVERNADOR AGAMENON MAGALHÃES,AV GOVERNADOR CARLOS DE LIMA CAVALCANTI,,CRUZAMENTO COM AV GOVERNADOR AGAMENON MAGALHÃES,DERBY,75,CIDADE,ABALROAMENTO LONGITUDINAL,ÔNIBUS X VOYAGE,1,,,,,1,,,,0,,Cruzamento,Bom,Sem defeito,Perfeito estado,Seca,Perfeito estado,,Outras,40 km/h,Dupla,Outros,,
2019-08-08,18:06:00,SEM VÍTIMA,FINALIZADA,BOA VISTA,AV CONDE DA BOA VISTA,,,PRÓXIMO A C&A,AV CONDE DA BOA VISTA,,PRÓXIMO A C&A,BOA VISTA,,SUBURBIO,ABALROAMENTO LONGITUDINAL,,2,,,,,,,,1,0,,Longo da via,Bom,Não existe,Ilegível,Seca,Perfeito estado,Faixa de pedestre,Não há placas,,Dupla,Faixa contínua,Faixa seccionada,
2019-08-08,18:12:00,SEM VÍTIMA,FINALIZADA,ÁGUA FRIA,RUA JULIO RAMOS,,,,RUA JULIO RAMOS,,,ÁGUA FRIA,405,SUBURBIO,ABALROAMENTO LONGITUDINAL,ONIBUS X HOND CIVIC,1,,,,,1,,,,0,,Longo da via,Bom,Sem defeito,Perfeito estado,Seca,Perfeito estado,Faixa de pedestre,Outras,,Dupla,Faixa contínua,,
2019-08-08,18:14:00,SEM VÍTIMA,CANCELADA,SÃO JOSÉ,AV SUL,,,POR TRÁS DA MATRIZ DE SÃO JOSÉ / PRÓX AO FORTE DE 5 PONTOS,AV SUL,,POR TRÁS DA MATRIZ DE SÃO JOSÉ / PRÓX AO FORTE DE 5 PONTOS,SÃO JOSÉ,,,COLISÃO,ENTRE 2 AUTOS. S/V,1,,,,,,1,,,0,,,,,,,,,,,,,,
2019-08-08,18:27:00,SEM VÍTIMA,CANCELADA,PARNAMIRIM,RUA DO MARQUES,,AV FLOR DE SANTANA,ESQUINA COM O EDF LAS DE PEDRA,RUA DO MARQUES,,ESQUINA COM O EDF LAS DE PEDRA,PARNAMIRIM,,,COLISÃO,ENTRE 2 AUTOS. S/V,2,,,,,,,,,0,,,,,,,,,,,,,,
2019-08-08,19:45:00,SEM VÍTIMA,FINALIZADA,ILHA DO LEITE,AV LINS PETIT,,RUA GENERAL JOAQUIM INACIO,AO LADO DO HAPVIDA,AV LINS PETIT,,AO LADO DO HAPVIDA,ILHA DO LEITE,,CIDADE,ABALROAMENTO TRANSVERSAL,ENTRE 2 AUTOS. S/V,2,,,,,,,,,0,,Longo da via,Bom,Sem defeito,Perfeito estado,Seca,Perfeito estado,,Não há placas,,Dupla,Faixa seccionada,,
2019-08-08,19:56:00,SEM VÍTIMA,CANCELADA,BOA VIAGEM,AV CONSELHEIRO AGUIAR,,RUA ERNESTO DE PAULA SANTOS,PRÓX AO HABBIBS  SNT SUB-CID,AV CONSELHEIRO AGUIAR,,PRÓX AO HABBIBS  SNT SUB-CID,BOA VIAGEM,,,COLISÃO,,1,,,,,1,,,,0,,,,,,,,,,,,,,
2019-08-08,20:22:00,COM VÍTIMA,FINALIZADA,DOIS UNIDOS,AV HILDEBRANDO DE VASCONCELOS,,,APOIS O CANIL DA POLICIA MILITAR. EM FRENTE À ESCOLA DOUTOR FRANCISCO PESSOA DE QUEIROZ,AV HILDEBRANDO DE VASCONCELOS,,APOIS O CANIL DA POLICIA MILITAR. EM FRENTE À ESCOLA DOUTOR FRANCISCO PESSOA DE QUEIROZ,DOIS UNIDOS,,CIDADE,ABALROAMENTO LONGITUDINAL,MOTO X RENAULT CLIO OBS: VEICULO COM EIXO QUEBRADO NO MEIO DA VIA,1,1,,,,,,,,1,,Longo da via,Bom,Não existe,Não existente,Seca,Mal iluminada,,Não há placas,,Dupla,Faixa contínua,,
2019-08-08,20:31:00,SEM VÍTIMA,FINALIZADA,IPSEP,RUA BLUMENAU,280,RUA IBIPITUBA,E/F A ESCOLA JARDIM DO EDEN,RUA BLUMENAU,280,E/F A ESCOLA JARDIM DO EDEN,IPSEP,,SUBURBIO,ABALROAMENTO LONGITUDINAL,ENTRE 2 AUTOS. S/V,2,,,,,,,,,0,,Cruzamento,Bom,Não existe,Não existente,Seca,Perfeito estado,Não existe,Não há placas,,Única,Não existe,,
2019-08-08,21:32:00,SEM VÍTIMA,FINALIZADA,JOANA BEZERRA,AV CENTRAL,,,ESTAÇÃO JOANA BEZERRA,AV CENTRAL,,ESTAÇÃO JOANA BEZERRA,JOANA BEZERRA,,CIDADE,COLISÃO TRASEIRA,ONIBUS E VT DA POLICIA. S/V,,,,,,1,,1,,0,,Longo da via,Bom,Não existe,Perfeito estado,Seca,Perfeito estado,Não existe,Placas Pare,20 km/h,Única,Não existe,,
2019-08-08,22:19:00,SEM VÍTIMA,FINALIZADA,ESPINHEIRO,RUA DO ESPINHEIRO,,RUA SANTO ELIAS,,RUA DO ESPINHEIRO,,,ESPINHEIRO,,SUBURBIO,ABALROAMENTO TRANSVERSAL,JEEP X PALIO,2,,,,,,,,,0,,Cruzamento,Bom,Não existe,Perfeito estado,Seca,Perfeito estado,Faixa de pedestre,Placas Pare,,Única,Faixa seccionada,,
2019-08-08,23:22:00,COM VÍTIMA,FINALIZADA,CAMPO GRANDE,RUA FRANKLIN TAVORA,,RUA JERONIMO VILELA,PROX AO QUEIROGAS BAR,RUA FRANKLIN TAVORA,,PROX AO QUEIROGAS BAR,CAMPO GRANDE,282,SUBURBIO,COLISÃO FRONTAL,SIENA X MOTO,1,1,,,,,,,,1,,Cruzamento,Bom,Não existe,Perfeito estado,Seca,Perfeito estado,Não existe,Não há placas,60 km/h,Dupla,Canteiro central,,
2019-08-08,23:46:00,COM VÍTIMA,FINALIZADA,ILHA JOANA BEZERRA,VDO PAPA JOAO PAULO II,,,ENCIMA DO VIADUTO DA JOANA BEZERRA // SENTIDO AGAMENON DEPOIS DA PASSARELA DE FERRO,VDO PAPA JOAO PAULO II,,ENCIMA DO VIADUTO DA JOANA BEZERRA // SENTIDO AGAMENON DEPOIS DA PASSARELA DE FERRO,ILHA JOANA BEZERRA,,,CHOQUE OBJETO FIXO,MOTO X GELO-BAIANO,,1,,,,,,,1,1,,Ponte,Bom,Não existe,Perfeito estado,Seca,Perfeito estado,Não existe,Não há placas,60 km/h,Dupla,Canteiro central,,
2019-08-09,00:04:00,SEM VÍTIMA,CANCELADA,PARNAMIRIM,RUA NESTOR SILVA,162,,EM FRENTE AO BAR DO MALOCA,RUA NESTOR SILVA,162,EM FRENTE AO BAR DO MALOCA,PARNAMIRIM,,,COLISÃO,COLISÃO ENTRE DOIS AUTOS  SEM VÍTIMAS,2,,,,,,,,,0,,,,,,,,,,,,,,
2019-08-09,01:05:00,SEM VÍTIMA,CANCELADA,AFLITOS,AV CONS ROSA E SILVA,,RUA CAPITAO SAMPAIO XAVIER,EM FRENTE A DROGASIL // PRÓX AO BOMPREÇO,AV CONS ROSA E SILVA,,EM FRENTE A DROGASIL // PRÓX AO BOMPREÇO,AFLITOS,,,COLISÃO,COLISÃO ENTRE AUTO E MOTO  SEM VÍTIMAS.,1,1,,,,,,,,0,,,,,,,,,,,,,,
2019-08-09,03:16:00,SEM VÍTIMA,FINALIZADA,BOA VIAGEM,AV BOA VIAGEM,2820,,,AV BOA VIAGEM,2820,,BOA VIAGEM,,,CHOQUE VEÍCULO PARADO,COLISÃO ENTRE DOIS AUTOS  SEM VÍTIMAS.,2,,,,,,,,,0,,Longo da via,Bom,Sem defeito,Perfeito estado,Seca,Perfeito estado,,,,Única,,,
2019-08-09,07:30:00,SEM VÍTIMA,FINALIZADA,AREIAS,AV IZABEL DE GOES,,RUA ANTONIO VIDAL,EM FRENTE AO PORTÃO LATERAL DO SUPERMERCADO MAKRO,AV IZABEL DE GOES,,EM FRENTE AO PORTÃO LATERAL DO SUPERMERCADO MAKRO,AREIAS,,SUBURBIO,ABALROAMENTO LONGITUDINAL,CAMINHAO E AUTO,1,,,,,,,,,0,,Longo da via,Bom,Não existe,Não existente,Seca,Mal conservada,Não existe,Não há placas,,Dupla,Não existe,,
2019-08-09,07:34:00,COM VÍTIMA,FINALIZADA,IBURA,AV DOIS RIOS,,LAD DA COHAB,PRÓXIMO A POLICLÍNICA DO IBURA.,AV DOIS RIOS,,PRÓXIMO A POLICLÍNICA DO IBURA.,IBURA,,CIDADE,TOMBAMENTO,VITIMA SOCORRIDA PELO SAMU,,1,,,,,,,,1,,Longo da via,Bom,Não existe,Ilegível,Molhada,Mal conservada,Agente,Não há placas,,Dupla,Não existe,,
2019-08-09,07:45:00,SEM VÍTIMA,FINALIZADA,PRADO,AV ENGENHEIRO ABDIAS DE CARVALHO,,EST DOS REMEDIOS,EM FRENTE A FARMACIA DROGASIL,AV ENGENHEIRO ABDIAS DE CARVALHO,,EM FRENTE A FARMACIA DROGASIL,PRADO,52,SUBURBIO,COLISÃO TRASEIRA,COLISÃO S/VITIMAS ENTRE DOIS AUTOS,2,,,,,,,,,0,,Cruzamento,Bom,Sem defeito,Perfeito estado,Seca,Perfeito estado,Não existe,R-6a,60 km/h,Dupla,Outros,,
2019-08-09,07:57:00,SEM VÍTIMA,FINALIZADA,BOA VIAGEM,RUA WALDEMAR NERY CARNEIRO MONTEIRO,180,,EM FRENTE AO BOLHÃO LAVANDERIA,RUA WALDEMAR NERY CARNEIRO MONTEIRO,180,EM FRENTE AO BOLHÃO LAVANDERIA,BOA VIAGEM,,SUBURBIO,ABALROAMENTO LONGITUDINAL,COLISÃO SEM VITIMAS,2,,,,,,,,,0,,Longo da via,Bom,Não existe,Não existente,Seca,Perfeito estado,Não existe,Não há placas,,Dupla,Não existe,,
2019-08-09,08:19:00,SEM VÍTIMA,FINALIZADA,IMBIRIBEIRA,RUA JACI,122,,,RUA JACI,122,,IMBIRIBEIRA,,SUBURBIO,ABALROAMENTO LONGITUDINAL,COLISÃO S/VITIMAS ENTRE UM ONIBUS E UM AUTO,1,,,,,1,,,,0,,Cruzamento,Bom,Não existe,Ilegível,Seca,Mal conservada,Não existe,Placas Pare,,Única,Não existe,,
2019-08-09,08:49:00,SEM VÍTIMA,FINALIZADA,CORDEIRO,RUA GOMES TABORDA,1316,RUA FORMOSA,,RUA GOMES TABORDA,1316,,CORDEIRO,,SUBURBIO,ABALROAMENTO TRANSVERSAL,COLISÃO SEM VITIMAS,2,,,,,,,,,0,,Longo da via,Bom,Não existe,,Seca,,,Placas Pare,,Dupla,Faixa seccionada,,
2019-08-09,09:06:00,COM VÍTIMA,FINALIZADA,BOA VIAGEM,RUA JONATHAS DE VASCONCELOS,1368,RUA ERNESTO DE PAULA SANTOS,EM FRENTE AO POSTO DE GASOLINA BR,RUA JONATHAS DE VASCONCELOS,1368,EM FRENTE AO POSTO DE GASOLINA BR,BOA VIAGEM,,PRAIA,ABALROAMENTO TRANSVERSAL,AUTO E MOTO,1,1,,,,,,,,1,,Cruzamento,Bom,Não existe,Incompleta,Seca,Perfeito estado,Não existe,Não há placas,40 km/h,Única,Faixa seccionada,,
2019-08-09,09:16:00,COM VÍTIMA,FINALIZADA,PONTO DE PARADA,RUA MEM DE SA,90,RUA DEPUTADO PEDRO VELHO,COM A RUA MENDES SÁ  PROX. A FABRICA DA COCA-COLA,RUA MEM DE SA,90,COM A RUA MENDES SÁ  PROX. A FABRICA DA COCA-COLA,PONTO DE PARADA,,,ABALROAMENTO TRANSVERSAL,COLISÃO COM VITIMA A ESPERA DO SAMU,1,1,,,,,,,,1,,Cruzamento,Bom,Não existe,Perfeito estado,Seca,Perfeito estado,Não existe,R-6a,,Dupla,Não existe,,
2019-08-09,09:43:00,SEM VÍTIMA,FINALIZADA,TORRE,RUA CONS THEODORO,1255,,,RUA CONS THEODORO,1255,,TORRE,,SUBURBIO,ABALROAMENTO LONGITUDINAL,COLISÃO SEM VITIMAS,2,,,,,,,,,0,,Longo da via,Bom,Não existe,Perfeito estado,Seca,Perfeito estado,Não existe,Outras,,Única,Faixa seccionada,,
2019-08-09,10:47:00,SEM VÍTIMA,FINALIZADA,SÃO JOSÉ,RUA IMPERIAL,,RUA BOM SUCESSO,EM FRENTE A PANIFICADORA PÃO PÃO,RUA IMPERIAL,,EM FRENTE A PANIFICADORA PÃO PÃO,SÃO JOSÉ,,,ABALROAMENTO LONGITUDINAL,,2,,,,,,,,,0,,Cruzamento,Bom,Sem defeito,Perfeito estado,Seca,Perfeito estado,Não existe,Outras,,Única,Faixa seccionada,,
2019-08-09,10:55:00,SEM VÍTIMA,DUPLICIDADE,TEJIPIÓ,AV LIBERDADE,,,EM FRENTE A DELEGACIA DE ROUBOS E FURTOS,AV LIBERDADE,,EM FRENTE A DELEGACIA DE ROUBOS E FURTOS,TEJIPIÓ,,,COLISÃO,COLISÃO SEM VITIMAS,1,1,,,,,,,,0,,,,,,,,,,,,,,
2019-08-09,11:08:00,SEM VÍTIMA,FINALIZADA,ESPINHEIRO,AV CONS ROSA E SILVA,,RUA DO ESPINHEIRO,HOSPITAL DOS SERVIDORES DO ESTADO DE PERNAMBUCO,AV CONS ROSA E SILVA,,HOSPITAL DOS SERVIDORES DO ESTADO DE PERNAMBUCO,ESPINHEIRO,,SUBURBIO,ABALROAMENTO LONGITUDINAL,COLISÃO SEM VITIMAS,2,,,,,,,,,0,,,Bom,Não existe,Perfeito estado,Seca,Perfeito estado,Não existe,Outras,,Única,Faixa seccionada,,
2019-08-09,12:20:00,SEM VÍTIMA,FINALIZADA,TEJIPIÓ,AV LIBERDADE,,4TR LIBERDADE,,AV LIBERDADE,,,TEJIPIÓ,,,ABALROAMENTO TRANSVERSAL,COLISAO SEM VITIMAS,1,1,,,,,,,,0,,,Chuvoso,Não existe,Não existente,Molhada,Mal conservada,Não existe,Não há placas,,Dupla,Não existe,,
2019-08-09,12:35:00,COM VÍTIMA,CANCELADA,IPSEP,AV RECIFE,,,APOS A PIZZARIA ATLANTICO  SENTIDO CEASA,AV RECIFE,,APOS A PIZZARIA ATLANTICO  SENTIDO CEASA,IPSEP,,,COLISÃO,COLISÃO COM VITIMA,1,1,,,,,,,,1,,,,,,,,,,,,,,
2019-08-09,12:35:00,SEM VÍTIMA,CANCELADA,BOA VIAGEM,RUA PROFESSOR MARIO CASTRO,,,COLEGIO MADRE DE DEUS,RUA PROFESSOR MARIO CASTRO,,COLEGIO MADRE DE DEUS,BOA VIAGEM,,,COLISÃO,ENTRE DOIS AUTO S/V,2,,,,,,,,,0,,,,,,,,,,,,,,
2019-08-09,12:44:00,SEM VÍTIMA,FINALIZADA,ALTO DO MANDU,RUA MANDACARU,246,RUA SIRIJI,ESQUINA DE Nº 246,RUA MANDACARU,246,ESQUINA DE Nº 246,ALTO DO MANDU,,SUBURBIO,ABALROAMENTO TRANSVERSAL,COLISÃO SEM VITIMA,1,,,,,,1,,,0,,Cruzamento,Bom,Não existe,Não existente,Seca,,Não existe,Não há placas,,Dupla,Não existe,,