data,hora,natureza_acidente,situacao,bairro,endereco,numero,detalhe_endereco_acidente,complemento,endereco_cruzamento,numero_cruzamento,referencia_cruzamento,bairro_cruzamento,num_semaforo,sentido_via,tipo,descricao,auto,moto,ciclom,ciclista,pedestre,onibus,caminhao,viatura,outros,vitimas,vitimasfatais,acidente_verificado,tempo_clima,situacao_semaforo,sinalizacao,condicao_via,conservacao_via,ponto_controle,situacao_placa,velocidade_max_via,mao_direcao,divisao_via1,divisao_via2,divisao_via3
2019-08-13,11:31:00,SEM VÍTIMA,FINALIZADA,PINA,AV ENCANTA MOCA,1011,,PROX. A CENTRAL DA PICANHA,AV ENCANTA MOCA,1011,PROX. A CENTRAL DA PICANHA,PINA,,CIDADE,ABALROAMENTO TRANSVERSAL,DOIS AUTOS,2,,,,,,,,,0,,Longo da via,Bom,Não existe,Perfeito estado,Seca,Perfeito estado,,Não há placas,,Dupla,Não existe,,
2019-08-13,11:35:00,COM VÍTIMA,FINALIZADA,SÃO JOSÉ,RUA PRINCESA IZABEL,,RUA DO HOSPICIO,EM FRENTE AO HGR HOSPITAL EXERCITO,RUA PRINCESA IZABEL,,EM FRENTE AO HGR HOSPITAL EXERCITO,SÃO JOSÉ,,CIDADE,ABALROAMENTO TRANSVERSAL,COLISÃO COM VÍTIMAS,,2,,,,,,,,1,,Cruzamento,Bom,Sem defeito,Perfeito estado,Seca,Perfeito estado,Faixa de pedestre,,,,,,
2019-08-13,12:28:00,SEM VÍTIMA,FINALIZADA,CAXANGÁ,RUA RIBEIRO PESSOA,,,EM FRENTE À UPA DA CAXANGA,RUA RIBEIRO PESSOA,,EM FRENTE À UPA DA CAXANGA,CAXANGÁ,,SUBURBIO,ABALROAMENTO TRANSVERSAL,COLISÃO ENTRE AUTO E MOTO SEM VÍTIMAS,1,1,,,,,,,,0,,Longo da via,Bom,Sem defeito,Incompleta,Seca,Mal conservada,Não existe,Outras,,Dupla,Não existe,,
2019-08-13,12:51:00,SEM VÍTIMA,FINALIZADA,IPSEP,AV RECIFE,,RUA PINTOR LULA CARDOSO AYRES,SOB O SEMAFORO Nº 319,AV RECIFE,,SOB O SEMAFORO Nº 319,IPSEP,319,CIDADE,COLISÃO TRASEIRA,COLISÃO ENTRE TRÊS AUTOS SEM VÍTIMAS,3,,,,,,,,,0,,Cruzamento,Bom,Sem defeito,Incompleta,Seca,Perfeito estado,Não existe,Outras,,Única,Canteiro central,,
2019-08-13,13:13:00,SEM VÍTIMA,FINALIZADA,AREIAS,AV DR JOSE RUFINO,2033,,PROXIMO AO COLEGIO IMACULADA,AV DR JOSE RUFINO,2033,PROXIMO AO COLEGIO IMACULADA,AREIAS,,,COLISÃO,DOIS AUTOS SEM VÍTIMAS,2,,,,,,,,,0,,,,,,,,,,,,,,
2019-08-13,13:15:00,SEM VÍTIMA,FINALIZADA,BOA VISTA,RUA MARQUES AMORIM,,RUA BARAO DE SAO BORJA,,RUA MARQUES AMORIM,,,BOA VISTA,,,ABALROAMENTO LONGITUDINAL,DOIS AUTOS SEM VÍTIMAS,2,,,,,,,,,0,,,Bom,Não existe,Ilegível,Seca,Perfeito estado,Não existe,Outras,,Única,Não existe,,
2019-08-13,13:23:00,SEM VÍTIMA,FINALIZADA,BOA VIAGEM,RUA PADRE CARAPUCEIRO,501,RUA FRANCISCO DA CUNHA,,RUA PADRE CARAPUCEIRO,501,,BOA VIAGEM,,SUBURBIO,ABALROAMENTO TRANSVERSAL,AUTO X MOTO SEM VÍTIMAS,1,1,,,,,,,,0,,Longo da via,Bom,Não existe,Não existente,Seca,Perfeito estado,Não existe,Não há placas,,Única,Faixa seccionada,,
2019-08-13,13:56:00,COM VÍTIMA,FINALIZADA,BOA VIAGEM,RUA DR LUIZ CORREA DE OLIVEIRA,215,,QUADRA SQUASH E TÊNNIS,RUA DR LUIZ CORREA DE OLIVEIRA,215,QUADRA SQUASH E TÊNNIS,BOA VIAGEM,,,COLISÃO COM CICLISTA,COLISÃO ENTRE AUTO E CICLISTA,1,,,1,,,,,,1,,Longo da via,Bom,Não existe,Não existente,Seca,Perfeito estado,Não existe,Não há placas,,Dupla,Não existe,,
2019-08-13,14:05:00,SEM VÍTIMA,FINALIZADA,SANTO AMARO,RUA DO POMBAL,,RUA PEDRO AFONSO,PRÓXIMO AO IML,RUA DO POMBAL,,PRÓXIMO AO IML,SANTO AMARO,,CIDADE,ABALROAMENTO TRANSVERSAL,COLISÃO ENTRE DOIS AUTOS,2,,,,,,,,,0,,Cruzamento,Bom,Não existe,Perfeito estado,Seca,Perfeito estado,Não existe,Placas Pare,,Dupla,Não existe,,
2019-08-13,14:28:00,SEM VÍTIMA,FINALIZADA,MANGABEIRA,EST VELHA DE AGUA FRIA,1000,,,EST VELHA DE AGUA FRIA,1000,,MANGABEIRA,,SUBURBIO,COLISÃO TRASEIRA,COLISÃO ENTRE DOIS AUTOS SEM VÍTIMA,2,,,,,,,,,0,,Longo da via,Bom,Não existe,Perfeito estado,Seca,Perfeito estado,Não existe,Outras,40 km/h,Dupla,Canteiro central,,
2019-08-13,14:51:00,SEM VÍTIMA,FINALIZADA,DERBY,AV GOVERNADOR AGAMENON MAGALHAES,,,EM FRENTE AO HR,AV GOVERNADOR AGAMENON MAGALHAES,,EM FRENTE AO HR,DERBY,,,COLISÃO TRASEIRA,COLISÃO ENTRE DOIS AUTOS SEM VÍTIMAS,2,,,,,,,,,0,,Longo da via,Bom,Não existe,Perfeito estado,Seca,Perfeito estado,,Não há placas,60 km/h,Dupla,Canal,,
2019-08-13,14:55:00,COM VÍTIMA,FINALIZADA,GUABIRABA,AV VEREADOR OTACILIO AZEVEDO,2011,RUA SENHOR DO BONFIM,EMFRENTE AO ARMAZÉM ENILDO POR TRÁS DA EMPRESA GLOBO,AV VEREADOR OTACILIO AZEVEDO,2011,EMFRENTE AO ARMAZÉM ENILDO POR TRÁS DA EMPRESA GLOBO,GUABIRABA,,SUBURBIO,ABALROAMENTO TRANSVERSAL,COLISÃO ENTRE DUAS MOTOCICLETAS COM 2 VÍTIMAS,,2,,,,,,,,1,,Esquina,Bom,Não existe,Perfeito estado,Seca,Perfeito estado,Não existe,Placas Pare,,Dupla,Não existe,,
2019-08-13,15:17:00,SEM VÍTIMA,FINALIZADA,VÁRZEA,AV PROFESSOR ARTUR DE SA,,,EM FRENTE AO POSTO PETROBRAS,AV PROFESSOR ARTUR DE SA,,EM FRENTE AO POSTO PETROBRAS,VÁRZEA,,SUBURBIO,COLISÃO TRASEIRA,COLISÃO SEM VITIMAS,1,2,,,,,,,,0,,Longo da via,Bom,Não existe,Perfeito estado,Seca,Perfeito estado,Não existe,Outras,,Dupla,Não existe,,
2019-08-13,15:20:00,COM VÍTIMA,FINALIZADA,JARDIM SÃO PAULO,RUA LEANDRO BARRETO,,,EM FRENTE AO POSTO DA LAROQUE / SENTIDO AFOGADOS,RUA LEANDRO BARRETO,,EM FRENTE AO POSTO DA LAROQUE / SENTIDO AFOGADOS,JARDIM SÃO PAULO,,CIDADE,ABALROAMENTO TRANSVERSAL,COLISÃO COM VÍTIMA,1,1,,,,,,1,,1,,Longo da via,Bom,Não existe,Perfeito estado,Seca,Perfeito estado,,Outras,,Dupla,,Não existe,
2019-08-13,17:04:00,SEM VÍTIMA,FINALIZADA,IMBIRIBEIRA,RUA GUADALAJARA,201,,,RUA GUADALAJARA,201,,IMBIRIBEIRA,,CIDADE,ABALROAMENTO TRANSVERSAL,COLISAO SEM VITIMA,2,,,,,,,,,0,,Longo da via,Bom,Sem defeito,Perfeito estado,Seca,Perfeito estado,Não existe,Não há placas,,Única,Não existe,,
2019-08-13,18:11:00,SEM VÍTIMA,FINALIZADA,BOA VIAGEM,RUA BRUNO VELOSO,,,EM FRENTE ACADEMIA R2,RUA BRUNO VELOSO,,EM FRENTE ACADEMIA R2,BOA VIAGEM,,CIDADE,COLISÃO TRASEIRA,ENTRE AUTO E ÕNIBUS. S/V,1,,,,,1,,,,0,,Longo da via,Bom,Sem defeito,Perfeito estado,Seca,Perfeito estado,Não existe,Não há placas,,Única,Não existe,,
2019-08-13,18:27:00,SEM VÍTIMA,FINALIZADA,,AV GOVERNADOR CARLOS DE LIMA CAVALCANTI,,AV RUI BARBOSA,SEMÁFORO 037,AV GOVERNADOR CARLOS DE LIMA CAVALCANTI,,SEMÁFORO 037,,37,,COLISÃO TRASEIRA,ENTRE 2 AUTOS. S/V,2,,,,,,,,,0,,Cruzamento,Bom,Sem defeito,Perfeito estado,Seca,Perfeito estado,,Não há placas,60 km/h,Dupla,Canal,,
2019-08-13,18:33:00,SEM VÍTIMA,FINALIZADA,SANTO AMARO,AV CRUZ CABUGA,29,,,AV CRUZ CABUGA,29,,SANTO AMARO,,CIDADE,ABALROAMENTO LONGITUDINAL,ENTRE 2 AUTOS. S/V,2,,,,,,,,,0,,Longo da via,Bom,Sem defeito,Perfeito estado,Seca,Perfeito estado,Não existe,,,Dupla,Faixa contínua,,
2019-08-13,18:51:00,SEM VÍTIMA,CANCELADA,MADALENA,AV VISCONDE DE ALBUQUERQUE,474,RUA JOSE OSORIO,ENF A FARMACIA INDEPENDENTE,AV VISCONDE DE ALBUQUERQUE,474,ENF A FARMACIA INDEPENDENTE,MADALENA,,,COLISÃO,HONDA CIVIC X CELTA,2,,,,,,,,,0,,,,,,,,,,,,,,
2019-08-13,18:59:00,SEM VÍTIMA,CANCELADA,ESPINHEIRO,AV CONS ROSA E SILVA,,AV DR MALAQUIAS,ESQUINA COM O POSTO SHELL,AV CONS ROSA E SILVA,,ESQUINA COM O POSTO SHELL,ESPINHEIRO,,,COLISÃO,ENTRE 2 AUTOS. S/V,2,,,,,,,,,0,,,,,,,,,,,,,,
2019-08-13,22:18:00,COM VÍTIMA,FINALIZADA,TEJIPIÓ,RUA FALCAO DE LACERDA,,AV QUINZE DE NOVEMBRO,SEMÁFORO 285,RUA FALCAO DE LACERDA,,SEMÁFORO 285,TEJIPIÓ,285,SUBURBIO,COLISÃO FRONTAL,COLISÃO ENTRE AUTO E MOTO COM VÍTIMAS.,1,1,,,,,,,,1,,Outros,Bom,Sem defeito,Perfeito estado,Seca,Perfeito estado,Faixa de pedestre,Não há placas,,Dupla,Faixa seccionada,,
2019-08-14,00:48:00,COM VÍTIMA,FINALIZADA,AREIAS,AV RECIFE,996,,EM FRENTE A CHURRASCARIA PAJUÇARA E LADO OPOSTO AO BOX DE CROSSFIT UP_BOX.,AV RECIFE,996,EM FRENTE A CHURRASCARIA PAJUÇARA E LADO OPOSTO AO BOX DE CROSSFIT UP_BOX.,AREIAS,,SUBURBIO,ABALROAMENTO LONGITUDINAL,MOTO X PEDESTRE (CARROÇEIRO),,1,,,1,,,,1,2,,Longo da via,Chuvoso,Sem defeito,Perfeito estado,Molhada,Perfeito estado,Não existe,Outras,,Única,Faixa seccionada,,
2019-08-14,03:38:00,COM VÍTIMA,FINALIZADA,DERBY,AV GOVERNADOR AGAMENON MAGALHAES,,RUA JOAQUIM NABUCO,EM FRENTE AO HOSPITAL DA RESTAURAÇÃO  SENTIDO BOA VIAGEM,AV GOVERNADOR AGAMENON MAGALHAES,,EM FRENTE AO HOSPITAL DA RESTAURAÇÃO  SENTIDO BOA VIAGEM,DERBY,174,,ABALROAMENTO TRANSVERSAL,COLISÃO ENTRE DOIS AUTOS  COM VÍTIMA.,2,,,,,,,,,1,,Cruzamento,Chuvoso,Sem defeito,Perfeito estado,Molhada,Perfeito estado,Faixa de pedestre,Outras,,Dupla,Faixa seccionada,Canteiro central,Canal
2019-08-14,06:57:00,SEM VÍTIMA,FINALIZADA,BOA VIAGEM,AV MARECHAL JUAREZ TAVORA,420,,HOTEL ENSEADA,AV MARECHAL JUAREZ TAVORA,420,HOTEL ENSEADA,BOA VIAGEM,,SUBURBIO,CHOQUE OBJETO FIXO,VEICULO CHOCOU-SE COM POSTE  VEICULO ATRAVESSADO NA VIA,1,,,,,,,,,0,,Longo da via,Chuvoso,Não existe,Perfeito estado,Molhada,Perfeito estado,Não existe,Não há placas,,Dupla,Canal,,
2019-08-14,07:09:00,SEM VÍTIMA,FINALIZADA,BOA VIAGEM,AV DES JOSE NEVES,235,,,AV DES JOSE NEVES,235,,BOA VIAGEM,567,SUBURBIO,COLISÃO TRASEIRA,TRES AUTOS,3,,,,,,,,,0,,Longo da via,Chuvoso,Sem defeito,Perfeito estado,Molhada,Perfeito estado,Não existe,,,Dupla,Canal,,
2019-08-14,07:11:00,SEM VÍTIMA,FINALIZADA,BOA VIAGEM,AV CONSELHEIRO AGUIAR,2707,,E/F CLINICA ARMINDO MOURA NETO,AV CONSELHEIRO AGUIAR,2707,E/F CLINICA ARMINDO MOURA NETO,BOA VIAGEM,,,COLISÃO,COLISAO SEM VITIMAS,2,,,,,,,,,0,,,,,,,,,,,,,,
2019-08-14,07:43:00,SEM VÍTIMA,FINALIZADA,PRADO,RUA ANTONIO DE SA,29,,EM FRENTE A SERRALHARIA,RUA ANTONIO DE SA,29,EM FRENTE A SERRALHARIA,PRADO,,CIDADE,ABALROAMENTO LONGITUDINAL,COLISAO SEM VITIMAS,2,,,,,,,,,0,,Longo da via,Chuvoso,Não existe,Incompleta,Molhada,Perfeito estado,Não existe,Outras,20 km/h,Única,Canteiro central,,
2019-08-14,07:47:00,SEM VÍTIMA,FINALIZADA,MADALENA,AV JOSE GONCALVES DE MEDEIROS,107,,EM FRENTE A SEGURADORA PORTO SEGURO,AV JOSE GONCALVES DE MEDEIROS,107,EM FRENTE A SEGURADORA PORTO SEGURO,MADALENA,,CIDADE,ABALROAMENTO LONGITUDINAL,DOIS AUTOS,2,,,,,,,,,0,,Longo da via,Bom,Não existe,Perfeito estado,Seca,Perfeito estado,Não existe,R-6a,,Dupla,Faixa seccionada,,
2019-08-14,07:53:00,SEM VÍTIMA,DUPLICIDADE,PRADO,RUA VIRGINIO CAMPELLO,127,,EM FRENTE A BANCA ALIANÇA,RUA VIRGINIO CAMPELLO,127,EM FRENTE A BANCA ALIANÇA,PRADO,,,COLISÃO,COLISÃO SEM VITIMAS,2,,,,,,,,,0,,,,,,,,,,,,,,
2019-08-14,08:29:00,SEM VÍTIMA,FINALIZADA,BOA VISTA,RUA JOAO FERNANDES VIEIRA,,RUA PADRE INGLES,,RUA JOAO FERNANDES VIEIRA,,,BOA VISTA,,CIDADE,ABALROAMENTO LONGITUDINAL,DOIS AUTOS,2,,,,,,,,,0,,,Chuvoso,Não existe,Perfeito estado,Molhada,Mal conservada,Não existe,Não há placas,,Única,Faixa seccionada,,
2019-08-14,09:50:00,SEM VÍTIMA,FINALIZADA,BOA VISTA,RUA DO HOSPICIO,,,AO LADO DA CÂMARA DOS VEREADORES,RUA DO HOSPICIO,,AO LADO DA CÂMARA DOS VEREADORES,BOA VISTA,31,CIDADE,COLISÃO TRASEIRA,,2,,,,,,,,,0,,Longo da via,Chuvoso,Sem defeito,Perfeito estado,Molhada,Perfeito estado,Faixa de pedestre,,,,,,
2019-08-14,09:57:00,SEM VÍTIMA,FINALIZADA,CORDEIRO,AV CAXANGA,,,SOB O SEMÁFORO 236,AV CAXANGA,,SOB O SEMÁFORO 236,CORDEIRO,236,CIDADE,ABALROAMENTO LONGITUDINAL,MOTO X BRT,,1,,,,1,,,,0,,Longo da via,Bom,Sem defeito,Perfeito estado,Seca,Perfeito estado,Faixa de pedestre,Outras,,Única,Faixa seccionada,Canteiro central,
2019-08-14,10:04:00,SEM VÍTIMA,FINALIZADA,CAXANGÁ,AV CAXANGA,,RUA DONA INES CORREA DE ARAUJO,AO LADO DA ASSEMBLEIA DE DEUS,AV CAXANGA,,AO LADO DA ASSEMBLEIA DE DEUS,CAXANGÁ,232,SUBURBIO,ABALROAMENTO TRANSVERSAL,AUTO E MOTO,1,1,,,,,,,,0,,Cruzamento,Bom,Sem defeito,Perfeito estado,Seca,Perfeito estado,Outros,Outras,60 km/h,Única,Canteiro central,,
2019-08-14,10:29:00,SEM VÍTIMA,FINALIZADA,MADALENA,AV JOSE GONCALVES DE MEDEIROS,997,,MAX TROC,AV JOSE GONCALVES DE MEDEIROS,997,MAX TROC,MADALENA,,CIDADE,ABALROAMENTO LONGITUDINAL,COLISÃO SEM VITIMAS,2,,,,,,,,,0,,Longo da via,Bom,Não existe,Incompleta,Seca,Mal conservada,Não existe,Não há placas,,Única,Não existe,,
2019-08-14,10:55:00,SEM VÍTIMA,FINALIZADA,GRAÇAS,PRC DO ENTRONCAMENTO,104,,BANCO ITAU,PRC DO ENTRONCAMENTO,104,BANCO ITAU,GRAÇAS,,CIDADE,ABALROAMENTO LONGITUDINAL,COLISÃO SEM VITIMAS,2,,,,,,,,,0,,Longo da via,Chuvoso,Sem defeito,Perfeito estado,Molhada,,Faixa de pedestre,Outras,,Única,Não existe,,
2019-08-14,11:00:00,COM VÍTIMA,FINALIZADA,CASA AMARELA,EST DO ARRAIAL,4660,,RESIDENCIA EM FRENTE AO RESTAURANTE ENCANTO NORDESTINO,EST DO ARRAIAL,4660,RESIDENCIA EM FRENTE AO RESTAURANTE ENCANTO NORDESTINO,CASA AMARELA,,SUBURBIO,ABALROAMENTO LONGITUDINAL,COLISÃO COM VITIMA,1,1,,,,,,,,1,,Longo da via,Chuvoso,Não existe,Perfeito estado,Molhada,Perfeito estado,Não existe,Não há placas,40 km/h,Única,Faixa seccionada,,
2019-08-14,11:44:00,SEM VÍTIMA,FINALIZADA,IMBIRIBEIRA,AV MARECHAL MASCARENHAS DE MORAES,,,LADO OPOSTO AO GERALDÃO,AV MARECHAL MASCARENHAS DE MORAES,,LADO OPOSTO AO GERALDÃO,IMBIRIBEIRA,,,ABALROAMENTO LONGITUDINAL,COLISÃO SEM VITIMAS,2,,,,,,,,,0,,Longo da via,Chuvoso,Não existe,Perfeito estado,Seca,Perfeito estado,Não existe,Outras,60 km/h,Dupla,Canteiro central,,
2019-08-14,12:17:00,COM VÍTIMA,FINALIZADA,IMBIRIBEIRA,AV MARECHAL MASCARENHAS DE MORAES,,,LADO OPOSTO AO GERALDÃO,AV MARECHAL MASCARENHAS DE MORAES,,LADO OPOSTO AO GERALDÃO,IMBIRIBEIRA,,SUBURBIO,TOMBAMENTO,TOMBAMENTO ENVOLVENDO UMA MOTOCICLETA.,,1,,,,,,,,1,,Longo da via,Chuvoso,Não existe,Perfeito estado,Molhada,Mal conservada,Não existe,Não há placas,60 km/h,Dupla,Faixa seccionada,,
2019-08-14,12:27:00,SEM VÍTIMA,CANCELADA,DERBY,PRC DO DERBY,,,E/F A PARADA DO BRT S/T BOA VISTA,PRC DO DERBY,,E/F A PARADA DO BRT S/T BOA VISTA,DERBY,,,COLISÃO,COLISAO ENTRE AUTO E ONIBUS S/V,1,,,,,1,,,,0,,,,,,,,,,,,,,
2019-08-14,12:37:00,SEM VÍTIMA,FINALIZADA,SÃO JOSÉ,AV SUL,,,PROXIMO AO POSTO BR E A SEDE DO GALO/ SENTIDO CIDADE,AV SUL,,PROXIMO AO POSTO BR E A SEDE DO GALO/ SENTIDO CIDADE,SÃO JOSÉ,,,COLISÃO,COLISÃO SEM VÍTIMA,1,,,,,,1,,,0,,,,,,,,,,,,,,
2019-08-14,12:43:00,SEM VÍTIMA,FINALIZADA,CORDEIRO,RUA PADRE ANTONIO FERNANDES,85,,LADO OPOSTO AO COLÉGIO EXATO,RUA PADRE ANTONIO FERNANDES,85,LADO OPOSTO AO COLÉGIO EXATO,CORDEIRO,,CIDADE,CHOQUE VEÍCULO PARADO,,1,,,,,,1,,,0,,Longo da via,Chuvoso,Não existe,Não existente,Molhada,Mal conservada,Não existe,Não há placas,,Dupla,Não existe,,
2019-08-14,12:49:00,SEM VÍTIMA,FINALIZADA,CORDEIRO,AV CAXANGA,853,,PONTUAL MED,AV CAXANGA,853,PONTUAL MED,CORDEIRO,,SUBURBIO,COLISÃO TRASEIRA,COLISÃO SEM VITIMA,2,,,,,,,,,0,,Longo da via,Chuvoso,Sem defeito,Perfeito estado,Seca,Perfeito estado,Faixa de pedestre,Não há placas,,Dupla,Canteiro central,,
2019-08-14,13:21:00,SEM VÍTIMA,FINALIZADA,ESTÂNCIA,AV DR JOSE RUFINO,321,,COLEGIO DECISÃO,AV DR JOSE RUFINO,321,COLEGIO DECISÃO,ESTÂNCIA,,SUBURBIO,ABALROAMENTO LONGITUDINAL,COLISAO SEM VITIMA,1,1,,,,,,,,0,,Longo da via,Chuvoso,,Perfeito estado,Seca,Perfeito estado,,Não há placas,60 km/h,Dupla,Faixa contínua,,
2019-08-14,14:34:00,SEM VÍTIMA,FINALIZADA,CASA AMARELA,AV NORTE,5229,,AO LADO SUZY BIKE,AV NORTE,5229,AO LADO SUZY BIKE,CASA AMARELA,,CIDADE,COLISÃO TRASEIRA,COLISAO SEM VITIMA,2,,,,,,,,,0,,Longo da via,Chuvoso,Sem defeito,Perfeito estado,Molhada,Perfeito estado,Faixa de pedestre,R-6a,,Dupla,Faixa contínua,Faixa seccionada,Canteiro central
2019-08-14,15:04:00,COM VÍTIMA,FINALIZADA,ILHA DO RETIRO,AV ENGENHEIRO ABDIAS DE CARVALHO,,,EMPRESARIAL ABDIAS DE CARVALHO E PRÓXIMO AO BOBS.,AV ENGENHEIRO ABDIAS DE CARVALHO,,EMPRESARIAL ABDIAS DE CARVALHO E PRÓXIMO AO BOBS.,ILHA DO RETIRO,52,CIDADE,ABALROAMENTO LONGITUDINAL,COLISÃO COM VÍTIMA,2,1,,,,,,,,1,,Longo da via,Bom,Não existe,Perfeito estado,Seca,Mal iluminada,Não existe,Não há placas,,Dupla,Canteiro central,,
2019-08-14,15:11:00,SEM VÍTIMA,FINALIZADA,IMBIRIBEIRA,AV MARECHAL MASCARENHAS DE MORAES,2716,,,AV MARECHAL MASCARENHAS DE MORAES,2716,,IMBIRIBEIRA,,SUBURBIO,ABALROAMENTO LONGITUDINAL,COLIOSÃOS SEM VITIMA,1,,,,,,1,,1,0,,Longo da via,Bom,Sem defeito,Perfeito estado,Seca,Perfeito estado,Não existe,Não há placas,60 km/h,Dupla,Canteiro central,,
2019-08-14,15:30:00,SEM VÍTIMA,FINALIZADA,IPUTINGA,RUA OSVALDO GUIMARAES,66,,,RUA OSVALDO GUIMARAES,66,,IPUTINGA,,CIDADE,ABALROAMENTO TRANSVERSAL,COLISAO ENTRE DOIS AUTOS S/V,2,,,,,,,,,0,,Longo da via,Bom,Não existe,Incompleta,Seca,Perfeito estado,Não existe,R-6a,,Dupla,Não existe,,
2019-08-14,15:39:00,SEM VÍTIMA,FINALIZADA,GRAÇAS,AV CONS ROSA E SILVA,215,,TABELIONATO,AV CONS ROSA E SILVA,215,TABELIONATO,GRAÇAS,,SUBURBIO,ABALROAMENTO LONGITUDINAL,COLISAO ENTRE DOIS AUTOS S/V VT 02 NO LOCAL,1,,,,,1,,,,0,,Longo da via,Bom,Não existe,Perfeito estado,Seca,Perfeito estado,Não existe,R-6a,,Única,Faixa seccionada,,
2019-08-14,15:52:00,SEM VÍTIMA,CANCELADA,CAXANGÁ,RUA CLAUDIO BROTHERHOOD,,,E/F A ESCOLA LUZ DO AMANHECER,RUA CLAUDIO BROTHERHOOD,,E/F A ESCOLA LUZ DO AMANHECER,CAXANGÁ,,,COLISÃO,COLISAO ENTRE DOIS AUTOS S/V,2,,,,,,,,,0,,,,,,,,,,,,,,
2019-08-14,15:47:00,SEM VÍTIMA,FINALIZADA,TAMARINEIRA,AV NORTE,,RUA IAPU,,AV NORTE,,,TAMARINEIRA,,SUBURBIO,ABALROAMENTO LONGITUDINAL,COLISÃO SEM VITIMA,2,,,,,,,,,0,,Longo da via,Chuvoso,Não existe,Perfeito estado,Molhada,Perfeito estado,Não existe,Outras,,Dupla,Canteiro central,,
2019-08-14,16:11:00,SEM VÍTIMA,FINALIZADA,MADALENA,RUA BENFICA,,,HIPER BOMPREÇO LADO OPOSTO,RUA BENFICA,,HIPER BOMPREÇO LADO OPOSTO,MADALENA,,CIDADE,ABALROAMENTO LONGITUDINAL,COLISÃO SERM VITIMA,1,,,,,,1,,,0,,Longo da via,Chuvoso,Sem defeito,Perfeito estado,Molhada,Perfeito estado,Outros,Outras,,Única,Não existe,,
2019-08-14,16:15:00,SEM VÍTIMA,FINALIZADA,AFOGADOS,RUA JOAO CARLOS GUIMARAES,,,BRADESCO,RUA JOAO CARLOS GUIMARAES,,BRADESCO,AFOGADOS,,,ABALROAMENTO LONGITUDINAL,COLISAO SEM VITIMA,1,,,,,,,,,0,,Longo da via,Chuvoso,Não existe,Ilegível,Molhada,Mal conservada,Não existe,,,Única,Não existe,,
2019-08-14,16:53:00,COM VÍTIMA,FINALIZADA,BOA VIAGEM,RUA BARAO DE SOUZA LEAO,1000,,ESQUINA DA LAVANDERIA NAPOLITANA,RUA BARAO DE SOUZA LEAO,1000,ESQUINA DA LAVANDERIA NAPOLITANA,BOA VIAGEM,,CIDADE,ABALROAMENTO LONGITUDINAL,COLISAO COM VITIMA,1,1,,,,,,,,1,,Longo da via,Chuvoso,Não existe,Perfeito estado,Molhada,Perfeito estado,Não existe,Não há placas,,Única,Faixa seccionada,,
2019-08-14,17:10:00,SEM VÍTIMA,FINALIZADA,SANTO AMARO,RUA DO POMBAL,695,RUA BARROS BARRETO,EM FRENTE A ESCOLA ESTADUAL ESTACIO COIMBRA,RUA DO POMBAL,695,EM FRENTE A ESCOLA ESTADUAL ESTACIO COIMBRA,SANTO AMARO,,SUBURBIO,ABALROAMENTO TRANSVERSAL,COLISÃO SEM VÍTIMA,2,,,,,,,,,0,,Cruzamento,Chuvoso,Não existe,Não existente,Molhada,Perfeito estado,Não existe,Placas Pare,,Dupla,Faixa seccionada,,
2019-08-14,17:47:00,SEM VÍTIMA,FINALIZADA,IMBIRIBEIRA,AV MARECHAL MASCARENHAS DE MORAES,,,E/F A TROLLER,AV MARECHAL MASCARENHAS DE MORAES,,E/F A TROLLER,IMBIRIBEIRA,,CIDADE,ABALROAMENTO TRANSVERSAL,ENTRE ONIBUS E AUTO PASSEIO. S/V,1,,,,,1,,,,0,,Longo da via,Chuvoso,Não existe,Perfeito estado,Molhada,Perfeito estado,Não existe,,,Única,Não existe,,
2019-08-14,18:36:00,SEM VÍTIMA,FINALIZADA,AREIAS,AV DR JOSE RUFINO,,,EM FRENTE AO BANCO BRADESCO,AV DR JOSE RUFINO,,EM FRENTE AO BANCO BRADESCO,AREIAS,,SUBURBIO,ABALROAMENTO LONGITUDINAL,ENTRE ONIBUS E AUTO PASSEIO. S/V,1,,,,,1,,,,0,,Longo da via,Bom,Não existe,Perfeito estado,Seca,Perfeito estado,Não existe,R-6a,,Dupla,Faixa contínua,,
2019-08-14,18:47:00,COM VÍTIMA,FINALIZADA,SANTO AMARO,RUA AURORA,,PTE DO LIMOEIRO,,RUA AURORA,,,SANTO AMARO,243,SUBURBIO,COLISÃO TRASEIRA,ENTRE AUTO E MOTO. C/V,1,1,,,,,,,,1,,Cruzamento,Chuvoso,Sem defeito,Perfeito estado,Molhada,Perfeito estado,Agente,Não há placas,60 km/h,Dupla,Canteiro central,,
2019-08-14,18:53:00,SEM VÍTIMA,FINALIZADA,SÃO JOSÉ,AV SUL,,,LADO OPOSTO AO Nº 695 ( CLUBE DA PESCA),AV SUL,,LADO OPOSTO AO Nº 695 ( CLUBE DA PESCA),SÃO JOSÉ,,SUBURBIO,COLISÃO TRASEIRA,ENTRE 4 AUTOS. S/V,4,,,,,,,,,0,,Longo da via,Bom,Sem defeito,Perfeito estado,Seca,Perfeito estado,,Não há placas,,Dupla,Canteiro central,,