data,hora,natureza_acidente,situacao,bairro,endereco,numero,detalhe_endereco_acidente,complemento,endereco_cruzamento,numero_cruzamento,referencia_cruzamento,bairro_cruzamento,num_semaforo,sentido_via,tipo,descricao,auto,moto,ciclom,ciclista,pedestre,onibus,caminhao,viatura,outros,vitimas,vitimasfatais,acidente_verificado,tempo_clima,situacao_semaforo,sinalizacao,condicao_via,conservacao_via,ponto_controle,situacao_placa,velocidade_max_via,mao_direcao,divisao_via1,divisao_via2,divisao_via3
2019-08-14,19:17:00,SEM VÍTIMA,CANCELADA,ESPINHEIRO,AV GOVERNADOR AGAMENON MAGALHAES,,RUA SAO SALVADOR,PROX A UNIMEDE PORTUGUES VIA LOCAL SENTIDO BOA VIAGEM,AV GOVERNADOR AGAMENON MAGALHAES,,PROX A UNIMEDE PORTUGUES VIA LOCAL SENTIDO BOA VIAGEM,ESPINHEIRO,,,COLISÃO,FIAT STRADA X,2,,,,,,,,,0,,,,,,,,,,,,,,
2019-08-14,20:22:00,SEM VÍTIMA,FINALIZADA,ESPINHEIRO,RUA DR FERNANDO ALLAIN,,RUA MARQUES DO PARANA,,RUA DR FERNANDO ALLAIN,,,ESPINHEIRO,,CIDADE,ABALROAMENTO LONGITUDINAL,HONDA FIT X PEUGEOT,2,,,,,,,,,0,,Cruzamento,Chuvoso,Não existe,Incompleta,Molhada,Perfeito estado,Faixa de retenção,Placas Pare,,Única,Não existe,,
2019-08-14,20:45:00,COM VÍTIMA,FINALIZADA,ENCRUZILHADA,AV BEBERIBE,205,RUA OLIMPIO DE ARROUXELAS GALVAO,AUTO ESCOLA BELÉM,AV BEBERIBE,205,AUTO ESCOLA BELÉM,ENCRUZILHADA,,SUBURBIO,ABALROAMENTO LONGITUDINAL,TOYOTA X MOTO,1,1,,,,,,,,1,,Longo da via,Chuvoso,Não existe,Perfeito estado,Molhada,Perfeito estado,Não existe,Não há placas,,Dupla,Faixa contínua,Faixa seccionada,
2019-08-14,21:08:00,SEM VÍTIMA,CANCELADA,BOA VIAGEM,AV BOA VIAGEM,5740,RUA ENGENHEIRO ZAEL DIOGENES,ENF AO EDF MANOEL DE BRITTO,AV BOA VIAGEM,5740,ENF AO EDF MANOEL DE BRITTO,BOA VIAGEM,445,,COLISÃO,VOYAGE X RENAULT,2,,,,,,,,,0,,,,,,,,,,,,,,
2019-08-14,22:35:00,SEM VÍTIMA,FINALIZADA,PINA,RUA CONSUL JOSEPH NOUJAIM,,RUA NOGUEIRA DE SOUZA,,RUA CONSUL JOSEPH NOUJAIM,,,PINA,658,CIDADE,ABALROAMENTO TRANSVERSAL,FAIT X PALIO X SAVERO,2,,,,,,,,1,0,,Cruzamento,Chuvoso,Sem defeito,Perfeito estado,Molhada,Perfeito estado,,R-6a,,Única,Faixa seccionada,,
2019-08-14,23:27:00,COM VÍTIMA,FINALIZADA,CASA AMARELA,RUA CONS PERETTI,162,RUA OSCAR DE BARROS,PROX AO LABORATORIO GILSON CIDRIN,RUA CONS PERETTI,162,PROX AO LABORATORIO GILSON CIDRIN,CASA AMARELA,,SUBURBIO,ABALROAMENTO TRANSVERSAL,ONIBUS GLOBO X MOTO,1,1,,,,,,,,1,,Cruzamento,Chuvoso,Não existe,Perfeito estado,Molhada,Perfeito estado,Não existe,Outras,,Única,Não existe,,
2019-08-15,05:34:00,SEM VÍTIMA,FINALIZADA,MADALENA,RUA BENFICA,,,RESIDÊNCIA DE Nº 931,RUA BENFICA,,RESIDÊNCIA DE Nº 931,MADALENA,51,CIDADE,ABALROAMENTO LONGITUDINAL,COLISÃO ENTRE AUTO E VAN DA PREFEITURA  SEM VÍTIMAS.,1,,,,,1,,,,0,,Longo da via,Chuvoso,Sem defeito,Perfeito estado,Molhada,Perfeito estado,Faixa de pedestre,Outras,,Única,Não existe,,
2019-08-15,07:45:00,SEM VÍTIMA,FINALIZADA,DERBY,AV GOVERNADOR AGAMENON MAGALHAES,,,SOB O SEMÁFORO 075,AV GOVERNADOR AGAMENON MAGALHAES,,SOB O SEMÁFORO 075,DERBY,75,SUBURBIO,COLISÃO TRASEIRA,DOIS AUTOS ,2,,,,,,,,,0,,Longo da via,Chuvoso,Sem defeito,Perfeito estado,Molhada,Perfeito estado,Faixa de pedestre,Outras,60 km/h,Dupla,Faixa seccionada,,
2019-08-15,08:16:00,COM VÍTIMA,FINALIZADA,CORDEIRO,AV GENERAL SAN MARTIN,559,,PROX. AO HOSPITAL GETULIO VARGAS,AV GENERAL SAN MARTIN,559,PROX. AO HOSPITAL GETULIO VARGAS,CORDEIRO,,SUBURBIO,COLISÃO COM CICLISTA,MOTO E CICLISTA,,1,,1,,,,,,1,,Longo da via,Bom,Não existe,Perfeito estado,Seca,Perfeito estado,Não existe,R-6a,,Dupla,Faixa contínua,,
2019-08-15,08:21:00,SEM VÍTIMA,FINALIZADA,AFOGADOS,RUA DO ACRE,,,AO LADO DO SUPERMERCADO TODO DIA,RUA DO ACRE,,AO LADO DO SUPERMERCADO TODO DIA,AFOGADOS,,SUBURBIO,ABALROAMENTO LONGITUDINAL,ONIBUS E TAXI,1,,,,,1,,,,0,,Longo da via,Bom,Não existe,,Seca,Perfeito estado,Não existe,R-6a,,Única,Outros,,
2019-08-15,08:39:00,SEM VÍTIMA,FINALIZADA,IMBIRIBEIRA,AV PRESIDENTE DUTRA,,AV MARECHAL MASCARENHAS DE MORAES,,AV PRESIDENTE DUTRA,,,IMBIRIBEIRA,,SUBURBIO,ABALROAMENTO LONGITUDINAL,CAMINHÃO E AUTO,1,,,,,,,,1,0,,Cruzamento,Nublado,Não existe,Perfeito estado,Seca,Perfeito estado,Não existe,Não há placas,,Única,Faixa seccionada,,
2019-08-15,09:09:00,SEM VÍTIMA,FINALIZADA,MADALENA,RUA BENFICA,,RUA SPORT CLUBE DO RECIFE,,RUA BENFICA,,,MADALENA,,SUBURBIO,ABALROAMENTO LONGITUDINAL,AUTO E ONIBUS,1,,,,,1,,,,0,,,Bom,Não existe,Perfeito estado,Seca,Perfeito estado,Não existe,Não há placas,40 km/h,Única,Não existe,,
2019-08-15,09:35:00,COM VÍTIMA,FINALIZADA,ARRUDA,RUA DO MACHADO,,RUA ZEFERINO AGRA,EM FRENTE A SANTO ANTONIO,RUA DO MACHADO,,EM FRENTE A SANTO ANTONIO,ARRUDA,,SUBURBIO,ABALROAMENTO TRANSVERSAL,MOTO E AUTO,1,1,,,,,,,,1,,Cruzamento,Bom,Não existe,Ilegível,Seca,Perfeito estado,Faixa de retenção,Placas Pare,30 km/h,Dupla,Faixa seccionada,,
2019-08-15,09:37:00,SEM VÍTIMA,FINALIZADA,ENCRUZILHADA,RUA RODOLFO DE HOLANDA,105,RUA ENGENHO MAJESTOSO,,RUA RODOLFO DE HOLANDA,105,,ENCRUZILHADA,,CIDADE,ABALROAMENTO LONGITUDINAL,COLISÃO S/VITIMAS ENTRE DOIS AUTOS,2,,,,,,,,,0,,Cruzamento,Bom,Não existe,Perfeito estado,Seca,Perfeito estado,Não existe,Não há placas,,Dupla,Não existe,,
2019-08-15,10:18:00,COM VÍTIMA,FINALIZADA,GRAÇAS,RUA DA AMIZADE,180,RUA GERVASIO FIORAVANTE,EM FRENTE A MF CABELELEIRO,RUA DA AMIZADE,180,EM FRENTE A MF CABELELEIRO,GRAÇAS,,CIDADE,COLISÃO FRONTAL,AUTO E MOTO,1,1,,,,,,,,2,,Esquina,Bom,Não existe,Perfeito estado,Seca,Perfeito estado,Não existe,,,Única,,,
2019-08-15,10:23:00,SEM VÍTIMA,FINALIZADA,BOA VIAGEM,AV ENGENHEIRO DOMINGOS FERREIRA,11,,EM FRENTE A CELPE ( PISTA LESTE),AV ENGENHEIRO DOMINGOS FERREIRA,11,EM FRENTE A CELPE ( PISTA LESTE),BOA VIAGEM,,SUBURBIO,COLISÃO TRASEIRA,COLISAO SEM VITIMAS,1,1,,,,,,,,0,,Longo da via,Bom,Não existe,Perfeito estado,Seca,Perfeito estado,Não existe,R-6a,,Dupla,Canteiro central,,
2019-08-15,10:39:00,SEM VÍTIMA,FINALIZADA,CAXANGÁ,AV CAXANGA,,,EM FRENTE AO BIG BOMPREÇO,AV CAXANGA,,EM FRENTE AO BIG BOMPREÇO,CAXANGÁ,,SUBURBIO,ABALROAMENTO LONGITUDINAL,COLISAO SEM VITIMAS,2,,,,,,,,,0,,Longo da via,Bom,Não existe,Perfeito estado,Seca,Perfeito estado,Não existe,R-6a,,Dupla,Canteiro central,,
2019-08-15,10:45:00,SEM VÍTIMA,FINALIZADA,BOA VISTA,RUA DO PROGRESSO,317,,EM FRENTE AO EDF BEETHOVEN,RUA DO PROGRESSO,317,EM FRENTE AO EDF BEETHOVEN,BOA VISTA,,CIDADE,CHOQUE VEÍCULO PARADO,COLISÃO S/ VITIMAS ENTRE DOIS AUTOS,2,,,,,,,,,0,,Longo da via,Bom,Não existe,Não existente,Seca,Perfeito estado,Não existe,Não há placas,,Única,Não existe,,
2019-08-15,11:03:00,SEM VÍTIMA,FINALIZADA,ESTÂNCIA,RUA ROCHA POMBO,464,,PROX A ESTAÇAO SANTA LUZIA,RUA ROCHA POMBO,464,PROX A ESTAÇAO SANTA LUZIA,ESTÂNCIA,,SUBURBIO,ABALROAMENTO TRANSVERSAL,DOIS AUTOS,2,,,,,,,,,0,,Longo da via,Bom,Não existe,Perfeito estado,Seca,Perfeito estado,Não existe,R-6a,30 km/h,Dupla,Não existe,,
2019-08-15,12:14:00,COM VÍTIMA,FINALIZADA,PINA,AVENIDA CELSO FURTADO (VIA MANGUE),,,1º LOMBADA STD PINA POR TRÁS DO EXTRA.,AVENIDA CELSO FURTADO (VIA MANGUE),,1º LOMBADA STD PINA POR TRÁS DO EXTRA.,PINA,,CIDADE,COLISÃO TRASEIRA,AUTO X MOTO COM VITIMA,1,1,,,,,,,,1,,Longo da via,Bom,Não existe,Perfeito estado,Seca,Perfeito estado,Outros,,60 km/h,Dupla,Canteiro central,,
2019-08-15,12:33:00,SEM VÍTIMA,FINALIZADA,TORRÕES,AV ENGENHEIRO ABDIAS DE CARVALHO,,,EM FRENTE AO POSTO PETROCAL TORRÕES,AV ENGENHEIRO ABDIAS DE CARVALHO,,EM FRENTE AO POSTO PETROCAL TORRÕES,TORRÕES,,SUBURBIO,ABALROAMENTO LONGITUDINAL,COLISAO SEM VITIMA,2,,,,,,,,,0,,Longo da via,Bom,Não existe,Perfeito estado,Seca,Perfeito estado,Não existe,R-6a,,Dupla,Canteiro central,,
2019-08-15,13:15:00,SEM VÍTIMA,CANCELADA,CIDADE UNIVERSITÁRIA,AV PROFESSOR MORAES REGO,,,GIRADOR DA CIDADE UNIVERSITÁRIO,AV PROFESSOR MORAES REGO,,GIRADOR DA CIDADE UNIVERSITÁRIO,CIDADE UNIVERSITÁRIA,,,COLISÃO,ENTRE AUTO S/V,2,,,,,,,,,0,,,,,,,,,,,,,,
2019-08-15,13:27:00,COM VÍTIMA,FINALIZADA,BOA VISTA,RUA QUARENTA E OITO,,AV GOVERNADOR AGAMENON MAGALHAES,POSTO BR JOÃO DE BARROS,RUA QUARENTA E OITO,,POSTO BR JOÃO DE BARROS,BOA VISTA,,CIDADE,COLISÃO TRASEIRA,AUTO PASSEIO X MOTO COM VÍTIMA,1,1,,,,,,,,1,,Longo da via,Bom,Não existe,Perfeito estado,Seca,Mal conservada,Não existe,R-6a,,Única,Faixa seccionada,,
2019-08-15,13:33:00,SEM VÍTIMA,FINALIZADA,AREIAS,AV DR JOSE RUFINO,1552,,AO LADO DA 2º IGREJA BATISTA DE AREIAS,AV DR JOSE RUFINO,1552,AO LADO DA 2º IGREJA BATISTA DE AREIAS,AREIAS,44,CIDADE,ABALROAMENTO TRANSVERSAL,SEM VITIMA,1,1,,,,,,,,0,,Longo da via,Bom,Sem defeito,Perfeito estado,Seca,Perfeito estado,Não existe,R-6a,60 km/h,Dupla,Faixa contínua,,
2019-08-15,13:35:00,SEM VÍTIMA,FINALIZADA,ILHA DO RETIRO,RUA SPORT CLUBE DO RECIFE,,,EM FRENTE AO SPORT CLUBE DO RECIFE,RUA SPORT CLUBE DO RECIFE,,EM FRENTE AO SPORT CLUBE DO RECIFE,ILHA DO RETIRO,,CIDADE,ABALROAMENTO LONGITUDINAL,COLISAO ENTRE DOIS AUTOS S/V,2,,,,,,,,,0,,Longo da via,Bom,Sem defeito,Perfeito estado,Seca,Perfeito estado,Não existe,Não há placas,,Dupla,Não existe,,
2019-08-15,13:52:00,SEM VÍTIMA,FINALIZADA,BOA VIAGEM,AV CONSELHEIRO AGUIAR,,RUA PADRE CARAPUCEIRO,,AV CONSELHEIRO AGUIAR,,,BOA VIAGEM,115,CIDADE,ABALROAMENTO LONGITUDINAL,COLISAO SEM VITIMA,1,,,,,1,,,,0,,Cruzamento,Bom,Sem defeito,Perfeito estado,Seca,Perfeito estado,Faixa de pedestre,Outras,,Única,Faixa contínua,,
2019-08-15,13:43:00,SEM VÍTIMA,DUPLICIDADE,AREIAS,AV DR JOSE RUFINO,,,EM FRENTE AO POSTO SHELL/ COLEGIO INCENTIVO,AV DR JOSE RUFINO,,EM FRENTE AO POSTO SHELL/ COLEGIO INCENTIVO,AREIAS,,,COLISÃO,AUTO X MOTO S/V,1,1,,,,,,,,0,,,,,,,,,,,,,,
2019-08-15,14:05:00,COM VÍTIMA,FINALIZADA,ILHA DO RETIRO,AV BEIRA RIO,230,,SPORT CLUB DO RECIFE / CONDOMÍNIO EDIFÍCIO PORTAL DO CAPIBARIBE.,AV BEIRA RIO,230,SPORT CLUB DO RECIFE / CONDOMÍNIO EDIFÍCIO PORTAL DO CAPIBARIBE.,ILHA DO RETIRO,,CIDADE,COLISÃO TRASEIRA,AUTO PASSEIO X MOTO S/V,1,1,,,,,,,,1,,Longo da via,Bom,Não existe,Perfeito estado,Seca,Perfeito estado,Não existe,Não há placas,,Dupla,Faixa seccionada,,
2019-08-15,14:43:00,SEM VÍTIMA,FINALIZADA,PINA,AV HERCULANO BANDEIRA,563,,CARTORIO TABELIONATO FIGUEIREDO,AV HERCULANO BANDEIRA,563,CARTORIO TABELIONATO FIGUEIREDO,PINA,,SUBURBIO,ABALROAMENTO LONGITUDINAL,COLISÃO SEM VITIMA,1,,,,,1,,,,0,,Longo da via,Bom,Não existe,Perfeito estado,Seca,Perfeito estado,Não existe,Não há placas,,Única,Faixa seccionada,,
2019-08-15,15:20:00,SEM VÍTIMA,FINALIZADA,AFLITOS,AV CONS ROSA E SILVA,756,RUA VIGARIO BARRETO,EM FRENTE AO CONSULTÓRIO 756,AV CONS ROSA E SILVA,756,EM FRENTE AO CONSULTÓRIO 756,AFLITOS,,SUBURBIO,ABALROAMENTO LONGITUDINAL,COLISAO ENTRE AUTO E CARRO FORTE,1,,,,,,1,,,0,,,Bom,Não existe,Perfeito estado,Seca,Perfeito estado,Não existe,Outras,,Única,Faixa seccionada,,
2019-08-15,16:49:00,SEM VÍTIMA,FINALIZADA,,RUA CORREGO DO EUCLIDES,649,,,RUA CORREGO DO EUCLIDES,649,,,,SUBURBIO,ABALROAMENTO LONGITUDINAL,COLISAO ENTRE ONIBUS E AUTO S/V,1,,,,,1,,,,0,,Longo da via,Bom,Não existe,Incompleta,Seca,Perfeito estado,Não existe,Outras,40 km/h,Dupla,Faixa seccionada,,
2019-08-15,17:04:00,COM VÍTIMA,FINALIZADA,CORDEIRO,EST DO FORTE DO ARRAIAL N. DO B. JESUS,895,,POR TRÁS DO CAMPO DO 15,EST DO FORTE DO ARRAIAL N. DO B. JESUS,895,POR TRÁS DO CAMPO DO 15,CORDEIRO,,CIDADE,ABALROAMENTO LONGITUDINAL,AUTO E MOTO,1,1,,,,,,,,1,,Longo da via,Bom,Não existe,Incompleta,Seca,Perfeito estado,Não existe,R-6a,,Dupla,Faixa contínua,,
2019-08-15,17:25:00,COM VÍTIMA,CANCELADA,MUSTARDINHA,AV MANOEL GONCALVES DA LUZ,,,EM FRENTE A PRACA DO ABC,AV MANOEL GONCALVES DA LUZ,,EM FRENTE A PRACA DO ABC,MUSTARDINHA,,,ATROPELAMENTO,MOTO ATROPELOU UMA CRIANCA,,1,,,1,,,,,1,,,,,,,,,,,,,,
2019-08-15,18:04:00,SEM VÍTIMA,FINALIZADA,BOA VIAGEM,AV DOM JOAO VI,,,,AV DOM JOAO VI,,,BOA VIAGEM,,CIDADE,ABALROAMENTO LONGITUDINAL,ENTRE CAMINHÃO E AUTO. S/V,1,,,,,,1,,,0,,Longo da via,Bom,Não existe,Perfeito estado,Seca,Perfeito estado,Não existe,Outras,,Dupla,Canteiro central,,
2019-08-15,18:33:00,SEM VÍTIMA,FINALIZADA,IMBIRIBEIRA,RUA MURICI,2304,,EM FRENTE AO GALPÃO C,RUA MURICI,2304,EM FRENTE AO GALPÃO C,IMBIRIBEIRA,,CIDADE,ABALROAMENTO TRANSVERSAL,CAMINHAO DA PROSEGUR (VALORES) X ONIX,1,,,,,,1,,,0,,Longo da via,Bom,Não existe,Perfeito estado,Seca,Perfeito estado,Não existe,Não há placas,,Dupla,Não existe,,
2019-08-15,18:52:00,SEM VÍTIMA,CANCELADA,ALTO JOSÉ BONIFÁCIO,RUA ARLINDO CISNEIRO,108,,E/F A SANDRA BURGUER E SUPER DOGÃO / PRÓX A ASSEMBLEIA DE DEUS,RUA ARLINDO CISNEIRO,108,E/F A SANDRA BURGUER E SUPER DOGÃO / PRÓX A ASSEMBLEIA DE DEUS,ALTO JOSÉ BONIFÁCIO,,,ENGAVETAMENTO,ENTRE 3 AUTOS. S/V,3,,,,,,,,,0,,,,,,,,,,,,,,
2019-08-15,19:19:00,SEM VÍTIMA,FINALIZADA,SANTO AMARO,RUA DOIS DE JULHO,,,,RUA DOIS DE JULHO,,,SANTO AMARO,,CIDADE,COLISÃO FRONTAL,FIAT X COROLA,2,,,,,,,,,0,,Longo da via,Bom,Não existe,Não existente,Seca,Mal iluminada,Não existe,Não há placas,,Dupla,Não existe,,
2019-08-15,19:26:00,SEM VÍTIMA,FINALIZADA,BOA VIAGEM,RUA ANTONIO FALCAO,,,EM FRENTE A PARQUE DO TRIGO,RUA ANTONIO FALCAO,,EM FRENTE A PARQUE DO TRIGO,BOA VIAGEM,,SUBURBIO,ABALROAMENTO TRANSVERSAL,COROLA X HB 20 OBS. SUSPEITA DE EMBRIAGUEZ,2,,,,,,,,,0,,Longo da via,Bom,Não existe,Perfeito estado,Seca,Perfeito estado,Não existe,Não há placas,60 km/h,Única,Não existe,,
2019-08-15,19:32:00,SEM VÍTIMA,FINALIZADA,CAXANGÁ,RUA EMILIANO BRAGA,,,,RUA EMILIANO BRAGA,,,CAXANGÁ,,CIDADE,ABALROAMENTO LONGITUDINAL,ENTRE 2 AUTOS. S/V,1,,,,,,1,,,0,,Longo da via,Bom,Não existe,Perfeito estado,Seca,Perfeito estado,Outros,Outras,,Única,Faixa seccionada,,
2019-08-15,19:38:00,SEM VÍTIMA,FINALIZADA,PINA,AV CONSELHEIRO AGUIAR,,RUA PEREIRA DA COSTA,SEMÁFORO 140,AV CONSELHEIRO AGUIAR,,SEMÁFORO 140,PINA,140,CIDADE,COLISÃO TRASEIRA,ENTRE 2 AUTOS. S/V,2,,,,,,,,,0,,,Bom,Com defeito,,Seca,Perfeito estado,Faixa de pedestre,R-6a,,Única,Faixa seccionada,,
2019-08-15,19:53:00,SEM VÍTIMA,FINALIZADA,CASA AMARELA,AV NORTE,,AV PROFESSOR JOSE DOS ANJOS,SEMÁFORO 364,AV NORTE,,SEMÁFORO 364,CASA AMARELA,364,SUBURBIO,ABALROAMENTO LONGITUDINAL,ENTRE 2 AUTOS. S/V,2,,,,,,,,,0,,Cruzamento,Chuvoso,Sem defeito,Perfeito estado,Seca,Perfeito estado,Faixa de pedestre,Placas Pare,40 km/h,Dupla,Canteiro central,,
2019-08-15,20:18:00,COM VÍTIMA,FINALIZADA,PINA,AV CONSELHEIRO AGUIAR,550,RUA PEREIRA DA COSTA,E/F A URBAN ARTS -- SEMÁFORO 140,AV CONSELHEIRO AGUIAR,550,E/F A URBAN ARTS -- SEMÁFORO 140,PINA,140,CIDADE,ABALROAMENTO TRANSVERSAL,ENTRE AUTO E MOTO. C/V,1,1,,,,,,,,1,,Cruzamento,Bom,Com defeito,Perfeito estado,Seca,Perfeito estado,Faixa de pedestre,,,Única,Faixa seccionada,,
2019-08-15,20:32:00,SEM VÍTIMA,FINALIZADA,,RUA BENFICA,568,,POSTO BR PETRÓBRAS,RUA BENFICA,568,POSTO BR PETRÓBRAS,,,SUBURBIO,CHOQUE VEÍCULO PARADO,LOGAN X NISSA FRONTIER,2,,,,,,,,,0,,Outros,Bom,Não existe,Perfeito estado,Seca,Perfeito estado,Outros,Outras,,Dupla,Faixa seccionada,,
2019-08-15,20:51:00,SEM VÍTIMA,FINALIZADA,IMBIRIBEIRA,AV MARECHAL MASCARENHAS DE MORAES,,AV PINHEIROS,SEMÁFORO 396,AV MARECHAL MASCARENHAS DE MORAES,,SEMÁFORO 396,IMBIRIBEIRA,396,,ABALROAMENTO LONGITUDINAL,ÕNIBUS X AUTO PASSEIO. S/V,1,,,,,1,,,,0,,Cruzamento,Chuvoso,Sem defeito,Perfeito estado,Molhada,Perfeito estado,Faixa de pedestre,R-6a,50 km/h,Dupla,Canteiro central,,
2019-08-15,21:47:00,SEM VÍTIMA,FINALIZADA,ALTO SANTA TERESINHA,RUA TAMBOARA,977,,FRENTE A LOJA ANA K MODAS,RUA TAMBOARA,977,FRENTE A LOJA ANA K MODAS,ALTO SANTA TERESINHA,,CIDADE,ABALROAMENTO LONGITUDINAL,ONIBUS CAXANGA X PALIO,1,,,,,1,,,,0,,Longo da via,Chuvoso,Não existe,Não existente,Molhada,Perfeito estado,Não existe,Não há placas,40 km/h,Dupla,Não existe,,
2019-08-16,00:17:00,COM VÍTIMA,FINALIZADA,BOA VIAGEM,RUA DEZ DE JULHO,210,RUA CAMBOIM,EM FRENTE AO MAISON CHRISTAL,RUA DEZ DE JULHO,210,EM FRENTE AO MAISON CHRISTAL,BOA VIAGEM,,,ABALROAMENTO TRANSVERSAL,COLISÃO ENTRE CAMINHÃO E MOTO  C/V,,1,,,,,1,,,1,,Cruzamento,Chuvoso,Não existe,Perfeito estado,Molhada,Mal iluminada,Não existe,Placas Pare,,Única,Faixa seccionada,,
2019-08-16,06:27:00,COM VÍTIMA,FINALIZADA,ESPINHEIRO,RUA SAMUEL CAMPELO,942,RUA QUARENTA E OITO,EM FRENTE A GALERIA 48 CENTER,RUA SAMUEL CAMPELO,942,EM FRENTE A GALERIA 48 CENTER,ESPINHEIRO,,CIDADE,ABALROAMENTO LONGITUDINAL,AUTO E MOTO,1,1,,,,,,,,2,,Cruzamento,Bom,Não existe,Perfeito estado,Seca,Perfeito estado,Não existe,Não há placas,,Única,Faixa seccionada,,
2019-08-16,07:04:00,COM VÍTIMA,FINALIZADA,BOA VIAGEM,AV CONSELHEIRO AGUIAR,550,RUA PEREIRA DA COSTA,EM FRENTE A LOJA URBAN ARTS. EM PORIO DA LUZ,AV CONSELHEIRO AGUIAR,550,EM FRENTE A LOJA URBAN ARTS. EM PORIO DA LUZ,BOA VIAGEM,140,SUBURBIO,ABALROAMENTO TRANSVERSAL,COLISÃO COM VITIMA A ESPERA DO SAMU,1,,,,,1,,,,1,,Cruzamento,Bom,Com defeito,Perfeito estado,Seca,Perfeito estado,,R-6a,,Única,Faixa seccionada,,
2019-08-16,07:23:00,SEM VÍTIMA,FINALIZADA,BOA VIAGEM,RUA CRUZEIRO DO FORTE,,RUA COSMORAMA,,RUA CRUZEIRO DO FORTE,,,BOA VIAGEM,,,ABALROAMENTO TRANSVERSAL,COLISÃO SEM VITIMAS,2,,,,,,,,,0,,Cruzamento,Bom,Não existe,Não existente,Seca,Perfeito estado,Não existe,Não há placas,,Dupla,Não existe,,
2019-08-16,08:00:00,SEM VÍTIMA,CANCELADA,ILHA DO RETIRO,AV ENGENHEIRO ABDIAS DE CARVALHO,,RUA TABAIARES,EM FRENTE AO SPORT  NO SEMAFORO 355,AV ENGENHEIRO ABDIAS DE CARVALHO,,EM FRENTE AO SPORT  NO SEMAFORO 355,ILHA DO RETIRO,355,,COLISÃO,DOIS AUTOS,2,,,,,,,,,0,,,,,,,,,,,,,,
2019-08-16,08:13:00,COM VÍTIMA,FINALIZADA,IMBIRIBEIRA,AV MARECHAL MASCARENHAS DE MORAES,1200,,EM FRENTE A REAL ONIBUS,AV MARECHAL MASCARENHAS DE MORAES,1200,EM FRENTE A REAL ONIBUS,IMBIRIBEIRA,,CIDADE,COLISÃO TRASEIRA,COLISÃO C/VITIMAS ENTRE UMA MOTO E UM AUTO,1,1,,,,,,,,1,,Longo da via,Bom,Não existe,Perfeito estado,Seca,Perfeito estado,,Não há placas,60 km/h,Dupla,Canteiro central,,
2019-08-16,08:33:00,SEM VÍTIMA,FINALIZADA,ENCRUZILHADA,RUA DR JOSE MARIA,,RUA GENERAL ARTUR OSCAR,,RUA DR JOSE MARIA,,,ENCRUZILHADA,,SUBURBIO,ABALROAMENTO LONGITUDINAL,DOIS AUTOS VT NO LOCAL,2,,,,,,,,,0,,Cruzamento,Chuvoso,Não existe,Perfeito estado,Molhada,Perfeito estado,Faixa de pedestre,Placas Pare,,Dupla,Faixa seccionada,,
2019-08-16,09:17:00,SEM VÍTIMA,FINALIZADA,PINA,AV HERCULANO BANDEIRA,,RUA SAO LUIZ,FARMACIA DO TRABALHADOR,AV HERCULANO BANDEIRA,,FARMACIA DO TRABALHADOR,PINA,,SUBURBIO,ABALROAMENTO LONGITUDINAL,COLISAO SEM VITIMAS,1,,,,,1,,,,0,,Longo da via,Bom,Não existe,Perfeito estado,Seca,Perfeito estado,Não existe,Placas Pare,,Única,Faixa seccionada,,
2019-08-16,09:20:00,SEM VÍTIMA,FINALIZADA,BOA VIAGEM,RUA SETUBAL,,RUA DR VICENTE GOMES,,RUA SETUBAL,,,BOA VIAGEM,60,CIDADE,ABALROAMENTO LONGITUDINAL,COLISAO SEM VITIMAS,1,,,,,1,,,,0,,,Bom,Sem defeito,Perfeito estado,Seca,Perfeito estado,Faixa de pedestre,,,,,,
2019-08-16,09:58:00,SEM VÍTIMA,FINALIZADA,IMBIRIBEIRA,AV MARECHAL MASCARENHAS DE MORAES,474,RUA ALVARO AMORIM,LOJA FLOR ARTE,AV MARECHAL MASCARENHAS DE MORAES,474,LOJA FLOR ARTE,IMBIRIBEIRA,316,SUBURBIO,ABALROAMENTO LONGITUDINAL,DOIS AUTOS,2,,,,,,,,,0,,Cruzamento,Chuvoso,Sem defeito,Perfeito estado,Seca,Perfeito estado,Faixa de pedestre,Não há placas,60 km/h,Dupla,Canteiro central,,
2019-08-16,10:48:00,SEM VÍTIMA,CANCELADA,BOA VIAGEM,RUA ANTONIO FALCAO,384,AV ENGENHEIRO DOMINGOS FERREIRA,EM FRENTE AO SANTANDER,RUA ANTONIO FALCAO,384,EM FRENTE AO SANTANDER,BOA VIAGEM,145,SUBURBIO,COLISÃO,COLISAO SEM VITIMAS,2,,,,,,,,,0,,,,,,,,,,,,,,
2019-08-16,10:49:00,SEM VÍTIMA,FINALIZADA,NOVA DESCOBERTA,RUA RITA ANTONIO FELIX,5064,,,RUA RITA ANTONIO FELIX,5064,,NOVA DESCOBERTA,,SUBURBIO,CHOQUE VEÍCULO PARADO,COLISÃO SEM VITIMAS,1,,,,,,1,,,0,,Longo da via,Bom,Não existe,Não existente,Seca,Perfeito estado,Não existe,Não há placas,,Dupla,Não existe,,