data,hora,natureza_acidente,situacao,bairro,endereco,numero,detalhe_endereco_acidente,complemento,endereco_cruzamento,numero_cruzamento,referencia_cruzamento,bairro_cruzamento,num_semaforo,sentido_via,tipo,descricao,auto,moto,ciclom,ciclista,pedestre,onibus,caminhao,viatura,outros,vitimas,vitimasfatais,acidente_verificado,tempo_clima,situacao_semaforo,sinalizacao,condicao_via,conservacao_via,ponto_controle,situacao_placa,velocidade_max_via,mao_direcao,divisao_via1,divisao_via2,divisao_via3
2019-08-16,11:01:00,SEM VÍTIMA,FINALIZADA,AFOGADOS,RUA SANTOS ARAUJO,,,EM FRENTE AO POSTO BRAZ PETRO,RUA SANTOS ARAUJO,,EM FRENTE AO POSTO BRAZ PETRO,AFOGADOS,333,SUBURBIO,COLISÃO TRASEIRA,COLISÃO SEM VITIMAS,1,,,,,,1,,,0,,Longo da via,Chuvoso,Sem defeito,Perfeito estado,Molhada,Perfeito estado,Faixa de pedestre,Outras,,Única,Faixa seccionada,,
2019-08-16,11:07:00,COM VÍTIMA,FINALIZADA,BOA VISTA,AV GOVERNADOR CARLOS DE LIMA CAVALCANTI,,RUA DOM BOSCO,EM FRENTE AO POSTO DE GASOLINA IPIRANGA,AV GOVERNADOR CARLOS DE LIMA CAVALCANTI,,EM FRENTE AO POSTO DE GASOLINA IPIRANGA,BOA VISTA,27,SUBURBIO,COLISÃO TRASEIRA,AUTO E MOTO,1,1,,,,,,,,1,,Cruzamento,Chuvoso,Sem defeito,Perfeito estado,Molhada,Perfeito estado,Faixa de pedestre,R-6a,,Dupla,Canteiro central,,
2019-08-16,11:18:00,SEM VÍTIMA,FINALIZADA,SAN MARTIN,AV GENERAL SAN MARTIN,,,GIRADOR DE SAN MARTIN,AV GENERAL SAN MARTIN,,GIRADOR DE SAN MARTIN,SAN MARTIN,,CIDADE,COLISÃO TRASEIRA,DOIS AUTOS,1,,,,,,,,,0,,,Bom,Não existe,Incompleta,Molhada,Perfeito estado,,,,,,,
2019-08-16,11:34:00,COM VÍTIMA,FINALIZADA,IMBIRIBEIRA,RUA JOSE DA SILVA LUCENA,288,,ATRÁS DA FERREIRA COSTA (PROX. AO MURO DA ESTAÇÃO SHOPPING),RUA JOSE DA SILVA LUCENA,288,ATRÁS DA FERREIRA COSTA (PROX. AO MURO DA ESTAÇÃO SHOPPING),IMBIRIBEIRA,,CIDADE,ABALROAMENTO LONGITUDINAL,COLISÃO SEM VITIMAS,1,1,,,,,,,,1,,Longo da via,Bom,Não existe,Não existente,Seca,Perfeito estado,Não existe,Não há placas,,Dupla,Não existe,,
2019-08-16,11:43:00,SEM VÍTIMA,FINALIZADA,DERBY,PRC DO DERBY,,AV GOVERNADOR AGAMENON MAGALHAES,,PRC DO DERBY,,,DERBY,75,,COLISÃO FRONTAL,COLISAO SEM VITIMAS,1,1,,,,,,,,0,,Cruzamento,Chuvoso,Sem defeito,Perfeito estado,Molhada,Perfeito estado,Faixa de pedestre,,60 km/h,Dupla,Canal,,
2019-08-16,11:57:00,SEM VÍTIMA,CANCELADA,BOA VIAGEM,AV CONSELHEIRO AGUIAR,,,EM FRENTE AO BANDO ITAU PERSONALITE,AV CONSELHEIRO AGUIAR,,EM FRENTE AO BANDO ITAU PERSONALITE,BOA VIAGEM,,,COLISÃO,COLISÃO SEM VITIMA,2,,,,,,,,,0,,,,,,,,,,,,,,
2019-08-16,12:10:00,SEM VÍTIMA,FINALIZADA,SÃO JOSÉ,RUA IMPERIAL,,,,RUA IMPERIAL,,,SÃO JOSÉ,511,SUBURBIO,ABALROAMENTO TRANSVERSAL,COLISÃO SEM VÍTIMA,2,,,,,,,,,0,,Cruzamento,Bom,Sem defeito,Perfeito estado,Molhada,Perfeito estado,Agente,Outras,,Única,Não existe,,
2019-08-16,13:41:00,SEM VÍTIMA,FINALIZADA,BEBERIBE,AV BEBERIBE,,,EM FRENTE AO Nº 4472,AV BEBERIBE,,EM FRENTE AO Nº 4472,BEBERIBE,348,SUBURBIO,ABALROAMENTO LONGITUDINAL,COLISAO ENTRE ONIBUS E CAMINHAO S/V,,,,,,1,1,,,0,,Longo da via,Bom,Sem defeito,Não existente,Seca,Perfeito estado,Faixa de pedestre,Não há placas,,Dupla,Faixa contínua,,
2019-08-16,13:53:00,SEM VÍTIMA,FINALIZADA,JARDIM SÃO PAULO,AV RECIFE,5697,,EM FRENTE AO SEMÁFORO,AV RECIFE,5697,EM FRENTE AO SEMÁFORO,JARDIM SÃO PAULO,259,SUBURBIO,COLISÃO TRASEIRA,COLISÃO SEM VÍTIMA,2,1,,,,,,,,0,,Longo da via,Bom,Sem defeito,Perfeito estado,Seca,Perfeito estado,Agente,Outras,60 km/h,Única,Faixa contínua,,
2019-08-16,14:02:00,SEM VÍTIMA,FINALIZADA,,AV ARMINDO MOURA,,,EM FRENTE AO Nº 172,AV ARMINDO MOURA,,EM FRENTE AO Nº 172,,,SUBURBIO,ABALROAMENTO TRANSVERSAL,COLISÃO SEM VITIMA,1,1,,,,,,,,0,,Longo da via,Bom,Não existe,Perfeito estado,Seca,Perfeito estado,Não existe,Não há placas,,Dupla,Não existe,,
2019-08-16,14:07:00,SEM VÍTIMA,FINALIZADA,DOIS IRMÃOS,,,,LAVAGRO / BIBLIOTECA DA RURAL,,,LAVAGRO / BIBLIOTECA DA RURAL,DOIS IRMÃOS,,SUBURBIO,COLISÃO TRASEIRA,COLISAO ENTRE DOIS AUTOS S/V,2,,,,,,,,,0,,,Nublado,Não existe,Não existente,,,Não existe,,,Dupla,Não existe,,
2019-08-16,14:33:00,VÍTIMA FATAL,FINALIZADA,BOA VISTA,AV CONDE DA BOA VISTA,,RUA DAS NINFAS,EM FRENTE A CASA LOTERICA PONTO DA SORTE,AV CONDE DA BOA VISTA,,EM FRENTE A CASA LOTERICA PONTO DA SORTE,BOA VISTA,,CIDADE,ATROPELAMENTO,ATROPELAMENTO ENTRE MOTO E PEDESTRE.,,1,,,1,,,,,1,1,Não informado,Bom,Não existe,,Seca,Perfeito estado,,,,,,,
2019-08-16,14:51:00,COM VÍTIMA,FINALIZADA,DOIS IRMÃOS,RUA MANUEL DE MEDEIROS,,,APÓS O BAR DA CURVA,RUA MANUEL DE MEDEIROS,,APÓS O BAR DA CURVA,DOIS IRMÃOS,,,CAPOTAMENTO,VEÍCULO CAPOTADO NO LOCAL - CLIO - VÍTIMA SOCORRIDA PARA UPA DA CAXANGÁ SEGUNDO -- DA IMPRENSA CTTU - INFORMAÇÃO COLHIDA EM GRUPOS DE WHATSSAP DO SAMU E CONFIRMADA PELA VT-06 E VT 08 AMBAS DA CTTU.,1,,,,,,,,,1,,,,,,,,,,,,,,
2019-08-16,14:54:00,SEM VÍTIMA,FINALIZADA,AFOGADOS,RUA CARLOS PENA FILHO,,,AO LADO DO POSTO FEDERAL,RUA CARLOS PENA FILHO,,AO LADO DO POSTO FEDERAL,AFOGADOS,,SUBURBIO,ABALROAMENTO TRANSVERSAL,COLISÃO SEM VITIMAS,3,,,,,,,,,0,,Longo da via,Bom,Não existe,Incompleta,Seca,Perfeito estado,Não existe,Outras,,Dupla,Não existe,,
2019-08-16,15:13:00,SEM VÍTIMA,FINALIZADA,FUNDÃO,AV BEBERIBE,,AV CIDADE DE MONTEIRO,SEMÁFORO 388,AV BEBERIBE,,SEMÁFORO 388,FUNDÃO,388,SUBURBIO,ABALROAMENTO LONGITUDINAL,COLISÃO SEM VÍTIMA,1,,,,,1,,,,0,,Cruzamento,Bom,Sem defeito,Perfeito estado,Seca,Perfeito estado,Faixa de pedestre,R-6a,,Dupla,Faixa seccionada,,
2019-08-16,15:19:00,COM VÍTIMA,FINALIZADA,TORRE,RUA CONDE DE IRAJA,974,RUA PADRE LANDIM,E/F AO SACOLÃO EXPRESS,RUA CONDE DE IRAJA,974,E/F AO SACOLÃO EXPRESS,TORRE,,,ABALROAMENTO TRANSVERSAL,COLISAO ENTRE AUTO E MOTO COM UMA VITIMA,1,1,,,,,,,,2,,Cruzamento,Chuvoso,Não existe,Perfeito estado,Seca,Perfeito estado,Não existe,R-6a,,,Faixa seccionada,,
2019-08-16,15:22:00,SEM VÍTIMA,FINALIZADA,COQUEIRAL,RUA QUINZE DE NOVEMBRO,,RUA GUANABARA,PRÓXIMO A ESTAÇÃO DE METRÔ COQUEIRAL,RUA QUINZE DE NOVEMBRO,,PRÓXIMO A ESTAÇÃO DE METRÔ COQUEIRAL,COQUEIRAL,,SUBURBIO,ABALROAMENTO LONGITUDINAL,COLISÃO SEM VÍTIMA,1,,,,,,1,,,0,,,Bom,Não existe,Perfeito estado,Seca,Perfeito estado,Não existe,Placas Pare,,Dupla,Não existe,,
2019-08-16,15:23:00,COM VÍTIMA,FINALIZADA,IMBIRIBEIRA,RUA ITACARI,,RUA ITAJAI,PROX. A EMPRESA YNOVE,RUA ITACARI,,PROX. A EMPRESA YNOVE,IMBIRIBEIRA,,SUBURBIO,ABALROAMENTO TRANSVERSAL,COLISÃO COM VITIMA,,1,,,,,1,,,1,,Cruzamento,Chuvoso,Não existe,Perfeito estado,Seca,Perfeito estado,Não existe,Placas Pare,,,Faixa seccionada,,
2019-08-16,18:17:00,SEM VÍTIMA,FINALIZADA,ILHA DO LEITE,PTE JOSE DE BARROS LIMA,,,,PTE JOSE DE BARROS LIMA,,,ILHA DO LEITE,,CIDADE,COLISÃO TRASEIRA,COLISÃO SOBRE A PONTE DE DOIS AUTOMÓVEIS,2,,,,,,,,,0,,Ponte,Chuvoso,Não existe,Não existente,Molhada,Perfeito estado,Não existe,Não há placas,,Dupla,Canteiro central,,
2019-08-16,18:19:00,SEM VÍTIMA,FINALIZADA,CORDEIRO,RUA TIJUCAS,198,,EM FRENTE A CHURRASCARIA JOÃO DA CARNE DE SOL,RUA TIJUCAS,198,EM FRENTE A CHURRASCARIA JOÃO DA CARNE DE SOL,CORDEIRO,,,COLISÃO TRASEIRA,ENTRE 2 AUTOS. S/V,2,,,,,,,,,0,,Longo da via,Bom,Não existe,Perfeito estado,Seca,Perfeito estado,Não existe,Outras,30 km/h,Dupla,Não existe,,
2019-08-16,18:28:00,SEM VÍTIMA,CANCELADA,IPUTINGA,RUA PROFESSOR JULIO OLIVEIRA,,,PRÓX AO ATACADÃO / AO LADO DO VIADUTO DA CAXANGÁ,RUA PROFESSOR JULIO OLIVEIRA,,PRÓX AO ATACADÃO / AO LADO DO VIADUTO DA CAXANGÁ,IPUTINGA,,,COLISÃO,ENTRE 2 AUTOS. S/V,2,,,,,,,,,0,,,,,,,,,,,,,,
2019-08-16,18:36:00,SEM VÍTIMA,CANCELADA,IMBIRIBEIRA,AV MARECHAL MASCARENHAS DE MORAES,,,ENTRE A TUPAN E UPA  SNT CID,AV MARECHAL MASCARENHAS DE MORAES,,ENTRE A TUPAN E UPA  SNT CID,IMBIRIBEIRA,,,COLISÃO,ENTRE AUTO E ÔNIBUS. S/V,1,,,,,1,,,,0,,,,,,,,,,,,,,
2019-08-16,18:37:00,SEM VÍTIMA,FINALIZADA,TAMARINEIRA,AV NORTE,,,EM FRENTE AO Nº 4223,AV NORTE,,EM FRENTE AO Nº 4223,TAMARINEIRA,,CIDADE,ABALROAMENTO LONGITUDINAL,ENTRE AUTO E ÔNIBUS. S/V,1,,,,,1,,,,0,,Longo da via,Bom,Sem defeito,Perfeito estado,Seca,Perfeito estado,Faixa de pedestre,,,Dupla,Canteiro central,,
2019-08-16,19:01:00,COM VÍTIMA,FINALIZADA,CAMPO GRANDE,RUA ODORICO MENDES,123,,ESQUINA COM O COLÉGIO JESUS CRUCIFICADO E CLUBE DAS PÁS,RUA ODORICO MENDES,123,ESQUINA COM O COLÉGIO JESUS CRUCIFICADO E CLUBE DAS PÁS,CAMPO GRANDE,,SUBURBIO,ABALROAMENTO LONGITUDINAL,ENTRE AUTO E MOTO. C/V,1,1,,,,,,,,1,,Longo da via,Bom,Sem defeito,Perfeito estado,Seca,Perfeito estado,Outros,R-6a,,Dupla,Faixa seccionada,,
2019-08-16,19:10:00,COM VÍTIMA,FINALIZADA,BOA VIAGEM,RUA CAMBOIM,,RUA DEZ DE JULHO,E/F A CASA DE FESTA MEZON CRISTAL,RUA CAMBOIM,,E/F A CASA DE FESTA MEZON CRISTAL,BOA VIAGEM,,CIDADE,ABALROAMENTO LONGITUDINAL,AUTO E MOTO.,1,1,,,,,,,,1,,Não informado,Bom,Não existe,Perfeito estado,Seca,Perfeito estado,Não existe,Placas Pare,,Única,Faixa seccionada,,
2019-08-16,19:52:00,SEM VÍTIMA,FINALIZADA,MADALENA,RUA REAL DA TORRE,,RUA PADRE ANCHIETA,,RUA REAL DA TORRE,,,MADALENA,192,SUBURBIO,ABALROAMENTO TRANSVERSAL,ENTRE 2 AUTOS. S/V,2,,,,,,,,,0,,Cruzamento,Bom,Sem defeito,Perfeito estado,Seca,Perfeito estado,Faixa de pedestre,R-6a,,Única,Faixa seccionada,,
2019-08-16,20:02:00,SEM VÍTIMA,FINALIZADA,ÁGUA FRIA,AV BEBERIBE,,,LADO OPOSTO MERCADO DE ÁGUA FRIA,AV BEBERIBE,,LADO OPOSTO MERCADO DE ÁGUA FRIA,ÁGUA FRIA,,CIDADE,ABALROAMENTO LONGITUDINAL,ENTRE AUTO E ÔNIBUS. S/V,1,,,,,,1,,,0,,Longo da via,Bom,Não existe,Perfeito estado,Seca,Perfeito estado,Não existe,Não há placas,,Única,Faixa seccionada,,
2019-08-16,21:16:00,SEM VÍTIMA,FINALIZADA,CAMPO GRANDE,RUA ODORICO MENDES,220,RUA SEBASTIAO GALVAO,,RUA ODORICO MENDES,220,,CAMPO GRANDE,,SUBURBIO,ABALROAMENTO LONGITUDINAL,AUTO X CAMINHÃO. S/V,1,,,,,,,,,0,,Cruzamento,Bom,Não existe,Perfeito estado,Seca,Perfeito estado,,,,Dupla,Faixa seccionada,,
2019-08-16,23:01:00,SEM VÍTIMA,FINALIZADA,BARRO,AV DR JOSE RUFINO,,,ALÇA DE SAÍDA DA BR 101,AV DR JOSE RUFINO,,ALÇA DE SAÍDA DA BR 101,BARRO,,CIDADE,ABALROAMENTO LONGITUDINAL,ONIBUS X AUTO PASSEIO. S/V,1,,,,,1,,,,0,,Longo da via,Bom,Não existe,Perfeito estado,Seca,Perfeito estado,Não existe,Não há placas,,Dupla,Faixa seccionada,Canteiro central,
2019-08-17,00:03:00,COM VÍTIMA,FINALIZADA,IPSEP,AV RECIFE,,,PRÓX A ENTRADA DO IBURA // EM FRENTE AO POSTO SHELL   SENTIDO CEASA,AV RECIFE,,PRÓX A ENTRADA DO IBURA // EM FRENTE AO POSTO SHELL   SENTIDO CEASA,IPSEP,55,CEASA,COLISÃO TRASEIRA,COLISÃO ENTRE AUTO E MOTO  COM VÍTIMA,1,1,,,,,,,,1,,Longo da via,Bom,Sem defeito,Perfeito estado,Seca,Perfeito estado,,,,Dupla,Canteiro central,,
2019-08-17,05:04:00,SEM VÍTIMA,FINALIZADA,BOA VIAGEM,AV CONSELHEIRO AGUIAR,,,EM FRENTE AO SANTANDER,AV CONSELHEIRO AGUIAR,,EM FRENTE AO SANTANDER,BOA VIAGEM,,,CHOQUE OBJETO FIXO,,,,,,,,,,,0,,Longo da via,Bom,Não existe,Perfeito estado,Seca,Perfeito estado,,,,,,,
2019-08-17,07:33:00,COM VÍTIMA,FINALIZADA,MADALENA,RUA JOSE OSORIO,,AV BEIRA RIO,NA DESCIDA DA PONTE DA CAPUNGA,RUA JOSE OSORIO,,NA DESCIDA DA PONTE DA CAPUNGA,MADALENA,387,SUBURBIO,ABALROAMENTO TRANSVERSAL,COLISÃO COM VITIMA ENTRE DOIS AUTOS.,2,,,,,,,,,1,,Cruzamento,Bom,Sem defeito,Perfeito estado,Seca,Perfeito estado,Faixa de pedestre,Outras,40 km/h,Única,Não existe,,
2019-08-17,08:27:00,SEM VÍTIMA,FINALIZADA,IPUTINGA,RUA EMILIANO BRAGA,185,,EM FRENTE AO RESTAURANTE PARAIBANO´S BAR,RUA EMILIANO BRAGA,185,EM FRENTE AO RESTAURANTE PARAIBANO´S BAR,IPUTINGA,,,COLISÃO,COLISÃO SEM VITIMAS,1,,,,,1,,,,0,,,,,,,,,,,,,,
2019-08-17,08:47:00,SEM VÍTIMA,FINALIZADA,IMBIRIBEIRA,AV MARECHAL MASCARENHAS DE MORAES,2156,,EM FRENTE A CONCESSIONÁRIA ITALIANA,AV MARECHAL MASCARENHAS DE MORAES,2156,EM FRENTE A CONCESSIONÁRIA ITALIANA,IMBIRIBEIRA,,SUBURBIO,ABALROAMENTO TRANSVERSAL,COLISÃO S/VITIMAS ENTRE DOIS AUTOS,2,,,,,,,,,0,,Longo da via,Bom,Não existe,Perfeito estado,Seca,Perfeito estado,,Outras,,Dupla,Canteiro central,,
2019-08-17,10:30:00,SEM VÍTIMA,FINALIZADA,BOA VIAGEM,AV CONSELHEIRO AGUIAR,4200,RUA RIBEIRO DE BRITO,POSTO BR,AV CONSELHEIRO AGUIAR,4200,POSTO BR,BOA VIAGEM,147,CIDADE,ABALROAMENTO LONGITUDINAL,COLISAO ENTRE ONIBUS E AUTO S/V,1,,,,,1,,,,0,,Cruzamento,Bom,Sem defeito,Perfeito estado,Seca,Perfeito estado,Faixa de pedestre,Outras,,Única,Faixa seccionada,,
2019-08-17,10:47:00,SEM VÍTIMA,FINALIZADA,BOA VIAGEM,RUA PROFESSOR AUGUSTO LINS E SILVA,,RUA GENERAL SALGADO,,RUA PROFESSOR AUGUSTO LINS E SILVA,,,BOA VIAGEM,,SUBURBIO,ABALROAMENTO TRANSVERSAL,COLISÃO SEM VITIMAS,2,,,,,,,,,0,,Cruzamento,Bom,Não existe,Perfeito estado,Seca,Perfeito estado,Não existe,Placas Pare,,Dupla,Não existe,,
2019-08-17,10:47:00,SEM VÍTIMA,FINALIZADA,IPUTINGA,EST DO BARBALHO,XX,,AO LADO DI BIG BOMPREÇO,EST DO BARBALHO,XX,AO LADO DI BIG BOMPREÇO,IPUTINGA,,,COLISÃO,COLISÃO ENVOLVENDO TRÊS AUTOS SEM VÍTIMAS,3,,,,,,,,,0,,,,,,,,,,,,,,
2019-08-17,10:58:00,SEM VÍTIMA,FINALIZADA,JARDIM SÃO PAULO,RUA SENADOR ALBERTO PASQUALINI,,,,RUA SENADOR ALBERTO PASQUALINI,,,JARDIM SÃO PAULO,,SUBURBIO,COLISÃO TRASEIRA,COLISÃO S/VITIMAS ENTRE UM ONIBUS E KOMBI,1,,,,,1,,,,0,,Longo da via,Bom,Não existe,Incompleta,Seca,Perfeito estado,Não existe,Outras,40 km/h,Única,Não existe,,
2019-08-17,11:18:00,SEM VÍTIMA,FINALIZADA,BOA VISTA,RUA JOSE DE ALENCAR,140,,E/F AO SHOPPING BOA VISTA,RUA JOSE DE ALENCAR,140,E/F AO SHOPPING BOA VISTA,BOA VISTA,,CIDADE,ABALROAMENTO TRANSVERSAL,COLISAO ENTRE DOIS AUTOS S/V,2,,,,,,,,,0,,Longo da via,Bom,Não existe,Perfeito estado,Seca,Perfeito estado,Não existe,Placas Pare,,Única,Não existe,,
2019-08-17,11:40:00,COM VÍTIMA,FINALIZADA,BARRO,AV DR JOSE RUFINO,2260,,E/F A IGREJA CATOLICA DO BARRO,AV DR JOSE RUFINO,2260,E/F A IGREJA CATOLICA DO BARRO,BARRO,,SUBURBIO,CHOQUE VEÍCULO PARADO,COLISAO ENTRE AUTO E MOTO COM UMA VITIMA,1,1,,,,,,,,1,,Longo da via,Bom,Não existe,Perfeito estado,Seca,Perfeito estado,Não existe,R-6a,,Dupla,Faixa contínua,,
2019-08-17,12:02:00,SEM VÍTIMA,FINALIZADA,IMBIRIBEIRA,AV PINHEIROS,70,,LOTERIA A IMPERIAL,AV PINHEIROS,70,LOTERIA A IMPERIAL,IMBIRIBEIRA,396,SUBURBIO,ABALROAMENTO TRANSVERSAL,COLISAO ENTRE DOIS AUTOS S/V,2,,,,,,,,,0,,Longo da via,Bom,Sem defeito,Perfeito estado,Seca,Perfeito estado,Faixa de retenção,Outras,40 km/h,Dupla,Não existe,,
2019-08-17,12:04:00,SEM VÍTIMA,FINALIZADA,VÁRZEA,RUA MARECHAL MANOEL LUIS OSORIO,,RUA PROFESSOR ANTONIO COELHO,AO LADO DO COLEGIO PONTUAL,RUA MARECHAL MANOEL LUIS OSORIO,,AO LADO DO COLEGIO PONTUAL,VÁRZEA,,SUBURBIO,ABALROAMENTO TRANSVERSAL,ONIBUS X AUTO PASSEIO S/V,1,,,,,1,,,,0,,Cruzamento,Bom,Não existe,Perfeito estado,Seca,Perfeito estado,Não existe,,,Dupla,Faixa contínua,,
2019-08-17,12:27:00,COM VÍTIMA,FINALIZADA,TORRE,AV BEIRA RIO,1303,RUA JOSE DE HOLANDA,AO LADO DO MARTELINHO DE OURO,AV BEIRA RIO,1303,AO LADO DO MARTELINHO DE OURO,TORRE,,SUBURBIO,ABALROAMENTO LONGITUDINAL,COLISÃO COM VÍTIMA,1,1,,,,,,,,1,,Longo da via,Bom,Não existe,Perfeito estado,Seca,Perfeito estado,Outros,Outras,,Dupla,Faixa,,
2019-08-17,13:05:00,SEM VÍTIMA,FINALIZADA,TAMARINEIRA,RUA SEBASTIAO ALVES,35,,GALERIA CASA GRANDE,RUA SEBASTIAO ALVES,35,GALERIA CASA GRANDE,TAMARINEIRA,421,SUBURBIO,COLISÃO TRASEIRA,COLISAO ENTRE DOIS AUTOS S/V,2,,,,,,,,,0,,Longo da via,Bom,Sem defeito,Perfeito estado,Seca,Perfeito estado,Faixa de pedestre,Outras,,Única,Não existe,,
2019-08-17,13:29:00,SEM VÍTIMA,FINALIZADA,SÃO JOSÉ,RUA IMPERIAL,1600,,JUCEPE - JUNTA COMERCIAL DE PERNAMBUCO,RUA IMPERIAL,1600,JUCEPE - JUNTA COMERCIAL DE PERNAMBUCO,SÃO JOSÉ,87,SUBURBIO,ABALROAMENTO LONGITUDINAL,COLISÃO SEM VÍTIMA,3,,,,,,,,,0,,Longo da via,Bom,Sem defeito,Perfeito estado,Seca,Perfeito estado,Não existe,R-6a,,Única,Faixa seccionada,,
2019-08-17,15:00:00,SEM VÍTIMA,FINALIZADA,MADALENA,RUA BENFICA,929,,AO LADO DA BOSH,RUA BENFICA,929,AO LADO DA BOSH,MADALENA,,CIDADE,ABALROAMENTO LONGITUDINAL,COLISAO ENTRE ONIBUS E AUTOS S/V,1,,,,,1,,,,0,,Longo da via,Bom,Não existe,Perfeito estado,Seca,Perfeito estado,Não existe,R-6a,60 km/h,Dupla,Não existe,,
2019-08-17,15:51:00,SEM VÍTIMA,FINALIZADA,ENCRUZILHADA,AV JOAO DE BARROS,,AV NORTE,,AV JOAO DE BARROS,,,ENCRUZILHADA,43,,ABALROAMENTO LONGITUDINAL,COLISAO ENVOLVENDO DOIS AUTOS,2,,,,,,,,,0,,Cruzamento,Bom,Sem defeito,Perfeito estado,Seca,Perfeito estado,Faixa de pedestre,R-6a,,Dupla,Não existe,,
2019-08-17,16:15:00,SEM VÍTIMA,FINALIZADA,MADALENA,RUA REAL DA TORRE,773,RUA GALVAO RAPOSO,ESQUINA EM FRENTE AO GUIA MATERIAL DE CONSTRUÇÃO,RUA REAL DA TORRE,773,ESQUINA EM FRENTE AO GUIA MATERIAL DE CONSTRUÇÃO,MADALENA,,,ABALROAMENTO LONGITUDINAL,COLISÃO SEM VÍTIMA,2,,,,,,,,,0,,Longo da via,Bom,Não existe,Perfeito estado,Seca,Perfeito estado,Não existe,Não há placas,,Única,Faixa seccionada,,
2019-08-17,16:32:00,SEM VÍTIMA,FINALIZADA,PARNAMIRIM,AV DEZESSETE DE AGOSTO,335,,EM FRENTE AO Nº 335,AV DEZESSETE DE AGOSTO,335,EM FRENTE AO Nº 335,PARNAMIRIM,,CIDADE,COLISÃO TRASEIRA,TRES AUTO S/V,3,,,,,,,,,0,,Longo da via,Bom,Não existe,Perfeito estado,Seca,Perfeito estado,Não existe,,,Dupla,Faixa contínua,,
2019-08-17,17:10:00,SEM VÍTIMA,FINALIZADA,CAXANGÁ,AV CAXANGA,,,UPA- ESCRITOR PAULO CAVALCANTI,AV CAXANGA,,UPA- ESCRITOR PAULO CAVALCANTI,CAXANGÁ,281,SUBURBIO,ABALROAMENTO LONGITUDINAL,ONIBUS E DOIS AUTO S/V,2,,,,,1,,,,0,,Longo da via,Bom,Sem defeito,Incompleta,Seca,,Faixa de retenção,Outras,,Única,Canteiro central,,
2019-08-17,22:52:00,SEM VÍTIMA,FINALIZADA,CAXANGÁ,RUA RIBEIRO PESSOA,,AV CAXANGA,LADO OPOSTO DA UPA DA CAXANGA,RUA RIBEIRO PESSOA,,LADO OPOSTO DA UPA DA CAXANGA,CAXANGÁ,281,SUBURBIO,CHOQUE VEÍCULO PARADO,ONIBUS DO BRT E VT DA SINAL-VIDA,1,,,,,1,,,,0,,Longo da via,Bom,Sem defeito,Incompleta,Seca,Perfeito estado,Não existe,Não há placas,,Dupla,Não existe,,
2019-08-17,23:14:00,SEM VÍTIMA,FINALIZADA,DERBY,PRC DO DERBY,115,,EM FRENTE AO CEMOPE,PRC DO DERBY,115,EM FRENTE AO CEMOPE,DERBY,,,CHOQUE VEÍCULO PARADO,FORD KA X S 10 DA PREFEITURA,2,,,,,,,,,0,,Longo da via,Chuvoso,Sem defeito,Perfeito estado,Molhada,Perfeito estado,Não existe,Não há placas,,Única,Faixa seccionada,,
2019-08-19,05:48:00,COM VÍTIMA,FINALIZADA,IBURA,AV DOIS RIOS,989,RUA RIO BRIGIDA,EM FRENTE A FARMACIA INDEPENTENTE  EM FRENTE O BOTICARIO,AV DOIS RIOS,989,EM FRENTE A FARMACIA INDEPENTENTE  EM FRENTE O BOTICARIO,IBURA,,SUBURBIO,COLISÃO FRONTAL,COLISÃO ENTRE AUTO E MOTO C/V,1,1,,,,,,,,1,,Longo da via,Bom,Não existe,Perfeito estado,Seca,Perfeito estado,Não existe,Não há placas,,Dupla,Faixa seccionada,,
2019-08-18,02:48:00,SEM VÍTIMA,FINALIZADA,NOVA DESCOBERTA,RUA CORREGO DA AREIA,140,RUA ALTO DA BRASILEIRA,BRASILGÁS,RUA CORREGO DA AREIA,140,BRASILGÁS,NOVA DESCOBERTA,,CIDADE,CHOQUE VEÍCULO PARADO,COLISÃO ENTRE TRÊS AUTOS S/V,1,,,,,,,,2,0,,,Bom,Não existe,Perfeito estado,Molhada,Perfeito estado,,,,Dupla,,,
2019-08-18,05:09:00,SEM VÍTIMA,CANCELADA,BOA VISTA,AV GOVERNADOR AGAMENON MAGALHAES,,RUA DR BANDEIRA FILHO,PROXIMO AO SUP. MERC. TODO DIA,AV GOVERNADOR AGAMENON MAGALHAES,,PROXIMO AO SUP. MERC. TODO DIA,BOA VISTA,173,OLINDA,COLISÃO,DOIS AUTOS,,,,,,,,,,0,,,,,,,,,,,,,,
2019-08-18,09:38:00,SEM VÍTIMA,CANCELADA,BOA VIAGEM,AVENIDA CELSO FURTADO (VIA MANGUE),,,PROX AO BOM PREÇO NA SAIDA DA VIA MANGUE NO SENTIDO BOA VIAGEM,AVENIDA CELSO FURTADO (VIA MANGUE),,PROX AO BOM PREÇO NA SAIDA DA VIA MANGUE NO SENTIDO BOA VIAGEM,BOA VIAGEM,,,COLISÃO,COLISÃO SEM VITIMAS,2,,,,,,,,,0,,,,,,,,,,,,,,
2019-08-18,10:14:00,SEM VÍTIMA,FINALIZADA,IMBIRIBEIRA,AV PRESIDENTE DUTRA,,RUA PERIMETRAL,AO LADO DO SAL E BRASA,AV PRESIDENTE DUTRA,,AO LADO DO SAL E BRASA,IMBIRIBEIRA,,,ABALROAMENTO TRANSVERSAL,COLISÃO S/VITIMAS ENTRE UM AUTO E UMA CARRETA,1,,,,,,,,1,0,,,Bom,Não existe,Perfeito estado,Seca,Perfeito estado,Não existe,Outras,60 km/h,Dupla,Faixa seccionada,,