data,hora,natureza_acidente,situacao,bairro,endereco,numero,detalhe_endereco_acidente,complemento,endereco_cruzamento,numero_cruzamento,referencia_cruzamento,bairro_cruzamento,num_semaforo,sentido_via,tipo,descricao,auto,moto,ciclom,ciclista,pedestre,onibus,caminhao,viatura,outros,vitimas,vitimasfatais,acidente_verificado,tempo_clima,situacao_semaforo,sinalizacao,condicao_via,conservacao_via,ponto_controle,situacao_placa,velocidade_max_via,mao_direcao,divisao_via1,divisao_via2,divisao_via3
2019-08-18,11:24:00,SEM VÍTIMA,FINALIZADA,GRAÇAS,RUA DO FUTURO,1317,PRC PROFESSOR FLEMING,EM FRENTE A LOJA FINO TRATO,RUA DO FUTURO,1317,EM FRENTE A LOJA FINO TRATO,GRAÇAS,,,COLISÃO,COLISÃO S/VITIMAS ENTRE DOIS AUTOS,2,,,,,,,,,0,,,,,,,,,,,,,,
2019-08-18,13:12:00,COM VÍTIMA,FINALIZADA,IMBIRIBEIRA,AV MARECHAL MASCARENHAS DE MORAES,,AV PINHEIROS,LADO OPOSTO AO GRILLO / POSTO IPIRANGA.,AV MARECHAL MASCARENHAS DE MORAES,,LADO OPOSTO AO GRILLO / POSTO IPIRANGA.,IMBIRIBEIRA,396,SUBURBIO,COLISÃO,COLISÃO COM VITIMA,1,1,,,,,,,,2,,Cruzamento,Bom,Sem defeito,Perfeito estado,Seca,Outros,Faixa de pedestre,Outras,,Única,Faixa,Canteiro central,
2019-08-18,15:26:00,SEM VÍTIMA,FINALIZADA,IMBIRIBEIRA,RUA PAMPULHA,310,,,RUA PAMPULHA,310,,IMBIRIBEIRA,,,ABALROAMENTO LONGITUDINAL,COLISÃO SEM VÍTIMA,2,,,,,,,,,0,,Longo da via,Bom,Não existe,Perfeito estado,Seca,Perfeito estado,Não existe,Não há placas,,Única,Faixa seccionada,,
2019-08-18,16:26:00,COM VÍTIMA,FINALIZADA,CASA AMARELA,AV NORTE,4413,AV PROFESSOR JOSE DOS ANJOS,EM FRENTE AO SESC DE CASA AMARELA,AV NORTE,4413,EM FRENTE AO SESC DE CASA AMARELA,CASA AMARELA,364,SUBURBIO,COLISÃO TRASEIRA,COLISÃO COM VÍTIMA. SEM INFORMAÇÕES DO OUTRO VEÍCULO ENVOLVIDO.,,1,,,,,,,,1,,Longo da via,Bom,Sem defeito,Perfeito estado,Seca,Perfeito estado,Outros,R-6a,,Dupla,Faixa contínua,,
2019-08-18,16:41:00,COM VÍTIMA,FINALIZADA,BOA VISTA,RUA JOSE DE ALENCAR,,RUA BARAO DE SAO BORJA,EM HOTEL BOA VISTA,RUA JOSE DE ALENCAR,,EM HOTEL BOA VISTA,BOA VISTA,,,ABALROAMENTO TRANSVERSAL,COLISÃO COM VÍTIMA,2,,,,,,,,,1,,Cruzamento,Bom,Não existe,Incompleta,Seca,Perfeito estado,Não existe,Placas Pare,,Única,Não existe,,
2019-08-18,19:16:00,COM VÍTIMA,FINALIZADA,BOA VIAGEM,AV GENERAL MAC ARTHUR,,RUA DUQUE ESTRADA,CONDOMÍNIO LE PARC BOA VIAGEM,AV GENERAL MAC ARTHUR,,CONDOMÍNIO LE PARC BOA VIAGEM,BOA VIAGEM,,SUBURBIO,ABALROAMENTO LONGITUDINAL,GOL X MOTO,1,1,,,,,,,,1,,Cruzamento,Chuvoso,Não existe,Perfeito estado,Molhada,Perfeito estado,,Não há placas,,Única,Faixa contínua,,
2019-08-18,20:42:00,SEM VÍTIMA,FINALIZADA,GRAÇAS,RUA JOAQUIM NABUCO,330,,FARMACIAS INDEPENDENTE,RUA JOAQUIM NABUCO,330,FARMACIAS INDEPENDENTE,GRAÇAS,,SUBURBIO,COLISÃO TRASEIRA,ENTRE DOIS AUTO S/V (MOTORISTA EMBREAGADO),2,,,,,,,,,0,,Longo da via,Bom,Não existe,Perfeito estado,Seca,Perfeito estado,Não existe,Não há placas,,Única,Faixa seccionada,,
2019-08-18,21:15:00,COM VÍTIMA,FINALIZADA,ILHA JOANA BEZERRA,VIADUTO CAPITAO TEMUDO,,,NO MEIO DO VIADUTO // SENTIDO OLINDA,VIADUTO CAPITAO TEMUDO,,NO MEIO DO VIADUTO // SENTIDO OLINDA,ILHA JOANA BEZERRA,,OLINDA,COLISÃO COM CICLISTA,CICLISTA X AUTO,1,,,1,,,,,,1,,Viaduto,Bom,Não existe,Perfeito estado,Seca,Perfeito estado,,,,Dupla,Blocos,,
2019-08-18,22:13:00,SEM VÍTIMA,FINALIZADA,TORRE,RUA JOSE BONIFACIO,,,POSTO CARREFOUR DA TORRE,RUA JOSE BONIFACIO,,POSTO CARREFOUR DA TORRE,TORRE,,SUBURBIO,COLISÃO TRASEIRA,TRES AUTOS,2,,,,,,,,,0,,Longo da via,Chuvoso,Não existe,Perfeito estado,Molhada,Perfeito estado,,Não há placas,,Dupla,Canteiro central,,
2019-08-18,23:14:00,SEM VÍTIMA,CANCELADA,CASA AMARELA,AV DR EURICO CHAVES,,,EM FRENTE AO BREGOSO BURGUER,AV DR EURICO CHAVES,,EM FRENTE AO BREGOSO BURGUER,CASA AMARELA,,,COLISÃO,ENTRE DOIS AUTO S/V,2,,,,,,,,,0,,,,,,,,,,,,,,
2019-08-18,23:37:00,SEM VÍTIMA,FINALIZADA,IMBIRIBEIRA,AV MARECHAL MASCARENHAS DE MORAES,,AV ENGENHEIRO ALVES DE SOUZA,,AV MARECHAL MASCARENHAS DE MORAES,,,IMBIRIBEIRA,288,SUBURBIO,ABALROAMENTO TRANSVERSAL,ENTRE DOIS AUTO S/V ( CRUZAMENTO ENTRE AS DUAS AVENIDAS),2,,,,,,,,,0,,Cruzamento,Chuvoso,Sem defeito,Perfeito estado,Molhada,Perfeito estado,Faixa de pedestre,Outras,,Dupla,Canteiro central,,
2019-08-19,01:08:00,SEM VÍTIMA,FINALIZADA,IMBIRIBEIRA,AV MARECHAL MASCARENHAS DE MORAES,3214,RUA MURITIBA,CASAS BAHIA,AV MARECHAL MASCARENHAS DE MORAES,3214,CASAS BAHIA,IMBIRIBEIRA,385,SUBURBIO,CHOQUE VEÍCULO PARADO,COLISÃO ENTRE DOIS AUTOS S/V,2,,,,,,,,,0,,Longo da via,Chuvoso,Sem defeito,Perfeito estado,Molhada,Perfeito estado,Faixa de pedestre,Não há placas,,Única,Faixa contínua,Faixa seccionada,Canteiro central
2019-08-19,06:52:00,COM VÍTIMA,FINALIZADA,AFOGADOS,RUA SAO MIGUEL,861,,EM FRENTE AO 14º BATALHÃO LOGÍSTICO DO EXÉRCITO,RUA SAO MIGUEL,861,EM FRENTE AO 14º BATALHÃO LOGÍSTICO DO EXÉRCITO,AFOGADOS,423,SUBURBIO,ABALROAMENTO LONGITUDINAL,COLISÃO C/VITIMAS ENTRE UMA MOTO E UM AUTO,1,1,,,,,,,,1,,Longo da via,Bom,Sem defeito,Perfeito estado,Seca,Perfeito estado,Não existe,Não há placas,60 km/h,Dupla,Faixa contínua,,
2019-08-19,07:24:00,SEM VÍTIMA,CANCELADA,MANGUEIRA,RUA SAO MIGUEL,,,E/F O ARMAZEM CORAL,RUA SAO MIGUEL,,E/F O ARMAZEM CORAL,MANGUEIRA,,,COLISÃO,COLISAO SEM VITIMAS,2,1,,,,,,,,0,,,,,,,,,,,,,,
2019-08-19,07:17:00,SEM VÍTIMA,FINALIZADA,BOA VIAGEM,RUA MARIA CAROLINA,,RUA PROFESSOR JULIO FERREIRA DE MELO,,RUA MARIA CAROLINA,,,BOA VIAGEM,,CIDADE,ABALROAMENTO LONGITUDINAL,COLISAO SEM VITIMAS,2,,,,,,,,,0,,Cruzamento,Bom,Não existe,Perfeito estado,Seca,Perfeito estado,Faixa de retenção,Placas Pare,,Única,Não existe,,
2019-08-19,07:35:00,SEM VÍTIMA,FINALIZADA,CORDEIRO,RUA ODETE MONTEIRO,,RUA EDUARDO FONSECA,,RUA ODETE MONTEIRO,,,CORDEIRO,,,ABALROAMENTO TRANSVERSAL,COLISÃO S/VITIMAS ENTRE DOIS AUTOS,2,,,,,,,,,0,,,Bom,Não existe,Perfeito estado,Seca,Perfeito estado,,Outras,,Dupla,Faixa seccionada,,
2019-08-19,07:58:00,SEM VÍTIMA,FINALIZADA,MACAXEIRA,AV NORTE,7368,,,AV NORTE,7368,,MACAXEIRA,,SUBURBIO,COLISÃO TRASEIRA,VIATURA DA CTTU Nº32,2,,,,,,,,,0,,Longo da via,Bom,Não existe,Perfeito estado,Seca,Perfeito estado,Não existe,Outras,60 km/h,Dupla,Canteiro central,,
2019-08-19,08:07:00,SEM VÍTIMA,FINALIZADA,CAMPO GRANDE,RUA DO MACHADO,860,,,RUA DO MACHADO,860,,CAMPO GRANDE,,SUBURBIO,COLISÃO FRONTAL,COLISAO SEM VITIMAS,1,1,,,,,,,,0,,Longo da via,Bom,Não existe,Perfeito estado,Seca,Perfeito estado,Faixa de pedestre,R-6a,,Dupla,Faixa contínua,,
2019-08-19,09:07:00,SEM VÍTIMA,FINALIZADA,PARNAMIRIM,AV PARNAMIRIM,417,,LADO OPOSTO AO Nº 417,AV PARNAMIRIM,417,LADO OPOSTO AO Nº 417,PARNAMIRIM,,CIDADE,COLISÃO TRASEIRA,COLISÃO S/ VITIMAS ENTRE DOIS AUTOS,2,,,,,,,,,0,,Longo da via,Bom,Não existe,Perfeito estado,Seca,Perfeito estado,Não existe,,,Única,Não existe,,
2019-08-19,09:19:00,SEM VÍTIMA,FINALIZADA,SOLEDADE,AV JOAO DE BARROS,201,,AO LADO DA CELPE,AV JOAO DE BARROS,201,AO LADO DA CELPE,SOLEDADE,,CIDADE,COLISÃO TRASEIRA,COLISÃO S/VITIMAS ENTRE DOIS AUTOS,2,,,,,,,,,0,,Longo da via,Bom,Sem defeito,Perfeito estado,Seca,Perfeito estado,Faixa de pedestre,Não há placas,,Única,Faixa contínua,,
2019-08-19,09:54:00,SEM VÍTIMA,FINALIZADA,BOA VISTA,RUA DO PRINCIPE,658,RUA AFONSO PENA,EM FRENTE A UNICAP,RUA DO PRINCIPE,658,EM FRENTE A UNICAP,BOA VISTA,,,ABALROAMENTO LONGITUDINAL,COLISAO SEM VITIMAS,2,,,,,,,,,0,,Cruzamento,Bom,Não existe,Perfeito estado,Seca,Perfeito estado,Faixa de pedestre,Não há placas,40 km/h,Única,Faixa contínua,,
2019-08-19,10:05:00,SEM VÍTIMA,DUPLICIDADE,BOA VISTA,RUA DO PRINCIPE,640,,EM FRENTE A FUNDAÇÃO ANTONIO DOS SANTOS ABRANCHES ( EM FRENTE A UNIVERSIDADE CATOLICA),RUA DO PRINCIPE,640,EM FRENTE A FUNDAÇÃO ANTONIO DOS SANTOS ABRANCHES ( EM FRENTE A UNIVERSIDADE CATOLICA),BOA VISTA,,,COLISÃO,COLISÃO S/VITIMAS ENTRE DOIS AUTOS,2,,,,,,,,,0,,,,,,,,,,,,,,
2019-08-19,11:20:00,SEM VÍTIMA,FINALIZADA,BOA VIAGEM,AV CONSELHEIRO AGUIAR,3621,RUA DHALIA,EM FRENTE A EMPÓRIO FRUTARIA,AV CONSELHEIRO AGUIAR,3621,EM FRENTE A EMPÓRIO FRUTARIA,BOA VIAGEM,,CIDADE,ABALROAMENTO TRANSVERSAL,COLISÃO S/VITIMAS ENTRE UM AUTO E UM ONIBUS,1,,,,,1,,,,0,,Longo da via,Bom,Não existe,Perfeito estado,Seca,Perfeito estado,Não existe,Não há placas,60 km/h,Única,Faixa seccionada,,
2019-08-19,11:41:00,SEM VÍTIMA,FINALIZADA,BOA VIAGEM,RUA CONEGO ROMEU,65,RUA PROFESSOR AUGUSTO LINS E SILVA,EDF MONDINO,RUA CONEGO ROMEU,65,EDF MONDINO,BOA VIAGEM,,SUBURBIO,ABALROAMENTO TRANSVERSAL,DOIS AUTOS,2,,,,,,,,,0,,Cruzamento,Bom,Não existe,Perfeito estado,Seca,Perfeito estado,Não existe,Placas Pare,,Dupla,Não existe,,
2019-08-19,12:15:00,SEM VÍTIMA,FINALIZADA,TAMARINEIRA,RUA SOARES MORENO,,,EM FRENTE AO Nº 32,RUA SOARES MORENO,,EM FRENTE AO Nº 32,TAMARINEIRA,,SUBURBIO,ABALROAMENTO LONGITUDINAL,COLISAO ENTRE AUTO E MOTO S/V,1,1,,,,,,,,0,,Longo da via,Bom,Não existe,Não existente,Seca,Perfeito estado,Não existe,Não há placas,,Dupla,Não existe,,
2019-08-19,12:30:00,SEM VÍTIMA,FINALIZADA,MADALENA,AV CAXANGA,1015,,PROX A DPCA,AV CAXANGA,1015,PROX A DPCA,MADALENA,,,COLISÃO,COLISAO ENTRE ONIBUS E AUTO S/V,1,,,,,1,,,,0,,,,,,,,,,,,,,
2019-08-19,12:39:00,SEM VÍTIMA,FINALIZADA,BOA VIAGEM,RUA TENENTE DOMINGOS DE BRITO,742,,EM FRENTE AO EDIFICIO VILAS BOAS,RUA TENENTE DOMINGOS DE BRITO,742,EM FRENTE AO EDIFICIO VILAS BOAS,BOA VIAGEM,,,COLISÃO,COLISÃO SEM VÍTIMA,3,,,,,,,,,0,,,,,,,,,,,,,,
2019-08-19,12:58:00,COM VÍTIMA,FINALIZADA,ESPINHEIRO,RUA DO ESPINHEIRO,,RUA BARAO DE ITAMARACA,ENTRE AS FARMACIAS DROGASIL E A EXTRA FARMA NO SEMAFORO 086,RUA DO ESPINHEIRO,,ENTRE AS FARMACIAS DROGASIL E A EXTRA FARMA NO SEMAFORO 086,ESPINHEIRO,86,SUBURBIO,ABALROAMENTO TRANSVERSAL,COLISAO ENTRE AUTO E MOTO COM DUAS VITIMA,1,1,,,1,,,,,2,,Cruzamento,Bom,Sem defeito,Perfeito estado,Seca,Perfeito estado,Faixa de pedestre,Outras,40 km/h,Única,Não existe,,
2019-08-19,13:29:00,SEM VÍTIMA,FINALIZADA,IMBIRIBEIRA,AV GENERAL MAC ARTHUR,475,,EM FRENTE AO Nº 475,AV GENERAL MAC ARTHUR,475,EM FRENTE AO Nº 475,IMBIRIBEIRA,,,ABALROAMENTO TRANSVERSAL,COLISÃO SEM VÍTIMA,1,1,,,,,,,,0,,Longo da via,Bom,Sem defeito,Perfeito estado,Seca,Perfeito estado,Não existe,Não há placas,,Única,Faixa seccionada,,
2019-08-19,13:44:00,COM VÍTIMA,FINALIZADA,MADALENA,RUA PROFESSOR BENEDITO MONTEIRO,252,,AO LADO DO CLUBE INTERNACIONAL. FACULDADE DE CIÊNCIAS DA ADMINISTRAÇÃO DE PERNAMBUCO,RUA PROFESSOR BENEDITO MONTEIRO,252,AO LADO DO CLUBE INTERNACIONAL. FACULDADE DE CIÊNCIAS DA ADMINISTRAÇÃO DE PERNAMBUCO,MADALENA,,SUBURBIO,ABALROAMENTO LONGITUDINAL,COLISÃI COM VITIMA,1,1,,,,,,,,1,,Longo da via,Bom,Sem defeito,Perfeito estado,Seca,Perfeito estado,Não existe,Outras,,Dupla,Faixa contínua,Faixa seccionada,
2019-08-19,14:41:00,SEM VÍTIMA,FINALIZADA,VÁRZEA,RUA ISAAC BURIL,82,,PRÓXIMO A OFICINA BRENAND,RUA ISAAC BURIL,82,PRÓXIMO A OFICINA BRENAND,VÁRZEA,,SUBURBIO,COLISÃO TRASEIRA,COLISÃO SEM VÍTIMA,2,,,,,,,,,0,,Longo da via,Bom,Não existe,Perfeito estado,Seca,Perfeito estado,,Outras,,Dupla,Não existe,,
2019-08-19,14:45:00,COM VÍTIMA,FINALIZADA,BOA VIAGEM,AV ENGENHEIRO DOMINGOS FERREIRA,,,EM FRENTE AO POSTO TOTAL E A SAMSUNG/ PISTA DA DIREITA,AV ENGENHEIRO DOMINGOS FERREIRA,,EM FRENTE AO POSTO TOTAL E A SAMSUNG/ PISTA DA DIREITA,BOA VIAGEM,,,COLISÃO COM CICLISTA,COLISÃO COM VÍTIMA,,,,1,,1,,,,1,,,,,,,,,,,,,,
2019-08-19,15:00:00,COM VÍTIMA,FINALIZADA,SÃO JOSÉ,AV SUL,,RUA BOM SUCESSO,EM BAIXO DO VIADUTO DO CABANAGA S/T CID,AV SUL,,EM BAIXO DO VIADUTO DO CABANAGA S/T CID,SÃO JOSÉ,,CIDADE,COLISÃO COM CICLISTA,COLISAO ENTRE AUTO E CICLISTA COM UMA VITIMA,1,,,1,,,,,,1,,Longo da via,Bom,Não existe,Perfeito estado,Seca,Perfeito estado,Não existe,Não há placas,,Única,Faixa seccionada,,
2019-08-19,15:08:00,SEM VÍTIMA,CANCELADA,JOANA BEZERRA,AV MARTIN LUTHER KING,,,LATERAL DO FORUM DO FORUM RODOLFO AURELIANO,AV MARTIN LUTHER KING,,LATERAL DO FORUM DO FORUM RODOLFO AURELIANO,JOANA BEZERRA,38,CIDADE,COLISÃO,COLISÃO SEM VÍTIMA,1,,,,,1,,,,0,,,,,,,,,,,,,,
2019-08-19,15:20:00,SEM VÍTIMA,CANCELADA,IMBIRIBEIRA,AV MARECHAL MASCARENHAS DE MORAES,,,NO SEMAFORO 161 S/T AEROPORTO,AV MARECHAL MASCARENHAS DE MORAES,,NO SEMAFORO 161 S/T AEROPORTO,IMBIRIBEIRA,,,COLISÃO,ENTRE AMBULANCIA E AUTO S/V,1,,,,,,,1,,0,,,,,,,,,,,,,,
2019-08-19,15:30:00,SEM VÍTIMA,FINALIZADA,AFOGADOS,RUA LONDRINA,37,,EM FRENTE A MATERNIDADE BANDEIRA FILHO,RUA LONDRINA,37,EM FRENTE A MATERNIDADE BANDEIRA FILHO,AFOGADOS,,,COLISÃO,COLISÃO SEM VÍTIMA,2,,,,,,,,,0,,,,,,,,,,,,,,
2019-08-19,15:43:00,SEM VÍTIMA,FINALIZADA,VASCO DA GAMA,AV NORTE,,,NO SEMAFORO 066,AV NORTE,,NO SEMAFORO 066,VASCO DA GAMA,66,SUBURBIO,COLISÃO,COLISÃO SEM VÍTIMA,1,,,,,,1,,,0,,,,,,,,,,,,,,
2019-08-19,16:27:00,SEM VÍTIMA,FINALIZADA,IPSEP,AV RECIFE,,,EM FRENTE A ITALIANA,AV RECIFE,,EM FRENTE A ITALIANA,IPSEP,,SUBURBIO,COLISÃO TRASEIRA,COLISÃO SEM VÍTIMA,2,,,,,,,,,0,,Longo da via,Bom,Não existe,Perfeito estado,Seca,Perfeito estado,Não existe,Não há placas,,Dupla,Canteiro central,,
2019-08-19,16:33:00,SEM VÍTIMA,FINALIZADA,PRADO,AV ENGENHEIRO ABDIAS DE CARVALHO,,,EM FRENTE A HABIB'S,AV ENGENHEIRO ABDIAS DE CARVALHO,,EM FRENTE A HABIB'S,PRADO,,SUBURBIO,ABALROAMENTO LONGITUDINAL,COLISÃO SEM VÍTIMA,2,,,,,,,,,0,,Longo da via,Bom,Não existe,Perfeito estado,Seca,Perfeito estado,Não existe,R-6a,60 km/h,Dupla,Faixa seccionada,,
2019-08-19,16:40:00,SEM VÍTIMA,FINALIZADA,GRAÇAS,RUA ALBERTO PAIVA,275,,LADO OPOSTO A PIZZARIA HUT,RUA ALBERTO PAIVA,275,LADO OPOSTO A PIZZARIA HUT,GRAÇAS,,SUBURBIO,ABALROAMENTO LONGITUDINAL,COLISÃO SEM VÍTIMA,1,,,,,,1,,,0,,Longo da via,Bom,Não existe,Perfeito estado,Seca,Perfeito estado,Faixa de pedestre,R-6a,,Única,Faixa seccionada,,
2019-08-19,17:17:00,SEM VÍTIMA,FINALIZADA,JARDIM SÃO PAULO,RUA SENADOR ALBERTO PASQUALINI,,,PRAÇA DE JARDIM SAO PAULO,RUA SENADOR ALBERTO PASQUALINI,,PRAÇA DE JARDIM SAO PAULO,JARDIM SÃO PAULO,,SUBURBIO,COLISÃO TRASEIRA,COLISAO ENTRE DOIS AUTOS S/V,2,,,,,,,,,0,,Longo da via,Bom,Não existe,Perfeito estado,Seca,Perfeito estado,Não existe,Placas Pare,,Única,Não existe,,
2019-08-19,18:26:00,SEM VÍTIMA,FINALIZADA,ESPINHEIRO,RUA AMELIA,114,RUA DR VICENTE MEIRA,,RUA AMELIA,114,,ESPINHEIRO,,,ABALROAMENTO LONGITUDINAL,DOIS AUTOS,2,,,,,,,,,0,,,Bom,Não existe,Perfeito estado,Seca,Perfeito estado,Não existe,Outras,40 km/h,Única,Faixa seccionada,,
2019-08-19,19:00:00,SEM VÍTIMA,FINALIZADA,IBURA,AV DOIS RIOS,,RUA JORNALISTA EDSON REGIS,,AV DOIS RIOS,,,IBURA,518,,COLISÃO TRASEIRA,SIENA X LOGAN,2,,,,,,,,,0,,Cruzamento,Bom,Sem defeito,Ilegível,Seca,Mal iluminada,Faixa de pedestre,Não há placas,,Dupla,Não existe,,
2019-08-19,19:14:00,SEM VÍTIMA,FINALIZADA,BOA VIAGEM,RUA PROFESSOR JOSE BRANDAO,,RUA DR PEDRO DE MELLO CAHU,,RUA PROFESSOR JOSE BRANDAO,,,BOA VIAGEM,,CIDADE,ABALROAMENTO TRANSVERSAL,TUCSON X MOTO,1,,1,,,,,,,0,,Cruzamento,Bom,Não existe,Perfeito estado,Seca,Perfeito estado,Faixa de retenção,,,Dupla,Faixa seccionada,,
2019-08-19,19:42:00,SEM VÍTIMA,CANCELADA,IMBIRIBEIRA,AV MARECHAL MASCARENHAS DE MORAES,2092,RUA PAMPULHA,AO LADO DA EUROVIA // SENTIDO AEROPORTO,AV MARECHAL MASCARENHAS DE MORAES,2092,AO LADO DA EUROVIA // SENTIDO AEROPORTO,IMBIRIBEIRA,,,COLISÃO,CAMINHAO BAU X ONIBUS,,,,,,1,1,,,0,,,,,,,,,,,,,,
2019-08-19,20:09:00,SEM VÍTIMA,FINALIZADA,DERBY,AV GOVERNADOR AGAMENON MAGALHAES,,AV GOVERNADOR CARLOS DE LIMA CAVALCANTI,MC DONALD'S,AV GOVERNADOR AGAMENON MAGALHAES,,MC DONALD'S,DERBY,75,SUBURBIO,ABALROAMENTO LONGITUDINAL,ENTRE 2 AUTOS. S/V,2,,,,,,,,,0,,Cruzamento,Bom,Sem defeito,Perfeito estado,Seca,Perfeito estado,Faixa de pedestre,Não há placas,,Dupla,Canal,,
2019-08-19,21:26:00,SEM VÍTIMA,FINALIZADA,IPUTINGA,AV MAURICIO DE NASSAU,,,FUNDAÇAO ALTINO VENTURA,AV MAURICIO DE NASSAU,,FUNDAÇAO ALTINO VENTURA,IPUTINGA,,SUBURBIO,COLISÃO TRASEIRA,DOIS AUTO,2,,,,,,,,,0,,Longo da via,Bom,Não existe,Perfeito estado,Seca,Mal iluminada,Não existe,Não há placas,,Dupla,Faixa seccionada,,
2019-08-19,21:35:00,COM VÍTIMA,FINALIZADA,VASCO DA GAMA,RUA VASCO DA GAMA,1052,,,RUA VASCO DA GAMA,1052,,VASCO DA GAMA,,,COLISÃO FRONTAL,ENTRE AUTO E MOTO. C/V,1,1,,,,,,,,2,,Longo da via,Bom,Não existe,,Seca,,Não existe,Outras,30 km/h,Dupla,Não existe,,
2019-08-20,07:03:00,COM VÍTIMA,FINALIZADA,TOTÓ,RUA ONZE DE AGOSTO,,,PROXIMO AO BAR DO AMARELINHO,RUA ONZE DE AGOSTO,,PROXIMO AO BAR DO AMARELINHO,TOTÓ,,,COLISÃO FRONTAL,COLISAO COM VITIMAS,1,1,,,,,,,,1,,Cruzamento,Bom,Não existe,,Seca,Perfeito estado,Não existe,Não há placas,,Dupla,Não existe,,
2019-08-20,07:16:00,SEM VÍTIMA,FINALIZADA,IMBIRIBEIRA,AV MARECHAL MASCARENHAS DE MORAES,2683,RUA CONDE PEREIRA CARNEIRO,AO LADO DA TROLLER,AV MARECHAL MASCARENHAS DE MORAES,2683,AO LADO DA TROLLER,IMBIRIBEIRA,,CIDADE,COLISÃO TRASEIRA,DOIS AUTOS,2,,,,,,,,,0,,Longo da via,Bom,Não existe,Incompleta,Seca,Mal conservada,Não existe,Não há placas,,Dupla,Canteiro central,,
2019-08-20,07:19:00,SEM VÍTIMA,FINALIZADA,SANTO AMARO,RUA DOS PALMARES,,RUA AFONSO PENA,EM FRENTE AO COMANDO DA GUARDA,RUA DOS PALMARES,,EM FRENTE AO COMANDO DA GUARDA,SANTO AMARO,,CIDADE,ABALROAMENTO LONGITUDINAL,COLISÃO SEM VITIMAS,2,,,,,,,,,0,,Longo da via,Bom,Não existe,Perfeito estado,Seca,Perfeito estado,Outros,Outras,,Dupla,Canteiro central,,
2019-08-20,07:36:00,SEM VÍTIMA,FINALIZADA,DERBY,PRC DO DERBY,,,ESTAÇÃO DO DERBY ( BRT),PRC DO DERBY,,ESTAÇÃO DO DERBY ( BRT),DERBY,,CIDADE,ABALROAMENTO LONGITUDINAL,ONIBUS E AUTO,1,,,,,1,,,,0,,Longo da via,Bom,Sem defeito,Perfeito estado,Seca,Perfeito estado,Faixa de pedestre,Outras,50 km/h,Dupla,Canteiro central,Blocos,
2019-08-20,08:00:00,SEM VÍTIMA,CANCELADA,SAN MARTIN,AV GENERAL SAN MARTIN,,,SAIDA DA AV RECIFE,AV GENERAL SAN MARTIN,,SAIDA DA AV RECIFE,SAN MARTIN,250,SUBURBIO,COLISÃO,MOTO E AUTO /,,,,,,,,,,0,,,,,,,,,,,,,,
2019-08-20,08:08:00,SEM VÍTIMA,FINALIZADA,BAIRRO DO RECIFE,AV MARTINS DE BARROS,50B,,AO LADO DO ITAÚ,,50B,AO LADO DO ITAÚ,BAIRRO DO RECIFE,194,SUBURBIO,ABALROAMENTO LONGITUDINAL,COLISÃO SEM VITIMAS,2,,,,,,,,,0,,Longo da via,Bom,Sem defeito,Perfeito estado,Seca,Perfeito estado,Agente,Não há placas,40 km/h,Única,Faixa seccionada,,
2019-08-20,08:15:00,SEM VÍTIMA,FINALIZADA,BOA VIAGEM,AV CONSELHEIRO AGUIAR,,,EM FRENTE AO MERCADO EXTRA,AV CONSELHEIRO AGUIAR,,EM FRENTE AO MERCADO EXTRA,BOA VIAGEM,,CIDADE,ABALROAMENTO LONGITUDINAL,COLISAO SEM VITIMAS,1,,,,,1,,,,0,,Longo da via,Bom,Não existe,Perfeito estado,Seca,Perfeito estado,Não existe,Não há placas,60 km/h,Única,Faixa contínua,,
2019-08-20,08:28:00,COM VÍTIMA,FINALIZADA,IPSEP,RUA ITACARI,162,RUA ITAJAI,EM FRENTE AS LOJAS INOVE,RUA ITACARI,162,EM FRENTE AS LOJAS INOVE,IPSEP,,CIDADE,ABALROAMENTO LONGITUDINAL,MOTO E AUTO,1,1,,,,,,,,1,,Cruzamento,Bom,Não existe,Perfeito estado,Seca,Perfeito estado,Faixa de pedestre,Placas Pare,,Dupla,Faixa,,
2019-08-20,08:45:00,SEM VÍTIMA,CANCELADA,BOA VIAGEM,AV CONSELHEIRO AGUIAR,3595,,EM FRENTE AS LOJAS AMERICANAS EXPRESS,AV CONSELHEIRO AGUIAR,3595,EM FRENTE AS LOJAS AMERICANAS EXPRESS,BOA VIAGEM,,,COLISÃO,COLISÃO SEM VITIMAS,1,,,,,,1,,,0,,,,,,,,,,,,,,
2019-08-20,09:03:00,COM VÍTIMA,FINALIZADA,ÁGUA FRIA,AV BEBERIBE,1772,RUA ZEFERINO AGRA,EM FRENTE A IGREJA BATISTA,AV BEBERIBE,1772,EM FRENTE A IGREJA BATISTA,ÁGUA FRIA,,,ABALROAMENTO LONGITUDINAL,COLISÃO ENTRE DUAS MOTOS,,2,,,,,,,,2,,Esquina,Bom,Não existe,Perfeito estado,Seca,Perfeito estado,Faixa de pedestre,R-6a,,Dupla,Faixa contínua,Faixa seccionada,
2019-08-20,09:27:00,SEM VÍTIMA,CANCELADA,TORRÕES,AV ENGENHEIRO ABDIAS DE CARVALHO,,,FINAL DA ABDIAS DE CARVALHO APOS A DLP,AV ENGENHEIRO ABDIAS DE CARVALHO,,FINAL DA ABDIAS DE CARVALHO APOS A DLP,TORRÕES,,SUBURBIO,COLISÃO,DOIS AUTOS,2,,,,,,,,,0,,,,,,,,,,,,,,