data,hora,natureza_acidente,situacao,bairro,endereco,numero,detalhe_endereco_acidente,complemento,endereco_cruzamento,numero_cruzamento,referencia_cruzamento,bairro_cruzamento,num_semaforo,sentido_via,tipo,descricao,auto,moto,ciclom,ciclista,pedestre,onibus,caminhao,viatura,outros,vitimas,vitimasfatais,acidente_verificado,tempo_clima,situacao_semaforo,sinalizacao,condicao_via,conservacao_via,ponto_controle,situacao_placa,velocidade_max_via,mao_direcao,divisao_via1,divisao_via2,divisao_via3
2019-08-20,09:38:00,SEM VÍTIMA,FINALIZADA,AFLITOS,AV CONS ROSA E SILVA,1655,,EM FRENTE A PARADA DE ÔNIBUS Nº100006,AV CONS ROSA E SILVA,1655,EM FRENTE A PARADA DE ÔNIBUS Nº100006,AFLITOS,,SUBURBIO,COLISÃO TRASEIRA,CAMINHAO E AUTO,1,,,,,,1,,,0,,Longo da via,Bom,Não existe,Perfeito estado,Seca,Perfeito estado,Não existe,R-6c,,Única,Faixa seccionada,,
2019-08-20,10:11:00,SEM VÍTIMA,FINALIZADA,JARDIM SÃO PAULO,AV SAO PAULO,453,RUA MAJOR FELICIO,LADO OPOSTO A IGREJA UNIVERSAL,AV SAO PAULO,453,LADO OPOSTO A IGREJA UNIVERSAL,JARDIM SÃO PAULO,,CIDADE,ABALROAMENTO LONGITUDINAL,ONIBUS E AUTO,1,,,,,1,,,,0,,Longo da via,Bom,Sem defeito,Perfeito estado,Seca,Mal conservada,Não existe,Não há placas,,Dupla,Não existe,,
2019-08-20,10:25:00,SEM VÍTIMA,CANCELADA,CORDEIRO,AV CAXANGA,1303,,AO LADO DO BANCO BRADESCO,AV CAXANGA,1303,AO LADO DO BANCO BRADESCO,CORDEIRO,,CIDADE,COLISÃO,COLISÃO SEM VITIMAS,2,,,,,,,,,0,,,,,,,,,,,,,,
2019-08-20,10:40:00,SEM VÍTIMA,FINALIZADA,VÁRZEA,PRC PINTO DAMASO,2017,,PRÓXIMO AO SUPERMERCADO ARCO MIX,PRC PINTO DAMASO,2017,PRÓXIMO AO SUPERMERCADO ARCO MIX,VÁRZEA,,,ABALROAMENTO LONGITUDINAL,COLISÃO SEM VITIMAS,1,,,,,1,,,,0,,Longo da via,Bom,Não existe,Perfeito estado,Seca,Perfeito estado,Faixa de pedestre,Outras,,Única,Não existe,,
2019-08-20,10:57:00,SEM VÍTIMA,CANCELADA,BONGI,RUA SERRA DA CANASTRA,310,,PROXIMO A FARMACIA DROGAMARIA,RUA SERRA DA CANASTRA,310,PROXIMO A FARMACIA DROGAMARIA,BONGI,,,COLISÃO,COLISAO SEM VITIMAS,1,,,,,1,,,,0,,,,,,,,,,,,,,
2019-08-20,11:01:00,SEM VÍTIMA,FINALIZADA,MANGUEIRA,RUA SAO MIGUEL,,RUA DES DIRCEU BORGES,LABORATÓRIO CERPE,RUA SAO MIGUEL,,LABORATÓRIO CERPE,MANGUEIRA,,,ABALROAMENTO TRANSVERSAL,DOIS AUTOS,2,,,,,,,,,0,,Longo da via,Bom,Não existe,Incompleta,Seca,Perfeito estado,Não existe,Não há placas,,Dupla,Faixa contínua,,
2019-08-20,11:15:00,SEM VÍTIMA,FINALIZADA,TEJIPIÓ,AV DR JOSE RUFINO,,,EM FRENTE AO POSTO IPIRANGA,AV DR JOSE RUFINO,,EM FRENTE AO POSTO IPIRANGA,TEJIPIÓ,,CIDADE,COLISÃO TRASEIRA,MOTO E AUTO,1,1,,,,,,,,0,,Longo da via,Bom,Sem defeito,Perfeito estado,Seca,Perfeito estado,Faixa de pedestre,Outras,,Única,Faixa seccionada,,
2019-08-20,11:45:00,SEM VÍTIMA,FINALIZADA,BOA VIAGEM,RUA PADRE CARAPUCEIRO,,,EM FRENTE A SAÍDA DO BIG BOMPREÇO,RUA PADRE CARAPUCEIRO,,EM FRENTE A SAÍDA DO BIG BOMPREÇO,BOA VIAGEM,542,SUBURBIO,ABALROAMENTO LONGITUDINAL,AUTO E MOTO,1,1,,,,,,,,0,,Longo da via,Bom,Sem defeito,Perfeito estado,Seca,Perfeito estado,,R-6a,,Única,Faixa contínua,Faixa seccionada,
2019-08-20,12:15:00,COM VÍTIMA,FINALIZADA,BOA VIAGEM,AV CONSELHEIRO AGUIAR,3423,,EM FRENTE DA CAIXA ECONOMICA. PLANET DELICATESSEN,AV CONSELHEIRO AGUIAR,3423,EM FRENTE DA CAIXA ECONOMICA. PLANET DELICATESSEN,BOA VIAGEM,,CIDADE,ABALROAMENTO LONGITUDINAL,COLISÃO COM VITIMA,1,,,,,1,,,,1,,Longo da via,Bom,Não existe,Não existente,Seca,Perfeito estado,Não existe,Não há placas,60 km/h,Única,Faixa seccionada,,
2019-08-20,12:33:00,SEM VÍTIMA,FINALIZADA,PARNAMIRIM,RUA SEBASTIAO MALTA ARCOVERDE,,AV PARNAMIRIM,,RUA SEBASTIAO MALTA ARCOVERDE,,,PARNAMIRIM,10,SUBURBIO,ABALROAMENTO LONGITUDINAL,COLISÃO SEM VÍTIMA,2,,,,,,,,,0,,Cruzamento,Bom,Sem defeito,Perfeito estado,Seca,Perfeito estado,Faixa de pedestre,,40 km/h,Única,Faixa contínua,,
2019-08-20,12:36:00,SEM VÍTIMA,FINALIZADA,IPUTINGA,AV MAURICIO DE NASSAU,,RUA PEREIRA COUTINHO FILHO,EM FRENTE AO Nº 88,AV MAURICIO DE NASSAU,,EM FRENTE AO Nº 88,IPUTINGA,,SUBURBIO,COLISÃO TRASEIRA,COLISÃO SEM VITIMA,2,,,,,,,,,0,,Cruzamento,Bom,Sem defeito,Incompleta,Seca,Perfeito estado,Não existe,Não há placas,,Dupla,Faixa contínua,,
2019-08-20,12:47:00,SEM VÍTIMA,FINALIZADA,CORDEIRO,EST DO FORTE DO ARRAIAL N. DO B. JESUS,,,ESQUINA RUA ALAIDE,EST DO FORTE DO ARRAIAL N. DO B. JESUS,,ESQUINA RUA ALAIDE,CORDEIRO,,SUBURBIO,ABALROAMENTO TRANSVERSAL,COLISÃO COM VITIMA,1,1,,,,,,,,0,,Cruzamento,Bom,Não existe,Perfeito estado,Seca,Perfeito estado,Outros,Outras,,Dupla,Faixa contínua,,
2019-08-20,13:14:00,SEM VÍTIMA,CANCELADA,MADALENA,AV ENGENHEIRO ABDIAS DE CARVALHO,794,,EM FRENTE A IMOBILIARIA NOVO RECIFE / SENTIDO BR,AV ENGENHEIRO ABDIAS DE CARVALHO,794,EM FRENTE A IMOBILIARIA NOVO RECIFE / SENTIDO BR,MADALENA,,,COLISÃO,COLISÃO SEM VÍTIMA,2,,,,,,,,,0,,,,,,,,,,,,,,
2019-08-20,14:29:00,SEM VÍTIMA,FINALIZADA,BOA VIAGEM,RUA ERNESTO DE PAULA SANTOS,,,EM FRENTE AO COLEGIO ANCHIETA,RUA ERNESTO DE PAULA SANTOS,,EM FRENTE AO COLEGIO ANCHIETA,BOA VIAGEM,,CIDADE,ABALROAMENTO LONGITUDINAL,COLISAO ENTRE DOIS AUTOS S/V,2,,,,,,,,,0,,Longo da via,Bom,Não existe,Perfeito estado,Seca,Perfeito estado,Faixa de pedestre,Outras,,Única,Faixa seccionada,,
2019-08-20,15:19:00,SEM VÍTIMA,FINALIZADA,BOA VIAGEM,AV DES JOSE NEVES,63,,,AV DES JOSE NEVES,63,,BOA VIAGEM,,SUBURBIO,CHOQUE VEÍCULO PARADO,COLISAO ENTRE DOIS AUTOS S/V,2,,,,,,,,,0,,Longo da via,Bom,Não existe,Perfeito estado,Seca,Perfeito estado,,Não há placas,60 km/h,Dupla,Canal,,
2019-08-20,15:25:00,SEM VÍTIMA,FINALIZADA,CASA AMARELA,RUA PADRE LEMOS,319,,EM FRENTE A CAIXA ECONÔMICA FEDERAL,RUA PADRE LEMOS,319,EM FRENTE A CAIXA ECONÔMICA FEDERAL,CASA AMARELA,,,CHOQUE VEÍCULO PARADO,COLISÃO SEM VÍTMA,2,,,,,,,,,0,,Longo da via,Bom,Não existe,Perfeito estado,Seca,Perfeito estado,Não existe,R-6a,,Dupla,Faixa contínua,,
2019-08-20,16:15:00,SEM VÍTIMA,FINALIZADA,SAN MARTIN,AV GENERAL SAN MARTIN,,,EM FRENTE AO HOSPITAL GETULIO VARGAS,AV GENERAL SAN MARTIN,,EM FRENTE AO HOSPITAL GETULIO VARGAS,SAN MARTIN,,SUBURBIO,ABALROAMENTO LONGITUDINAL,COLISÃO SEM VÍTIMA,1,,,,,,1,,,0,,Longo da via,Bom,Não existe,Perfeito estado,Seca,Perfeito estado,,,,Única,Faixa seccionada,,
2019-08-20,17:06:00,SEM VÍTIMA,FINALIZADA,JORDÃO,RUA ESCOLA DE SAGRES,118,,EM FRENTE A IGREJA UNIVERSAL,RUA ESCOLA DE SAGRES,118,EM FRENTE A IGREJA UNIVERSAL,JORDÃO,,,COLISÃO TRASEIRA,COLISÃO SEM VÍTIMA,2,,,,,,,,,0,,Longo da via,Bom,Não existe,Não existente,Seca,Perfeito estado,Não existe,Não há placas,,Dupla,Não existe,,
2019-08-20,17:13:00,SEM VÍTIMA,FINALIZADA,BOA VIAGEM,RUA VISCONDE DE JEQUITINHONHA,,,,RUA VISCONDE DE JEQUITINHONHA,,,BOA VIAGEM,,SUBURBIO,ABALROAMENTO TRANSVERSAL,COLISÃO SEM VÍTIMA,2,,,,,,,,,0,,Longo da via,Bom,Não existe,Perfeito estado,Seca,Perfeito estado,Não existe,Não há placas,,Única,Não existe,,
2019-08-20,17:31:00,SEM VÍTIMA,FINALIZADA,SANTO AMARO,RUA DOS PALMARES,,,CENTRO DE SAÚDE   PROF WALDEMAR DE OLIVEIRA,RUA DOS PALMARES,,CENTRO DE SAÚDE   PROF WALDEMAR DE OLIVEIRA,SANTO AMARO,,SUBURBIO,ABALROAMENTO LONGITUDINAL,COLISÃO SEM VÍTIMA,2,,,,,,,,,0,,Longo da via,Bom,Não existe,Perfeito estado,Seca,Perfeito estado,Não existe,Outras,,Dupla,Canteiro central,,
2019-08-20,17:47:00,SEM VÍTIMA,FINALIZADA,PARNAMIRIM,RUA PADRE ROMA,566,RUA ANDRE CAVALCANTE,,RUA PADRE ROMA,566,,PARNAMIRIM,,SUBURBIO,ABALROAMENTO LONGITUDINAL,ENTRE 2 AUTOS. S/V,2,,,,,,,,,0,,Longo da via,Bom,Não existe,Perfeito estado,Seca,Perfeito estado,Outros,Placas Pare,,Única,Faixa seccionada,,
2019-08-20,18:10:00,SEM VÍTIMA,FINALIZADA,ILHA DO RETIRO,RUA SPORT CLUBE DO RECIFE,98,,EM FRENTE AO Nº 98,RUA SPORT CLUBE DO RECIFE,98,EM FRENTE AO Nº 98,ILHA DO RETIRO,,CIDADE,ABALROAMENTO LONGITUDINAL,SANDERO X MINI AMP,2,,,,,,,,,0,,Longo da via,Bom,Não existe,Perfeito estado,Seca,Perfeito estado,Não existe,Outras,,Dupla,Faixa seccionada,,
2019-08-20,18:31:00,SEM VÍTIMA,FINALIZADA,SÃO JOSÉ,AV SUL,74,RUA PADRE JOSE DE SA LEITAO,,AV SUL,74,,SÃO JOSÉ,509,CIDADE,ABALROAMENTO LONGITUDINAL,ENTRE AUTO E CAMINHÃO. S/V,1,,,,,,1,,,0,,,Bom,Sem defeito,Perfeito estado,Seca,Perfeito estado,,Não há placas,60 km/h,Dupla,Canteiro central,,
2019-08-20,19:19:00,SEM VÍTIMA,FINALIZADA,,RUA GUILHERME PINTO,,RUA JOAQUIM NABUCO,,RUA GUILHERME PINTO,,,,498,,ABALROAMENTO LONGITUDINAL,ENTRE 2 AUTOS. S/V,2,,,,,,,,,0,,Cruzamento,Bom,Sem defeito,Perfeito estado,Seca,Perfeito estado,Faixa de pedestre,Outras,,Única,Faixa seccionada,,
2019-08-20,19:28:00,SEM VÍTIMA,FINALIZADA,PARNAMIRIM,AV FLOR DE SANTANA,,RUA AMARO LAFAYETE,,AV FLOR DE SANTANA,,,PARNAMIRIM,,SUBURBIO,ABALROAMENTO LONGITUDINAL,PRISMA X COBALT,2,,,,,,,,,0,,Cruzamento,Bom,Não existe,Incompleta,Seca,Perfeito estado,Não existe,Não há placas,,Dupla,Não existe,,
2019-08-20,20:37:00,SEM VÍTIMA,FINALIZADA,SANTO AMARO,AV CRUZ CABUGA,,,E/F AO CEMITERIO DOS INGLESES,AV CRUZ CABUGA,,E/F AO CEMITERIO DOS INGLESES,SANTO AMARO,,SUBURBIO,ABALROAMENTO LONGITUDINAL,ENTRE AUTO E ÕNIBUS. S/V,1,,,,,1,,,,0,,Longo da via,Bom,Não existe,Perfeito estado,Seca,Perfeito estado,Não existe,Não há placas,,Dupla,Faixa contínua,Canteiro central,
2019-08-20,20:37:00,SEM VÍTIMA,FINALIZADA,BOA VIAGEM,RUA PROFESSOR JOAO MEDEIROS,,RUA JACK AYRES,SEMÁFORO 183,RUA PROFESSOR JOAO MEDEIROS,,SEMÁFORO 183,BOA VIAGEM,183,CIDADE,COLISÃO COM CICLISTA,ETIOS X CICLISTA,1,,,1,,,,,,0,,Cruzamento,Bom,Sem defeito,Perfeito estado,Seca,Perfeito estado,Faixa de pedestre,,,Única,Faixa seccionada,,
2019-08-20,21:33:00,COM VÍTIMA,FINALIZADA,MADALENA,RUA DEMOCRITO DE SOUZA FILHO,,RUA PROFESSOR JOSE TORRES PIRES,BELEZA CAFÉ MODA & BARBEARIA,RUA DEMOCRITO DE SOUZA FILHO,,BELEZA CAFÉ MODA & BARBEARIA,MADALENA,,CIDADE,ABALROAMENTO LONGITUDINAL,AUTO E MOTO,1,1,,,,,,,,1,,Cruzamento,Bom,Não existe,Perfeito estado,Seca,Perfeito estado,Faixa de retenção,Placas Pare,,Única,Não existe,,
2019-08-20,22:02:00,SEM VÍTIMA,CANCELADA,IMBIRIBEIRA,RUA GENERAL GOES MONTEIRO,,RUA CONEGO LIRA,POR TRÁS DA MOURA BATERIAS,RUA GENERAL GOES MONTEIRO,,POR TRÁS DA MOURA BATERIAS,IMBIRIBEIRA,,,COLISÃO,ENTRE 2 AUTOS. S/V,2,,,,,,,,,0,,,,,,,,,,,,,,
2019-08-20,22:23:00,SEM VÍTIMA,FINALIZADA,IPSEP,AV RECIFE,,,PRÓXIMO SEMÁFORO 319,AV RECIFE,,PRÓXIMO SEMÁFORO 319,IPSEP,,,COLISÃO TRASEIRA,ONIBUS BORBOREMA X PALIO,1,,,,,1,,,,0,,Longo da via,Bom,Sem defeito,Perfeito estado,Seca,Perfeito estado,,,,Dupla,,,
2019-08-21,06:18:00,COM VÍTIMA,FINALIZADA,CORDEIRO,AV CAXANGA,2191,,EM FRENTE A EXPOSIÇÃO DE ANIMAIS,AV CAXANGA,2191,EM FRENTE A EXPOSIÇÃO DE ANIMAIS,CORDEIRO,,CIDADE,ABALROAMENTO LONGITUDINAL,AUTO E MOTO,1,1,,,,,,,,2,,Longo da via,Bom,Não existe,Perfeito estado,Molhada,Perfeito estado,Não existe,Outras,,Dupla,Canteiro central,,
2019-08-21,06:57:00,COM VÍTIMA,FINALIZADA,ILHA DO RETIRO,RUA SPORT CLUBE DO RECIFE,,RUA BENFICA,SEDE DO SPORT CLUBE DO RECIFE,RUA SPORT CLUBE DO RECIFE,,SEDE DO SPORT CLUBE DO RECIFE,ILHA DO RETIRO,,CIDADE,ABALROAMENTO LONGITUDINAL,AUTO E MOTO,1,1,,,,,,,,1,,Longo da via,Bom,Não existe,Perfeito estado,Seca,Perfeito estado,Não existe,Não há placas,60 km/h,Dupla,Faixa contínua,,
2019-08-21,07:27:00,SEM VÍTIMA,CANCELADA,BOA VIAGEM,AV MARECHAL JUAREZ TAVORA,,,POR TRAS DA ESCOLA AMERICANA  AO LADO DO CANAL,AV MARECHAL JUAREZ TAVORA,,POR TRAS DA ESCOLA AMERICANA  AO LADO DO CANAL,BOA VIAGEM,,,COLISÃO,DOIS AUTOS,2,,,,,,,,,0,,,,,,,,,,,,,,
2019-08-21,07:45:00,COM VÍTIMA,FINALIZADA,SAN MARTIN,RUA GEOLANDIA,,,PRÓXIMO AO BOPE,RUA GEOLANDIA,,PRÓXIMO AO BOPE,SAN MARTIN,,SUBURBIO,COLISÃO TRASEIRA,COLISÃO ENTRE AUTO E MOTO COM VÍTIMA,1,1,,,,,,,,1,,Longo da via,Bom,Não existe,Não existente,Seca,Perfeito estado,Não existe,Não há placas,,Dupla,Não existe,,
2019-08-21,07:52:00,SEM VÍTIMA,FINALIZADA,BOA VIAGEM,RUA SA E SOUZA,263,RUA CAPITAO ZUZINHA,,RUA SA E SOUZA,263,,BOA VIAGEM,420,SUBURBIO,ABALROAMENTO LONGITUDINAL,COLISAO SEM VITIMAS,1,,,,,1,,,,0,,Cruzamento,Bom,Sem defeito,Perfeito estado,Seca,Perfeito estado,Faixa de pedestre,Outras,,Dupla,Faixa contínua,,
2019-08-21,07:52:00,SEM VÍTIMA,FINALIZADA,BOA VIAGEM,AV DES JOSE NEVES,,,AO LADO DO RESTAURANTE CANGAÇO,AV DES JOSE NEVES,,AO LADO DO RESTAURANTE CANGAÇO,BOA VIAGEM,,CIDADE,COLISÃO TRASEIRA,DOIS AUTOS,2,,,,,,,,,0,,Longo da via,Bom,Não existe,Perfeito estado,Seca,Perfeito estado,Não existe,Não há placas,60 km/h,Dupla,Canteiro central,,
2019-08-21,09:04:00,COM VÍTIMA,FINALIZADA,IPUTINGA,AV CAXANGA,2925,RUA CAPITAO ARAUJO MIRANDA,LADO OPOSTO AO EXTRA,AV CAXANGA,2925,LADO OPOSTO AO EXTRA,IPUTINGA,,SUBURBIO,ATROPELAMENTO,AUTO E PEDESTRE,1,,,,1,,,,,1,,Longo da via,Bom,Sem defeito,Perfeito estado,Seca,Perfeito estado,Outros,R-6a,,Dupla,Faixa seccionada,Canteiro central,
2019-08-21,09:43:00,SEM VÍTIMA,FINALIZADA,BOA VISTA,TRV CORREIA NETO,573,,AO LADO DA ASSEMBLEIA LEGISLATIVA,TRV CORREIA NETO,573,AO LADO DA ASSEMBLEIA LEGISLATIVA,BOA VISTA,,SUBURBIO,COLISÃO TRASEIRA,COLISÃO S/VITIMAS ENTRE DOIS AUTOS,2,,,,,,,,,0,,Longo da via,Bom,Não existe,Perfeito estado,Seca,Perfeito estado,Não existe,Não há placas,,Única,Não existe,,
2019-08-21,09:58:00,COM VÍTIMA,FINALIZADA,CASA AMARELA,RUA PAULA BATISTA,517,,AO LADO DO BANCO BRADESCO,RUA PAULA BATISTA,517,AO LADO DO BANCO BRADESCO,CASA AMARELA,,SUBURBIO,ABALROAMENTO LONGITUDINAL,AUTO E MOTO,1,1,,,,,,,,1,,Longo da via,Bom,Não existe,Perfeito estado,Seca,Perfeito estado,Não existe,Outras,40 km/h,Única,Não existe,,
2019-08-21,10:50:00,SEM VÍTIMA,FINALIZADA,PRADO,AV ENGENHEIRO ABDIAS DE CARVALHO,,,PRÓXIMO A LANCHONETE BOB'S BURGUER,AV ENGENHEIRO ABDIAS DE CARVALHO,,PRÓXIMO A LANCHONETE BOB'S BURGUER,PRADO,,SUBURBIO,ABALROAMENTO LONGITUDINAL,MOTO E AUTO,1,1,,,,,,,,0,,Longo da via,Bom,Sem defeito,Perfeito estado,Seca,Perfeito estado,,Outras,,Dupla,Canteiro central,,
2019-08-21,11:30:00,SEM VÍTIMA,FINALIZADA,BOMBA DO HEMETÉRIO,RUA PADRE OLIVEIRA,278,,EM FRENTE AO Nº 278,RUA PADRE OLIVEIRA,278,EM FRENTE AO Nº 278,BOMBA DO HEMETÉRIO,,SUBURBIO,CHOQUE VEÍCULO PARADO,COLISÃO S/VITIMAS ENTRE UM AUTO E UM ONIBUS,1,,,,,1,,,,0,,Longo da via,Bom,Não existe,Incompleta,Seca,Perfeito estado,Não existe,Não há placas,,Dupla,Não existe,,
2019-08-21,11:38:00,SEM VÍTIMA,FINALIZADA,VÁRZEA,AV PROFESSOR MORAES REGO,,,PRAÇA MALEMBAR,AV PROFESSOR MORAES REGO,,PRAÇA MALEMBAR,VÁRZEA,,CIDADE,ABALROAMENTO LONGITUDINAL,AUTO E CAMINHÃO,1,,,,,,1,,,0,,Longo da via,Bom,Não existe,Perfeito estado,Seca,Perfeito estado,Não existe,Placas Pare,,Única,Não existe,,
2019-08-21,12:36:00,SEM VÍTIMA,PENDENTE,JOANA BEZERRA,AV DES GUERRA BARRETO,,,E/F AO FORUM JONA BEZERRA,AV DES GUERRA BARRETO,,E/F AO FORUM JONA BEZERRA,JOANA BEZERRA,,,COLISÃO,COLISAO ENTRE DOIS AUTOS S/V,2,,,,,,,,,0,,,,,,,,,,,,,,
2019-08-21,12:37:00,SEM VÍTIMA,FINALIZADA,BOA VIAGEM,RUA ANTONIO FALCAO,729,,EM FRENTE AO Nº 729,RUA ANTONIO FALCAO,729,EM FRENTE AO Nº 729,BOA VIAGEM,,,ABALROAMENTO TRANSVERSAL,COLISÃO SEM VITIMA,2,,,,,,,,,0,,Longo da via,Bom,Sem defeito,Perfeito estado,Seca,Perfeito estado,Não existe,Não há placas,,Única,Faixa seccionada,,
2019-08-21,12:50:00,SEM VÍTIMA,CANCELADA,SANTO AMARO,AV JOAO DE BARROS,923,,PROX. AO CORPO DE BOMBEIROS  EM FRENTE AO EDIF. BOSQUE DE VERSAILLES,AV JOAO DE BARROS,923,PROX. AO CORPO DE BOMBEIROS  EM FRENTE AO EDIF. BOSQUE DE VERSAILLES,SANTO AMARO,,,COLISÃO,COLISÃO SEM VITIMA,2,,,,,,,,,0,,,,,,,,,,,,,,
2019-08-21,14:21:00,COM VÍTIMA,FINALIZADA,DERBY,AV GOVERNADOR AGAMENON MAGALHAES,,PRC DO DERBY,CRUZAMENTO COM PRC DERBY,AV GOVERNADOR AGAMENON MAGALHAES,,CRUZAMENTO COM PRC DERBY,DERBY,75,SUBURBIO,ATROPELAMENTO,MOTO X PEDESTRE,,1,,,1,,,,,1,,Cruzamento,Bom,Sem defeito,Perfeito estado,Seca,Perfeito estado,Faixa de pedestre,,60 km/h,Única,Canal,,
2019-08-21,14:29:00,SEM VÍTIMA,FINALIZADA,BOA VISTA,AV MONTEVIDEU,644,RUA JOAO FERNANDES VIEIRA,EM FRENTE AO HOSPITAL DE FRATURAS,AV MONTEVIDEU,644,EM FRENTE AO HOSPITAL DE FRATURAS,BOA VISTA,,CIDADE,ABALROAMENTO LONGITUDINAL,ENTRE DOIS AUTO S/V,2,,,,,,,,,0,,Longo da via,Bom,Não existe,Perfeito estado,Seca,Perfeito estado,Faixa de pedestre,Outras,,Única,Faixa seccionada,,
2019-08-21,14:47:00,SEM VÍTIMA,FINALIZADA,BARRO,AV DR JOSE RUFINO,2116,,,AV DR JOSE RUFINO,2116,,BARRO,,SUBURBIO,COLISÃO TRASEIRA,COLISAO ENTRE DOIS AUTOS S/V,1,,,,,,,,1,0,,Longo da via,Bom,Não existe,Perfeito estado,Seca,Perfeito estado,Não existe,R-6a,40 km/h,Dupla,Faixa seccionada,,
2019-08-21,15:13:00,SEM VÍTIMA,FINALIZADA,CASA FORTE,RUA LEONARDO BEZERRA CAVALCANTE,698,,BIG BOMPREÇO,RUA LEONARDO BEZERRA CAVALCANTE,698,BIG BOMPREÇO,CASA FORTE,,SUBURBIO,COLISÃO TRASEIRA,COLISAO ENTRE MOTO E AUTO S/V,1,1,,,,,,,,0,,Longo da via,Bom,Não existe,Perfeito estado,Seca,Perfeito estado,Faixa de pedestre,Outras,,Única,Faixa seccionada,,
2019-08-21,15:44:00,SEM VÍTIMA,FINALIZADA,SANTO AMARO,AV GOVERNADOR AGAMENON MAGALHAES,,,EM CIMA DO VIADUTO JOÃO DE BARROS,AV GOVERNADOR AGAMENON MAGALHAES,,EM CIMA DO VIADUTO JOÃO DE BARROS,SANTO AMARO,,SUBURBIO,COLISÃO TRASEIRA,COLISÃO SEM VITIMA,2,,,,,,,,,0,,,Bom,Não existe,Perfeito estado,Seca,Perfeito estado,Não existe,Não há placas,60 km/h,Única,Faixa contínua,,
2019-08-21,16:23:00,COM VÍTIMA,FINALIZADA,CASA FORTE,AV DEZESSETE DE AGOSTO,,,EM FRENTE AO Nº 1316,AV DEZESSETE DE AGOSTO,,EM FRENTE AO Nº 1316,CASA FORTE,,CIDADE,ABALROAMENTO LONGITUDINAL,COLISÃO COM VITIMA/ os veiculos foram removidos do local,1,1,,,,,,,,2,,Longo da via,Bom,Sem defeito,Perfeito estado,Seca,Perfeito estado,Não existe,Não há placas,,Dupla,Faixa contínua,,
2019-08-21,17:12:00,SEM VÍTIMA,FINALIZADA,IPUTINGA,AV LUIZ DE LACERDA,260,,COLÉGIO DESAFIO,AV LUIZ DE LACERDA,260,COLÉGIO DESAFIO,IPUTINGA,,SUBURBIO,ABALROAMENTO LONGITUDINAL,COLISÃO SEM VITIMA,1,,,,,1,,,,0,,Longo da via,Bom,Não existe,Perfeito estado,Seca,Perfeito estado,Não existe,Placas Pare,,Única,Não existe,,
2019-08-21,17:31:00,SEM VÍTIMA,FINALIZADA,TAMARINEIRA,EST DO ARRAIAL,2646,RUA GOMES COUTINHO,,EST DO ARRAIAL,2646,,TAMARINEIRA,,SUBURBIO,ABALROAMENTO LONGITUDINAL,ENTRE DOIS AUTO S/V,1,,,,,,1,,,0,,,Bom,Não existe,Perfeito estado,Seca,Perfeito estado,Não existe,Placas Pare,,Única,Faixa seccionada,,
2019-08-21,17:55:00,SEM VÍTIMA,FINALIZADA,TAMARINEIRA,RUA CONEGO BARATA,,,E/F A FERREIRA COSTA,RUA CONEGO BARATA,,E/F A FERREIRA COSTA,TAMARINEIRA,,SUBURBIO,ABALROAMENTO LONGITUDINAL,ENTRE 2 AUTOS. S/V,2,,,,,,,,,0,,Longo da via,Bom,Não existe,Perfeito estado,Seca,Perfeito estado,Não existe,Outras,,Única,Faixa seccionada,,
2019-08-21,18:13:00,SEM VÍTIMA,FINALIZADA,SAN MARTIN,AV GENERAL SAN MARTIN,,,EM FRENTE AO Nº 723,AV GENERAL SAN MARTIN,,EM FRENTE AO Nº 723,SAN MARTIN,,SUBURBIO,COLISÃO TRASEIRA,ENTRE 3 AUTOS. S/V,3,,,,,,,,,0,,Longo da via,Bom,Sem defeito,Perfeito estado,Seca,Perfeito estado,Não existe,Não há placas,,Dupla,Não existe,,
2019-08-21,18:28:00,SEM VÍTIMA,FINALIZADA,PARNAMIRIM,AV PARNAMIRIM,,,,AV PARNAMIRIM,,,PARNAMIRIM,10,SUBURBIO,ABALROAMENTO LONGITUDINAL,SANDERO X LIFAN,2,,,,,,,,,0,,Longo da via,Bom,Sem defeito,Perfeito estado,Seca,Perfeito estado,Faixa de pedestre,Não há placas,40 km/h,Única,Faixa contínua,,
2019-08-21,18:46:00,SEM VÍTIMA,CANCELADA,ESPINHEIRO,AV JOAO DE BARROS,1622,,ENF A FEDERAÇAO ESPIRATA DO ESPINHEIRO E BANCO ITAU,AV JOAO DE BARROS,1622,ENF A FEDERAÇAO ESPIRATA DO ESPINHEIRO E BANCO ITAU,ESPINHEIRO,,,COLISÃO,ONIBUS CAXANGA X HB 20,1,,,,,1,,,,0,,,,,,,,,,,,,,
2019-08-21,19:41:00,COM VÍTIMA,FINALIZADA,BOA VISTA,RUA JOSE DE ALENCAR,,RUA BARAO DE SAO BORJA,PROX AO HOTEL BOA VISTA,RUA JOSE DE ALENCAR,,PROX AO HOTEL BOA VISTA,BOA VISTA,,CIDADE,ABALROAMENTO TRANSVERSAL,AUTO E MOTO,1,1,,,,,,,,1,,Cruzamento,Bom,Não existe,Perfeito estado,Seca,Perfeito estado,Faixa de retenção,Placas Pare,30 km/h,Única,,,