data,hora,natureza_acidente,situacao,bairro,endereco,numero,detalhe_endereco_acidente,complemento,endereco_cruzamento,numero_cruzamento,referencia_cruzamento,bairro_cruzamento,num_semaforo,sentido_via,tipo,descricao,auto,moto,ciclom,ciclista,pedestre,onibus,caminhao,viatura,outros,vitimas,vitimasfatais,acidente_verificado,tempo_clima,situacao_semaforo,sinalizacao,condicao_via,conservacao_via,ponto_controle,situacao_placa,velocidade_max_via,mao_direcao,divisao_via1,divisao_via2,divisao_via3
2019-08-21,20:05:00,COM VÍTIMA,FINALIZADA,AFOGADOS,AV SUL,,,E/F A ESTAÇÃO DO METRÔ LARGO DA PAZ E POLICLINICA DE AFOGADOS,AV SUL,,E/F A ESTAÇÃO DO METRÔ LARGO DA PAZ E POLICLINICA DE AFOGADOS,AFOGADOS,,CIDADE,ABALROAMENTO TRANSVERSAL,AUTO E ÔNIBUS,1,,,,,1,,,,2,,Longo da via,Bom,Não existe,Perfeito estado,Seca,Perfeito estado,Não existe,Não há placas,60 km/h,Única,Faixa seccionada,,
2019-08-21,20:08:00,SEM VÍTIMA,CANCELADA,IPSEP,RUA JEAN EMILE FAVRE,303,,DE LADO DA UNIF BV  SNT IMBIRIBEIRA,RUA JEAN EMILE FAVRE,303,DE LADO DA UNIF BV  SNT IMBIRIBEIRA,IPSEP,,,COLISÃO COM CICLISTA,MOTO X CICLISTA. S/V,,1,,1,,,,,,0,,,,,,,,,,,,,,
2019-08-21,20:56:00,SEM VÍTIMA,FINALIZADA,ARRUDA,AV BEBERIBE,1408,,CASA DE SAMBA,AV BEBERIBE,1408,CASA DE SAMBA,ARRUDA,,,ABALROAMENTO LONGITUDINAL,ÕNIBUS X AUTO. S/V,1,,,,,1,,,,0,,Longo da via,Bom,Não existe,Perfeito estado,Seca,Perfeito estado,,Não há placas,40 km/h,Dupla,Faixa contínua,,
2019-08-22,00:48:00,SEM VÍTIMA,FINALIZADA,HIPÓDROMO,RUA MEM DE SA,,RUA PROFESSOR JERONIMO GUEIROS,,RUA MEM DE SA,,,HIPÓDROMO,495,,ABALROAMENTO TRANSVERSAL,COLISÃO ENTRE DOIS AUTOS S/V,2,,,,,,,,,0,,Cruzamento,Bom,Sem defeito,Ilegível,Seca,Mal iluminada,Não existe,Não há placas,,Dupla,Canteiro central,,
2019-08-22,04:09:00,SEM VÍTIMA,FINALIZADA,SÃO JOSÉ,AV SUL,,,EDF PESQUEIRA BLOCO D,AV SUL,,EDF PESQUEIRA BLOCO D,SÃO JOSÉ,502,CIDADE,CHOQUE VEÍCULO PARADO,VEÍCULO CHOCOU-SE CONTRA OUTRO VEÍCULO ESTAIONADO.  SEM VÍTIMAS.,2,,,,,,,,,0,,Cruzamento,Bom,Não existe,Não existente,Seca,Perfeito estado,,Não há placas,,Dupla,Canteiro central,,
2019-08-22,06:39:00,SEM VÍTIMA,FINALIZADA,SANCHO,RUA APRIGIO GUIMARAES,230,,SALÃO DO REINO DAS TESTEMUNHAS DE JEOVÁ,RUA APRIGIO GUIMARAES,230,SALÃO DO REINO DAS TESTEMUNHAS DE JEOVÁ,SANCHO,,SUBURBIO,ABALROAMENTO LONGITUDINAL,ONIBUS E AUTO,1,,,,,1,,,,0,,Longo da via,Nublado,Não existe,Não existente,Seca,Perfeito estado,Não existe,Não há placas,,Dupla,Não existe,,
2019-08-22,07:39:00,COM VÍTIMA,FINALIZADA,DOIS IRMÃOS,RUA MANUEL DE MEDEIROS,,,EM FRENTE A ZOOTECNIA DA UFRPE  SENT. CAMARAGIBE,RUA MANUEL DE MEDEIROS,,EM FRENTE A ZOOTECNIA DA UFRPE  SENT. CAMARAGIBE,DOIS IRMÃOS,,SUBURBIO,ABALROAMENTO LONGITUDINAL,DOIS AUTOS E UMA MOTO,2,1,,,,,,,,1,,Longo da via,Chuvoso,Não existe,Incompleta,Seca,Outros,Não existe,Outras,,Dupla,Faixa seccionada,,
2019-08-22,07:51:00,SEM VÍTIMA,FINALIZADA,ILHA DO RETIRO,RUA ABDIAS CABRAL DE MOURA,,,EM FRENTE AO POSTO DE GASOLINA IPIRANGA SENT. CIDADE,RUA ABDIAS CABRAL DE MOURA,,EM FRENTE AO POSTO DE GASOLINA IPIRANGA SENT. CIDADE,ILHA DO RETIRO,,,COLISÃO,COLISÃO SEM VITIMAS,2,,,,,,,,,0,,,,,,,,,,,,,,
2019-08-22,07:58:00,SEM VÍTIMA,CANCELADA,PINA,AV REPUBLICA DO LIBANO,,,NA ENTRADA DO SHOPPING RIO MAR,AV REPUBLICA DO LIBANO,,NA ENTRADA DO SHOPPING RIO MAR,PINA,,,COLISÃO,COLISÃO SEM VITIMAS,1,,,1,,,,,,0,,,,,,,,,,,,,,
2019-08-22,08:07:00,SEM VÍTIMA,FINALIZADA,BOA VIAGEM,AV. DES. JOSE NEVES,164,,EM FRENTE AO BAR DO BIO,,164,EM FRENTE AO BAR DO BIO,BOA VIAGEM,,CIDADE,COLISÃO TRASEIRA,COLISÃO SEM VITIMAS,1,1,,,,,,,,0,,Longo da via,Bom,Não existe,Perfeito estado,Seca,Perfeito estado,Não existe,R-6a,,Dupla,Canteiro central,Canal,
2019-08-22,08:31:00,SEM VÍTIMA,FINALIZADA,TORRE,RUA REAL DA TORRE,,RUA JOSE DE HOLANDA,,RUA REAL DA TORRE,,,TORRE,,CIDADE,ABALROAMENTO TRANSVERSAL,COLISÃO S/VITIMAS ENTRE DOIS AUTOS,2,,,,,,,,,0,,Outros,Bom,Não existe,Não existente,Seca,Perfeito estado,Não existe,Não há placas,,Dupla,Não existe,,
2019-08-22,08:52:00,SEM VÍTIMA,FINALIZADA,TEJIPIÓ,AV DR JOSE RUFINO,3190,,LADO OPOSTO AO 4º BCOM,AV DR JOSE RUFINO,3190,LADO OPOSTO AO 4º BCOM,TEJIPIÓ,,SUBURBIO,ABALROAMENTO LONGITUDINAL,COLISÃO SEM VITIMAS,2,,,,,,,,,0,,Longo da via,Bom,Não existe,Perfeito estado,Seca,Perfeito estado,Não existe,R-6a,,Dupla,Faixa contínua,,
2019-08-22,08:53:00,SEM VÍTIMA,FINALIZADA,BOA VIAGEM,AVENIDA CELSO FURTADO (VIA MANGUE),,,ALÇA DO VIADUTO DOM JOÃO VI,AVENIDA CELSO FURTADO (VIA MANGUE),,ALÇA DO VIADUTO DOM JOÃO VI,BOA VIAGEM,,SUBURBIO,ABALROAMENTO LONGITUDINAL,DOIS AUTOS,2,,,,,,,,,0,,Longo da via,Bom,Não existe,Perfeito estado,Seca,Perfeito estado,Não existe,Não há placas,,Dupla,Canteiro central,,
2019-08-22,09:33:00,SEM VÍTIMA,CANCELADA,VÁRZEA,RUA AMARO GOMES POROCA,,,EM FRENTE AO RESTAURANTE BRAZZETTUS,RUA AMARO GOMES POROCA,,EM FRENTE AO RESTAURANTE BRAZZETTUS,VÁRZEA,,,COLISÃO,COLISÃO SEM VITIMAS,1,1,,,,,,,,0,,,,,,,,,,,,,,
2019-08-22,09:49:00,SEM VÍTIMA,FINALIZADA,ARRUDA,AV PROFESSOR JOSE DOS ANJOS,,,OPOSTO FIAT VIA SUL,AV PROFESSOR JOSE DOS ANJOS,,OPOSTO FIAT VIA SUL,ARRUDA,,SUBURBIO,COLISÃO TRASEIRA,,2,,,,,,,,,0,,Longo da via,Bom,Não existe,Perfeito estado,Seca,Perfeito estado,Outros,Placas Pare,,Dupla,Faixa seccionada,Canteiro central,Canal
2019-08-22,09:56:00,SEM VÍTIMA,FINALIZADA,BOA VISTA,RUA DOM BOSCO,,,EM FRENTE AO COLEGIO AMERICANO BATISTA,RUA DOM BOSCO,,EM FRENTE AO COLEGIO AMERICANO BATISTA,BOA VISTA,,SUBURBIO,COLISÃO TRASEIRA,COLISÃO SEM VITIMAS,1,,,,,1,,,,0,,Longo da via,Bom,Não existe,,Seca,Perfeito estado,Outros,Outras,,Única,Faixa seccionada,,
2019-08-22,10:52:00,SEM VÍTIMA,FINALIZADA,,RUA MARIANO CARNEIRO DA CUNHA,,,EM FRENTE AO POSTE Nº B 028992,RUA MARIANO CARNEIRO DA CUNHA,,EM FRENTE AO POSTE Nº B 028992,,,SUBURBIO,CHOQUE OBJETO FIXO,CHOQUE DE CAMINHÃO,,,,,,,1,,,0,,Longo da via,Bom,Não existe,Não existente,Seca,Perfeito estado,Não existe,Não há placas,,Dupla,Não existe,,
2019-08-22,11:06:00,SEM VÍTIMA,FINALIZADA,,RUA BALTAZAR PASSOS,,RUA SA E SOUZA,,RUA BALTAZAR PASSOS,,,,,CIDADE,ABALROAMENTO TRANSVERSAL,DOIS AUTOS,2,,,,,,,,,0,,Cruzamento,Bom,Não existe,Ilegível,Seca,Perfeito estado,Não existe,Placas Pare,,Dupla,Faixa contínua,,
2019-08-22,11:45:00,SEM VÍTIMA,FINALIZADA,SANTO AMARO,RUA DOS PALMARES,,,PREVIDÊNCIA SOCIAL,RUA DOS PALMARES,,PREVIDÊNCIA SOCIAL,SANTO AMARO,30,CIDADE,COLISÃO TRASEIRA,COLISAO SEM VITIMAS ENTRE DOIS AUTOS,2,,,,,,,,,0,,Longo da via,Bom,Sem defeito,Perfeito estado,Seca,Perfeito estado,Faixa de pedestre,Não há placas,,Dupla,Canteiro central,,
2019-08-22,12:02:00,SEM VÍTIMA,FINALIZADA,TEJIPIÓ,RUA FALCAO DE LACERDA,387,,AQUI DOUTOR CLÍNICA,RUA FALCAO DE LACERDA,387,AQUI DOUTOR CLÍNICA,TEJIPIÓ,,,COLISÃO TRASEIRA,COLISÃO SEM VÍTIMA,1,,,,,,1,,,0,,Longo da via,Bom,Sem defeito,Perfeito estado,Seca,Perfeito estado,Faixa de pedestre,Outras,40 km/h,Única,Faixa seccionada,,
2019-08-22,12:14:00,SEM VÍTIMA,FINALIZADA,SANTO AMARO,AV JOAO DE BARROS,694,RUA MAJOR CODECEIRA,OPOSTO 7º INSPETORIA DE CONTABILIDADE E FINANÇAS DO EXERCÍTO,AV JOAO DE BARROS,694,OPOSTO 7º INSPETORIA DE CONTABILIDADE E FINANÇAS DO EXERCÍTO,SANTO AMARO,,CIDADE,ABALROAMENTO LONGITUDINAL,COLISÃO SEM VÍTIMA,2,,,,,,,,,0,,Longo da via,Bom,Não existe,Perfeito estado,Seca,Perfeito estado,Outros,R-6a,,Única,Faixa seccionada,,
2019-08-22,12:48:00,SEM VÍTIMA,FINALIZADA,BOA VIAGEM,AV ENGENHEIRO DOMINGOS FERREIRA,,,LAÇA BURGUER,AV ENGENHEIRO DOMINGOS FERREIRA,,LAÇA BURGUER,BOA VIAGEM,,SUBURBIO,COLISÃO TRASEIRA,COLISÃO SEM VÍTIMA  VT 01  APOIO NA ÁREA 04 EM VIRTUDE DA FALTA DE EFETIVO NA ÁREA 04.,3,,,,,,,,,0,,Longo da via,Nublado,Não existe,Perfeito estado,Seca,Perfeito estado,Não existe,,60 km/h,Única,Faixa contínua,Faixa seccionada,
2019-08-22,12:56:00,SEM VÍTIMA,FINALIZADA,DERBY,AV ENGENHEIRO AGAMENON DE MAGALHAES MELO,,RUA HENRIQUE DIAS,PRÓXIMO A FARMACIA PAGUE MENOS,AV ENGENHEIRO AGAMENON DE MAGALHAES MELO,,PRÓXIMO A FARMACIA PAGUE MENOS,DERBY,68,,COLISÃO TRASEIRA,COLISÃO SEM VÍTIMA,2,,,,,,,,,0,,Cruzamento,Bom,Sem defeito,Perfeito estado,Seca,Perfeito estado,Agente,,60 km/h,Dupla,Canal,,
2019-08-22,13:05:00,SEM VÍTIMA,FINALIZADA,BOA VIAGEM,AV ENGENHEIRO DOMINGOS FERREIRA,,,E/F AO CLINICAL CENTER S/T PIEDADE,AV ENGENHEIRO DOMINGOS FERREIRA,,E/F AO CLINICAL CENTER S/T PIEDADE,BOA VIAGEM,,,COLISÃO,COLISAO ENTRE ONIBUS E AUTO S/V,1,,,,,1,,,,0,,,,,,,,,,,,,,
2019-08-22,13:07:00,SEM VÍTIMA,FINALIZADA,SANTO AMARO,AV GOVERNADOR AGAMENON MAGALHAES,,RUA ODORICO MENDES,APÓS O SEMÁFORO,AV GOVERNADOR AGAMENON MAGALHAES,,APÓS O SEMÁFORO,SANTO AMARO,49,CIDADE,ABALROAMENTO LONGITUDINAL,COLISÃO SEM VÍTIMA,1,1,,,,,,,,0,,Longo da via,Bom,Sem defeito,Perfeito estado,Seca,Perfeito estado,Faixa de pedestre,Outras,60 km/h,Dupla,Canal,,
2019-08-22,13:36:00,SEM VÍTIMA,FINALIZADA,ESPINHEIRO,RUA BARAO DE ITAMARACA,27,,AO LADO DO SUPERMECADO SOBERANDO,RUA BARAO DE ITAMARACA,27,AO LADO DO SUPERMECADO SOBERANDO,ESPINHEIRO,464,,ABALROAMENTO LONGITUDINAL,COLISAO SEM VITIMAS,2,,,,,,,,,0,,Longo da via,Bom,Sem defeito,Perfeito estado,Seca,Perfeito estado,Faixa de pedestre,R-6a,,Dupla,Faixa contínua,Faixa seccionada,
2019-08-22,15:09:00,SEM VÍTIMA,FINALIZADA,BOA VIAGEM,AV CONSELHEIRO AGUIAR,,,PROXIMO AO GALETO DO PEQUIN,AV CONSELHEIRO AGUIAR,,PROXIMO AO GALETO DO PEQUIN,BOA VIAGEM,2,,COLISÃO,COLISAO SEM VITIMAS,1,,,,,1,,,,0,,,,,,,,,,,,,,
2019-08-22,15:09:00,SEM VÍTIMA,FINALIZADA,ILHA DO LEITE,RUA MARQUES AMORIM,,RUA ESPERANTO,,RUA MARQUES AMORIM,,,ILHA DO LEITE,,CIDADE,ABALROAMENTO LONGITUDINAL,COLISÃO SEM VÍTIMA,3,,,,,,,,,0,,Cruzamento,Bom,Não existe,Não existente,Seca,Mal conservada,Não existe,Não há placas,,Única,Não existe,,
2019-08-22,15:12:00,SEM VÍTIMA,FINALIZADA,DERBY,AV GOVERNADOR AGAMENON MAGALHAES,,,EM FRENTE A PRAÇA DO DERBY/ SENTIDO BOA VIAGEM,AV GOVERNADOR AGAMENON MAGALHAES,,EM FRENTE A PRAÇA DO DERBY/ SENTIDO BOA VIAGEM,DERBY,75,,COLISÃO TRASEIRA,COLISÃO SEM VÍTIMA,2,,,,,,,,,0,,Longo da via,Bom,Sem defeito,Perfeito estado,Seca,Perfeito estado,Faixa de pedestre,Outras,60 km/h,Dupla,Não existe,,
2019-08-22,15:39:00,SEM VÍTIMA,FINALIZADA,ILHA DO RETIRO,RUA TABAIARES,260,,AO LADO DO SEBRAE,RUA TABAIARES,260,AO LADO DO SEBRAE,ILHA DO RETIRO,,CIDADE,ABALROAMENTO LONGITUDINAL,COLISAO ENTRE DOIS AUTOS S/V,1,,,,,,,,1,0,,Longo da via,Bom,Não existe,Perfeito estado,Seca,Perfeito estado,Faixa de pedestre,Outras,,Única,Faixa seccionada,,
2019-08-22,16:10:00,SEM VÍTIMA,FINALIZADA,BOA VIAGEM,AV DES JOSE NEVES,,,,AV DES JOSE NEVES,,,BOA VIAGEM,,SUBURBIO,COLISÃO TRASEIRA,COLISÃO SEM VITIMA...O VEICULO PEGOU FOGO DENTRO DO TUNEL  A EQUIPE DE BOMBEIROS FOI ACIONADA,2,,,,,,,,,0,,Longo da via,Bom,Não existe,Perfeito estado,Seca,Perfeito estado,Não existe,Não há placas,,Única,Não existe,,
2019-08-22,17:34:00,SEM VÍTIMA,FINALIZADA,SANTO AMARO,AV NORTE,,AV CRUZ CABUGA,AO LADO DA CASA DA INDÚSTRIA,AV NORTE,,AO LADO DA CASA DA INDÚSTRIA,SANTO AMARO,,,CHOQUE OBJETO FIXO,CAMINHÃO X ÁRVORE - NÃO HOUVE DANOS NO CAMINHÃO E O MESMO SE EVADIU DO LOCAL.,,,,,,,,,,0,,,,,,,,,,,,,,
2019-08-22,17:37:00,COM VÍTIMA,FINALIZADA,ESPINHEIRO,RUA ALBERTO PAIVA,213,,BOUTIQUE. mind senglish school,RUA ALBERTO PAIVA,213,BOUTIQUE. mind senglish school,ESPINHEIRO,360,SUBURBIO,COLISÃO TRASEIRA,COLISÃO COM VITIMA,1,1,,,,,,,,1,,Longo da via,Bom,Sem defeito,Perfeito estado,,Mal conservada,Faixa de pedestre,Outras,,Única,Faixa contínua,,
2019-08-22,18:05:00,SEM VÍTIMA,FINALIZADA,SANTO AMARO,AV GOVERNADOR AGAMENON MAGALHAES,,,SEMÁFORO 379,AV GOVERNADOR AGAMENON MAGALHAES,,SEMÁFORO 379,SANTO AMARO,379,,COLISÃO TRASEIRA,ENTRE 2 AUTOS. S/V,2,,,,,,,,,0,,Longo da via,Bom,Sem defeito,Perfeito estado,Seca,Perfeito estado,Faixa de pedestre,R-6a,60 km/h,Dupla,Canteiro central,,
2019-08-22,18:21:00,SEM VÍTIMA,CANCELADA,ESPINHEIRO,AV CONS ROSA E SILVA,327,,E/F A DROGASIL,AV CONS ROSA E SILVA,327,E/F A DROGASIL,ESPINHEIRO,,,COLISÃO,ENTRE 2 AUTOS. S/V,,,,,,,,,,0,,,,,,,,,,,,,,
2019-08-22,18:27:00,SEM VÍTIMA,FINALIZADA,IMBIRIBEIRA,RUA ITACARI,,RUA IZABEL DE SOUZA,,RUA ITACARI,,,IMBIRIBEIRA,,SUBURBIO,COLISÃO TRASEIRA,AUTO PASSEIO X MOTO S/V,1,1,,,,,,,,0,,Cruzamento,Bom,Não existe,Perfeito estado,Seca,Perfeito estado,Não existe,Não há placas,,Única,Faixa seccionada,,
2019-08-22,18:53:00,SEM VÍTIMA,FINALIZADA,SANTO ANTÔNIO,AV MARTINS DE BARROS,,RUA SIQUEIRA CAMPOS,POSTE ILUMINAÇÃO PÚBLICA Nº B012228,AV MARTINS DE BARROS,,POSTE ILUMINAÇÃO PÚBLICA Nº B012228,SANTO ANTÔNIO,,SUBURBIO,ABALROAMENTO TRANSVERSAL,ENTRE DOIS AUTO S/V,2,,,,,,,,,0,,,Chuvoso,Não existe,Perfeito estado,Molhada,Perfeito estado,Não existe,Não há placas,,Única,Faixa seccionada,,
2019-08-22,19:11:00,SEM VÍTIMA,FINALIZADA,PRADO,AV ENGENHEIRO ABDIAS DE CARVALHO,,,E/F A MCDONALDS,AV ENGENHEIRO ABDIAS DE CARVALHO,,E/F A MCDONALDS,PRADO,,SUBURBIO,COLISÃO TRASEIRA,ENTRE 2 AUTOS. S/V,2,,,,,,,,,0,,Longo da via,Chuvoso,Sem defeito,Perfeito estado,Molhada,Perfeito estado,Não existe,Outras,,Dupla,Canteiro central,,
2019-08-22,19:35:00,SEM VÍTIMA,CANCELADA,IMBIRIBEIRA,AV MARECHAL MASCARENHAS DE MORAES,,,EM FRENTE AO CLUBE DOS RODOVIARIOS,AV MARECHAL MASCARENHAS DE MORAES,,EM FRENTE AO CLUBE DOS RODOVIARIOS,IMBIRIBEIRA,,CIDADE,COLISÃO,AUTO PASSEIO X CAMINHÃO S/V,1,,,,,,1,,,0,,,,,,,,,,,,,,
2019-08-22,19:56:00,SEM VÍTIMA,CANCELADA,PINA,VIADUTO CAPITAO TEMUDO,,,ACIDENTE NA PONTE QUE DAR ACESSO AO PINA E AO SHOPPING RIOMAR,VIADUTO CAPITAO TEMUDO,,ACIDENTE NA PONTE QUE DAR ACESSO AO PINA E AO SHOPPING RIOMAR,PINA,,SUBURBIO,COLISÃO,DOIS AUTOS,2,,,,,,,,,0,,,,,,,,,,,,,,
2019-08-22,20:48:00,SEM VÍTIMA,FINALIZADA,CABANGA,PTE GOVERNADOR PAULO GUERRA,,,DE FRONTE A COMPESA,PTE GOVERNADOR PAULO GUERRA,,DE FRONTE A COMPESA,CABANGA,662,SUBURBIO,COLISÃO TRASEIRA,ENTRE 2 AUTOS. S/V,1,,,,,,,,,0,,Longo da via,Bom,Sem defeito,Perfeito estado,Seca,Perfeito estado,Não existe,Não há placas,,Única,Faixa contínua,,
2019-08-22,21:34:00,SEM VÍTIMA,CANCELADA,APIPUCOS,RUA DE APIPUCOS,,,EM FRENTE A CAMATEX,RUA DE APIPUCOS,,EM FRENTE A CAMATEX,APIPUCOS,,,CHOQUE OBJETO FIXO,VEICULO COLIDE COM POSTE,1,,,,,,,,,0,,,,,,,,,,,,,,
2019-08-22,23:16:00,SEM VÍTIMA,CANCELADA,SÃO JOSÉ,RUA RIO CAPIBARIBE,,,LATERAL DA CASA DA CULTURA,RUA RIO CAPIBARIBE,,LATERAL DA CASA DA CULTURA,SÃO JOSÉ,,,COLISÃO,ENTRE 2 AUTOS. S/V,2,,,,,,,,,0,,,,,,,,,,,,,,
2019-08-22,23:47:00,SEM VÍTIMA,FINALIZADA,IMBIRIBEIRA,AV MARECHAL MASCARENHAS DE MORAES,4900,,EM FRENTE 4900 ( POSTO SHELL),AV MARECHAL MASCARENHAS DE MORAES,4900,EM FRENTE 4900 ( POSTO SHELL),IMBIRIBEIRA,,SUBURBIO,ABALROAMENTO LONGITUDINAL,ENTRE 2 AUTOS. S/V,2,,,,,,,,,0,,Longo da via,Chuvoso,Não existe,Perfeito estado,Molhada,Perfeito estado,Não existe,Outras,,Dupla,Canteiro central,,
2019-08-23,00:27:00,SEM VÍTIMA,FINALIZADA,CURADO,RUA MINISTRO MARIO ANDREAZZA,,AV PREFEITO ANTONIO PEREIRA,,RUA MINISTRO MARIO ANDREAZZA,,,CURADO,,SUBURBIO,ABALROAMENTO TRANSVERSAL,COLISÃO ENTRE DOIS ÔNIBUS,,,,,,2,,,,0,,,Chuvoso,Não existe,Perfeito estado,Molhada,Perfeito estado,,,,Dupla,Canteiro central,,
2019-08-23,00:49:00,SEM VÍTIMA,FINALIZADA,MADALENA,RUA BENFICA,,RUA DR SEVERINO PINHEIRO,,RUA BENFICA,,,MADALENA,590,CIDADE,ABALROAMENTO TRANSVERSAL,COLISÃO ENTRE DOIS AUTOS S/V,2,,,,,,,,,0,,Cruzamento,Chuvoso,Sem defeito,Perfeito estado,Molhada,Perfeito estado,Faixa de pedestre,Não há placas,,Única,Faixa seccionada,,
2019-08-23,01:28:00,SEM VÍTIMA,FINALIZADA,PINA,AV ENGENHEIRO DOMINGOS FERREIRA,,RUA PEREIRA DA COSTA,,AV ENGENHEIRO DOMINGOS FERREIRA,,,PINA,142,SUBURBIO,ABALROAMENTO TRANSVERSAL,COLISÃO ENTRE DOIS AUTOS S/V,2,,,,,,,,,0,,Cruzamento,Chuvoso,Sem defeito,Perfeito estado,Molhada,Perfeito estado,Faixa de pedestre,Outras,,Dupla,Canteiro central,,
2019-08-23,06:21:00,COM VÍTIMA,FINALIZADA,PINA,AV BOA VIAGEM,100,,EM FRENTE AO EDF MARIA KARLA,AV BOA VIAGEM,100,EM FRENTE AO EDF MARIA KARLA,PINA,,CIDADE,ABALROAMENTO LONGITUDINAL,COLISÃO COM UMA VÍTIMA SENDO SOCORRIDA PELOS BOMBEIROS.,1,1,,,,,,,,1,,Longo da via,Bom,Não existe,Perfeito estado,Seca,Perfeito estado,Não existe,Outras,,Única,Faixa seccionada,,
2019-08-23,07:12:00,SEM VÍTIMA,FINALIZADA,ILHA DO RETIRO,RUA BENFICA,126,,AO LADO DO BATALHÃO DO CHOQUE,RUA BENFICA,126,AO LADO DO BATALHÃO DO CHOQUE,ILHA DO RETIRO,,CIDADE,COLISÃO TRASEIRA,SEM VITIMAS,1,,,,,1,,,,0,,Longo da via,Bom,Não existe,Perfeito estado,Seca,Perfeito estado,Não existe,R-6a,,Única,Faixa seccionada,,
2019-08-23,07:26:00,SEM VÍTIMA,DUPLICIDADE,ILHA DO RETIRO,AV BEIRA RIO,,,APOS O TUNEL CHICO SCIENCE EM FRENTE AO CARTORIO,AV BEIRA RIO,,APOS O TUNEL CHICO SCIENCE EM FRENTE AO CARTORIO,ILHA DO RETIRO,,,COLISÃO,COLISÃO SEM VITIMAS,2,,,,,,,,,0,,,,,,,,,,,,,,
2019-08-26,11:18:00,COM VÍTIMA,FINALIZADA,,RUA PROFESSOR JOAQUIM XAVIER DE BRITO,134,,PRÓXIMO AO CANAL DO CAVUCO,RUA PROFESSOR JOAQUIM XAVIER DE BRITO,134,PRÓXIMO AO CANAL DO CAVUCO,,134,CIDADE,ABALROAMENTO LONGITUDINAL,COLISÃO COM VÍTIMA ENTRE QUATRO VEÍCULOS,4,,,,,,,,,1,,Longo da via,Bom,Sem defeito,Perfeito estado,Seca,Perfeito estado,Faixa de pedestre,Outras,,Dupla,Canteiro central,,
2019-08-23,08:33:00,SEM VÍTIMA,CANCELADA,IPSEP,RUA JEAN EMILE FAVRE,581,,PROX DA ESCOLA ELEONOR ROSE VELT / EM FRENTE A PRAÇA DA MAURICEIA,RUA JEAN EMILE FAVRE,581,PROX DA ESCOLA ELEONOR ROSE VELT / EM FRENTE A PRAÇA DA MAURICEIA,IPSEP,,,COLISÃO,AUTO E CAMINHAO,1,,,,,,1,,,0,,,,,,,,,,,,,,
2019-08-23,08:55:00,SEM VÍTIMA,FINALIZADA,AREIAS,RUA PADRE NOBREGA,332,RUA PADRE DIOGO RODRIGUES,,RUA PADRE NOBREGA,332,,AREIAS,,SUBURBIO,ABALROAMENTO LONGITUDINAL,SEM VITIMAS,2,,,,,,,,,0,,Longo da via,Bom,Não existe,Perfeito estado,Seca,Perfeito estado,Não existe,Não há placas,,Dupla,Não existe,,
2019-08-23,09:42:00,SEM VÍTIMA,FINALIZADA,MADALENA,RUA BENFICA,,RUA PROFESSOR BENEDITO MONTEIRO,CLUBE INTERNACIONAL,RUA BENFICA,,CLUBE INTERNACIONAL,MADALENA,,SUB/CID,ABALROAMENTO LONGITUDINAL,VIATURA PM / AUTO PASSAEIO,1,,,,,1,,,,0,,Cruzamento,Bom,Não existe,Perfeito estado,Seca,Perfeito estado,Outros,Não há placas,,Única,,,
2019-08-23,09:53:00,SEM VÍTIMA,FINALIZADA,TAMARINEIRA,RUA PADRE ROMA,107,,EM FRENTE AO Nº 107,RUA PADRE ROMA,107,EM FRENTE AO Nº 107,TAMARINEIRA,61,SUBURBIO,COLISÃO TRASEIRA,COLISÃO SEM VITIMAS,1,1,,,,,,,,0,,Longo da via,Bom,Sem defeito,Perfeito estado,Seca,Perfeito estado,Não existe,Não há placas,,Dupla,Canteiro central,,
2019-08-23,10:54:00,SEM VÍTIMA,CANCELADA,BOA VIAGEM,AV ENGENHEIRO DOMINGOS FERREIRA,1914,,EM FRENTE A LOJA ABITARE,AV ENGENHEIRO DOMINGOS FERREIRA,1914,EM FRENTE A LOJA ABITARE,BOA VIAGEM,,,COLISÃO,COLISÃO SEM VITIMAS,2,,,,,,,,,0,,,,,,,,,,,,,,
2019-08-23,11:19:00,SEM VÍTIMA,CANCELADA,BOA VIAGEM,RUA PADRE BERNADINO PESSOA,110,,NO INICIO DA VIA MANGUE,RUA PADRE BERNADINO PESSOA,110,NO INICIO DA VIA MANGUE,BOA VIAGEM,,,COLISÃO,SEM VITIMAS,2,,,,,,,,,0,,,,,,,,,,,,,,
2019-08-23,12:12:00,SEM VÍTIMA,FINALIZADA,TAMARINEIRA,AV NORTE,3538,,,AV NORTE,3538,,TAMARINEIRA,,SUBURBIO,ABALROAMENTO LONGITUDINAL,COLISÃO SEM VÍTIMA,1,,,,,1,,,,0,,Longo da via,Bom,Não existe,Perfeito estado,Seca,Perfeito estado,Não existe,Outras,60 km/h,Dupla,Canteiro central,,
2019-08-23,12:20:00,SEM VÍTIMA,FINALIZADA,BOA VIAGEM,RUA PADRE BERNADINO PESSOA,392,RUA POETA ZEZITO NEVES,,RUA PADRE BERNADINO PESSOA,392,,BOA VIAGEM,,SUBURBIO,ABALROAMENTO LONGITUDINAL,COLISÃO SEM VÍTIMA,2,,,,,,,,,0,,,Bom,Não existe,Perfeito estado,Seca,Perfeito estado,Não existe,Outras,,Única,,,