data,hora,natureza_acidente,situacao,bairro,endereco,numero,detalhe_endereco_acidente,complemento,endereco_cruzamento,numero_cruzamento,referencia_cruzamento,bairro_cruzamento,num_semaforo,sentido_via,tipo,descricao,auto,moto,ciclom,ciclista,pedestre,onibus,caminhao,viatura,outros,vitimas,vitimasfatais,acidente_verificado,tempo_clima,situacao_semaforo,sinalizacao,condicao_via,conservacao_via,ponto_controle,situacao_placa,velocidade_max_via,mao_direcao,divisao_via1,divisao_via2,divisao_via3
2019-08-23,12:23:00,SEM VÍTIMA,FINALIZADA,MADALENA,RUA RODOLFO RANGEL MOREIRA,,,AO LADO DA FARMACIA PAGUE MENOS,RUA RODOLFO RANGEL MOREIRA,,AO LADO DA FARMACIA PAGUE MENOS,MADALENA,,,ABALROAMENTO LONGITUDINAL,COLISAO ENTRE TAXI E AUTO S/V,2,,,,,,,,,0,,Longo da via,Bom,Não existe,Perfeito estado,Seca,Perfeito estado,Não existe,Não há placas,,Dupla,Não existe,,
2019-08-23,12:51:00,SEM VÍTIMA,FINALIZADA,PINA,AV ANTONIO DE GOES,820,,EM FRENTE AO DNIT,AV ANTONIO DE GOES,820,EM FRENTE AO DNIT,PINA,103,CIDADE,COLISÃO TRASEIRA,ENTRE DOIS AUTO S/V,2,,,,,,,,,0,,Longo da via,Bom,Sem defeito,Perfeito estado,Seca,Perfeito estado,Agente,Outras,60 km/h,Única,Faixa contínua,Faixa seccionada,Canteiro central
2019-08-23,12:54:00,SEM VÍTIMA,FINALIZADA,MADALENA,RUA BENFICA,,,LADO OPOSTO AO MUSEU DA ABOLIÇÃO,RUA BENFICA,,LADO OPOSTO AO MUSEU DA ABOLIÇÃO,MADALENA,,CIDADE,ABALROAMENTO LONGITUDINAL,COLISÃO SEM VÍTIMA,1,,,,,,,1,,0,,Longo da via,Bom,Não existe,Perfeito estado,Seca,Perfeito estado,Não existe,R-6a,,Dupla,Faixa contínua,,
2019-08-23,13:23:00,SEM VÍTIMA,FINALIZADA,MADALENA,RUA BENFICA,3629,,EM FRENTE AO CLUBE PORTUGUES,RUA BENFICA,3629,EM FRENTE AO CLUBE PORTUGUES,MADALENA,629,CIDADE,ABALROAMENTO LONGITUDINAL,COLISAO ENTRE DOIS AUTOS S/V,2,,,,,,,,,0,,Longo da via,Bom,Sem defeito,Perfeito estado,Seca,Perfeito estado,,R-6a,,Única,Faixa contínua,,
2019-08-23,13:27:00,SEM VÍTIMA,CANCELADA,IPUTINGA,RUA EMILIANO BRAGA,584,,EM FRENTE AO EDIFICIO MARTA,RUA EMILIANO BRAGA,584,EM FRENTE AO EDIFICIO MARTA,IPUTINGA,,,COLISÃO,COLISÃO SEM VÍTIMA,2,,,,,,,,,0,,,,,,,,,,,,,,
2019-08-23,14:10:00,SEM VÍTIMA,FINALIZADA,TAMARINEIRA,AV NORTE,3538,,,AV NORTE,3538,,TAMARINEIRA,,SUBURBIO,COLISÃO TRASEIRA,VEÍCULO CHOCOU-SE COM ÔNIBUS QUE ESTAVA ENVOLVIDO EM OUTRA OCORRÊNCIA.,1,,,,,1,,,,0,,Longo da via,Bom,Não existe,Perfeito estado,Seca,Perfeito estado,Não existe,Outras,60 km/h,Dupla,Canteiro central,,
2019-08-23,14:50:00,SEM VÍTIMA,CANCELADA,IPUTINGA,RUA RIBEIRO PESSOA,10C,AV CAXANGA,AO LADO DA UPA DA CAXANGA,RUA RIBEIRO PESSOA,10C,AO LADO DA UPA DA CAXANGA,IPUTINGA,,,COLISÃO,COLISAO ENTRE DOIS AUTOS S/V,2,,,,,,,,,0,,,,,,,,,,,,,,
2019-08-23,14:58:00,SEM VÍTIMA,FINALIZADA,BOA VISTA,AV MANOEL BORBA,381,,EDF SANTA EMILIA,AV MANOEL BORBA,381,EDF SANTA EMILIA,BOA VISTA,,SUBURBIO,COLISÃO TRASEIRA,COLISAO ENTRE DOIS AUTOS S/V,2,,,,,,,,,0,,Longo da via,Bom,Sem defeito,Perfeito estado,Seca,Perfeito estado,Não existe,Não há placas,,Única,Não existe,,
2019-08-23,15:17:00,SEM VÍTIMA,CANCELADA,BOA VIAGEM,RUA CORONEL ANIZIO RODRIGUES COELHO,,,APOS O VIADUTO TANCREDO NEVES TERCEIRA RUA A DIREITA AO LADO DA PADARIA DELICATESSEN,RUA CORONEL ANIZIO RODRIGUES COELHO,,APOS O VIADUTO TANCREDO NEVES TERCEIRA RUA A DIREITA AO LADO DA PADARIA DELICATESSEN,BOA VIAGEM,,,COLISÃO,COLISAO ENTRE DOIS AUTOS S/V,2,,,,,,,,,0,,,,,,,,,,,,,,
2019-08-23,15:26:00,SEM VÍTIMA,FINALIZADA,BAIRRO DO RECIFE,AV BEIRA RIO,,,EM FRENTE AO FORUM RODOLFO AURELIANO,AV BEIRA RIO,,EM FRENTE AO FORUM RODOLFO AURELIANO,BAIRRO DO RECIFE,,SUBURBIO,ABALROAMENTO LONGITUDINAL,AUTO PASSEIO X MOTO S/V,1,1,,,,,,,,0,,Longo da via,Bom,Não existe,Perfeito estado,Seca,Perfeito estado,Não existe,Não há placas,,Dupla,Faixa contínua,,
2019-08-23,15:46:00,SEM VÍTIMA,FINALIZADA,SANTO ANTÔNIO,PRC DA REPUBLICA,,,SETOR DE ESTACIONAMENTO / LADO OPOSTO AO POSTE B 019369,PRC DA REPUBLICA,,SETOR DE ESTACIONAMENTO / LADO OPOSTO AO POSTE B 019369,SANTO ANTÔNIO,,,CHOQUE VEÍCULO PARADO,SEM VÍTIMA,4,,,,,,,,,0,,,Bom,Não existe,Perfeito estado,Seca,Perfeito estado,,Não há placas,30 km/h,Dupla,,,
2019-08-23,16:24:00,SEM VÍTIMA,CANCELADA,BOA VIAGEM,RUA BELMONTE,233,1 TRV JUSTICA E PAZ,APOS A RUA DEZ DE JULHO SEGUNDA RUA A ESQUERDA NA RUA DO SUPERMERCADO DO CICERO,RUA BELMONTE,233,APOS A RUA DEZ DE JULHO SEGUNDA RUA A ESQUERDA NA RUA DO SUPERMERCADO DO CICERO,BOA VIAGEM,,,COLISÃO,COLISAO ENTRE DOIS AUTOS S/V,2,,,,,,,,,0,,,,,,,,,,,,,,
2019-08-23,17:38:00,SEM VÍTIMA,FINALIZADA,SANTO AMARO,RUA TREZE DE MAIO,,RUA FREI CASSIMIRO,,RUA TREZE DE MAIO,,,SANTO AMARO,,SUBURBIO,ABALROAMENTO TRANSVERSAL,ENTRE DOIS AUTO S/V,2,,,,,,,,,0,,Cruzamento,Bom,Sem defeito,Perfeito estado,Seca,Perfeito estado,Não existe,Placas Pare,,Dupla,Faixa seccionada,,
2019-08-23,18:25:00,SEM VÍTIMA,FINALIZADA,SANTO AMARO,AV GOVERNADOR AGAMENON MAGALHAES,,,JEEP,AV GOVERNADOR AGAMENON MAGALHAES,,JEEP,SANTO AMARO,,SUBURBIO,COLISÃO TRASEIRA,ENTRE DOIS AUTO S/V,2,,,,,,,,,0,,Longo da via,Bom,Sem defeito,Perfeito estado,Seca,Perfeito estado,Faixa de pedestre,,60 km/h,Única,Faixa seccionada,,
2019-08-23,18:28:00,SEM VÍTIMA,FINALIZADA,GRAÇAS,RUA ALBERTO PAIVA,248,RUA DOZE DE OUTUBRO,CABINE BRECHO,RUA ALBERTO PAIVA,248,CABINE BRECHO,GRAÇAS,,SUBURBIO,ABALROAMENTO LONGITUDINAL,VOYAGEM X ONIS,2,,,,,,,,,0,,,Chuvoso,Sem defeito,Perfeito estado,Molhada,Mal conservada,Faixa de pedestre,,40 km/h,Única,,,
2019-08-23,18:30:00,SEM VÍTIMA,CANCELADA,ILHA JOANA BEZERRA,AV BEIRA RIO,447,,APÓS O VIADUTO DA JOANA BEZERRA,AV BEIRA RIO,447,APÓS O VIADUTO DA JOANA BEZERRA,ILHA JOANA BEZERRA,,SUBURBIO,COLISÃO,ENTRE DOIS AUTO S/V,2,,,,,,,,,0,,,,,,,,,,,,,,
2019-08-23,20:59:00,SEM VÍTIMA,FINALIZADA,CAMPO GRANDE,RUA ALMIRANTE BARROSO,472,,OPOSTO AO IMÓVEL Nº 472,RUA ALMIRANTE BARROSO,472,OPOSTO AO IMÓVEL Nº 472,CAMPO GRANDE,,,CHOQUE VEÍCULO PARADO,ENTRE DOIS AUTO S/V (MOTORISTA EMBREAGADO NO LOCAL),2,,,,,,,,,0,,Longo da via,Chuvoso,Não existe,Perfeito estado,Molhada,Perfeito estado,,Placas Pare,30 km/h,Dupla,Não existe,,
2019-08-23,22:25:00,SEM VÍTIMA,FINALIZADA,DOIS UNIDOS,AV HILDEBRANDO DE VASCONCELOS,,,,AV HILDEBRANDO DE VASCONCELOS,,,DOIS UNIDOS,,,COLISÃO FRONTAL,ENTRE DOIS AUTO S/V,2,,,,,,,,,0,,Longo da via,Chuvoso,Não existe,,Molhada,Mal iluminada,Não existe,Outras,,Dupla,Faixa contínua,,
2019-08-24,08:00:00,COM VÍTIMA,FINALIZADA,IPUTINGA,AV CAXANGA,3222,,EM FRENTE AO SUPERMERCADO ARCO IRIS,AV CAXANGA,3222,EM FRENTE AO SUPERMERCADO ARCO IRIS,IPUTINGA,,CIDADE,COLISÃO,MOTO E AUTO / MOTO FICOU CARBONIZADA,1,1,,,,,,,,1,,Longo da via,Bom,Sem defeito,Perfeito estado,Seca,Perfeito estado,,Outras,,Única,Canteiro central,Faixa seccionada,
2019-08-24,08:21:00,SEM VÍTIMA,FINALIZADA,SAN MARTIN,AV ENGENHEIRO ABDIAS DE CARVALHO,,,CHESF,AV ENGENHEIRO ABDIAS DE CARVALHO,,CHESF,SAN MARTIN,,CIDADE,ABALROAMENTO LONGITUDINAL,MOTO E AUTO,1,1,,,,,,,,0,,Cruzamento,Bom,Sem defeito,Perfeito estado,Seca,Perfeito estado,Faixa de pedestre,Não há placas,,Dupla,Canteiro central,,
2019-08-24,08:35:00,SEM VÍTIMA,FINALIZADA,MONTEIRO,EST DO ARRAIAL,5036,AV DR EURICO CHAVES,EM FRENTE A COMPESA,EST DO ARRAIAL,5036,EM FRENTE A COMPESA,MONTEIRO,107,,COLISÃO TRASEIRA,COLISÃO S/VITIMAS ENTRE DOIS AUTOS,2,,,,,,,,,0,,,Bom,Não existe,Perfeito estado,Seca,Perfeito estado,Não existe,Placas Pare,60 km/h,Única,Faixa seccionada,,
2019-08-24,09:07:00,SEM VÍTIMA,FINALIZADA,AFLITOS,RUA MANUEL DE CARVALHO,,,EM FRENTE AO Nº 201,RUA MANUEL DE CARVALHO,,EM FRENTE AO Nº 201,AFLITOS,,,CHOQUE VEÍCULO PARADO,COLISÃO SEM VITIMAS,,,,,,,1,1,,0,,Longo da via,Bom,Não existe,Não existente,Seca,Perfeito estado,Não existe,Não há placas,,Única,,,
2019-08-24,09:31:00,SEM VÍTIMA,FINALIZADA,MADALENA,RUA BENFICA,997,AV JOSE GONCALVES DE MEDEIROS,,RUA BENFICA,997,,MADALENA,,CIDADE,ABALROAMENTO TRANSVERSAL,DOIS AUTOS,2,,,,,,,,,0,,Outros,Bom,Não existe,Não existente,Seca,Perfeito estado,Não existe,Não há placas,,Única,Não existe,,
2019-08-24,10:37:00,SEM VÍTIMA,FINALIZADA,DERBY,RUA JOAQUIM NABUCO,553,,UNINASSAU,RUA JOAQUIM NABUCO,553,UNINASSAU,DERBY,,SUBURBIO,COLISÃO TRASEIRA,DOIS AUTOS,2,,,,,,,,,0,,Longo da via,Bom,Não existe,Perfeito estado,Seca,Perfeito estado,Não existe,R-6a,,Única,Faixa seccionada,,
2019-08-24,11:29:00,SEM VÍTIMA,FINALIZADA,SANTO AMARO,AV VISCONDE DE SUASSUNA,923,,EM FRENTE EDF BOSQUE DE VERSAILLES,AV VISCONDE DE SUASSUNA,923,EM FRENTE EDF BOSQUE DE VERSAILLES,SANTO AMARO,,SUBURBIO,COLISÃO TRASEIRA,DOIS AUTOS,2,,,,,,,,,0,,Longo da via,Bom,Sem defeito,Perfeito estado,Seca,Perfeito estado,Faixa de pedestre,Outras,,Única,Faixa seccionada,,
2019-08-24,11:39:00,SEM VÍTIMA,FINALIZADA,TORRE,RUA CONDE DE IRAJA,,RUA REAL DA TORRE,,RUA CONDE DE IRAJA,,,TORRE,106,,ABALROAMENTO TRANSVERSAL,DOIS AUTOS,1,,,,,,,,,0,,Cruzamento,Bom,Sem defeito,Perfeito estado,Seca,Perfeito estado,Faixa de pedestre,R-6a,,Única,Não existe,,
2019-08-24,12:42:00,SEM VÍTIMA,FINALIZADA,DERBY,PRC DO DERBY,,AV GOVERNADOR AGAMENON MAGALHAES,,PRC DO DERBY,,,DERBY,417,CIDADE,ABALROAMENTO LONGITUDINAL,COLISÃO SEM VÍTIMA,1,,,,,1,,,,0,,Cruzamento,Bom,Sem defeito,Perfeito estado,Seca,Perfeito estado,Faixa de pedestre,,,Única,Faixa contínua,,
2019-08-24,14:19:00,SEM VÍTIMA,FINALIZADA,IMBIRIBEIRA,AV MARECHAL MASCARENHAS DE MORAES,,,HYUNDAI,AV MARECHAL MASCARENHAS DE MORAES,,HYUNDAI,IMBIRIBEIRA,,,ABALROAMENTO LONGITUDINAL,COLISÃO ENTRE AUTO E CAMINHÃO,1,,,,,,1,,,0,,Longo da via,Bom,Não existe,Perfeito estado,Seca,Perfeito estado,Não existe,,,Dupla,Faixa contínua,Faixa seccionada,Canteiro central
2019-08-24,14:58:00,COM VÍTIMA,FINALIZADA,CASA AMARELA,RUA DA HARMONIA,305,RUA MAJOR NEREU GUERRA,COLGIO PADRE DE MACHADO,RUA DA HARMONIA,305,COLGIO PADRE DE MACHADO,CASA AMARELA,598,SUBURBIO,ABALROAMENTO TRANSVERSAL,AUTO E MOTO,1,1,,,,,,,,1,,Cruzamento,Bom,Sem defeito,Perfeito estado,Seca,Perfeito estado,Faixa de pedestre,Outras,,Dupla,Faixa contínua,,
2019-08-24,15:05:00,SEM VÍTIMA,FINALIZADA,IPSEP,AV RECIFE,1114,,EQUIP. CARLOS FILMES,AV RECIFE,1114,EQUIP. CARLOS FILMES,IPSEP,319,,COLISÃO TRASEIRA,COLISÃO SEM VÍTIMA,2,,,,,,,,,0,,Longo da via,Bom,Sem defeito,Perfeito estado,Seca,Perfeito estado,Faixa de pedestre,Não há placas,,Dupla,Canteiro central,,
2019-08-24,15:21:00,SEM VÍTIMA,CANCELADA,GRAÇAS,RUA ANTONIO NOVAIS,51,,PROX. A DROGASIL,RUA ANTONIO NOVAIS,51,PROX. A DROGASIL,GRAÇAS,,,COLISÃO,COLISÃO SEM VÍTIMA,2,,,,,,,,,0,,,,,,,,,,,,,,
2019-08-24,15:45:00,SEM VÍTIMA,FINALIZADA,BOA VISTA,AV GOVERNADOR AGAMENON MAGALHAES,,,SOB O SEMÁFORO DE Nº 037,AV GOVERNADOR AGAMENON MAGALHAES,,SOB O SEMÁFORO DE Nº 037,BOA VISTA,37,,ABALROAMENTO LONGITUDINAL,COLISÃO SEM VÍTIMA,1,,,,,1,,,,0,,Longo da via,Bom,Sem defeito,Perfeito estado,Seca,Perfeito estado,Faixa de pedestre,Outras,60 km/h,Única,Faixa seccionada,,
2019-08-24,16:04:00,SEM VÍTIMA,FINALIZADA,IPSEP,RUA BLUMENAU,,,PADARIA BLUMENAU,RUA BLUMENAU,,PADARIA BLUMENAU,IPSEP,,,ABALROAMENTO LONGITUDINAL,COLISÃO SEM VÍTIMA,1,1,,,,,,,,0,,Cruzamento,Nublado,Não existe,Não existente,Seca,Perfeito estado,Não existe,Não há placas,,Dupla,Não existe,,
2019-08-24,16:11:00,SEM VÍTIMA,FINALIZADA,BOA VIAGEM,RUA VISCONDE DE JEQUITINHONHA,,,EM FRENTE AO PONTEIO,RUA VISCONDE DE JEQUITINHONHA,,EM FRENTE AO PONTEIO,BOA VIAGEM,,,COLISÃO,COLISÃO SEM VÍTIMA,1,,,,,1,,,,0,,,,,,,,,,,,,,
2019-08-24,16:34:00,SEM VÍTIMA,FINALIZADA,SÍTIO DOS PINTOS,EST DOS PINTOS,26,,,EST DOS PINTOS,26,,SÍTIO DOS PINTOS,,,CHOQUE OBJETO FIXO,CAMINHAO DO LIXO CHOCOU COM O POSTE,,,,,,,1,,,0,,Longo da via,Chuvoso,Não existe,Incompleta,Molhada,Mal conservada,Não existe,Não há placas,,Dupla,Não existe,,
2019-08-24,17:18:00,SEM VÍTIMA,FINALIZADA,ALTO SANTA TERESINHA,AV ANIBAL BENEVOLO,47,,AO LADO TERMINAL DO ALTO STA TEREZINHA,AV ANIBAL BENEVOLO,47,AO LADO TERMINAL DO ALTO STA TEREZINHA,ALTO SANTA TERESINHA,,SUBURBIO,ABALROAMENTO LONGITUDINAL,COLISÃO SEM VÍTIMA,1,,,,,1,,,,0,,Longo da via,Chuvoso,Não existe,Perfeito estado,Molhada,Perfeito estado,Não existe,Outras,,Dupla,Faixa seccionada,,
2019-08-24,17:18:00,COM VÍTIMA,FINALIZADA,GRAÇAS,RUA AMELIA,,,PROX AO POSTO SHELL E/F A GERENCIA OPERACIONAL DE FISCALIZAÇAO DO RECIFE NA DESCIDA PONTE,RUA AMELIA,,PROX AO POSTO SHELL E/F A GERENCIA OPERACIONAL DE FISCALIZAÇAO DO RECIFE NA DESCIDA PONTE,GRAÇAS,48,CIDADE,ATROPELAMENTO,ATROPELAMENTO COM UMA VITIMA,1,,,,1,,,,,1,,Longo da via,Bom,Sem defeito,Perfeito estado,Seca,Perfeito estado,Faixa de pedestre,Outras,,Única,Faixa seccionada,,
2019-08-24,18:39:00,COM VÍTIMA,FINALIZADA,CORDEIRO,AV MARIO ALVARES PEREIRA DE LYRA,,AV CAMARAO,CANAL DO CAVOCO,AV MARIO ALVARES PEREIRA DE LYRA,,CANAL DO CAVOCO,CORDEIRO,,CIDADE,ABALROAMENTO TRANSVERSAL,AUTO PASSEIO X MOTO COM VÍTIMA,1,1,,,,,,,,1,,Cruzamento,Chuvoso,Não existe,Incompleta,Molhada,Perfeito estado,Não existe,Outras,,Dupla,Canal,,
2019-08-24,20:02:00,SEM VÍTIMA,FINALIZADA,BOA VIAGEM,AV FERNANDO SIMOES BARBOSA,,,EM FRENTE AO IMÓVEL Nº 1080,AV FERNANDO SIMOES BARBOSA,,EM FRENTE AO IMÓVEL Nº 1080,BOA VIAGEM,,SUBURBIO,COLISÃO TRASEIRA,DOIS AUTO OBS: SUSPEITA DE EMBRIAGUEZ,2,,,,,,,,,0,,Longo da via,Chuvoso,Não existe,Perfeito estado,Molhada,Perfeito estado,,Placas Pare,,Única,Faixa seccionada,,
2019-08-24,20:32:00,SEM VÍTIMA,CANCELADA,BOA VIAGEM,RUA BALTAZAR PASSOS,,,EM FRENTE A CULTURA INGLESA,RUA BALTAZAR PASSOS,,EM FRENTE A CULTURA INGLESA,BOA VIAGEM,,,COLISÃO,ENTRE DOIS AUTO S/V,2,,,,,,,,,0,,,,,,,,,,,,,,
2019-08-24,21:32:00,SEM VÍTIMA,FINALIZADA,IMBIRIBEIRA,AV MARECHAL MASCARENHAS DE MORAES,,,,AV MARECHAL MASCARENHAS DE MORAES,,,IMBIRIBEIRA,286,CIDADE,ABALROAMENTO LONGITUDINAL,ASTRA X FAIT,2,,,,,,,,,0,,Longo da via,Chuvoso,Sem defeito,Perfeito estado,Molhada,Perfeito estado,Faixa de pedestre,Não há placas,,Dupla,Faixa seccionada,,
2019-08-24,21:50:00,SEM VÍTIMA,CANCELADA,CORDEIRO,AV CAXANGA,1251,RUA PADRE ANTONIO FERNANDES,PROX AO POSTO BR,AV CAXANGA,1251,PROX AO POSTO BR,CORDEIRO,,CIDADE,COLISÃO,GOL X FORD KA,2,,,,,,,,,0,,,,,,,,,,,,,,
2019-08-24,22:23:00,SEM VÍTIMA,CANCELADA,BOA VIAGEM,AV CONSELHEIRO AGUIAR,,,EM FRENTE A PADARIA CARMEM,AV CONSELHEIRO AGUIAR,,EM FRENTE A PADARIA CARMEM,BOA VIAGEM,,CIDADE,COLISÃO,ONIBUS X TAXI S/V,1,,,,,1,,,,0,,,,,,,,,,,,,,
2019-08-24,23:07:00,COM VÍTIMA,CANCELADA,MUSTARDINHA,AV MANOEL GONCALVES DA LUZ,,,PROX A PRC DO ABC,AV MANOEL GONCALVES DA LUZ,,PROX A PRC DO ABC,MUSTARDINHA,,,COLISÃO,SIENA X MOTO,1,1,,,,,,,,2,,,,,,,,,,,,,,
2019-08-25,07:49:00,SEM VÍTIMA,FINALIZADA,BOA VIAGEM,AV CONSELHEIRO AGUIAR,3231,RUA FELIX DE BRITO E MELO,EM FRENTE AO BANCO BRADESCO,AV CONSELHEIRO AGUIAR,3231,EM FRENTE AO BANCO BRADESCO,BOA VIAGEM,546,CIDADE,COLISÃO TRASEIRA,COLISÃO SEM VITIMA,2,,,,,,,,,0,,Cruzamento,Bom,Sem defeito,Perfeito estado,Seca,Perfeito estado,Faixa de pedestre,Não há placas,,Única,Faixa seccionada,,
2019-08-25,07:50:00,SEM VÍTIMA,FINALIZADA,TORRÕES,AV ENGENHEIRO ABDIAS DE CARVALHO,,RUA QUINZE DE MARCO,AO LADO DA CHESF,AV ENGENHEIRO ABDIAS DE CARVALHO,,AO LADO DA CHESF,TORRÕES,422,CIDADE,COLISÃO TRASEIRA,TRES AUTOS,3,,,,,,,,,0,,Cruzamento,Bom,Sem defeito,Perfeito estado,Seca,Perfeito estado,Outros,R-6a,60 km/h,Dupla,Faixa seccionada,,
2019-08-25,08:19:00,SEM VÍTIMA,FINALIZADA,CASA AMARELA,EST DO ARRAIAL,,RUA PAULA BATISTA,,EST DO ARRAIAL,,,CASA AMARELA,283,SUBURBIO,ABALROAMENTO TRANSVERSAL,COLISÃO S/VITIMAS ENTRE DOIS AUTOS,2,,,,,,,,,0,,Cruzamento,Chuvoso,Sem defeito,Perfeito estado,Molhada,Perfeito estado,Faixa de pedestre,,,Única,Faixa contínua,,
2019-08-25,08:45:00,SEM VÍTIMA,FINALIZADA,CASA AMARELA,RUA PADRE OLIVEIRA,,,EM FRENTE AO COLEGIO ANA MALTER,RUA PADRE OLIVEIRA,,EM FRENTE AO COLEGIO ANA MALTER,CASA AMARELA,,,COLISÃO,COLISÃO SEM VITIMA,1,,,,,1,,,,0,,,,,,,,,,,,,,
2019-08-25,10:12:00,SEM VÍTIMA,FINALIZADA,MANGUEIRA,RUA DR JOAO ELISIO,,,,RUA DR JOAO ELISIO,,,MANGUEIRA,,SUBURBIO,ABALROAMENTO TRANSVERSAL,DOIS AUTOS,2,,,,,,,,,0,,Cruzamento,Bom,Não existe,Ilegível,Seca,Perfeito estado,Não existe,Outras,40 km/h,Dupla,Não existe,,
2019-08-25,10:21:00,SEM VÍTIMA,CANCELADA,LINHA DO TIRO,RUA URIEL DE HOLANDA,186,RUA ELADIO CAMBOIM,EM FRENTE A PADARIA PÃO DE OURO,RUA URIEL DE HOLANDA,186,EM FRENTE A PADARIA PÃO DE OURO,LINHA DO TIRO,,,COLISÃO,COLISÃO S/VITIMAS ENTRE DOIS AUTOS,2,,,,,,,,,0,,,,,,,,,,,,,,
2019-08-25,10:32:00,SEM VÍTIMA,FINALIZADA,PINA,RUA TOME GIBSON,,AV ENGENHEIRO DOMINGOS FERREIRA,,RUA TOME GIBSON,,,PINA,200,,COLISÃO TRASEIRA,DOIS AUTOS,2,,,,,,,,,0,,Longo da via,Bom,Sem defeito,Perfeito estado,Seca,Perfeito estado,Não existe,Não há placas,,Dupla,Não existe,,
2019-08-25,12:27:00,SEM VÍTIMA,CANCELADA,TAMARINEIRA,RUA DR JOSE MARIA,1060,,CASA DE FESTA DONA FESTA,RUA DR JOSE MARIA,1060,CASA DE FESTA DONA FESTA,TAMARINEIRA,,,COLISÃO,COLISÃO SEM VITIMA,2,,,,,,,,,0,,,,,,,,,,,,,,
2019-08-25,13:18:00,SEM VÍTIMA,FINALIZADA,TEJIPIÓ,AV DR JOSE RUFINO,,,EM FRENTE DA ESTAÇÃO DE TEJIPIO,AV DR JOSE RUFINO,,EM FRENTE DA ESTAÇÃO DE TEJIPIO,TEJIPIÓ,,,COLISÃO,COLISÃO SEM VITIMA,2,,,,,,,,,0,,,,,,,,,,,,,,
2019-08-25,16:08:00,SEM VÍTIMA,FINALIZADA,BOA VIAGEM,RUA ERNESTO DE PAULA SANTOS,,,POSTO BR,RUA ERNESTO DE PAULA SANTOS,,POSTO BR,BOA VIAGEM,,CIDADE,ABALROAMENTO LONGITUDINAL,COLISÃO SEM VITIMA,2,,,,,,,,,0,,Longo da via,Bom,Não existe,Perfeito estado,Seca,Perfeito estado,Não existe,Outras,,Única,Faixa seccionada,,
2019-08-25,16:24:00,SEM VÍTIMA,FINALIZADA,AFOGADOS,RUA GENERAL CARLOS LIRA,154,,,RUA GENERAL CARLOS LIRA,154,,AFOGADOS,,,CHOQUE VEÍCULO PARADO,COLISÃO SEM VITIMA,1,,,,,,1,,,0,,Longo da via,Bom,Não existe,Não existente,Seca,Mal conservada,Não existe,Não há placas,,Dupla,Não existe,,
2019-08-25,17:10:00,SEM VÍTIMA,CANCELADA,BRASÍLIA TEIMOSA,RUA FRANCISCO VALPASSOS,42,,EM FRENTE AO BAR DE GILMAR,RUA FRANCISCO VALPASSOS,42,EM FRENTE AO BAR DE GILMAR,BRASÍLIA TEIMOSA,,,COLISÃO,COLISÃO ENTRE AUTO  ÔNIBUS E CICLISTA SEM VÍTIMA,1,,,1,,1,,,,0,,,,,,,,,,,,,,
2019-08-25,18:07:00,SEM VÍTIMA,FINALIZADA,PARNAMIRIM,AV PARNAMIRIM,,,EM FRENTE AO SERPRO,AV PARNAMIRIM,,EM FRENTE AO SERPRO,PARNAMIRIM,10,CIDADE,COLISÃO TRASEIRA,DOIS AUTOS PASSEIOS SEM VÍTIMA,2,,,,,,,,,0,,Longo da via,Bom,Sem defeito,Perfeito estado,Seca,Perfeito estado,Faixa de pedestre,,60 km/h,Única,Faixa contínua,,
2019-08-25,20:00:00,SEM VÍTIMA,FINALIZADA,SANTO AMARO,AV CRUZ CABUGA,,AV MARIO MELO,,AV CRUZ CABUGA,,,SANTO AMARO,171,,ABALROAMENTO TRANSVERSAL,ENTRE 2 AUTOS. S/V,2,,,,,,,,,0,,Cruzamento,Bom,Sem defeito,Perfeito estado,Seca,Perfeito estado,Faixa de pedestre,Outras,,Dupla,Faixa seccionada,Canteiro central,
2019-08-25,20:31:00,COM VÍTIMA,FINALIZADA,BOA VIAGEM,AV BOA VIAGEM,,,ENF AO PARQUE DONA LINDU,AV BOA VIAGEM,,ENF AO PARQUE DONA LINDU,BOA VIAGEM,1,CIDADE,ABALROAMENTO LONGITUDINAL,DUAS MOTOS,,2,,,,,,,,1,,Longo da via,Bom,Sem defeito,Perfeito estado,Seca,Perfeito estado,Faixa de pedestre,Outras,,Única,Faixa contínua,,
2019-08-25,22:56:00,SEM VÍTIMA,FINALIZADA,JORDÃO,RUA CANAL DO JORDAO,,PTE JORDAO,,RUA CANAL DO JORDAO,,,JORDÃO,,SUBURBIO,ABALROAMENTO LONGITUDINAL,ENTRE AUTO PASSEIO E MICRO ÕNIBUS. S/V,1,,,,,1,,,,0,,,Bom,Não existe,Não existente,Seca,Mal conservada,Não existe,Não há placas,,Única,Não existe,,
2019-08-26,06:44:00,SEM VÍTIMA,FINALIZADA,BOA VIAGEM,AV DES JOSE NEVES,,RUA SANSAO RIBEIRO,,AV DES JOSE NEVES,,,BOA VIAGEM,,CIDADE,ABALROAMENTO LONGITUDINAL,DOIS AUTOS,2,,,,,,,,,0,,Cruzamento,Chuvoso,Não existe,Incompleta,Molhada,Perfeito estado,Não existe,Placas Pare,,Dupla,Canal,,
2019-08-26,07:33:00,SEM VÍTIMA,FINALIZADA,CASA FORTE,AV DEZESSETE DE AGOSTO,117,,EM FRENTE AO EDF PAINEIRAS,AV DEZESSETE DE AGOSTO,117,EM FRENTE AO EDF PAINEIRAS,CASA FORTE,,CIDADE,COLISÃO TRASEIRA,TRES AUTOS,3,,,,,,,,,0,,Longo da via,Bom,Não existe,Perfeito estado,Seca,Perfeito estado,Não existe,R-6a,60 km/h,Dupla,Faixa contínua,,