data,hora,natureza_acidente,situacao,bairro,endereco,numero,detalhe_endereco_acidente,complemento,endereco_cruzamento,numero_cruzamento,referencia_cruzamento,bairro_cruzamento,num_semaforo,sentido_via,tipo,descricao,auto,moto,ciclom,ciclista,pedestre,onibus,caminhao,viatura,outros,vitimas,vitimasfatais,acidente_verificado,tempo_clima,situacao_semaforo,sinalizacao,condicao_via,conservacao_via,ponto_controle,situacao_placa,velocidade_max_via,mao_direcao,divisao_via1,divisao_via2,divisao_via3
2019-08-28,06:58:00,SEM VÍTIMA,FINALIZADA,BOA VIAGEM,AV CONSELHEIRO AGUIAR,4310,,EM FRENTE AO SEMÁFORO DE Nº 127,AV CONSELHEIRO AGUIAR,4310,EM FRENTE AO SEMÁFORO DE Nº 127,BOA VIAGEM,127,CIDADE,COLISÃO TRASEIRA,DOIS AUTOS SUB. ADELSON NO LOCAL,2,,,,,,,,,0,,Longo da via,Bom,Sem defeito,Perfeito estado,Seca,Perfeito estado,Faixa de pedestre,Não há placas,,Única,Faixa contínua,Faixa seccionada,
2019-08-28,07:07:00,SEM VÍTIMA,FINALIZADA,ROSARINHO,RUA GENERAL ABREU E LIMA,155,,EM FRENTE AO EDIFICIO ANTONIO LUCENA,RUA GENERAL ABREU E LIMA,155,EM FRENTE AO EDIFICIO ANTONIO LUCENA,ROSARINHO,,,COLISÃO TRASEIRA,COLISÃO SEM VITIMAS,3,,,,,,,,,0,,Longo da via,Bom,Não existe,Perfeito estado,Seca,Perfeito estado,Não existe,R-6a,40 km/h,Dupla,Não existe,,
2019-08-28,07:10:00,SEM VÍTIMA,FINALIZADA,GRAÇAS,PRC DO ENTRONCAMENTO,66,RUA DR BANDEIRA FILHO,EM FRENTE AO Nº 66,PRC DO ENTRONCAMENTO,66,EM FRENTE AO Nº 66,GRAÇAS,,CIDADE,ABALROAMENTO LONGITUDINAL,DOIS AUTOS,2,,,,,,,,,0,,Longo da via,Bom,Não existe,Perfeito estado,Seca,Perfeito estado,Não existe,R-6a,,Única,,,
2019-08-28,07:35:00,SEM VÍTIMA,FINALIZADA,DERBY,PRC DO DERBY,,,EM FRENTE A PRAÇA DO DERBY,PRC DO DERBY,,EM FRENTE A PRAÇA DO DERBY,DERBY,,CIDADE,ABALROAMENTO LONGITUDINAL,COLISÃO SEM VITIMAS,1,,,,,1,,,,0,,Longo da via,Nublado,Sem defeito,Perfeito estado,Seca,Perfeito estado,Faixa de pedestre,Não há placas,,Dupla,Faixa contínua,Faixa seccionada,Canteiro central
2019-08-28,07:35:00,SEM VÍTIMA,FINALIZADA,ESTÂNCIA,AV DR JOSE RUFINO,58,,LADO OPOSTO PRIMACOM,AV DR JOSE RUFINO,58,LADO OPOSTO PRIMACOM,ESTÂNCIA,,CIDADE,ABALROAMENTO LONGITUDINAL,SEM VITIMAS,1,,,,,,1,,1,0,,Longo da via,Bom,Sem defeito,Perfeito estado,Seca,Perfeito estado,Faixa de pedestre,Outras,60 km/h,Única,Faixa seccionada,,
2019-08-28,07:51:00,SEM VÍTIMA,FINALIZADA,BOA VIAGEM,AV CONSELHEIRO AGUIAR,,RUA ANTONIO FALCAO,,AV CONSELHEIRO AGUIAR,,,BOA VIAGEM,6,SUBURBIO,ABALROAMENTO LONGITUDINAL,DOIS AUTOS,2,,,,,,,,,0,,,Bom,Sem defeito,Perfeito estado,Seca,Perfeito estado,Faixa de pedestre,Outras,60 km/h,Única,Não existe,,
2019-08-28,08:39:00,SEM VÍTIMA,FINALIZADA,MORRO DA CONCEIÇÃO,RUA MORRO DA CONCEICAO,383,,EM FRENTE A FARMÁCIA DO MORRO DA CONCEIÇÃO,RUA MORRO DA CONCEICAO,383,EM FRENTE A FARMÁCIA DO MORRO DA CONCEIÇÃO,MORRO DA CONCEIÇÃO,,CIDADE,ABALROAMENTO LONGITUDINAL,COLISÃO SEM VITIMAS,1,,,,,1,,,,0,,Longo da via,Bom,Não existe,Ilegível,Seca,Perfeito estado,Não existe,Não há placas,30 km/h,Dupla,Faixa contínua,,
2019-08-28,09:24:00,COM VÍTIMA,FINALIZADA,ENGENHO DO MEIO,RUA LINDOLFO COLOR,65,,EM FRENTE A A O SERVIÇO INTEGRADO DE SAUDE UFPE AO LADO DO CLUBE DA SUDENE,RUA LINDOLFO COLOR,65,EM FRENTE A A O SERVIÇO INTEGRADO DE SAUDE UFPE AO LADO DO CLUBE DA SUDENE,ENGENHO DO MEIO,,BR101,ABALROAMENTO TRANSVERSAL,COM UMA VITIMA SOCORRIDA PELO SAMU,1,1,,,,,,,,1,,Longo da via,Bom,Não existe,Incompleta,Seca,Perfeito estado,Não existe,Não há placas,,Dupla,Não existe,,
2019-08-28,11:30:00,SEM VÍTIMA,FINALIZADA,BOA VIAGEM,AV CONSELHEIRO AGUIAR,,,LADO OPOSTO AO Nº 3114,AV CONSELHEIRO AGUIAR,,LADO OPOSTO AO Nº 3114,BOA VIAGEM,,CIDADE,ABALROAMENTO LONGITUDINAL,ONIBUS E AUTO,1,,,,,1,,,,0,,Longo da via,Bom,Não existe,Perfeito estado,Seca,Perfeito estado,Não existe,Outras,,Única,Faixa contínua,Faixa seccionada,
2019-08-28,12:11:00,SEM VÍTIMA,FINALIZADA,DERBY,AV GOVERNADOR AGAMENON MAGALHAES,63,,EM FRENTE AO Nº 63,AV GOVERNADOR AGAMENON MAGALHAES,63,EM FRENTE AO Nº 63,DERBY,,,ABALROAMENTO LONGITUDINAL,COLISAO SEM VITIMAS,2,,,,,,,,,0,,Longo da via,Bom,Sem defeito,Perfeito estado,Seca,Perfeito estado,Agente,Não há placas,60 km/h,Dupla,Canal,,
2019-08-28,12:31:00,SEM VÍTIMA,CANCELADA,CAXANGÁ,AV CAXANGA,4210,,EM FRENTE A GRAN VIA,AV CAXANGA,4210,EM FRENTE A GRAN VIA,CAXANGÁ,,,COLISÃO,COLISÃO SEM VITIMA,2,,,,,,,,,0,,,,,,,,,,,,,,
2019-08-28,13:37:00,SEM VÍTIMA,FINALIZADA,BOA VIAGEM,AV MARECHAL JUAREZ TAVORA,,RUA DEZ DE JULHO,,AV MARECHAL JUAREZ TAVORA,,,BOA VIAGEM,,SUBURBIO,COLISÃO TRASEIRA,CAMINHAO E AUTO,1,,,,,,1,,,0,,Longo da via,Bom,Sem defeito,Perfeito estado,Seca,Perfeito estado,Não existe,Não há placas,,Dupla,Não existe,,
2019-08-28,13:40:00,SEM VÍTIMA,FINALIZADA,MADALENA,EST DOS REMEDIOS,2416,AV JOSE GONCALVES DE MEDEIROS,NA FRENTE DA POLICLINICA LESSA DE ANDRADE,EST DOS REMEDIOS,2416,NA FRENTE DA POLICLINICA LESSA DE ANDRADE,MADALENA,353,SUBURBIO,COLISÃO TRASEIRA,COLISAO SEM VITIMAS,1,,,,,1,,,,0,,Cruzamento,Bom,Sem defeito,Perfeito estado,Seca,Perfeito estado,Faixa de pedestre,Não há placas,60 km/h,Única,Faixa seccionada,,
2019-08-28,13:43:00,COM VÍTIMA,FINALIZADA,MADALENA,EST DOS REMEDIOS,2416,AV JOSE GONCALVES DE MEDEIROS,EM FRENTE A POLICLINICA LESSA DE ANDRADE,EST DOS REMEDIOS,2416,EM FRENTE A POLICLINICA LESSA DE ANDRADE,MADALENA,313,TORRE,ABALROAMENTO LONGITUDINAL,AUTO E MOTO,1,1,,,,,,,,1,,Cruzamento,Bom,Não existe,Perfeito estado,Seca,Perfeito estado,Faixa de pedestre,Não há placas,,Única,Faixa seccionada,,
2019-08-28,13:52:00,SEM VÍTIMA,FINALIZADA,ILHA DO LEITE,AV LINS PETIT,,,PRAÇA CHORA MENINO,AV LINS PETIT,,PRAÇA CHORA MENINO,ILHA DO LEITE,,SUBURBIO,ABALROAMENTO LONGITUDINAL,COLISÃO SEM VITIMA,1,1,,,,,,,,0,,Longo da via,Bom,Não existe,Perfeito estado,Seca,Perfeito estado,Não existe,Não há placas,,Dupla,Canteiro central,,
2019-08-28,14:15:00,SEM VÍTIMA,FINALIZADA,BOA VIAGEM,RUA DR JOAO GUILHERME DE P SOBRINHO,830,,CENTRO EMPRESARIAL HERBRÁS,RUA DR JOAO GUILHERME DE P SOBRINHO,830,CENTRO EMPRESARIAL HERBRÁS,BOA VIAGEM,,SUBURBIO,COLISÃO TRASEIRA,COLISÃOS EM VITIMA,1,,,,,1,,,,0,,Longo da via,Nublado,Não existe,Não existente,Seca,Perfeito estado,Não existe,Não há placas,,Dupla,Não existe,,
2019-08-28,14:56:00,COM VÍTIMA,FINALIZADA,CASA AMARELA,RUA PAULA BATISTA,3824,EST DO ARRAIAL,AO LADO DA AGÊNCIA NACIONAL DE MINERAÇÃO.,RUA PAULA BATISTA,3824,AO LADO DA AGÊNCIA NACIONAL DE MINERAÇÃO.,CASA AMARELA,283,SUBURBIO,COLISÃO TRASEIRA,AUTO E MOTO,1,1,,,,,,,,1,,Cruzamento,Chuvoso,Sem defeito,Perfeito estado,Molhada,Perfeito estado,Faixa de pedestre,R-6a,,Dupla,Faixa contínua,Faixa seccionada,
2019-08-28,15:59:00,SEM VÍTIMA,FINALIZADA,BOA VISTA,AV GOVERNADOR AGAMENON MAGALHAES,,PRC PARQUE AMORIM,,AV GOVERNADOR AGAMENON MAGALHAES,,,BOA VISTA,173,CIDADE,ABALROAMENTO LONGITUDINAL,,1,,,,,1,,,,0,,Cruzamento,Bom,Sem defeito,Perfeito estado,Seca,Perfeito estado,Faixa de retenção,Outras,60 km/h,Única,Faixa contínua,,
2019-08-28,16:24:00,SEM VÍTIMA,FINALIZADA,CORDEIRO,RUA GREGORIO JUNIOR,,,E/F A AMENDOEIRA PROX A SALA DE REBOCO,RUA GREGORIO JUNIOR,,E/F A AMENDOEIRA PROX A SALA DE REBOCO,CORDEIRO,,,COLISÃO,COLISAO ENTRE DOIS AUTOS S/V,2,,,,,,,,,0,,,,,,,,,,,,,,
2019-08-28,16:35:00,SEM VÍTIMA,FINALIZADA,ÁGUA FRIA,EST VELHA DE AGUA FRIA,1803,,EM FRENTE A DISTRIBUIDORA ÁGUA FRIA DA F 1813,EST VELHA DE AGUA FRIA,1803,EM FRENTE A DISTRIBUIDORA ÁGUA FRIA DA F 1813,ÁGUA FRIA,,SUBURBIO,ABALROAMENTO LONGITUDINAL,DOIS AUTOS,2,,,,,,,,,0,,Longo da via,Bom,Não existe,Perfeito estado,Seca,Perfeito estado,Não existe,Não há placas,40 km/h,Única,Faixa seccionada,,
2019-08-28,16:43:00,SEM VÍTIMA,CANCELADA,BOA VIAGEM,RUA TENENTE JOAO CICERO,346,,PROX. SUL ESTETICA / EDIF. BOM JESUS,RUA TENENTE JOAO CICERO,346,PROX. SUL ESTETICA / EDIF. BOM JESUS,BOA VIAGEM,,,COLISÃO,COLISÃO SEM VITIMA,2,,,,,,,,,0,,,,,,,,,,,,,,
2019-08-28,16:51:00,COM VÍTIMA,FINALIZADA,BOA VIAGEM,AVENIDA CELSO FURTADO (VIA MANGUE),,,SENTIDO SHOPPING RECIFE,AVENIDA CELSO FURTADO (VIA MANGUE),,SENTIDO SHOPPING RECIFE,BOA VIAGEM,,SUBURBIO,COLISÃO,COM VÍTIMA  SEGUNDO O OR A VÍTIMA FOI SOCORRIDA PELO SAMU. A OUTRA PARTE SE EVADIU E A PRÓPRIA VÍTIMA ACIONOU GUINCHO PARTICULAR E NÃO DESEJA REALIZAR O B.O.,,1,,,,,,,,1,,,,,,,,,,,,,,
2019-08-28,16:57:00,SEM VÍTIMA,FINALIZADA,ESPINHEIRO,RUA DO ESPINHEIRO,222,,EM FRENTE AO HOSPITAL DO ESPINHEIRO,RUA DO ESPINHEIRO,222,EM FRENTE AO HOSPITAL DO ESPINHEIRO,ESPINHEIRO,,,ABALROAMENTO LONGITUDINAL,DOIS AUTOS,2,,,,,,,,,0,,Longo da via,Bom,Não existe,Perfeito estado,Seca,Perfeito estado,Não existe,Não há placas,,Única,Faixa seccionada,,
2019-08-28,18:12:00,SEM VÍTIMA,FINALIZADA,CASA FORTE,AV DEZESSETE DE AGOSTO,,RUA PIAUI,AO LADO DO POSTO DE SAÚDE JOSÉ ERMÍRIO DE MORAES,AV DEZESSETE DE AGOSTO,,AO LADO DO POSTO DE SAÚDE JOSÉ ERMÍRIO DE MORAES,CASA FORTE,251,SUBURBIO,ABALROAMENTO TRANSVERSAL,VAN X ÕNIBUS. S/V,,,,,,1,,,1,0,,Longo da via,Bom,Sem defeito,Perfeito estado,Seca,Perfeito estado,Faixa de pedestre,Não há placas,,Dupla,Faixa contínua,Faixa seccionada,
2019-08-28,18:49:00,COM VÍTIMA,FINALIZADA,CASA AMARELA,RUA PADRE LEMOS,,,LADO OPOSTO A IGREJA UNIVERSAL,RUA PADRE LEMOS,,LADO OPOSTO A IGREJA UNIVERSAL,CASA AMARELA,,SUBURBIO,ABALROAMENTO TRANSVERSAL,AUTO PASSEIO X MOTO COM VÍTIMA,1,1,,,,,,,,1,,Longo da via,Bom,Sem defeito,Perfeito estado,Seca,Perfeito estado,,,,Dupla,,,
2019-08-28,20:21:00,SEM VÍTIMA,FINALIZADA,PAISSANDU,AV GOVERNADOR AGAMENON MAGALHAES,,,,AV GOVERNADOR AGAMENON MAGALHAES,,,PAISSANDU,69,SUBURBIO,COLISÃO TRASEIRA,ENTRE QUATRO AUTO SEM VÍTIMAS,4,,,,,,,,,0,,Longo da via,Bom,Sem defeito,Perfeito estado,Seca,Perfeito estado,Faixa de pedestre,Outras,60 km/h,Dupla,Canal,,
2019-08-28,22:37:00,COM VÍTIMA,FINALIZADA,CORDEIRO,RUA GOMES TABORDA,,RUA CAPITAO JOAO ROMA,ATACAREJO IDEAL,RUA GOMES TABORDA,,ATACAREJO IDEAL,CORDEIRO,,SUBURBIO,ABALROAMENTO TRANSVERSAL,AUTO PASSEIO X MOTO COM VÍTIMA,1,1,,,,,,,,1,,Esquina,Bom,Não existe,Perfeito estado,Seca,Perfeito estado,Não existe,Não há placas,,Dupla,Faixa seccionada,,
2019-08-29,07:44:00,SEM VÍTIMA,FINALIZADA,DOIS IRMÃOS,RUA MANUEL DE MEDEIROS,,,HOSPITAL VETERINÁRIO,RUA MANUEL DE MEDEIROS,,HOSPITAL VETERINÁRIO,DOIS IRMÃOS,,SUBURBIO,ABALROAMENTO TRANSVERSAL,COLISÃO S/VITIMAS ENTRE UM AUTO E UMA MOTO,1,1,,,,,,,,0,,Longo da via,Bom,Não existe,Incompleta,Seca,Perfeito estado,Não existe,Não há placas,40 km/h,Dupla,Faixa contínua,,
2019-08-29,07:53:00,SEM VÍTIMA,FINALIZADA,IMBIRIBEIRA,RUA ITACARI,,RUA ITAJAI,,RUA ITACARI,,,IMBIRIBEIRA,,,ABALROAMENTO TRANSVERSAL,COLISÃO SEM VITIMAS,1,1,,,,,,,,0,,Cruzamento,Bom,Não existe,Perfeito estado,Seca,Perfeito estado,Faixa de pedestre,Placas Pare,,Dupla,Faixa seccionada,,
2019-08-29,08:02:00,SEM VÍTIMA,FINALIZADA,BOA VISTA,AV GOVERNADOR AGAMENON MAGALHAES,,RUA JOAQUIM NABUCO,SOB O SEMÁFORO 174,AV GOVERNADOR AGAMENON MAGALHAES,,SOB O SEMÁFORO 174,BOA VISTA,174,,ABALROAMENTO LONGITUDINAL,DOIS AUTOS,2,,,,,,,,,0,,Cruzamento,Bom,Sem defeito,Perfeito estado,Seca,Perfeito estado,Agente,Outras,60 km/h,Dupla,Canteiro central,,
2019-08-29,09:49:00,SEM VÍTIMA,FINALIZADA,IPUTINGA,RUA MARECHAL MANOEL LUIS OSORIO,314,,HAPVIDA,RUA MARECHAL MANOEL LUIS OSORIO,314,HAPVIDA,IPUTINGA,,SUBURBIO,ABALROAMENTO LONGITUDINAL,COLISÃO S/VITIMAS ENTRE DOIS AUTOS,2,,,,,,,,,0,,Longo da via,Bom,Não existe,Perfeito estado,Seca,Perfeito estado,Não existe,Outras,,Dupla,Não existe,,
2019-08-29,10:05:00,SEM VÍTIMA,FINALIZADA,PAISSANDU,AV GOVERNADOR AGAMENON MAGALHAES,,,EMPRESARIAL RENATO DIAS,AV GOVERNADOR AGAMENON MAGALHAES,,EMPRESARIAL RENATO DIAS,PAISSANDU,,,COLISÃO TRASEIRA,COLISÃO SEM VITIMAS,2,,,,,,,,,0,,Longo da via,Bom,Sem defeito,Perfeito estado,Seca,Perfeito estado,,Não há placas,60 km/h,Dupla,Canal,,
2019-08-29,10:20:00,SEM VÍTIMA,FINALIZADA,BOA VISTA,RUA JOAO FERNANDES VIEIRA,,,EM FRENTE A UNIBRA,RUA JOAO FERNANDES VIEIRA,,EM FRENTE A UNIBRA,BOA VISTA,,CIDADE,ABALROAMENTO LONGITUDINAL,CAMINHAO E AUTO,1,,,,,,1,,,0,,Longo da via,Bom,Não existe,Perfeito estado,Seca,Mal conservada,Não existe,Outras,,Única,Faixa seccionada,,
2019-08-29,11:11:00,SEM VÍTIMA,FINALIZADA,BOA VISTA,RUA PRINCESA IZABEL,410,,EM FRENTE A CAMARA MUNICIPAL DO RECIFE,RUA PRINCESA IZABEL,410,EM FRENTE A CAMARA MUNICIPAL DO RECIFE,BOA VISTA,,CIDADE,ABALROAMENTO LONGITUDINAL,COLISÃO SEM VITIMAS,2,,,,,,,,,0,,Longo da via,Bom,Sem defeito,Perfeito estado,Seca,Perfeito estado,Não existe,Outras,,Única,Faixa seccionada,,
2019-08-29,11:25:00,SEM VÍTIMA,FINALIZADA,MADALENA,RUA DES LUIZ SALAZAR,,,EM FRENTE AO POSTE B 083808,RUA DES LUIZ SALAZAR,,EM FRENTE AO POSTE B 083808,MADALENA,,CIDADE,ABALROAMENTO LONGITUDINAL,COLISÃO S/ VITIMAS ENTRE DOIS AUTOS,2,,,,,,,,,0,,Longo da via,Bom,Não existe,Não existente,Seca,Mal conservada,Não existe,Não há placas,,Dupla,Não existe,,
2019-08-29,11:37:00,SEM VÍTIMA,FINALIZADA,,AV JOAO DE BARROS,,,EM FRENTE A CELPE,AV JOAO DE BARROS,,EM FRENTE A CELPE,,,,COLISÃO TRASEIRA,COLISÃO SEM VITIMAS,1,1,,,,,,,,0,,Longo da via,Bom,Não existe,Perfeito estado,Seca,Perfeito estado,Não existe,Outras,,Única,Faixa seccionada,,
2019-08-29,11:58:00,SEM VÍTIMA,CANCELADA,PORTO DA MADEIRA,RUA DR ALBERTO WANDERLEY,,,EM FRENTE AO SUPERMERCADO NOSSA SENHORA APARECIDA,RUA DR ALBERTO WANDERLEY,,EM FRENTE AO SUPERMERCADO NOSSA SENHORA APARECIDA,PORTO DA MADEIRA,,,COLISÃO,COLISÃO SEM VITIMAS,,1,,,,,1,,,0,,,,,,,,,,,,,,
2019-08-29,12:16:00,SEM VÍTIMA,FINALIZADA,CASA FORTE,RUA SANTA ANA,,,ESCOLA NOSSA SENHORA DAS GRACAS,RUA SANTA ANA,,ESCOLA NOSSA SENHORA DAS GRACAS,CASA FORTE,,SUBURBIO,COLISÃO TRASEIRA,COLISAO SEM VITIMAS,2,,,,,,,,,0,,Longo da via,Bom,Não existe,Perfeito estado,Seca,Perfeito estado,Não existe,Outras,20 km/h,Dupla,Faixa contínua,,
2019-08-29,12:31:00,SEM VÍTIMA,FINALIZADA,BOA VIAGEM,AV BOA VIAGEM,,RUA BALTAZAR PASSOS,NOBILE STYLE,AV BOA VIAGEM,,NOBILE STYLE,BOA VIAGEM,149,CIDADE,COLISÃO TRASEIRA,COLISAO SEM VITIMAS,2,,,,,,,,,0,,Longo da via,Bom,Sem defeito,Perfeito estado,Seca,Perfeito estado,Faixa de pedestre,Outras,,Única,Faixa seccionada,,
2019-08-29,12:33:00,SEM VÍTIMA,FINALIZADA,VÁRZEA,RUA GENERAL POLIDORO,352,,PADARIA CDU,RUA GENERAL POLIDORO,352,PADARIA CDU,VÁRZEA,577,SUBURBIO,ABALROAMENTO LONGITUDINAL,COLISAO ENTRE AUTO E MOTO COM UMA VITIMA VT 12 NO LOCAL,1,1,,,,,,,,0,,Longo da via,Bom,Sem defeito,Perfeito estado,Seca,Perfeito estado,Faixa de pedestre,Outras,,Dupla,Faixa contínua,,
2019-08-29,12:47:00,SEM VÍTIMA,FINALIZADA,PAISSANDU,AV GOVERNADOR AGAMENON MAGALHAES,,,SEMÁFORO,AV GOVERNADOR AGAMENON MAGALHAES,,SEMÁFORO,PAISSANDU,69,SUBURBIO,COLISÃO TRASEIRA,ENTRE DOIS AUTO S/V,2,,,,,,,,,0,,Longo da via,Bom,Sem defeito,Perfeito estado,Seca,Perfeito estado,Agente,Outras,60 km/h,Dupla,Faixa contínua,Faixa seccionada,
2019-08-29,12:59:00,SEM VÍTIMA,FINALIZADA,BOA VISTA,RUA DOM BOSCO,,,LADO OPOSTO AO COLÉGIO AMERICANO BATISTA,RUA DOM BOSCO,,LADO OPOSTO AO COLÉGIO AMERICANO BATISTA,BOA VISTA,,SUBURBIO,ABALROAMENTO LONGITUDINAL,ENTRE AUTO PASSEIO X ONIBUS S/V,1,,,,,1,,,,0,,Longo da via,Bom,Sem defeito,Perfeito estado,Seca,Perfeito estado,Outros,Outras,,Única,Faixa seccionada,,
2019-08-29,13:25:00,COM VÍTIMA,FINALIZADA,SÃO JOSÉ,RUA FLORIANO PEIXOTO,671,,E/F AO GALPÃO APOS A ESTAÇAO DO METRO. AO LADO DO LAVA JATO,RUA FLORIANO PEIXOTO,671,E/F AO GALPÃO APOS A ESTAÇAO DO METRO. AO LADO DO LAVA JATO,SÃO JOSÉ,,SUBURBIO,CHOQUE VEÍCULO PARADO,CHOQUE ENVOLVENDO DOIS AUTOMÓVEIS.,2,,,,,,,,,1,,Longo da via,Bom,Não existe,Perfeito estado,Seca,Perfeito estado,Não existe,R-6a,,Única,Faixa seccionada,,
2019-08-29,13:30:00,SEM VÍTIMA,FINALIZADA,SANTO ANTÔNIO,TRV DO FORTE,,,EM FRENTE G. CONSÓRCIO RECIFE TRANSPORTES,TRV DO FORTE,,EM FRENTE G. CONSÓRCIO RECIFE TRANSPORTES,SANTO ANTÔNIO,,SUBURBIO,COLISÃO TRASEIRA,COLISAO SEM VITIMAS,2,,,,,,,,,0,,Longo da via,Bom,Não existe,Perfeito estado,Seca,Perfeito estado,,Não há placas,,Única,Faixa seccionada,,
2019-08-29,13:45:00,SEM VÍTIMA,FINALIZADA,ILHA DO LEITE,RUA PAISSANDU,112,,PRAÇA CHORA MENINO,RUA PAISSANDU,112,PRAÇA CHORA MENINO,ILHA DO LEITE,,,ABALROAMENTO LONGITUDINAL,COLISAO ENTRE AUTO E CAMINHAO S/V,1,,,,,,1,,,0,,Longo da via,Bom,Não existe,Perfeito estado,Seca,Perfeito estado,Não existe,R-6a,40 km/h,Única,Faixa seccionada,,
2019-08-29,13:56:00,SEM VÍTIMA,FINALIZADA,SANTO AMARO,RUA ALMEIDA CUNHA,40,RUA BISPO CARDOSO AYRES,,RUA ALMEIDA CUNHA,40,,SANTO AMARO,,SUBURBIO,COLISÃO TRASEIRA,COLISO SEM VITIMAS,2,,,,,,,,,0,,Longo da via,Bom,Não existe,Não existente,Seca,Perfeito estado,Não existe,Placas Pare,,Única,Não existe,,
2019-08-29,14:12:00,COM VÍTIMA,FINALIZADA,IBURA,AV DOIS RIOS,,,EM FRENTE AO SESI DO IBURA,AV DOIS RIOS,,EM FRENTE AO SESI DO IBURA,IBURA,561,,COLISÃO COM CICLISTA,KOMBI X CICLISTA COM VÍTIMA,1,,,1,,,,,,1,,,,,,,,,,,,,,
2019-08-29,14:29:00,SEM VÍTIMA,FINALIZADA,BOA VIAGEM,AV DES JOSE NEVES,77,,,AV DES JOSE NEVES,77,,BOA VIAGEM,,SUBURBIO,ABALROAMENTO LONGITUDINAL,COLISAO ENTRE DOIS AUTOS S/V,2,,,,,,,,,0,,Longo da via,Bom,Sem defeito,Perfeito estado,Seca,Perfeito estado,Não existe,Não há placas,,Dupla,Canal,,
2019-08-29,14:32:00,SEM VÍTIMA,FINALIZADA,CÓRREGO DO JENIPAPO,RUA ERUNDINA NEGREIROS DE ARAUJO,,,TERMINAL DE ONIBUS CÔRREGO DO JENIPAPO,RUA ERUNDINA NEGREIROS DE ARAUJO,,TERMINAL DE ONIBUS CÔRREGO DO JENIPAPO,CÓRREGO DO JENIPAPO,,SUBURBIO,ABALROAMENTO LONGITUDINAL,ENTRE AUTO PASSEIO PREFEITURA X CAMINHAO S/V,1,,,,,,1,,,0,,Longo da via,Bom,Não existe,Não existente,,,Não existe,Não há placas,,Dupla,Não existe,,
2019-08-29,14:33:00,SEM VÍTIMA,FINALIZADA,PINA,RUA HENRIQUETA TORREIRO,,,EM FRENTE AO Nº 380,RUA HENRIQUETA TORREIRO,,EM FRENTE AO Nº 380,PINA,,SUBURBIO,ABALROAMENTO TRANSVERSAL,COLISAO SEM VITIMAS,2,,,,,,,,,0,,Longo da via,Bom,Não existe,Perfeito estado,Seca,Perfeito estado,Não existe,Não há placas,,Dupla,Não existe,,
2019-08-29,15:00:00,SEM VÍTIMA,FINALIZADA,CASA AMARELA,RUA DR TOME DIAS,391,RUA PADRE LEMOS,,RUA DR TOME DIAS,391,,CASA AMARELA,,CIDADE,ABALROAMENTO LONGITUDINAL,COLISAO ENTRE DOIS AUTOS S/V,2,,,,,,,,,0,,Cruzamento,Bom,Não existe,Perfeito estado,Seca,Perfeito estado,Faixa de pedestre,Placas Pare,,Dupla,Faixa contínua,,
2019-08-29,15:07:00,SEM VÍTIMA,FINALIZADA,BOA VISTA,RUA DO RIACHUELO,36,RUA AURORA,LADO OPOSTO AOS CORREIOS,RUA DO RIACHUELO,36,LADO OPOSTO AOS CORREIOS,BOA VISTA,579,SUBURBIO,ABALROAMENTO LONGITUDINAL,ONIBUS X AUTO PASSEIO S/V,1,,,,,1,,,,0,,Cruzamento,Bom,Não existe,Perfeito estado,Seca,Perfeito estado,Não existe,Não há placas,40 km/h,Única,Não existe,,
2019-08-29,15:12:00,SEM VÍTIMA,FINALIZADA,BOA VIAGEM,RUA ANTONIO FALCAO,,AV ENGENHEIRO DOMINGOS FERREIRA,AO LADO DO CARREFOUR,RUA ANTONIO FALCAO,,AO LADO DO CARREFOUR,BOA VIAGEM,145,,ABALROAMENTO LONGITUDINAL,ENTRE DOIS AUTO S/V,2,,,,,,,,,0,,Cruzamento,Bom,Sem defeito,Perfeito estado,Seca,Perfeito estado,Faixa de pedestre,Outras,,Única,Não existe,,
2019-08-29,15:17:00,SEM VÍTIMA,FINALIZADA,IMBIRIBEIRA,AV DES JOSE NEVES,,,SEMÁFORO 400,AV DES JOSE NEVES,,SEMÁFORO 400,IMBIRIBEIRA,400,CIDADE,COLISÃO TRASEIRA,COLISAO ENTRE DOIS AUTOS S/V,2,,,,,,,,,0,,Longo da via,Bom,Sem defeito,Perfeito estado,Seca,Perfeito estado,,Outras,60 km/h,Dupla,Canteiro central,,
2019-08-29,15:31:00,COM VÍTIMA,FINALIZADA,VÁRZEA,AV AFONSO OLINDENSE,344,,EM FRENTE AO COLISEU,AV AFONSO OLINDENSE,344,EM FRENTE AO COLISEU,VÁRZEA,,SUBURBIO,COLISÃO COM CICLISTA,COLISÃO COM VITIMA,,1,,1,,,,,,1,,Longo da via,Bom,Não existe,Perfeito estado,Seca,Perfeito estado,Não existe,R-6a,,Dupla,Faixa seccionada,,
2019-08-29,16:29:00,SEM VÍTIMA,FINALIZADA,CASA AMARELA,AV NORTE,,AV PROFESSOR JOSE DOS ANJOS,SEMÁFORO 364,AV NORTE,,SEMÁFORO 364,CASA AMARELA,364,,ABALROAMENTO LONGITUDINAL,COLISAO ENTRE CAMINHAO E AUTO S/V,1,,,,,,1,,,0,,,Bom,Sem defeito,Perfeito estado,Seca,Perfeito estado,Faixa de pedestre,,,Dupla,Não existe,,