data,hora,natureza_acidente,situacao,bairro,endereco,numero,detalhe_endereco_acidente,complemento,endereco_cruzamento,numero_cruzamento,referencia_cruzamento,bairro_cruzamento,num_semaforo,sentido_via,tipo,descricao,auto,moto,ciclom,ciclista,pedestre,onibus,caminhao,viatura,outros,vitimas,vitimasfatais,acidente_verificado,tempo_clima,situacao_semaforo,sinalizacao,condicao_via,conservacao_via,ponto_controle,situacao_placa,velocidade_max_via,mao_direcao,divisao_via1,divisao_via2,divisao_via3
2019-09-02,18:57:00,SEM VÍTIMA,CANCELADA,SAN MARTIN,AV DR JOSE RUFINO,241,RUA JOAO TEIXEIRA,E/F AO COLÉGIO VISAO --- SEMÁFORO 082,AV DR JOSE RUFINO,241,E/F AO COLÉGIO VISAO --- SEMÁFORO 082,SAN MARTIN,,,COLISÃO,ENTRE AUTO E CARRETA. S.V,1,,,,,,1,,,0,,,,,,,,,,,,,,
2019-09-02,19:14:00,,,IPUTINGA,AV CAXANGA,4251,,CAXANGÁ VEÍCULOS,AV CAXANGA,4251,CAXANGÁ VEÍCULOS,IPUTINGA,270,CIDADE,ABALROAMENTO LONGITUDINAL,FISCALIZAÇÃO DE ÁREA.,1,,,,,1,,,,,,Longo da via,Bom,Sem defeito,Perfeito estado,Seca,Perfeito estado,Não existe,Outras,,Única,Faixa seccionada,,
2019-09-02,19:46:00,SEM VÍTIMA,FINALIZADA,NOVA DESCOBERTA,AV VEREADOR OTACILIO AZEVEDO,,RUA SANTA TEREZA,,AV VEREADOR OTACILIO AZEVEDO,,,NOVA DESCOBERTA,,,ABALROAMENTO LONGITUDINAL,ONIBUS X AUTO. S/V,1,,,,,1,,,,0,,Cruzamento,Bom,Não existe,Ilegível,Seca,Mal iluminada,Não existe,Não há placas,,Dupla,Não existe,,
2019-09-02,20:17:00,SEM VÍTIMA,FINALIZADA,VÁRZEA,AV CAXANGA,4251,,ENF A CAXANGA VEICULOS,AV CAXANGA,4251,ENF A CAXANGA VEICULOS,VÁRZEA,,,COLISÃO,VT DA CTTU N:10 ESTA NO LOCAL // ONIBUS BRT X HB 20,1,,,,,1,,,,0,,,,,,,,,,,,,,
2019-09-02,20:47:00,SEM VÍTIMA,FINALIZADA,TAMARINEIRA,AV NORTE,,RUA EUCLIDES GOMES DE FREITAS,SEMÁFORO Nº 643,AV NORTE,,SEMÁFORO Nº 643,TAMARINEIRA,643,SUBURBIO,COLISÃO TRASEIRA,VT 06 DA CTTU NO LOCAL // PALIO X ONIBUS,1,,,,,1,,,,0,,Cruzamento,Bom,Sem defeito,Perfeito estado,Seca,Perfeito estado,,R-6a,,Dupla,Canteiro central,,
2019-09-02,21:00:00,COM VÍTIMA,FINALIZADA,ÁGUA FRIA,EST VELHA DE AGUA FRIA,1029,,ESQUINA COM O DENOCS   FAIXA DA DIREITA / E/F AO EDF VILA COIMBRA / AO LADO DO RESIDNCIAL VILA COIMBRA.,EST VELHA DE AGUA FRIA,1029,ESQUINA COM O DENOCS   FAIXA DA DIREITA / E/F AO EDF VILA COIMBRA / AO LADO DO RESIDNCIAL VILA COIMBRA.,ÁGUA FRIA,,,ABALROAMENTO LONGITUDINAL,ENTRE AUTO E MOTO. C/V,1,1,,,,,,,,2,,Longo da via,Bom,Não existe,Ilegível,Seca,Mal iluminada,Não existe,Não há placas,,Dupla,Canteiro central,,
2019-09-02,21:14:00,SEM VÍTIMA,FINALIZADA,TORRE,RUA REAL DA TORRE,,RUA PADRE ANCHIETA,,RUA REAL DA TORRE,,,TORRE,,,ABALROAMENTO LONGITUDINAL,DOIS AUTO,2,,,,,,,,,0,,Cruzamento,Bom,Sem defeito,Perfeito estado,Seca,Perfeito estado,Faixa de pedestre,Não há placas,60 km/h,Única,,,
2019-09-02,21:32:00,SEM VÍTIMA,FINALIZADA,CABANGA,,,,CABANGA IATE CLUBE DE PERNAMBUCO,,,CABANGA IATE CLUBE DE PERNAMBUCO,CABANGA,,CIDADE,COLISÃO TRASEIRA,CORSA X ONIBUS BORBOREMA,1,,,,,1,,,,0,,Longo da via,Bom,Não existe,Perfeito estado,Seca,Perfeito estado,Não existe,Outras,,Única,Faixa seccionada,,
2019-09-02,21:59:00,SEM VÍTIMA,FINALIZADA,SANTO ANTÔNIO,,,,EM FRENTE AO FORTE 5 PONTAS,,,EM FRENTE AO FORTE 5 PONTAS,SANTO ANTÔNIO,,SUBURBIO,CHOQUE OBJETO FIXO,AUTO SE CHOCOU CONTRA O POSTE. CONDUTORA APRESENTA SINAIS DE EMBRIGUEZ,1,,,,,,,,,0,,Longo da via,Bom,Sem defeito,Perfeito estado,Seca,Perfeito estado,Não existe,Não há placas,,Única,Faixa contínua,,
2019-09-02,22:36:00,SEM VÍTIMA,FINALIZADA,BOA VISTA,RUA BARAO DE SAO BORJA,,,AO LADO DO CENTRO UNIVERSITÁRIO TIRADENTES,RUA BARAO DE SAO BORJA,,AO LADO DO CENTRO UNIVERSITÁRIO TIRADENTES,BOA VISTA,,SUBURBIO,CHOQUE OBJETO FIXO,CAMINHÃO DA COMPESA SE CHOCOU CONTRA O POSTE,,,,,,,1,,,0,,Longo da via,Bom,Não existe,Ilegível,Seca,Mal iluminada,Não existe,Não há placas,,Dupla,Não existe,,
2019-09-03,07:03:00,SEM VÍTIMA,CANCELADA,BOA VIAGEM,RUA CAPITAO ZUZINHA,152,,AO LADO DO VITORIA PRAIA HOTEL,RUA CAPITAO ZUZINHA,152,AO LADO DO VITORIA PRAIA HOTEL,BOA VIAGEM,,,COLISÃO,COLISÃO SEM VITIMAS,2,,,,,,,,,0,,,,,,,,,,,,,,
2019-09-03,07:30:00,SEM VÍTIMA,FINALIZADA,IMBIRIBEIRA,AV ENGENHEIRO ALVES DE SOUZA,546,RUA PADRE CARLOS LEONCIO,PRÓX ACADEMIA HI,AV ENGENHEIRO ALVES DE SOUZA,546,PRÓX ACADEMIA HI,IMBIRIBEIRA,,SUBURBIO,ABALROAMENTO TRANSVERSAL,COLISÃO SEM VÍTIMA  NO MEIO DO CRUZAMENTO,2,,,,,,,,,0,,Cruzamento,Bom,Não existe,Não existente,Seca,Perfeito estado,Não existe,Não há placas,,Dupla,Não existe,,
2019-09-03,07:32:00,SEM VÍTIMA,FINALIZADA,PARNAMIRIM,AV PARNAMIRIM,457,,,AV PARNAMIRIM,457,,PARNAMIRIM,,CIDADE,ABALROAMENTO LONGITUDINAL,COLISÃO SEM VITIMAS,1,,,,,1,,,,0,,Longo da via,Bom,Não existe,Perfeito estado,Seca,Perfeito estado,,,,Única,,,
2019-09-03,07:35:00,SEM VÍTIMA,FINALIZADA,TORRE,AV BEIRA RIO,,RUA AMELIA,,AV BEIRA RIO,,,TORRE,630,SUBURBIO,ABALROAMENTO LONGITUDINAL,SEM VITIMAS,1,,,,,,1,,,0,,,Bom,Sem defeito,Perfeito estado,Seca,Perfeito estado,Faixa de retenção,,,Única,Faixa contínua,,
2019-09-03,07:55:00,SEM VÍTIMA,CANCELADA,IMBIRIBEIRA,AV MARECHAL MASCARENHAS DE MORAES,2798,,EM FRENTE AO BANCO BRADESCO,AV MARECHAL MASCARENHAS DE MORAES,2798,EM FRENTE AO BANCO BRADESCO,IMBIRIBEIRA,,AEROPORTO,COLISÃO,SEM VITIMAS,1,1,,,,,,,,0,,,,,,,,,,,,,,
2019-09-03,08:14:00,SEM VÍTIMA,FINALIZADA,MADALENA,AV ENGENHEIRO ABDIAS DE CARVALHO,1801,,EM FRENTE A FUNASE,AV ENGENHEIRO ABDIAS DE CARVALHO,1801,EM FRENTE A FUNASE,MADALENA,,,ABALROAMENTO TRANSVERSAL,COLISÃO SEM VITIMAS,3,,,,,,,,,0,,Longo da via,Bom,Não existe,Perfeito estado,Seca,Perfeito estado,,Não há placas,,Única,Canteiro central,,
2019-09-03,08:55:00,SEM VÍTIMA,FINALIZADA,IMBIRIBEIRA,RUA PARIS,355,,EM FRENTE AO CENTRO AUTOMOTIVO NANDO AUTO CAR,RUA PARIS,355,EM FRENTE AO CENTRO AUTOMOTIVO NANDO AUTO CAR,IMBIRIBEIRA,,CIDADE,COLISÃO TRASEIRA,COLISÃO DE UM CARRO COM UM CAMINHÃO,1,,,,,,1,,,0,,Longo da via,Bom,Não existe,Perfeito estado,Seca,Perfeito estado,Não existe,Não há placas,50 km/h,Dupla,Faixa contínua,,
2019-09-03,09:26:00,SEM VÍTIMA,FINALIZADA,IPSEP,RUA JEAN EMILE FAVRE,1636,,EM FRENTE AO DISTRITO SANITÁRIO VI,RUA JEAN EMILE FAVRE,1636,EM FRENTE AO DISTRITO SANITÁRIO VI,IPSEP,135,SUBURBIO,COLISÃO TRASEIRA,COLISÃO SEM VITIMAS,2,,,,,,,,,0,,Longo da via,Bom,Sem defeito,Perfeito estado,Seca,Perfeito estado,Faixa de pedestre,Outras,,Dupla,Faixa contínua,,
2019-09-03,09:54:00,SEM VÍTIMA,FINALIZADA,SAN MARTIN,RUA VINTE E UM DE ABRIL,2341,,GIRADOURO DA PRAÇA DO GENERAL SAN MARTIN,RUA VINTE E UM DE ABRIL,2341,GIRADOURO DA PRAÇA DO GENERAL SAN MARTIN,SAN MARTIN,,CIDADE,COLISÃO,COLISÃO DE DOIS CARROS,2,,,,,,,,,0,,,,,,,,,,,,,,
2019-09-03,10:46:00,SEM VÍTIMA,CANCELADA,AFOGADOS,RUA DO ROSARIO,53,RUA SAO MIGUEL,RUA EM FRENTE AO BANCO DO BRASIL,RUA DO ROSARIO,53,RUA EM FRENTE AO BANCO DO BRASIL,AFOGADOS,,,COLISÃO,SEM VITIMAS,2,,,,,,,,,0,,,,,,,,,,,,,,
2019-09-03,10:52:00,SEM VÍTIMA,FINALIZADA,GRAÇAS,RUA CARDEAL ARCOVERDE,,AV RUI BARBOSA,,RUA CARDEAL ARCOVERDE,,,GRAÇAS,126,SUBURBIO,ABALROAMENTO TRANSVERSAL,COLISÃO DE UM CARRO E UM CAMINHÃO,1,,,,,,1,,,0,,Cruzamento,Bom,Sem defeito,Perfeito estado,Seca,Perfeito estado,Faixa de pedestre,Não há placas,,Única,Não existe,,
2019-09-03,12:03:00,SEM VÍTIMA,FINALIZADA,AREIAS,AV RECIFE,,,NO SEMAFORO 617 E/F AO HOSPITAL PAN DE AREIAS S/T SUB,AV RECIFE,,NO SEMAFORO 617 E/F AO HOSPITAL PAN DE AREIAS S/T SUB,AREIAS,,,COLISÃO,COLISAO ENTRE CAMINHAO E MOTO S/V,,1,,,,1,,,,0,,,,,,,,,,,,,,
2019-09-03,12:19:00,SEM VÍTIMA,FINALIZADA,BOA VIAGEM,AV CONSELHEIRO AGUIAR,2240,,EXCLUSIVITE TRAESSEAU,AV CONSELHEIRO AGUIAR,2240,EXCLUSIVITE TRAESSEAU,BOA VIAGEM,143,SUBURBIO,COLISÃO TRASEIRA,COLISÃO SC/VITIMA ENTRE TRES AUTOS (GESTANTE E CRIANÇA SOCORRIDAS POR MEIOS PRÓPRIOS),1,,,,,,,,1,0,,Longo da via,Bom,Sem defeito,Perfeito estado,Seca,Perfeito estado,Faixa de pedestre,R-6a,,Única,Faixa contínua,Faixa seccionada,
2019-09-03,12:22:00,SEM VÍTIMA,CANCELADA,DERBY,RUA BARAO DE GOIANA,,,E/F AO ANTIGO HOSPITAL DO IPSEP E DA CASA DO ESTUDANTE,RUA BARAO DE GOIANA,,E/F AO ANTIGO HOSPITAL DO IPSEP E DA CASA DO ESTUDANTE,DERBY,,,COLISÃO,COLISAO ENTRE DOIS AUTOS S/V,2,,,,,,,,,0,,,,,,,,,,,,,,
2019-09-03,12:36:00,SEM VÍTIMA,FINALIZADA,TAMARINEIRA,AV NORTE,3435,,,AV NORTE,3435,,TAMARINEIRA,,CIDADE,ABALROAMENTO LONGITUDINAL,COLISAO ENTRE AUTO E CAMINHAO S/V,1,,,,,,1,,,0,,Longo da via,Bom,Sem defeito,Perfeito estado,Seca,Perfeito estado,,,,Dupla,Faixa seccionada,Canteiro central,
2019-09-03,12:44:00,SEM VÍTIMA,FINALIZADA,BOA VIAGEM,AV VINTE DE JANEIRO,651,RUA PROF AURELIO DE CASTRO CAVALCANTI,,AV VINTE DE JANEIRO,651,,BOA VIAGEM,,CIDADE,ABALROAMENTO LONGITUDINAL,COLISÃO SEM VITIMAS,2,,,,,,,,,0,,Cruzamento,Bom,Não existe,Não existente,Seca,Perfeito estado,Não existe,Não há placas,40 km/h,Dupla,Não existe,,
2019-09-03,12:55:00,SEM VÍTIMA,DUPLICIDADE,BOA VIAGEM,RUA HENRIQUE CAPITULINO,2240,AV CONSELHEIRO AGUIAR,EM FRENTE A LOJA EXCLUSIVETE,RUA HENRIQUE CAPITULINO,2240,EM FRENTE A LOJA EXCLUSIVETE,BOA VIAGEM,,,COLISÃO,COLISÃO SEM VITIMAS,3,,,,,,,,,0,,,,,,,,,,,,,,
2019-09-03,13:19:00,SEM VÍTIMA,FINALIZADA,TORRE,RUA JOSE BONIFACIO,,RUA PADRE ANCHIETA,SEMÁFORO 193,RUA JOSE BONIFACIO,,SEMÁFORO 193,TORRE,193,SUBURBIO,ABALROAMENTO LONGITUDINAL,COLISÃO SEM VITIMAS,1,,,,,1,,,,0,,Cruzamento,Bom,Sem defeito,Perfeito estado,Seca,Perfeito estado,Faixa de retenção,R-6a,,Única,Não existe,,
2019-09-03,13:25:00,SEM VÍTIMA,FINALIZADA,BOA VIAGEM,RUA JOSE DA SILVA LUCENA,,,EM FRENTE AO GGE,RUA JOSE DA SILVA LUCENA,,EM FRENTE AO GGE,BOA VIAGEM,,SUBURBIO,ABALROAMENTO LONGITUDINAL,COLISÃO SEM VÍTIMA,2,,,,,,,,,0,,Longo da via,Bom,Não existe,Perfeito estado,Seca,Perfeito estado,Não existe,Não há placas,,Dupla,Faixa contínua,,
2019-09-03,14:44:00,SEM VÍTIMA,FINALIZADA,IMBIRIBEIRA,RUA ALFREDO MARCONDES,,RUA SARGENTO SILVINO DE MACEDO,,RUA ALFREDO MARCONDES,,,IMBIRIBEIRA,442,CIDADE,COLISÃO FRONTAL,COLISÃO S/VITIMAS ENTRE DOIS AUTOS,2,,,,,,,,,0,,Cruzamento,Bom,Sem defeito,Perfeito estado,Seca,Perfeito estado,Faixa de pedestre,Outras,60 km/h,Dupla,Não existe,,
2019-09-03,15:01:00,SEM VÍTIMA,FINALIZADA,BEBERIBE,AV BEBERIBE,4470,,EM FRENTE A MARMOARIA DOIS IRMÃOS,AV BEBERIBE,4470,EM FRENTE A MARMOARIA DOIS IRMÃOS,BEBERIBE,398,SUBURBIO,ABALROAMENTO TRANSVERSAL,COLISÃO SEM VITIMA/ V.T 12 NO LOCAL,1,,,,,1,,,,0,,Longo da via,Bom,Sem defeito,Perfeito estado,Seca,Perfeito estado,Faixa de pedestre,Não há placas,40 km/h,Dupla,Faixa contínua,,
2019-09-03,15:05:00,COM VÍTIMA,FINALIZADA,VÁRZEA,RUA RIBEIRO PESSOA,51,,EM FRENTE A BORRACHARIA DO NADO,RUA RIBEIRO PESSOA,51,EM FRENTE A BORRACHARIA DO NADO,VÁRZEA,,,COLISÃO FRONTAL,COLISÃO COM VÍTIMA,1,1,,,,,,,,2,,Longo da via,Bom,Não existe,Perfeito estado,Seca,Mal conservada,Não existe,Não há placas,,Dupla,Faixa seccionada,,
2019-09-03,15:17:00,SEM VÍTIMA,FINALIZADA,,,156,,ANTIGA RUA DO PALANQUE,,156,ANTIGA RUA DO PALANQUE,,,SUBURBIO,ABALROAMENTO TRANSVERSAL,COLISÃO S/VITIMAS ENTRE UMA MOTO E UM AUTO,1,1,,,,,,,,0,,Longo da via,Bom,Não existe,Ilegível,Seca,Mal conservada,Outros,Outras,,Dupla,Não existe,,
2019-09-03,15:52:00,SEM VÍTIMA,FINALIZADA,ESPINHEIRO,RUA SANTO ELIAS,,RUA DO ESPINHEIRO,,RUA SANTO ELIAS,,,ESPINHEIRO,,,ABALROAMENTO LONGITUDINAL,COLISAO ENTRE DOIS AUTOS S/V,2,,,,,,,,,0,,Cruzamento,Bom,Não existe,Perfeito estado,Seca,Perfeito estado,Faixa de pedestre,R-6a,,,Não existe,,
2019-09-03,16:14:00,COM VÍTIMA,FINALIZADA,SANTO AMARO,AV VISCONDE DE SUASSUNA,775,,CLINICA DR RICARDO VILA NOVA,AV VISCONDE DE SUASSUNA,775,CLINICA DR RICARDO VILA NOVA,SANTO AMARO,,SUBURBIO,ATROPELAMENTO,AUTO E PEDESTRE/ O CONDUTOR REMOVEL O VEÍCULO DO LOCAL POIS O MESMO ESTARIA NA CURVA,1,,,,1,,,,,1,,Esquina,Bom,Sem defeito,Incompleta,Seca,Perfeito estado,Não existe,R-6a,,Única,Faixa seccionada,,
2019-09-03,16:25:00,SEM VÍTIMA,FINALIZADA,BAIRRO DO RECIFE,AV ALFREDO LISBOA,,,EM FRENTE AO MERCADO,AV ALFREDO LISBOA,,EM FRENTE AO MERCADO,BAIRRO DO RECIFE,,CIDADE,ABALROAMENTO LONGITUDINAL,COLISÃO SEM VITIMA,1,,,,,,1,,,0,,Longo da via,Bom,Sem defeito,Perfeito estado,Seca,Perfeito estado,Não existe,Não há placas,,Única,Não existe,,
2019-09-03,16:31:00,SEM VÍTIMA,FINALIZADA,BOA VISTA,RUA DO PRINCIPE,500,,EM FRENTE A LUC VEST MODA EM ALUGUEL,RUA DO PRINCIPE,500,EM FRENTE A LUC VEST MODA EM ALUGUEL,BOA VISTA,,CIDADE,ABALROAMENTO LONGITUDINAL,COLISÃO S/VITIMAS ENTRE UMA MOTO E UM AUTOS,1,1,,,,,,,,0,,Longo da via,Bom,Não existe,Perfeito estado,Seca,Perfeito estado,Não existe,R-6a,,Única,Faixa seccionada,,
2019-09-03,16:35:00,SEM VÍTIMA,FINALIZADA,BOA VISTA,RUA JOSE DE ALENCAR,,,E/F AO ARLEGO IMUNO MULTICLINICA PROX A UNIMED 3,RUA JOSE DE ALENCAR,,E/F AO ARLEGO IMUNO MULTICLINICA PROX A UNIMED 3,BOA VISTA,725,,COLISÃO,COLISAO ENTRE DOIS AUTOS S/V,2,,,,,,,,,0,,,,,,,,,,,,,,
2019-09-03,16:38:00,SEM VÍTIMA,CANCELADA,AFOGADOS,RUA VINTE E UM DE ABRIL,319,,PROXIMO A ESTER CABELELEIRA,RUA VINTE E UM DE ABRIL,319,PROXIMO A ESTER CABELELEIRA,AFOGADOS,,,COLISÃO,COLISÃO SEM VÍTIMA,2,,,,,,,,,0,,,,,,,,,,,,,,
2019-09-03,16:53:00,SEM VÍTIMA,FINALIZADA,AFOGADOS,RUA DA PAZ,,,EM FRENTE A LOJA EUDORADO TINTAS,RUA DA PAZ,,EM FRENTE A LOJA EUDORADO TINTAS,AFOGADOS,,,ABALROAMENTO LONGITUDINAL,COLISÃO SEM VITIMA,,,,,,,2,,,0,,Longo da via,Bom,Não existe,Perfeito estado,Seca,Perfeito estado,Não existe,Não há placas,40 km/h,Única,Faixa seccionada,,
2019-09-03,17:58:00,SEM VÍTIMA,FINALIZADA,ILHA DO LEITE,AV GOVERNADOR AGAMENON MAGALHAES,,,BANCO ITAÚ,AV GOVERNADOR AGAMENON MAGALHAES,,BANCO ITAÚ,ILHA DO LEITE,69,CIDADE,ABALROAMENTO LONGITUDINAL,ENTRE ÕNIBUS E AUTO PASSEIO. S/V,1,,,,,1,,,,0,,Longo da via,Bom,Sem defeito,Perfeito estado,Seca,Perfeito estado,Faixa de pedestre,Não há placas,60 km/h,Dupla,Canteiro central,,
2019-09-03,18:25:00,SEM VÍTIMA,FINALIZADA,TEJIPIÓ,AV DR JOSE RUFINO,,,E/F AO ARMAZÉM CORAL,AV DR JOSE RUFINO,,E/F AO ARMAZÉM CORAL,TEJIPIÓ,,SUBURBIO,COLISÃO TRASEIRA,ENTRE 2 AUTOS. S/V,2,,,,,,,,,0,,Longo da via,Bom,Não existe,Perfeito estado,Seca,Perfeito estado,Não existe,Não há placas,,Dupla,Faixa seccionada,,
2019-09-03,18:57:00,SEM VÍTIMA,FINALIZADA,CORDEIRO,RUA AMBROSIO MACHADO,,RUA CONS SILVEIRA DE SOUZA,AO LADO DO Nº 165,RUA AMBROSIO MACHADO,,AO LADO DO Nº 165,CORDEIRO,,CIDADE,COLISÃO TRASEIRA,,1,1,,,,,,,,0,,Longo da via,Bom,Não existe,Não existente,Seca,Perfeito estado,Não existe,Não há placas,,Dupla,Canteiro central,,
2019-09-03,19:30:00,SEM VÍTIMA,FINALIZADA,GRAÇAS,AV RUI BARBOSA,,RUA ALBERTO PAIVA,,AV RUI BARBOSA,,,GRAÇAS,305,,ABALROAMENTO LONGITUDINAL,ENTRE 2 AUTOS. S/V,2,,,,,,,,,0,,Cruzamento,Bom,Sem defeito,Perfeito estado,Seca,Perfeito estado,Faixa de pedestre,Outras,,Única,Faixa seccionada,,
2019-09-03,20:01:00,COM VÍTIMA,FINALIZADA,BOA VIAGEM,AV ENGENHEIRO DOMINGOS FERREIRA,,RUA ERNESTO DE PAULA SANTOS,,AV ENGENHEIRO DOMINGOS FERREIRA,,,BOA VIAGEM,217,CIDADE,ABALROAMENTO LONGITUDINAL,AUTO PASSEIO X DUAS MOTOS,1,2,,,,,,,,1,,Cruzamento,Bom,Sem defeito,Perfeito estado,Seca,Perfeito estado,Faixa de pedestre,Outras,,Dupla,Faixa contínua,,
2019-09-03,20:07:00,COM VÍTIMA,FINALIZADA,IMBIRIBEIRA,AV MARECHAL MASCARENHAS DE MORAES,,,PRÓXIMO A UNIVERSO,AV MARECHAL MASCARENHAS DE MORAES,,PRÓXIMO A UNIVERSO,IMBIRIBEIRA,501,CIDADE,ATROPELAMENTO,HONDA CG 160 FAN,,1,,,1,,,,,1,,Longo da via,Bom,Sem defeito,Perfeito estado,Seca,Perfeito estado,Faixa de pedestre,Outras,60 km/h,Única,Faixa seccionada,,
2019-09-03,23:53:00,SEM VÍTIMA,FINALIZADA,IBURA,LAD DA COHAB,,,INICIO DA SUBIDA DA LADEIRA UR1 / IBURA,LAD DA COHAB,,INICIO DA SUBIDA DA LADEIRA UR1 / IBURA,IBURA,,SUBURBIO,ABALROAMENTO LONGITUDINAL,COLISAO SEM VITIMAS,1,,,,,1,,,,0,,Longo da via,Bom,Não existe,Perfeito estado,Seca,Perfeito estado,Não existe,Não há placas,,Dupla,Não existe,,
2019-09-04,07:40:00,COM VÍTIMA,FINALIZADA,SANTO ANTÔNIO,PRC DA REPUBLICA,,,AO LADO DO PALACIO DO GOV,PRC DA REPUBLICA,,AO LADO DO PALACIO DO GOV,SANTO ANTÔNIO,,CIDADE,TOMBAMENTO,CICLISTA CAIU NO BURACO,,,,1,,,,,,1,,Longo da via,Bom,Não existe,Perfeito estado,Seca,Perfeito estado,Não existe,Outras,,Única,Não existe,,
2019-09-04,07:48:00,SEM VÍTIMA,CANCELADA,SAN MARTIN,AV GENERAL SAN MARTIN,493,,EM FRENTE AO CENTRO AUTOMOTIVO,AV GENERAL SAN MARTIN,493,EM FRENTE AO CENTRO AUTOMOTIVO,SAN MARTIN,,,COLISÃO,MOTO E AUTO,1,1,,,,,,,,0,,,,,,,,,,,,,,
2019-09-04,07:47:00,SEM VÍTIMA,FINALIZADA,MADALENA,RUA PESSOA DE MELO,,RUA JOSE OSORIO,AO LADO DO RM EXPRESS,RUA PESSOA DE MELO,,AO LADO DO RM EXPRESS,MADALENA,,,ABALROAMENTO LONGITUDINAL,COLISÃO SEM VITIMAS ENTRE CICLISTA E VEICULO AUTO PASSEIO,1,,,1,,,,,,0,,Longo da via,Chuvoso,Não existe,Não existente,Molhada,Perfeito estado,Não existe,Não há placas,40 km/h,Dupla,Não existe,,
2019-09-04,08:04:00,COM VÍTIMA,FINALIZADA,IBURA,AV DOIS RIOS,1127,,EM FRENTE A FARMACIA PAGUE MENOS,AV DOIS RIOS,1127,EM FRENTE A FARMACIA PAGUE MENOS,IBURA,,CIDADE,ABALROAMENTO LONGITUDINAL,COLISÃO COM VITIMA A ESPERA DO SAMU,1,1,,,,,,,,1,,Longo da via,Chuvoso,Não existe,Incompleta,Seca,,Não existe,R-6a,,Dupla,Faixa contínua,,
2019-09-04,08:18:00,COM VÍTIMA,FINALIZADA,MONTEIRO,RUA DE APIPUCOS,192,,EM FRENTE AO EDF ILHA SARDENHA/200M APÓS O AÇUDE DE APIPUCOS / JARDINS APIPUCOS,RUA DE APIPUCOS,192,EM FRENTE AO EDF ILHA SARDENHA/200M APÓS O AÇUDE DE APIPUCOS / JARDINS APIPUCOS,MONTEIRO,,RECIFE,COLISÃO,COM DUAS VITIMAS .BOMBEIROS NO LOCAL,3,1,,,,,,,,1,,Longo da via,Bom,Não existe,Perfeito estado,Seca,Perfeito estado,Outros,Outras,,Dupla,Faixa contínua,,
2019-09-04,08:25:00,COM VÍTIMA,FINALIZADA,MADALENA,RUA JOSE OSORIO,654,RUA REVERENDO SAMUEL FALCAO,APÓS O CRUZAMENTO COM A REAL DA TORRE,RUA JOSE OSORIO,654,APÓS O CRUZAMENTO COM A REAL DA TORRE,MADALENA,,SUBURBIO,ABALROAMENTO TRANSVERSAL,COLISÃO AUTO X MOTO COM VÍTIMA,1,1,,,,,,,,1,,Cruzamento,Bom,Não existe,Perfeito estado,Seca,Perfeito estado,Não existe,R-6a,40 km/h,Dupla,Faixa contínua,,
2019-09-04,08:50:00,SEM VÍTIMA,FINALIZADA,PARNAMIRIM,RUA DA ESTRELA,100,,,RUA DA ESTRELA,100,,PARNAMIRIM,,SUBURBIO,ABALROAMENTO LONGITUDINAL,COLISÃO S/ VITIMAS ENTRE DOIS AUTOS,2,,,,,,,,,0,,Longo da via,Nublado,Não existe,Perfeito estado,Seca,Perfeito estado,Não existe,Outras,30 km/h,Dupla,Não existe,,
2019-09-04,08:53:00,SEM VÍTIMA,FINALIZADA,APIPUCOS,RUA DE APIPUCOS,685,,CONDOMÍNIO RESERVA DE APIPUCOS / AÇUDE DE APIPUCOS,RUA DE APIPUCOS,685,CONDOMÍNIO RESERVA DE APIPUCOS / AÇUDE DE APIPUCOS,APIPUCOS,,SUBURBIO,COLISÃO TRASEIRA,SEM VITIMAS,2,,,,,,,,,0,,Longo da via,Bom,Não existe,Perfeito estado,Seca,Perfeito estado,Não existe,Outras,,Dupla,Faixa contínua,,
2019-09-04,09:04:00,COM VÍTIMA,FINALIZADA,VÁRZEA,RUA ENGENHEIRO VASCONCELOS BITTENCOURT,,,EM FRENTE A PRAÇA DO CAXITO,RUA ENGENHEIRO VASCONCELOS BITTENCOURT,,EM FRENTE A PRAÇA DO CAXITO,VÁRZEA,,SUBURBIO,TOMBAMENTO,DERRAMAMENTO DE OLEO NA PISTA COM ISSO MOTOCICLISTA AO PASSAR PELO LOCAL DERRAPOU E CAIU ENCONTRA SE A ESPERA DO SAMU,,1,,,,,,,,1,,Longo da via,Bom,Não existe,Perfeito estado,Seca,Perfeito estado,,Outras,,Dupla,Não existe,,
2019-09-04,10:15:00,SEM VÍTIMA,FINALIZADA,SANTO ANTÔNIO,RUA DO SOL,143,,,RUA DO SOL,143,,SANTO ANTÔNIO,,CIDADE,ABALROAMENTO LONGITUDINAL,DOIS AUTOS,2,,,,,,,,,0,,Longo da via,Chuvoso,Sem defeito,Perfeito estado,Molhada,Perfeito estado,Faixa de pedestre,,,Única,Faixa seccionada,,
2019-09-04,10:18:00,SEM VÍTIMA,FINALIZADA,AREIAS,AV DR JOSE RUFINO,1352,RUA DONA ANA AURORA,,AV DR JOSE RUFINO,1352,,AREIAS,,SUBURBIO,ABALROAMENTO TRANSVERSAL,COLISÃO S/ VITIMAS ENTRE DOIS AUTOS,2,,,,,,,,,0,,Longo da via,Chuvoso,Não existe,Perfeito estado,Molhada,Perfeito estado,Não existe,R-6a,,Dupla,Faixa contínua,,