data,hora,natureza_acidente,situacao,bairro,endereco,numero,detalhe_endereco_acidente,complemento,endereco_cruzamento,numero_cruzamento,referencia_cruzamento,bairro_cruzamento,num_semaforo,sentido_via,tipo,descricao,auto,moto,ciclom,ciclista,pedestre,onibus,caminhao,viatura,outros,vitimas,vitimasfatais,acidente_verificado,tempo_clima,situacao_semaforo,sinalizacao,condicao_via,conservacao_via,ponto_controle,situacao_placa,velocidade_max_via,mao_direcao,divisao_via1,divisao_via2,divisao_via3
2019-09-04,10:20:00,SEM VÍTIMA,FINALIZADA,BOA VIAGEM,RUA WALDEMAR NERY CARNEIRO MONTEIRO,,,EM FRENTE AO Nº 720,RUA WALDEMAR NERY CARNEIRO MONTEIRO,,EM FRENTE AO Nº 720,BOA VIAGEM,,SUBURBIO,ABALROAMENTO LONGITUDINAL,SEM VITIMAS,2,,,,,,,,,0,,Longo da via,Bom,Não existe,Incompleta,Seca,Perfeito estado,Não existe,Não há placas,,Dupla,Não existe,,
2019-09-04,11:43:00,SEM VÍTIMA,FINALIZADA,BARRO,AV DR JOSE RUFINO,,,SOBRE O VIADUTO BR 101,AV DR JOSE RUFINO,,SOBRE O VIADUTO BR 101,BARRO,,CIDADE,COLISÃO TRASEIRA,DOIS AUTOS,2,,,,,,,,,0,,Longo da via,Chuvoso,Não existe,Perfeito estado,Molhada,Perfeito estado,Não existe,Não há placas,,Dupla,Faixa contínua,,
2019-09-04,11:50:00,SEM VÍTIMA,FINALIZADA,PARNAMIRIM,AV DEZESSETE DE AGOSTO,,,PRACA DR JOSE VILELA,AV DEZESSETE DE AGOSTO,,PRACA DR JOSE VILELA,PARNAMIRIM,,SUBURBIO,COLISÃO TRASEIRA,COLISÃO SEM VITIMAS,3,,,,,,,,,0,,Longo da via,Nublado,Não existe,Perfeito estado,Seca,Perfeito estado,Não existe,Outras,60 km/h,Dupla,Faixa contínua,,
2019-09-04,11:51:00,SEM VÍTIMA,FINALIZADA,BOA VISTA,AV GOVERNADOR AGAMENON MAGALHAES,,PRC PARQUE AMORIM,SOB O SEMÁFORO 173 SENTIDO BOA VIAGEM / OLINDA,AV GOVERNADOR AGAMENON MAGALHAES,,SOB O SEMÁFORO 173 SENTIDO BOA VIAGEM / OLINDA,BOA VISTA,173,SUBURBIO,ABALROAMENTO LONGITUDINAL,COLISÃO S/VITIMAS ENTRE DOIS AUTOS,2,,,,,,,,,0,,Longo da via,Bom,Sem defeito,Perfeito estado,Seca,Perfeito estado,Faixa de pedestre,Outras,60 km/h,Dupla,Faixa contínua,,
2019-09-04,12:15:00,SEM VÍTIMA,FINALIZADA,PARNAMIRIM,RUA MAJOR JOAQUIM CAVALCANTE,15,,,RUA MAJOR JOAQUIM CAVALCANTE,15,,PARNAMIRIM,,SUBURBIO,ABALROAMENTO LONGITUDINAL,AUTO PASSEIO X MOTO SEM VÍTIMAS,1,1,,,,,,,,0,,Longo da via,Chuvoso,Não existe,Incompleta,Molhada,Perfeito estado,Não existe,Não há placas,,Dupla,Não existe,,
2019-09-04,12:54:00,SEM VÍTIMA,CANCELADA,DERBY,RUA DR SEVERINO PINHEIRO,,,EM CIMA DA PONTE ESTACIO COIMBRA/ SENTIDO AGAMENON,RUA DR SEVERINO PINHEIRO,,EM CIMA DA PONTE ESTACIO COIMBRA/ SENTIDO AGAMENON,DERBY,,,COLISÃO,COLISÃO SEM VÍTIMA,2,,,,,,,,,0,,,,,,,,,,,,,,
2019-09-04,14:08:00,SEM VÍTIMA,CANCELADA,VÁRZEA,AV AFONSO OLINDENSE,,,PROX A LOMBADA ELETRONICA/ AO LADO DA LOJA TRÊS IRMÃS,AV AFONSO OLINDENSE,,PROX A LOMBADA ELETRONICA/ AO LADO DA LOJA TRÊS IRMÃS,VÁRZEA,,,COLISÃO,ENTRE DOIS AUTO S/V,2,,,,,,,,,0,,,,,,,,,,,,,,
2019-09-04,14:42:00,SEM VÍTIMA,FINALIZADA,SAN MARTIN,AV ENGENHEIRO ABDIAS DE CARVALHO,,AV GENERAL SAN MARTIN,COMPAZ ARIANO SUASUNA,AV ENGENHEIRO ABDIAS DE CARVALHO,,COMPAZ ARIANO SUASUNA,SAN MARTIN,,CIDADE,COLISÃO TRASEIRA,COLISÃO SEM VÍTIMA,2,,,,,,,,,0,,Longo da via,Chuvoso,Sem defeito,Perfeito estado,Molhada,Perfeito estado,Faixa de pedestre,Outras,,Dupla,Faixa contínua,Faixa seccionada,
2019-09-04,15:10:00,SEM VÍTIMA,CANCELADA,CASA AMARELA,EST DO ARRAIAL,3344,,PIZZARIA CANDELADRO/ EMPRESARIAL SITIO DA TRINDADE,EST DO ARRAIAL,3344,PIZZARIA CANDELADRO/ EMPRESARIAL SITIO DA TRINDADE,CASA AMARELA,,,COLISÃO,ENTRE DOIS AUTO S/V,2,,,,,,,,,0,,,,,,,,,,,,,,
2019-09-04,15:17:00,SEM VÍTIMA,FINALIZADA,MADALENA,RUA JANUARIO BARBOSA,232,,,RUA JANUARIO BARBOSA,232,,MADALENA,,SUBURBIO,ABALROAMENTO LONGITUDINAL,COLISÃO SEM VÍTIMA,2,,,,,,,,,0,,Longo da via,Chuvoso,Não existe,Incompleta,Molhada,Perfeito estado,Não existe,Não há placas,,Única,Não existe,,
2019-09-04,15:29:00,SEM VÍTIMA,FINALIZADA,IPSEP,RUA IRAPUA,467,RUA FRANCISCO BARRETO,EDIFICIO PARQUE BUQUEIRÃO,RUA IRAPUA,467,EDIFICIO PARQUE BUQUEIRÃO,IPSEP,,,ABALROAMENTO LONGITUDINAL,ENTRE DOIS AUTO S/V,2,,,,,,,,,0,,Cruzamento,Chuvoso,Não existe,Não existente,Molhada,Mal conservada,Não existe,Não há placas,,Dupla,Não existe,,
2019-09-04,15:46:00,SEM VÍTIMA,FINALIZADA,CASA AMARELA,AV NORTE,4989,,,AV NORTE,4989,,CASA AMARELA,,CIDADE,COLISÃO TRASEIRA,COLISAO ENTRE DOIS AUTOS S/V OS BATEDORES DA MOTO 13 E 17 NO LOCAL,3,,,,,,,,,0,,Longo da via,Chuvoso,Não existe,Perfeito estado,Molhada,Perfeito estado,Não existe,R-6a,,Dupla,Faixa seccionada,Canteiro central,
2019-09-04,15:46:00,SEM VÍTIMA,FINALIZADA,TORRE,RUA REAL DA TORRE,1275,,,RUA REAL DA TORRE,1275,,TORRE,,,ABALROAMENTO LONGITUDINAL,COLISÃO SEM VÍTIMA,1,,,,,,1,,,0,,Longo da via,Chuvoso,Não existe,Perfeito estado,Molhada,Perfeito estado,Não existe,Não há placas,,Única,Faixa seccionada,,
2019-09-04,15:56:00,SEM VÍTIMA,FINALIZADA,BOA VIAGEM,AV CONSELHEIRO AGUIAR,,RUA JORNALISTA FRANCISCO ALMEIDA,,AV CONSELHEIRO AGUIAR,,,BOA VIAGEM,366,CIDADE,ABALROAMENTO LONGITUDINAL,COLISÃO SEM VÍTIMA,1,,,,,,1,,,0,,Longo da via,Chuvoso,Sem defeito,Perfeito estado,Molhada,Perfeito estado,Faixa de pedestre,R-6a,,Única,Faixa contínua,,
2019-09-04,16:14:00,SEM VÍTIMA,FINALIZADA,SÃO JOSÉ,C SANTA RITA,,,AGEMAR,C SANTA RITA,,AGEMAR,SÃO JOSÉ,76,CIDADE,ABALROAMENTO LONGITUDINAL,COLISAO ENTRE DOIS AUTOS S/V,2,,,,,,,,,0,,Longo da via,Chuvoso,Sem defeito,Perfeito estado,Molhada,Mal conservada,Não existe,Não há placas,60 km/h,Dupla,Faixa seccionada,Canteiro central,
2019-09-04,16:17:00,SEM VÍTIMA,FINALIZADA,BOA VIAGEM,AV BOA VIAGEM,,,,AV BOA VIAGEM,,,BOA VIAGEM,84,,ABALROAMENTO LONGITUDINAL,COLISÃO SEM VÍTIMA,1,,,,,,1,,,0,,Longo da via,Chuvoso,Com defeito,Perfeito estado,Molhada,Perfeito estado,Não existe,,60 km/h,Única,Faixa seccionada,,
2019-09-04,16:42:00,SEM VÍTIMA,FINALIZADA,CORDEIRO,RUA GOMES TABORDA,,RUA PAES CABRAL,PRÓXIMO AO EDUCANDÁRIO TALENTINHO,RUA GOMES TABORDA,,PRÓXIMO AO EDUCANDÁRIO TALENTINHO,CORDEIRO,,SUBURBIO,ABALROAMENTO TRANSVERSAL,ENTRE DOIS AUTO S/V,2,,,,,,,,,0,,Cruzamento,Chuvoso,Não existe,Incompleta,Molhada,Mal iluminada,Não existe,R-6a,,Dupla,,,
2019-09-04,17:27:00,COM VÍTIMA,FINALIZADA,DERBY,RUA HENRIQUE DIAS,496,,AO LADO DO COLEGIO DA PM,RUA HENRIQUE DIAS,496,AO LADO DO COLEGIO DA PM,DERBY,,CIDADE,COLISÃO,COLISAO ENTRE AUTO E MOTO COM UMA VTIMA,1,1,,,,,,,,1,,Esquina,Chuvoso,Não existe,Perfeito estado,Molhada,Perfeito estado,Faixa de pedestre,Outras,,Única,Faixa seccionada,,
2019-09-04,18:41:00,SEM VÍTIMA,FINALIZADA,IPUTINGA,RUA EMILIANO BRAGA,,,T.I CDU,RUA EMILIANO BRAGA,,T.I CDU,IPUTINGA,,SUBURBIO,ABALROAMENTO LONGITUDINAL,ONIBUS X AUTO PASSEIO S/V,1,,,,,1,,,,0,,Longo da via,,Não existe,Perfeito estado,Molhada,Perfeito estado,Faixa de pedestre,Placas Pare,,Única,Faixa seccionada,,
2019-09-04,20:25:00,SEM VÍTIMA,FINALIZADA,IBURA,RUA DR BENIGNO JORDAO DE VASCONCELOS,206 B,,,RUA DR BENIGNO JORDAO DE VASCONCELOS,206 B,,IBURA,,SUBURBIO,ABALROAMENTO LONGITUDINAL,AUTO PASSEIO X ONIBUS / SEM VÍTIMAS,1,,,,,1,,,,0,,Longo da via,Chuvoso,Não existe,Ilegível,Molhada,Mal iluminada,Não existe,Não há placas,,Dupla,Não existe,,
2019-09-04,23:40:00,SEM VÍTIMA,CANCELADA,TORRE,RUA JOAO TUDE DE MELO,,,CARREFOUR DA TORRE/ ENCIMA DO VIADUTO,RUA JOAO TUDE DE MELO,,CARREFOUR DA TORRE/ ENCIMA DO VIADUTO,TORRE,,,ACID. DE PERCURSO,VEICULO CAI EM CANAL,1,,,,,,,,,0,,,,,,,,,,,,,,
2019-09-05,06:22:00,COM VÍTIMA,FINALIZADA,BARRO,AV DR JOSE RUFINO,,,SOBRE O VIADUTO DA BR-101,AV DR JOSE RUFINO,,SOBRE O VIADUTO DA BR-101,BARRO,,CIDADE,ABALROAMENTO TRANSVERSAL,COLISAO COM VITIMAS,1,1,,,,,,,,1,,Cruzamento,Chuvoso,Não existe,Incompleta,Molhada,Perfeito estado,,R-6a,50 km/h,Dupla,Faixa contínua,,
2019-09-05,06:30:00,SEM VÍTIMA,FINALIZADA,SÃO JOSÉ,AV SUL,,AV DANTAS BARRETO,PRAÇA SERGIO LORETO,AV SUL,,PRAÇA SERGIO LORETO,SÃO JOSÉ,311,CIDADE,ABALROAMENTO TRANSVERSAL,COLISÃO SEM VITIMAS,1,,,,,1,,,,0,,Cruzamento,Bom,Sem defeito,Perfeito estado,Molhada,Perfeito estado,Não existe,Não há placas,,Única,Canteiro central,,
2019-09-05,07:32:00,SEM VÍTIMA,FINALIZADA,TORREÃO,RUA DJALMA FARIAS,265,,EM FRENTE AO ORTO CENTRO,RUA DJALMA FARIAS,265,EM FRENTE AO ORTO CENTRO,TORREÃO,,,ABALROAMENTO LONGITUDINAL,COLISÃO DE UM CARRO COM UMA MOTO,1,1,,,,,,,,0,,Longo da via,Bom,Não existe,Perfeito estado,Seca,Perfeito estado,Não existe,Não há placas,,Dupla,Não existe,,
2019-09-05,07:48:00,COM VÍTIMA,FINALIZADA,CAMPO GRANDE,RUA PRUDENTE DE MORAES,484,RUA FRANCISCO BERENGUER,EM FRENTE A DELICATESSEN SÃO MIGUEL,RUA PRUDENTE DE MORAES,484,EM FRENTE A DELICATESSEN SÃO MIGUEL,CAMPO GRANDE,,SUBURBIO,COLISÃO COM CICLISTA,COLISÃO C/VITIMAS ENTRE AUTO E CICLISTA,1,,,1,,,,,,1,,Cruzamento,Bom,Não existe,Perfeito estado,Seca,Perfeito estado,,,,Dupla,Faixa seccionada,,
2019-09-05,07:53:00,SEM VÍTIMA,FINALIZADA,SÃO JOSÉ,AV SUL,1027,,OFICINA ABELARDO,AV SUL,1027,OFICINA ABELARDO,SÃO JOSÉ,205,CIDADE,COLISÃO TRASEIRA,COLISÃO SEM VITIMAS,2,,,,,,,,,0,,Longo da via,Bom,Sem defeito,Perfeito estado,Seca,Perfeito estado,Faixa de pedestre,Não há placas,,Dupla,Canteiro central,,
2019-09-05,08:14:00,SEM VÍTIMA,FINALIZADA,ENCRUZILHADA,AV NORTE,2215,,EM FRENTE A MITSUBISHI MOTORS,AV NORTE,2215,EM FRENTE A MITSUBISHI MOTORS,ENCRUZILHADA,665,CIDADE,COLISÃO TRASEIRA,ONIBUS E AUTO,1,,,,,1,,,,0,,Longo da via,Bom,Sem defeito,Perfeito estado,Seca,Perfeito estado,Faixa de pedestre,,60 km/h,Dupla,Canteiro central,,
2019-09-05,08:32:00,COM VÍTIMA,FINALIZADA,TORRE,RUA CANTORA CLARA NUNES,64,,PROXIMO UPINHA EMOCY KRAUSE / SALÃO MALU,RUA CANTORA CLARA NUNES,64,PROXIMO UPINHA EMOCY KRAUSE / SALÃO MALU,TORRE,,SUBURBIO,COLISÃO COM CICLISTA,CICLISTA COLIDIO NA TRASEIRA DO CARRO,1,,,1,,,,,,1,,Longo da via,Bom,Não existe,Não existente,Molhada,Perfeito estado,Não existe,Não há placas,,Dupla,Não existe,,
2019-09-05,08:53:00,SEM VÍTIMA,FINALIZADA,IPUTINGA,AV CAXANGA,,,PRÓX BR 101,AV CAXANGA,,PRÓX BR 101,IPUTINGA,,CIDADE,COLISÃO TRASEIRA,CAMINHÃO X AUTO,1,,,,,,1,,,0,,Longo da via,Bom,Não existe,Perfeito estado,Seca,Perfeito estado,Não existe,R-6a,,Dupla,Canteiro central,,
2019-09-05,09:05:00,SEM VÍTIMA,FINALIZADA,AREIAS,AV RECIFE,,RUA CAPITAO JACINTO DA CRUZ,FARMACIA PAGUE MENOS,AV RECIFE,,FARMACIA PAGUE MENOS,AREIAS,59,,COLISÃO TRASEIRA,COLISÃO SEM VITIMAS,2,,,,,,,,,0,,Cruzamento,Bom,Sem defeito,Perfeito estado,Seca,Mal conservada,Faixa de retenção,R-6a,60 km/h,Única,Canteiro central,,
2019-09-05,09:17:00,SEM VÍTIMA,FINALIZADA,CORDEIRO,AV GENERAL SAN MARTIN,495,RUA SANTOS MOREIRA,EM FRENTE AO Nº 495,AV GENERAL SAN MARTIN,495,EM FRENTE AO Nº 495,CORDEIRO,,SUBURBIO,ABALROAMENTO TRANSVERSAL,MOTO X AUTO,1,1,,,,,,,,0,,Cruzamento,Bom,Não existe,Perfeito estado,Seca,Perfeito estado,Não existe,Não há placas,,Dupla,Não existe,,
2019-09-05,09:25:00,SEM VÍTIMA,FINALIZADA,TORRE,AV BEIRA RIO,,,PRÓXIMO A CURVA DA COMPESA,AV BEIRA RIO,,PRÓXIMO A CURVA DA COMPESA,TORRE,,SUBURBIO,CHOQUE VEÍCULO PARADO,COLISÃO S/VITIMAS ENTRE DOIS AUTOS,2,,,,,,,,,0,,Longo da via,Bom,Não existe,Perfeito estado,Seca,Perfeito estado,Não existe,Não há placas,,Dupla,Faixa seccionada,,
2019-09-05,09:26:00,SEM VÍTIMA,FINALIZADA,CORDEIRO,RUA ALVARES PIRES,53,AV MAURICIO DE NASSAU,AO LADO DA CRECHE MUN É LUTANDO QUE SE CONQUISTA,RUA ALVARES PIRES,53,AO LADO DA CRECHE MUN É LUTANDO QUE SE CONQUISTA,CORDEIRO,,SUBURBIO,ABALROAMENTO TRANSVERSAL,COLISÃO SEM VITIMAS,1,,,,,,,,,0,,Longo da via,Bom,Não existe,Perfeito estado,Seca,Perfeito estado,Faixa de pedestre,Placas Pare,,Única,Faixa contínua,,
2019-09-05,09:29:00,SEM VÍTIMA,FINALIZADA,AFOGADOS,RUA CRISTOVAO COLOMBO,,,FEIRA NOVA DE AFOGADOS,RUA CRISTOVAO COLOMBO,,FEIRA NOVA DE AFOGADOS,AFOGADOS,,,ABALROAMENTO LONGITUDINAL,DOIS AUTO,2,,,,,,,,,0,,Longo da via,Bom,Não existe,,Molhada,Perfeito estado,Não existe,Não há placas,,Dupla,Não existe,,
2019-09-05,09:34:00,SEM VÍTIMA,FINALIZADA,SÃO JOSÉ,RUA FLORIANO PEIXOTO,229,RUA TOBIAS BARRETO,ESTAÇÃO DO METRÔ,RUA FLORIANO PEIXOTO,229,ESTAÇÃO DO METRÔ,SÃO JOSÉ,,SUBURBIO,ABALROAMENTO LONGITUDINAL,DOIS AUTOS,1,,,,,,,,1,0,,Cruzamento,Bom,Não existe,Perfeito estado,Seca,Perfeito estado,Não existe,Não há placas,40 km/h,Única,Faixa seccionada,,
2019-09-05,10:20:00,SEM VÍTIMA,FINALIZADA,PRADO,AV CAXANGA,279,,EM FRENTE AO BANCO SANTANDER,AV CAXANGA,279,EM FRENTE AO BANCO SANTANDER,PRADO,,,ABALROAMENTO TRANSVERSAL,COLISÃO SEM VITIMAS,3,,,,,,,,,0,,Longo da via,Bom,Não existe,Perfeito estado,Seca,Perfeito estado,Outros,Outras,60 km/h,Única,Faixa seccionada,,
2019-09-05,11:30:00,SEM VÍTIMA,FINALIZADA,CAMPO GRANDE,RUA OTHON PARAISO,,RUA DJALMA FARIAS,LADO OPOSTO A CASA DA AMIZADE,RUA OTHON PARAISO,,LADO OPOSTO A CASA DA AMIZADE,CAMPO GRANDE,,CIDADE,ABALROAMENTO LONGITUDINAL,COLISÃO DE DOIS CARROS,2,,,,,,,,,0,,Cruzamento,Bom,Não existe,Incompleta,Seca,Perfeito estado,Faixa de retenção,Placas Pare,,Dupla,Canteiro central,,
2019-09-05,12:00:00,SEM VÍTIMA,FINALIZADA,SANTO AMARO,RUA PRINCESA IZABEL,,,,RUA PRINCESA IZABEL,,,SANTO AMARO,,,ABALROAMENTO LONGITUDINAL,COLISÃO SEM VÍTIMA,1,,,,,1,,,,0,,Longo da via,Bom,Sem defeito,Perfeito estado,Seca,Perfeito estado,Faixa de pedestre,R-6a,,Única,Faixa seccionada,,
2019-09-05,12:43:00,SEM VÍTIMA,FINALIZADA,SÃO JOSÉ,PRC DAS CINCO PONTAS,,,EM FRENTE AO FORTE DAS CINCO PONTAS,PRC DAS CINCO PONTAS,,EM FRENTE AO FORTE DAS CINCO PONTAS,SÃO JOSÉ,199,SUBURBIO,ABALROAMENTO LONGITUDINAL,COLISAO ENTRE AUTO E MOTO S/V,1,1,,,,1,,,,0,,Longo da via,Bom,Sem defeito,Perfeito estado,Seca,Perfeito estado,Faixa de pedestre,Não há placas,,Única,Não existe,,
2019-09-05,13:13:00,SEM VÍTIMA,FINALIZADA,CAMPO GRANDE,RUA OTHON PARAISO,,RUA DJALMA FARIAS,POR TRAS UNICORNI  CLINICA DE CORAÇÃO,RUA OTHON PARAISO,,POR TRAS UNICORNI  CLINICA DE CORAÇÃO,CAMPO GRANDE,,CIDADE,COLISÃO,COLISÃO DE DOIS CARROS,2,,,,,,,,,0,,,,,,,,,,,,,,
2019-09-05,13:24:00,SEM VÍTIMA,FINALIZADA,SANTO AMARO,AV NORTE,,RUA VINTE E QUATRO DE AGOSTO,SOB O SEMÁFORO Nº 463,AV NORTE,,SOB O SEMÁFORO Nº 463,SANTO AMARO,,SUBURBIO,ABALROAMENTO LONGITUDINAL,COLISAO ENTRE AUTO E ONIBUS S/V,1,,,,,1,,,,0,,,Bom,Sem defeito,Perfeito estado,Seca,Perfeito estado,,Outras,,Dupla,Canteiro central,,
2019-09-05,14:40:00,SEM VÍTIMA,FINALIZADA,TAMARINEIRA,AV CONS ROSA E SILVA,,EST DO ARRAIAL,,AV CONS ROSA E SILVA,,,TAMARINEIRA,,SUBURBIO,ABALROAMENTO LONGITUDINAL,COLISÃO SEM VÍTIMA,1,,,,,1,,,,0,,Cruzamento,Bom,Sem defeito,Perfeito estado,Seca,Perfeito estado,,,,Única,,,
2019-09-05,14:46:00,SEM VÍTIMA,FINALIZADA,PARNAMIRIM,RUA SEBASTIAO MALTA ARCOVERDE,50,,EM FRENTE A CASA DESIGN MOVEIS PERSONALIZADOS,RUA SEBASTIAO MALTA ARCOVERDE,50,EM FRENTE A CASA DESIGN MOVEIS PERSONALIZADOS,PARNAMIRIM,10,,COLISÃO TRASEIRA,COLISÃO SEM VÍTIMA,3,,,,,,,,,0,,Longo da via,Bom,Sem defeito,Perfeito estado,Seca,Perfeito estado,Faixa de pedestre,R-6a,40 km/h,Única,Faixa seccionada,,
2019-09-05,14:49:00,SEM VÍTIMA,FINALIZADA,DERBY,PRC DO DERBY,,,AO LADO DA PRAÇA DO DERBY,PRC DO DERBY,,AO LADO DA PRAÇA DO DERBY,DERBY,,,ABALROAMENTO LONGITUDINAL,COLISAO ENTRE AUTO E CAMINHAO S/V,1,,,,,,1,,,0,,,Bom,Não existe,Incompleta,Seca,Mal conservada,Não existe,Outras,,,Faixa seccionada,,
2019-09-05,15:16:00,SEM VÍTIMA,FINALIZADA,BONGI,AV ENGENHEIRO ABDIAS DE CARVALHO,,,AO LADO DA CHESF,AV ENGENHEIRO ABDIAS DE CARVALHO,,AO LADO DA CHESF,BONGI,,CIDADE,COLISÃO TRASEIRA,,2,,,,,,,,,0,,Longo da via,Bom,Sem defeito,Perfeito estado,Seca,Perfeito estado,Faixa de pedestre,Outras,60 km/h,Única,Faixa seccionada,,
2019-09-05,15:42:00,SEM VÍTIMA,FINALIZADA,ILHA DO LEITE,,,,AO LADO DO FÓRUM JOANA BEZERRA,,,AO LADO DO FÓRUM JOANA BEZERRA,ILHA DO LEITE,,SUBURBIO,COLISÃO TRASEIRA,COLISAO ENTRE DOIS AUTOS S/V,2,,,,,,,,,0,,Longo da via,Bom,Não existe,Perfeito estado,Seca,Perfeito estado,Agente,Não há placas,30 km/h,Única,Faixa seccionada,,
2019-09-05,16:12:00,COM VÍTIMA,FINALIZADA,JARDIM SÃO PAULO,RUA LEANDRO BARRETO,125A,RUA LORENA,PROXIMO AO BAR DO AMARELINHO,RUA LEANDRO BARRETO,125A,PROXIMO AO BAR DO AMARELINHO,JARDIM SÃO PAULO,,CIDADE,ABALROAMENTO TRANSVERSAL,COLISÃO COM VÍTIMA,1,,,,,1,,,,3,,Cruzamento,Bom,Não existe,Não existente,Seca,Perfeito estado,Não existe,Placas Dê a preferência,40 km/h,Dupla,Não existe,,
2019-09-05,17:42:00,SEM VÍTIMA,FINALIZADA,MADALENA,RUA MANUEL BEZERRA,,,,RUA MANUEL BEZERRA,,,MADALENA,,SUBURBIO,ABALROAMENTO TRANSVERSAL,COLISAO ENTRE DOIS AUTOS S/V,2,,,,,,,,,0,,Longo da via,Bom,Não existe,Perfeito estado,Seca,Perfeito estado,Outros,Outras,,Única,Faixa seccionada,,
2019-09-05,17:54:00,COM VÍTIMA,FINALIZADA,SANTO AMARO,AV CRUZ CABUGA,,AV NORTE,,AV CRUZ CABUGA,,,SANTO AMARO,34,CIDADE,ABALROAMENTO TRANSVERSAL,,2,,,,,,1,,,2,,Cruzamento,Bom,Sem defeito,Perfeito estado,Seca,,Faixa de pedestre,R-4a,,Dupla,Faixa contínua,Faixa seccionada,Canteiro central
2019-09-05,18:35:00,SEM VÍTIMA,FINALIZADA,AREIAS,RUA JOSE NATARIO,,AV DR JOSE RUFINO,,RUA JOSE NATARIO,,,AREIAS,44,SUBURBIO,ABALROAMENTO TRANSVERSAL,CAMINHÃO X AUTO PASSEIO S/V,1,,,,,,1,,,0,,Longo da via,Bom,Sem defeito,Ilegível,Seca,Perfeito estado,Não existe,Não há placas,60 km/h,Dupla,Não existe,,
2019-09-05,18:41:00,SEM VÍTIMA,CANCELADA,IMBIRIBEIRA,AV PRESIDENTE DUTRA,,,EMPRESARIAL MV/ SAÍDA DO VIADUTO TANCREDO NEVES,AV PRESIDENTE DUTRA,,EMPRESARIAL MV/ SAÍDA DO VIADUTO TANCREDO NEVES,IMBIRIBEIRA,,CIDADE,COLISÃO,ENTRE DOIS AUTO S/V,2,,,,,,,,,0,,,,,,,,,,,,,,
2019-09-05,18:53:00,SEM VÍTIMA,CANCELADA,AFOGADOS,RUA NICOLAU PEREIRA,,,ESTACÃO DE METRO DE AFOGADOS/ MERCADO PUBLICO DE AFOGADOS,RUA NICOLAU PEREIRA,,ESTACÃO DE METRO DE AFOGADOS/ MERCADO PUBLICO DE AFOGADOS,AFOGADOS,,,COLISÃO,ENTRE DOIS AUTO S/V,2,,,,,,,,,0,,,,,,,,,,,,,,
2019-09-05,23:26:00,SEM VÍTIMA,FINALIZADA,BOA VIAGEM,RUA FRANCA PEREIRA,,,STUDIO PORTAL DOS CORAIS,RUA FRANCA PEREIRA,,STUDIO PORTAL DOS CORAIS,BOA VIAGEM,,CIDADE,ABALROAMENTO LONGITUDINAL,ENTRE DOIS AUTO S/V,2,,,,,,,,,0,,Longo da via,Chuvoso,Não existe,Incompleta,Molhada,Perfeito estado,Não existe,Outras,,Dupla,Não existe,,
2019-09-06,01:24:00,SEM VÍTIMA,FINALIZADA,IPSEP,AV PRESIDENTE DUTRA,,,APÓS O RESTAURANTE SAL E BRASA,AV PRESIDENTE DUTRA,,APÓS O RESTAURANTE SAL E BRASA,IPSEP,,SUBURBIO,CHOQUE OBJETO FIXO,VEICULO COLIDIO COM POSTE,1,,,,,,,,,0,,Longo da via,Chuvoso,Não existe,Perfeito estado,Molhada,Perfeito estado,Não existe,Não há placas,,Única,Faixa seccionada,Canteiro central,
2019-09-06,02:17:00,SEM VÍTIMA,FINALIZADA,BOA VIAGEM,AV ENGENHEIRO DOMINGOS FERREIRA,,,FARMACIA EXTRAFARMA,AV ENGENHEIRO DOMINGOS FERREIRA,,FARMACIA EXTRAFARMA,BOA VIAGEM,,SUBURBIO,COLISÃO TRASEIRA,COLISAO SEM VITIMAS,2,,,,,,,,,0,,Longo da via,Chuvoso,Sem defeito,Perfeito estado,Molhada,Perfeito estado,Faixa de pedestre,Outras,,Única,Canteiro central,,
2019-09-06,06:43:00,COM VÍTIMA,FINALIZADA,IBURA,AV DOM HELDER CAMARA,,,AO LADO DO NUCLEO DA POLICIA EM FRENTE A FABRICA DE PALHA,AV DOM HELDER CAMARA,,AO LADO DO NUCLEO DA POLICIA EM FRENTE A FABRICA DE PALHA,IBURA,,SUBURBIO CIDADE,ABALROAMENTO LONGITUDINAL,COLISÃO COM VITIMA A ESPERA DO SAMU,1,1,,,,,,,,1,,Longo da via,Chuvoso,Não existe,Perfeito estado,Molhada,Perfeito estado,Não existe,Não há placas,60 km/h,Única,Faixa seccionada,,
2019-09-06,07:15:00,COM VÍTIMA,FINALIZADA,ILHA JOANA BEZERRA,RUA CAPITAO TEMUDO,,,EM CIMA DO VIADUTO CAPITÃO TEMUDO,RUA CAPITAO TEMUDO,,EM CIMA DO VIADUTO CAPITÃO TEMUDO,ILHA JOANA BEZERRA,,BOA VIAGEM,COLISÃO COM CICLISTA,VITIMA A ESPERA DO SAMU,,1,,1,,,,,,1,,Viaduto,Chuvoso,Não existe,Perfeito estado,Molhada,Perfeito estado,Não existe,Não há placas,,Dupla,Canteiro central,,