data,hora,natureza_acidente,situacao,bairro,endereco,numero,detalhe_endereco_acidente,complemento,endereco_cruzamento,numero_cruzamento,referencia_cruzamento,bairro_cruzamento,num_semaforo,sentido_via,tipo,descricao,auto,moto,ciclom,ciclista,pedestre,onibus,caminhao,viatura,outros,vitimas,vitimasfatais,acidente_verificado,tempo_clima,situacao_semaforo,sinalizacao,condicao_via,conservacao_via,ponto_controle,situacao_placa,velocidade_max_via,mao_direcao,divisao_via1,divisao_via2,divisao_via3
2019-09-12,20:17:00,SEM VÍTIMA,FINALIZADA,BOA VISTA,AV GOVERNADOR AGAMENON MAGALHAES,,,CÍRCULO MILITAR DO RECIFE / VIADUTO DA INDEPENDÊNCIA,AV GOVERNADOR AGAMENON MAGALHAES,,CÍRCULO MILITAR DO RECIFE / VIADUTO DA INDEPENDÊNCIA,BOA VISTA,,,COLISÃO TRASEIRA,ENTRE 2 AUTOS. S/V,2,,,,,,,,,0,,Longo da via,Bom,Não existe,Perfeito estado,Seca,Perfeito estado,,,,Dupla,Canal,,
2019-09-12,20:45:00,SEM VÍTIMA,FINALIZADA,CASA AMARELA,AV NORTE,,,LADO OPOSTO AO ARMAZEM CORAL,AV NORTE,,LADO OPOSTO AO ARMAZEM CORAL,CASA AMARELA,,SUBURBIO,ABALROAMENTO LONGITUDINAL,ENTRE AUTO E ÕNIBUS. S/V,1,,,,,1,,,,0,,Longo da via,Bom,Não existe,Perfeito estado,Seca,Perfeito estado,Não existe,Outras,,Dupla,Faixa seccionada,Canteiro central,
2019-09-12,20:46:00,SEM VÍTIMA,FINALIZADA,TAMARINEIRA,AV CONS ROSA E SILVA,2175,,,AV CONS ROSA E SILVA,2175,,TAMARINEIRA,61,SUBURBIO,ABALROAMENTO LONGITUDINAL,MICRO-ONIBUS X HB 20 X RENAULT,2,,,,,1,,,,0,,Longo da via,Bom,Sem defeito,Perfeito estado,Seca,Perfeito estado,Faixa de pedestre,Não há placas,,Única,Faixa seccionada,,
2019-09-12,20:59:00,COM VÍTIMA,FINALIZADA,BOA VIAGEM,AV ENGENHEIRO DOMINGOS FERREIRA,4140,,ENF AO BANCO BRADESCO,AV ENGENHEIRO DOMINGOS FERREIRA,4140,ENF AO BANCO BRADESCO,BOA VIAGEM,,SUBURBIO,COLISÃO,ONIX X MOTO,1,1,,,,,,,,1,,Longo da via,Bom,Não existe,Perfeito estado,Seca,Perfeito estado,Não existe,Não há placas,,Única,Canteiro central,,
2019-09-12,21:09:00,SEM VÍTIMA,FINALIZADA,BOA VISTA,AV GOVERNADOR AGAMENON MAGALHAES,,,CÍRCULO MILITAR DO RECIFE,AV GOVERNADOR AGAMENON MAGALHAES,,CÍRCULO MILITAR DO RECIFE,BOA VISTA,,,ABALROAMENTO LONGITUDINAL,LOGAN X ETIOS,2,,,,,,,,,0,,Longo da via,Bom,Não existe,Perfeito estado,Seca,Perfeito estado,,,,Dupla,Faixa seccionada,Canal,
2019-09-12,21:33:00,COM VÍTIMA,FINALIZADA,VÁRZEA,AV PROFESSOR ARTUR DE SA,,,E/F A ENTRADA DO DERPATAMENTO DE ENGENHARIA QUIMICA,AV PROFESSOR ARTUR DE SA,,E/F A ENTRADA DO DERPATAMENTO DE ENGENHARIA QUIMICA,VÁRZEA,,SUBURBIO,COLISÃO COM CICLISTA,ENTRE AUTO E DOIS CICLISTAS. C/V,1,,,2,,,,,,2,,Longo da via,Bom,Não existe,Perfeito estado,Seca,Perfeito estado,Outros,Outras,,Dupla,Faixa seccionada,,
2019-09-12,22:30:00,SEM VÍTIMA,FINALIZADA,BOA VIAGEM,RUA BARAO DE SOUZA LEAO,,,AO LADO DA PRACINHA DE BOA VIAGEM,RUA BARAO DE SOUZA LEAO,,AO LADO DA PRACINHA DE BOA VIAGEM,BOA VIAGEM,,SUBURBIO,COLISÃO TRASEIRA,TOCSON X MOTO,1,1,,,,,,,,0,,Longo da via,Bom,Sem defeito,Perfeito estado,Seca,Perfeito estado,Não existe,Não há placas,,Única,,,
2019-09-12,22:46:00,SEM VÍTIMA,FINALIZADA,BOA VIAGEM,AV ENGENHEIRO DOMINGOS FERREIRA,,,,AV ENGENHEIRO DOMINGOS FERREIRA,,,BOA VIAGEM,380,SUBURBIO,COLISÃO TRASEIRA,3 AUTOS. S/V,3,,,,,,,,,0,,Longo da via,Bom,Sem defeito,Perfeito estado,Seca,Perfeito estado,Faixa de pedestre,Outras,,Única,Faixa contínua,Faixa seccionada,Canteiro central
2019-09-12,23:17:00,SEM VÍTIMA,FINALIZADA,,RUA ANTONIO FALCAO,,RUA GENERAL EDSON AMANCIO RAMALHO,,RUA ANTONIO FALCAO,,,,648,,COLISÃO TRASEIRA,MINI CUP X FORD KA,2,,,,,,,,,0,,Cruzamento,Bom,Sem defeito,Perfeito estado,Seca,Perfeito estado,Faixa de pedestre,,,Única,,,
2019-09-13,07:24:00,SEM VÍTIMA,FINALIZADA,DERBY,AV GOVERNADOR AGAMENON MAGALHAES,,RUA JOAQUIM NABUCO,SEMÁFORO 174 / PRÓXIMO A RESTAURAÇÃO,AV GOVERNADOR AGAMENON MAGALHAES,,SEMÁFORO 174 / PRÓXIMO A RESTAURAÇÃO,DERBY,174,CIDADE,COLISÃO COM CICLISTA,COLISÃO COM CICLISTA - QTH VIATURA DA CTTU NO LOCAL,1,,,1,,,,,,0,,Longo da via,Bom,Sem defeito,Perfeito estado,Seca,Perfeito estado,,,60 km/h,Dupla,Canal,,
2019-09-13,07:38:00,SEM VÍTIMA,FINALIZADA,BEBERIBE,PRC DA CONVENCAO,,,FRENTE A ESPOSENDE CALÇADOS,PRC DA CONVENCAO,,FRENTE A ESPOSENDE CALÇADOS,BEBERIBE,,SUBURBIO,ABALROAMENTO LONGITUDINAL,COLISÃO SEM VITIMAS,1,,,,,1,,,,0,,Longo da via,Bom,Não existe,Incompleta,Seca,Perfeito estado,Não existe,Outras,,Única,Não existe,,
2019-09-13,07:39:00,COM VÍTIMA,FINALIZADA,PINA,AVENIDA CELSO FURTADO (VIA MANGUE),,,LADO OPOSTO AO ANTIGO AEROCLUBE,AVENIDA CELSO FURTADO (VIA MANGUE),,LADO OPOSTO AO ANTIGO AEROCLUBE,PINA,,,CHOQUE,VÍTIMA SAMU NO SOCORRO - MOTO PLACA,,1,,,,,,,,1,,Longo da via,Bom,Não existe,Perfeito estado,Seca,Perfeito estado,Não existe,Não há placas,,Dupla,Canteiro central,,
2019-09-13,08:32:00,SEM VÍTIMA,FINALIZADA,SANTO AMARO,RUA VINTE E QUATRO DE AGOSTO,,,EM FRENTE A CONTAX,RUA VINTE E QUATRO DE AGOSTO,,EM FRENTE A CONTAX,SANTO AMARO,,CIDADE,COLISÃO TRASEIRA,,1,,,,,1,,,,0,,Longo da via,Bom,Não existe,Perfeito estado,Seca,Perfeito estado,Não existe,R-6a,,Única,Faixa seccionada,,
2019-09-13,08:42:00,SEM VÍTIMA,FINALIZADA,BOA VISTA,RUA DOM BOSCO,,RUA HENRIQUE DIAS,EXTRA SUPERMERCADO AO LADO,RUA DOM BOSCO,,EXTRA SUPERMERCADO AO LADO,BOA VISTA,294,CIDADE,ABALROAMENTO LONGITUDINAL,ONIBUS E AUTO,1,,,,,1,,,,0,,Cruzamento,Bom,Sem defeito,Perfeito estado,Seca,Perfeito estado,Faixa de pedestre,R-6a,,Única,Faixa seccionada,,
2019-09-13,08:54:00,SEM VÍTIMA,FINALIZADA,PINA,AVENIDA CELSO FURTADO (VIA MANGUE),,,PRÓXIMO AO SHOPP RIOMAR,AVENIDA CELSO FURTADO (VIA MANGUE),,PRÓXIMO AO SHOPP RIOMAR,PINA,,,COLISÃO TRASEIRA,COLISÃO SEM VITIMAS,2,,,,,,,,,0,,Longo da via,Bom,Não existe,Perfeito estado,Seca,Perfeito estado,Não existe,R-6a,60 km/h,Dupla,Canteiro central,,
2019-09-13,08:56:00,SEM VÍTIMA,FINALIZADA,CASA AMARELA,AV PROFESSOR JOSE DOS ANJOS,,AV NORTE,,AV PROFESSOR JOSE DOS ANJOS,,,CASA AMARELA,364,SUBURBIO,CHOQUE VEÍCULO PARADO,COLISÃO SEM VÍTIMAS,2,,,,,,,,,0,,Cruzamento,Bom,Sem defeito,Perfeito estado,Seca,Perfeito estado,Faixa de pedestre,R-6a,40 km/h,Única,,,
2019-09-13,09:18:00,SEM VÍTIMA,CANCELADA,ILHA DO LEITE,RUA GENERAL JOAQUIM INACIO,,,EM FRENTE A FARMACIA PAGUE MENOS,RUA GENERAL JOAQUIM INACIO,,EM FRENTE A FARMACIA PAGUE MENOS,ILHA DO LEITE,,,COLISÃO,COLISÃO SEM VITIMAS,2,,,,,,,,,0,,,,,,,,,,,,,,
2019-09-13,09:21:00,SEM VÍTIMA,FINALIZADA,DERBY,RUA DR SEVERINO PINHEIRO,,,QUARTEL DO DERBY,RUA DR SEVERINO PINHEIRO,,QUARTEL DO DERBY,DERBY,,SUBURBIO,ABALROAMENTO LONGITUDINAL,DOIS AUTOS,2,,,,,,,,,0,,Longo da via,Bom,Sem defeito,Perfeito estado,Seca,Perfeito estado,Não existe,Não há placas,,Dupla,Faixa contínua,,
2019-09-13,10:51:00,COM VÍTIMA,FINALIZADA,CASA AMARELA,RUA PADRE LEMOS,674,,EM FRENTE A LOJA DA KINITOS,RUA PADRE LEMOS,674,EM FRENTE A LOJA DA KINITOS,CASA AMARELA,,SUBURBIO,ACID. DE PERCURSO,VITIMA A ESPERA DO SAMU,,1,,,,,,,,1,,Longo da via,Bom,Não existe,Perfeito estado,Seca,Perfeito estado,,,,Dupla,Faixa seccionada,,
2019-09-13,11:01:00,SEM VÍTIMA,FINALIZADA,IBURA,AV DOIS RIOS,,,PRÓXIMO AO PONTILHÃO DO IBURA,AV DOIS RIOS,,PRÓXIMO AO PONTILHÃO DO IBURA,IBURA,,CIDADE,ABALROAMENTO TRANSVERSAL,,2,,,,,,,,,0,,Longo da via,Bom,Não existe,Perfeito estado,Seca,Perfeito estado,Não existe,Não há placas,,Dupla,Faixa contínua,,
2019-09-13,11:32:00,SEM VÍTIMA,FINALIZADA,CASA FORTE,EST DAS UBAIAS ,758,,UBAIAS CENTER,EST DAS UBAIAS ,758,UBAIAS CENTER,CASA FORTE,469,SUBURBIO,ABALROAMENTO LONGITUDINAL,COLISÃO SEM VITIMAS,1,,,,,1,,,,0,,Longo da via,Nublado,Sem defeito,Perfeito estado,Seca,Perfeito estado,Faixa de pedestre,Outras,,Dupla,Não existe,,
2019-09-13,11:36:00,SEM VÍTIMA,FINALIZADA,BOA VIAGEM,AV ENGENHEIRO DOMINGOS FERREIRA,2025,,PET SHOP PETLEND,AV ENGENHEIRO DOMINGOS FERREIRA,2025,PET SHOP PETLEND,BOA VIAGEM,,SUBURBIO,COLISÃO TRASEIRA,COLISÃO COM 2 CARROS,2,,,,,,,,,0,,,Bom,Não existe,Perfeito estado,Seca,Perfeito estado,Não existe,Não há placas,,Única,Canteiro central,,
2019-09-13,11:39:00,SEM VÍTIMA,FINALIZADA,BOA VIAGEM,RUA RIBEIRO DE BRITO,,RUA AMALIA BERNARDINO DE SOUZA,,RUA RIBEIRO DE BRITO,,,BOA VIAGEM,,SUBURBIO,ABALROAMENTO LONGITUDINAL,COLISÃO SEM VITIMAS,1,,,,,1,,,,0,,Cruzamento,Bom,Não existe,Perfeito estado,Seca,Perfeito estado,Não existe,Não há placas,,Única,Faixa seccionada,,
2019-09-13,12:18:00,SEM VÍTIMA,CANCELADA,BOA VISTA,AV CONDE DA BOA VISTA,1463,,PROX AO POSTO SHEL E/F A NACIONAL GRAFICA S/T DERBY,AV CONDE DA BOA VISTA,1463,PROX AO POSTO SHEL E/F A NACIONAL GRAFICA S/T DERBY,BOA VISTA,,,COLISÃO,COLISAO ENTRE DOIS ONIBUS S/T,,,,,,2,,,,0,,,,,,,,,,,,,,
2019-09-13,12:59:00,SEM VÍTIMA,FINALIZADA,AFOGADOS,RUA PADRE TEOFILO TWORZ,,RUA COSME VIANA,SOBRE O SEMÁFORO Nº 503,RUA PADRE TEOFILO TWORZ,,SOBRE O SEMÁFORO Nº 503,AFOGADOS,503,CIDADE,ABALROAMENTO TRANSVERSAL,COLISÃO SEM VITIMA,2,,,,,,,,,0,,Cruzamento,Bom,Sem defeito,Perfeito estado,Seca,Perfeito estado,Faixa de pedestre,Outras,,Dupla,Faixa seccionada,,
2019-09-13,13:19:00,SEM VÍTIMA,DUPLICIDADE,AFOGADOS,RUA JOAO IVO DA SILVA,,,NO SEMÁFORO 503,RUA JOAO IVO DA SILVA,,NO SEMÁFORO 503,AFOGADOS,,,COLISÃO,COLISÃO SEM VÍTIMA,2,,,,,,,,,0,,,,,,,,,,,,,,
2019-09-13,13:26:00,SEM VÍTIMA,FINALIZADA,IBURA,AV SANTA FE,,,E/F A O SUPERMERCADO KD ALIMENTOS S/T UR 1,AV SANTA FE,,E/F A O SUPERMERCADO KD ALIMENTOS S/T UR 1,IBURA,,,COLISÃO,COLISAO ENTRE DOIS AUTOS S/V,2,,,,,,,,,0,,,,,,,,,,,,,,
2019-09-13,13:31:00,SEM VÍTIMA,FINALIZADA,BONGI,AV ENGENHEIRO ABDIAS DE CARVALHO,2800,,EM FRENTE AO COMPAZ,AV ENGENHEIRO ABDIAS DE CARVALHO,2800,EM FRENTE AO COMPAZ,BONGI,,SUBURBIO,COLISÃO TRASEIRA,COLISAO ENTRE ONIBUS E AUTOS S/V,1,,,,,1,,,,0,,Longo da via,Bom,Sem defeito,Perfeito estado,Seca,Perfeito estado,Outros,Outras,60 km/h,Única,Canteiro central,,
2019-09-13,13:48:00,COM VÍTIMA,FINALIZADA,CAXANGÁ,AV CAXANGA,,,E/F AO BOMPREÇO PROX AO VIADUTO DA CAXANGA,AV CAXANGA,,E/F AO BOMPREÇO PROX AO VIADUTO DA CAXANGA,CAXANGÁ,,SUBURBIO,ATROPELAMENTO,MOTOQUEIRO TROPELOU UM PEDESTRE,,1,,,1,,,,,1,,Longo da via,Bom,Não existe,Perfeito estado,Seca,Perfeito estado,Não existe,Não há placas,,Dupla,Canteiro central,,
2019-09-13,14:43:00,SEM VÍTIMA,FINALIZADA,BOA VIAGEM,AV CONSELHEIRO AGUIAR,,,EM FRENTE A CAIXA ECONOMICA,AV CONSELHEIRO AGUIAR,,EM FRENTE A CAIXA ECONOMICA,BOA VIAGEM,,,COLISÃO,COLISÃO SEM VITIMA,1,,,,,1,,,,0,,,,,,,,,,,,,,
2019-09-13,15:11:00,SEM VÍTIMA,FINALIZADA,MANGUEIRA,RUA BOM JARDIM,544,,PROXIMO AO METRO E/F DEPOSITO RODA GÁS,RUA BOM JARDIM,544,PROXIMO AO METRO E/F DEPOSITO RODA GÁS,MANGUEIRA,,,COLISÃO,COLISÃO SEM VÍTIMA,1,,,,,1,,,,0,,,,,,,,,,,,,,
2019-09-13,15:25:00,SEM VÍTIMA,FINALIZADA,TORREÃO,AV GOVERNADOR AGAMENON MAGALHAES,,,EM FRENTE AO POSTO BR PETROBRAS,AV GOVERNADOR AGAMENON MAGALHAES,,EM FRENTE AO POSTO BR PETROBRAS,TORREÃO,379,,ABALROAMENTO LONGITUDINAL,COLISÃO SEM VÍTIMA,2,,,,,,,,,0,,Longo da via,Bom,Sem defeito,Perfeito estado,Seca,Perfeito estado,Faixa de pedestre,,60 km/h,Dupla,Canal,,
2019-09-13,16:16:00,SEM VÍTIMA,FINALIZADA,SANTO AMARO,AV NORTE,,,SOB O SEMÁFORO Nº 036,AV NORTE,,SOB O SEMÁFORO Nº 036,SANTO AMARO,36,SUBURBIO,COLISÃO TRASEIRA,COLISÃO SEM VITIMA,2,,,,,,,,,0,,Longo da via,Bom,Sem defeito,Perfeito estado,Seca,Perfeito estado,Agente,R-4a,40 km/h,Dupla,Canteiro central,,
2019-09-13,16:17:00,SEM VÍTIMA,CANCELADA,BOA VISTA,RUA AURORA,,,E/F A FUNDARPE TEATRO ARIANO SUASSUNA,RUA AURORA,,E/F A FUNDARPE TEATRO ARIANO SUASSUNA,BOA VISTA,,,COLISÃO,COLISAO ENTRE ONIBUS E AUTO COM CHICO CITY,2,,,,,1,,,,0,,,,,,,,,,,,,,
2019-09-13,16:18:00,COM VÍTIMA,FINALIZADA,PINA,PTE GOVERNADOR PAULO GUERRA,,,ANTES DO ATACADO DA CONSTRUÇÃO SENTIDO PINA,PTE GOVERNADOR PAULO GUERRA,,ANTES DO ATACADO DA CONSTRUÇÃO SENTIDO PINA,PINA,,SUBURBIO,COLISÃO,AUTO E UMA MOTOCICLETA,1,,1,,,,,,,1,,Ponte,Bom,Não existe,Perfeito estado,Seca,Perfeito estado,Não existe,Não há placas,60 km/h,Única,Faixa seccionada,,
2019-09-13,17:25:00,SEM VÍTIMA,FINALIZADA,ILHA DO RETIRO,TUNEL CHICO SCIENCE,,,SPORT CLUB RECIFE,TUNEL CHICO SCIENCE,,SPORT CLUB RECIFE,ILHA DO RETIRO,,CIDADE,ABALROAMENTO LONGITUDINAL,COLISAO ENTRE DOIS AUTOS S/V,2,,,,,,,,1,0,,Longo da via,Bom,Não existe,Perfeito estado,Seca,Perfeito estado,Não existe,R-6a,,Única,Faixa seccionada,,
2019-09-13,17:43:00,SEM VÍTIMA,FINALIZADA,DERBY,AV GOVERNADOR AGAMENON MAGALHAES,,RUA DOM BOSCO,AMERICANO BATISTA,AV GOVERNADOR AGAMENON MAGALHAES,,AMERICANO BATISTA,DERBY,174,,ABALROAMENTO LONGITUDINAL,COLISÃO SEM VITIMA,2,,,,,,,,,0,,Cruzamento,Bom,Sem defeito,Perfeito estado,Seca,Perfeito estado,,Não há placas,60 km/h,Única,Faixa contínua,,
2019-09-13,17:45:00,SEM VÍTIMA,FINALIZADA,APIPUCOS,RUA CORONEL JOAO BATISTA DO REGO BARROS,,RUA DE APIPUCOS,,RUA CORONEL JOAO BATISTA DO REGO BARROS,,,APIPUCOS,540,CIDADE,COLISÃO TRASEIRA,COLISÃO SEM VITIMA,2,,,,,,,,,0,,Longo da via,Bom,Sem defeito,Perfeito estado,Seca,Perfeito estado,Não existe,Não há placas,,Dupla,Não existe,,
2019-09-13,18:27:00,SEM VÍTIMA,CANCELADA,BOA VISTA,AV GOVERNADOR AGAMENON MAGALHAES,,PRC PARQUE AMORIM,E/F AO WALLMART  SNT OLINDA,AV GOVERNADOR AGAMENON MAGALHAES,,E/F AO WALLMART  SNT OLINDA,BOA VISTA,,,COLISÃO,ENTRE AUTO E MOTO. S/V,1,1,,,,,,,,0,,,,,,,,,,,,,,
2019-09-13,18:37:00,COM VÍTIMA,FINALIZADA,BOA VIAGEM,RUA BARAO DE SOUZA LEAO,1544,AV VINTE E TRES DE OUTUBRO,POR BAIXO DO PONTILHAO DO METRO,RUA BARAO DE SOUZA LEAO,1544,POR BAIXO DO PONTILHAO DO METRO,BOA VIAGEM,,CIDADE,COLISÃO TRASEIRA,MOTO X HB 20,1,1,,,,,,,,1,,Longo da via,Bom,Não existe,Incompleta,Seca,Perfeito estado,Não existe,Outras,30 km/h,Única,Faixa seccionada,,
2019-09-13,18:50:00,SEM VÍTIMA,CANCELADA,JORDÃO,AV CENTENARIO ALBERTO SANTOS DUMONT,311,,PROX A ENTRADA DO JORDAO ENF A CHURRASCARIA EDMILSON DA CARNE DE SOL,AV CENTENARIO ALBERTO SANTOS DUMONT,311,PROX A ENTRADA DO JORDAO ENF A CHURRASCARIA EDMILSON DA CARNE DE SOL,JORDÃO,,,COLISÃO,VOYAGE X ONIX,2,,,,,,,,,0,,,,,,,,,,,,,,
2019-09-13,19:52:00,SEM VÍTIMA,CANCELADA,BOA VIAGEM,RUA VISCONDE DE JEQUITINHONHA,138,,ENF A CHURRASCARIA PONTEIO,RUA VISCONDE DE JEQUITINHONHA,138,ENF A CHURRASCARIA PONTEIO,BOA VIAGEM,,,COLISÃO,ONIBUS BORBOREMA X AUTO,1,,,,,1,,,,0,,,,,,,,,,,,,,
2019-09-13,19:59:00,SEM VÍTIMA,FINALIZADA,ILHA JOANA BEZERRA,AV GOVERNADOR AGAMENON MAGALHAES,,,PTE JOSÉ BARROS LIMA,AV GOVERNADOR AGAMENON MAGALHAES,,PTE JOSÉ BARROS LIMA,ILHA JOANA BEZERRA,,SUBURBIO,COLISÃO TRASEIRA,ENTRE 2 AUTOS E 1 MOTO. S/V,2,1,,,,,,,,0,,Ponte,Bom,Não existe,Não existente,Seca,Perfeito estado,Não existe,Não há placas,,Única,,,
2019-09-13,22:40:00,SEM VÍTIMA,FINALIZADA,ROSARINHO,AV SANTOS DUMONT,,AV NORTE,PADARIA ROSARINHO,AV SANTOS DUMONT,,PADARIA ROSARINHO,ROSARINHO,81,SUBURBIO,ABALROAMENTO LONGITUDINAL,DOIS AUTO,1,,,,,,,,,0,,Cruzamento,Bom,Sem defeito,Perfeito estado,Seca,Perfeito estado,Faixa de pedestre,Não há placas,,Dupla,Faixa seccionada,,
2019-09-14,00:36:00,COM VÍTIMA,FINALIZADA,ENCRUZILHADA,EST DE BELEM,,RUA DONA ELVIRA,200 METROS APÓS O BANCO ITAÚ  SENTIDO PEIXINHOS // ESQUINA DA QUITANDARIA,EST DE BELEM,,200 METROS APÓS O BANCO ITAÚ  SENTIDO PEIXINHOS // ESQUINA DA QUITANDARIA,ENCRUZILHADA,201,SUBURBIO,COLISÃO,COLISÃO ENTRE AUTO E MOTO  C/V.,1,1,,,,,,,,1,,Cruzamento,Bom,Sem defeito,Perfeito estado,Seca,Perfeito estado,Faixa de pedestre,Não há placas,,Dupla,Faixa contínua,,
2019-09-14,03:12:00,SEM VÍTIMA,FINALIZADA,BOA VIAGEM,AV CONSELHEIRO AGUIAR,4635,RUA DOM JOSE LOPES,FARMÁCIA PAGUE MENOS 24 H,AV CONSELHEIRO AGUIAR,4635,FARMÁCIA PAGUE MENOS 24 H,BOA VIAGEM,,CIDADE,ABALROAMENTO LONGITUDINAL,COLISÃO ENTRE DOIS AUTOS  S/V.,2,,,,,,,,,0,,Cruzamento,Bom,Não existe,Perfeito estado,Seca,Perfeito estado,Não existe,Placas Pare,,Única,Faixa seccionada,,
2019-09-14,05:43:00,COM VÍTIMA,FINALIZADA,DOIS UNIDOS,RUA PADRE CICERO,40,,PRÓX AO MOTEL SÉCULO 20 // PRÓX AO CÓRREGO JOSÉ AMARINO REIS,RUA PADRE CICERO,40,PRÓX AO MOTEL SÉCULO 20 // PRÓX AO CÓRREGO JOSÉ AMARINO REIS,DOIS UNIDOS,,SUBURBIO,CHOQUE VEÍCULO PARADO,COLISÃO ENTRE AUTO E MOTO  C/V.,1,1,,,,,,,,1,,Longo da via,Bom,Não existe,Não existente,Seca,Perfeito estado,Não existe,Não há placas,,Dupla,Não existe,,
2019-09-14,07:47:00,SEM VÍTIMA,FINALIZADA,BOA VIAGEM,RUA ERNESTO DE PAULA SANTOS,,AV CONSELHEIRO AGUIAR,,RUA ERNESTO DE PAULA SANTOS,,,BOA VIAGEM,127,CIDADE,ABALROAMENTO LONGITUDINAL,MOTO E ONIBUS,,1,,,,1,,,,0,,,Bom,Sem defeito,Perfeito estado,Seca,Perfeito estado,,Outras,,Única,,,
2019-09-14,09:14:00,SEM VÍTIMA,FINALIZADA,TORRE,AV RUI BARBOSA,,RUA JORNALISTA ESMARAGDO MARROQUIM,SOB O SEMÁFORO 305,AV RUI BARBOSA,,SOB O SEMÁFORO 305,TORRE,305,CIDADE,ABALROAMENTO LONGITUDINAL,ONIBUS E PASSEIO,1,,,,,1,,,,0,,Cruzamento,Bom,Sem defeito,Perfeito estado,Seca,Perfeito estado,,Outras,,Única,Faixa seccionada,,
2019-09-14,09:52:00,SEM VÍTIMA,FINALIZADA,ILHA DO RETIRO,RUA SPORT CLUBE DO RECIFE,,,EM FRENTE AO SPORT CLUBE DO RECIFE,RUA SPORT CLUBE DO RECIFE,,EM FRENTE AO SPORT CLUBE DO RECIFE,ILHA DO RETIRO,367,CIDADE,COLISÃO TRASEIRA,COLISÃO DE DOIS VEÍCULOS PARTICULARES COM UM CAMINHÃO DA CELPE,2,,,,,,1,,,0,,Longo da via,Bom,Sem defeito,Perfeito estado,Seca,Perfeito estado,Outros,R-6a,,Dupla,,,
2019-09-14,09:53:00,SEM VÍTIMA,FINALIZADA,ÁGUA FRIA,AV BEBERIBE,,,EM FRENTE AO SEMÁFORO Nº 405,AV BEBERIBE,,EM FRENTE AO SEMÁFORO Nº 405,ÁGUA FRIA,405,CIDADE,COLISÃO TRASEIRA,COLISÃO S/VITIMA ENTRE UM AUTO E UMA MOTO,1,1,,,,,,,,0,,Longo da via,Bom,Sem defeito,Perfeito estado,Seca,Perfeito estado,Faixa de pedestre,Outras,,Dupla,Não existe,,
2019-09-14,10:23:00,SEM VÍTIMA,FINALIZADA,BOA VIAGEM,RUA DOS NAVEGANTES,1097,,,RUA DOS NAVEGANTES,1097,,BOA VIAGEM,,SUBURBIO,COLISÃO TRASEIRA,COLISÃO S/ VITIMAS ENTRE DOIS AUTOS,2,,,,,,,,,0,,Longo da via,Bom,Não existe,Perfeito estado,Seca,Perfeito estado,,Outras,,Única,,,
2019-09-14,10:24:00,SEM VÍTIMA,FINALIZADA,SÃO JOSÉ,AV SUL,,,NA ENTRADA DO CATAMARÃ,AV SUL,,NA ENTRADA DO CATAMARÃ,SÃO JOSÉ,,CIDADE,ABALROAMENTO LONGITUDINAL,CAMINHAO E AUTO,1,,,,,,1,,,0,,Longo da via,Bom,Sem defeito,,Seca,,Não existe,Outras,60 km/h,Única,Faixa seccionada,Canteiro central,
2019-09-14,10:47:00,SEM VÍTIMA,FINALIZADA,BOA VIAGEM,RUA MARIA CAROLINA,205,AV ENGENHEIRO DOMINGOS FERREIRA,,RUA MARIA CAROLINA,205,,BOA VIAGEM,,SUBURBIO,ABALROAMENTO LONGITUDINAL,COLISÃO DE DOIS CARROS PARTICULARES,2,,,,,,,,,0,,Longo da via,Bom,Não existe,Ilegível,Seca,Perfeito estado,Não existe,Placas Pare,,Única,Faixa contínua,,
2019-09-14,11:49:00,SEM VÍTIMA,FINALIZADA,ESPINHEIRO,RUA SANTO ELIAS,,,GALERIA ESPINHEIRO,RUA SANTO ELIAS,,GALERIA ESPINHEIRO,ESPINHEIRO,,SUBURBIO,ABALROAMENTO TRANSVERSAL,COLISÃO S/VITIMAS ENTRE DOIS AUTOS,2,,,,,,,,,0,,Longo da via,Bom,,Perfeito estado,Seca,Perfeito estado,,Placas Pare,40 km/h,Dupla,Não existe,,
2019-09-14,12:28:00,SEM VÍTIMA,FINALIZADA,DERBY,RUA JOAQUIM NABUCO,,AV GOVERNADOR AGAMENON MAGALHAES,,RUA JOAQUIM NABUCO,,,DERBY,174,SUBURBIO,ABALROAMENTO TRANSVERSAL,COLISÃO SEM VITIMA,2,,,,,,,,,0,,Cruzamento,Bom,Sem defeito,Perfeito estado,Seca,Perfeito estado,Faixa de pedestre,Outras,,Única,Faixa seccionada,,
2019-09-14,13:39:00,SEM VÍTIMA,FINALIZADA,ESPINHEIRO,,,,EDF ITAMARACÁ Nº 487,,,EDF ITAMARACÁ Nº 487,ESPINHEIRO,,CIDADE,CHOQUE VEÍCULO PARADO,COLISÃO SEM VITIMA,2,,,,,,,,,0,,Longo da via,Bom,Não existe,Não existente,Seca,Perfeito estado,Não existe,Não há placas,40 km/h,Única,Não existe,,
2019-09-14,13:47:00,SEM VÍTIMA,FINALIZADA,IMBIRIBEIRA,AV MARECHAL MASCARENHAS DE MORAES,3214,,EM FRENTE A LOJA CASAS BAHIA,AV MARECHAL MASCARENHAS DE MORAES,3214,EM FRENTE A LOJA CASAS BAHIA,IMBIRIBEIRA,385,SUBURBIO,ABALROAMENTO LONGITUDINAL,COLISÃO SEM VITIMA,2,,,,,,,,,0,,Cruzamento,Bom,Sem defeito,Perfeito estado,Seca,Perfeito estado,Faixa de pedestre,Não há placas,60 km/h,Única,Faixa seccionada,Canteiro central,