data,hora,natureza_acidente,situacao,bairro,endereco,numero,detalhe_endereco_acidente,complemento,endereco_cruzamento,numero_cruzamento,referencia_cruzamento,bairro_cruzamento,num_semaforo,sentido_via,tipo,descricao,auto,moto,ciclom,ciclista,pedestre,onibus,caminhao,viatura,outros,vitimas,vitimasfatais,acidente_verificado,tempo_clima,situacao_semaforo,sinalizacao,condicao_via,conservacao_via,ponto_controle,situacao_placa,velocidade_max_via,mao_direcao,divisao_via1,divisao_via2,divisao_via3
2019-09-14,14:04:00,SEM VÍTIMA,FINALIZADA,SANTO AMARO,AV GOVERNADOR AGAMENON MAGALHAES,,,SOB O SEMÁFORO 049,AV GOVERNADOR AGAMENON MAGALHAES,,SOB O SEMÁFORO 049,SANTO AMARO,49,SUBURBIO,COLISÃO TRASEIRA,CLASSIC X CITROEN C3,2,,,,,,,,,0,,Longo da via,Bom,Sem defeito,Perfeito estado,Seca,Perfeito estado,Faixa de pedestre,Outras,,Dupla,Canal,,
2019-09-14,14:23:00,COM VÍTIMA,FINALIZADA,IPSEP,AV PRESIDENTE DUTRA,,,PROX. DO SAL E BRASA,AV PRESIDENTE DUTRA,,PROX. DO SAL E BRASA,IPSEP,,,ABALROAMENTO LONGITUDINAL,COLISÃO COM VITIMA/ AGUARDANDO O SAMU NO LOCAL,1,1,,,,,,,,1,,Longo da via,Bom,Sem defeito,Perfeito estado,Seca,Perfeito estado,,Outras,,Dupla,Canteiro central,,
2019-09-14,14:50:00,COM VÍTIMA,FINALIZADA,TAMARINEIRA,RUA DR JOSE MARIA,23,RUA NETO DE MENDONCA,ENF AO EDF. QUINTA DAS PALNEIRAS E QUINTA DA JAQUEIRA,RUA DR JOSE MARIA,23,ENF AO EDF. QUINTA DAS PALNEIRAS E QUINTA DA JAQUEIRA,TAMARINEIRA,,CIDADE,ABALROAMENTO TRANSVERSAL,MOTO X FAIT UNO,1,1,,,,,,,,1,,Longo da via,Bom,Não existe,Perfeito estado,Seca,Perfeito estado,Não existe,Outras,,Dupla,Faixa seccionada,,
2019-09-14,15:08:00,SEM VÍTIMA,FINALIZADA,TAMARINEIRA,EST VELHA DE AGUA FRIA,999,,DNOCS,EST VELHA DE AGUA FRIA,999,DNOCS,TAMARINEIRA,,,ABALROAMENTO LONGITUDINAL,COLISÃO SEM VITIMA,1,,,,,1,,,,0,,Longo da via,Bom,Não existe,Perfeito estado,Seca,Perfeito estado,,,60 km/h,Dupla,Faixa contínua,,
2019-09-14,15:20:00,SEM VÍTIMA,FINALIZADA,BOA VISTA,RUA DO HOSPICIO,875,,AO LADO DO RAC/ CENTRO CULTURAL ROSSINI ALVES COUTO,RUA DO HOSPICIO,875,AO LADO DO RAC/ CENTRO CULTURAL ROSSINI ALVES COUTO,BOA VISTA,,CIDADE,ABALROAMENTO LONGITUDINAL,COLISÃO SEM VITIMA,1,,,,,1,,,,0,,Longo da via,Bom,Sem defeito,Perfeito estado,Seca,Perfeito estado,Não existe,Outras,,Dupla,Blocos,,
2019-09-14,16:24:00,SEM VÍTIMA,FINALIZADA,IBURA,RUA EXP FRANCISCO VITORIANO,28,,SERRALHARIA RAMOS,RUA EXP FRANCISCO VITORIANO,28,SERRALHARIA RAMOS,IBURA,,CIDADE,ABALROAMENTO LONGITUDINAL,COLISÃO SEM VITIMA,1,,,,,1,,,,0,,Longo da via,Bom,Não existe,Não existente,Seca,Perfeito estado,Não existe,Não há placas,,Dupla,Não existe,,
2019-09-14,16:48:00,COM VÍTIMA,FINALIZADA,SANTO AMARO,AV GOVERNADOR AGAMENON MAGALHAES,,RUA ODORICO MENDES,,AV GOVERNADOR AGAMENON MAGALHAES,,,SANTO AMARO,49,SUBURBIO,ABALROAMENTO TRANSVERSAL,COLISAO ENTRE AUTO E MOTO COM VITIMA,1,1,,,,,,,,1,,Cruzamento,Bom,Desligado,Perfeito estado,Seca,Perfeito estado,Faixa de pedestre,Outras,60 km/h,Única,Faixa seccionada,,
2019-09-14,18:18:00,SEM VÍTIMA,CANCELADA,CASA AMARELA,AV NORTE,6465,,E/F AO HOSPITAL BARROS LIMA  SNT MACAXEIRA,AV NORTE,6465,E/F AO HOSPITAL BARROS LIMA  SNT MACAXEIRA,CASA AMARELA,,,COLISÃO,ÔNIBUS X TÁXI. S/V,1,,,,,1,,,,0,,,,,,,,,,,,,,
2019-09-14,19:09:00,SEM VÍTIMA,FINALIZADA,BEBERIBE,RUA URIEL DE HOLANDA,,,EM FRENTE AO Nº 13,RUA URIEL DE HOLANDA,,EM FRENTE AO Nº 13,BEBERIBE,,SUBURBIO,COLISÃO TRASEIRA,ENTRE AUTO PASSEIO X MOTO S/V   CONDUTOR DE UM DOS VEICULOS SE EVADIU DO LOCAL  MAS O VEICULO PERMANECEU NO LOCAL,1,,,,,,,,,0,,Longo da via,Bom,Não existe,Perfeito estado,Seca,Perfeito estado,Não existe,,,Dupla,Faixa contínua,,
2019-09-14,20:13:00,COM VÍTIMA,FINALIZADA,SÃO JOSÉ,RUA IMPERIAL,,RUA LOURENCO DA SILVA,PROX AO VIADUTO CAPITÃO TEMUDO,RUA IMPERIAL,,PROX AO VIADUTO CAPITÃO TEMUDO,SÃO JOSÉ,,SUBURBIO,ABALROAMENTO TRANSVERSAL,ENTRE AUTO PASSEIO X MOTO COM VÍTIMAS,1,1,,,,,,,,2,,Cruzamento,Bom,Não existe,Perfeito estado,Seca,Perfeito estado,Não existe,Placas Pare,,Única,Faixa seccionada,,
2019-09-14,20:35:00,SEM VÍTIMA,FINALIZADA,MANGABEIRA,RUA JACOB,,RUA DES HERACLITO CAVALCANTI,PRÓXIMO DA UPINHDA DA MANGABEIRA,RUA JACOB,,PRÓXIMO DA UPINHDA DA MANGABEIRA,MANGABEIRA,,,ABALROAMENTO TRANSVERSAL,ENTRE 2 AUTOS. S/V,2,,,,,,,,,0,,Cruzamento,Bom,Não existe,Perfeito estado,Seca,Perfeito estado,,Placas Pare,30 km/h,Dupla,Não existe,,
2019-09-14,22:19:00,SEM VÍTIMA,FINALIZADA,PARNAMIRIM,RUA TITO ROSAS,143,,ED. ASSIS PEDROSA,RUA TITO ROSAS,143,ED. ASSIS PEDROSA,PARNAMIRIM,,SUBURBIO,ABALROAMENTO LONGITUDINAL,ENTRE DOIS AUTO S/V,2,,,,,,,,,0,,Longo da via,Bom,Não existe,Perfeito estado,Seca,Mal iluminada,Não existe,Outras,,Única,Faixa seccionada,,
2019-09-14,23:22:00,SEM VÍTIMA,FINALIZADA,PRADO,RUA SANTA EDWIRGES,,RUA PADRE TEOFILO TWORZ,,RUA SANTA EDWIRGES,,,PRADO,,CIDADE,ABALROAMENTO TRANSVERSAL,ENTRE DOIS AUTO S/V,2,,,,,,,,,0,,Cruzamento,Bom,Não existe,,Seca,Perfeito estado,Faixa de retenção,,,Dupla,Faixa contínua,,
2019-09-15,00:04:00,COM VÍTIMA,FINALIZADA,MADALENA,RUA BENFICA,,,EM FRENTE AO MUSEU DA ABOLIÇÃO,RUA BENFICA,,EM FRENTE AO MUSEU DA ABOLIÇÃO,MADALENA,257,,COLISÃO,ENTRE AUTO PASSEIO X MOTO COM VÍTIMA,1,1,,,,,,,,1,,Longo da via,Bom,Sem defeito,Incompleta,Seca,Perfeito estado,Outros,Placas Dê a preferência,,Dupla,Não existe,,
2019-09-15,03:30:00,SEM VÍTIMA,CANCELADA,BOMBA DO HEMETÉRIO,RUA ARLINDO CISNEIRO,,,EM FRENTE A PADARIA RECORD,RUA ARLINDO CISNEIRO,,EM FRENTE A PADARIA RECORD,BOMBA DO HEMETÉRIO,,,COLISÃO,COLISÃO ENTRE DOIS AUTOS  S/V.,2,,,,,,,,,0,,,,,,,,,,,,,,
2019-09-15,04:49:00,SEM VÍTIMA,FINALIZADA,AFLITOS,AV CONS ROSA E SILVA,901,RUA EDGAR D'AMORIM,HABIB'S,AV CONS ROSA E SILVA,901,HABIB'S,AFLITOS,,,ABALROAMENTO TRANSVERSAL,COLISÃO ENTRE DOIS AUTOS  S/V.,2,,,,,,,,,0,,Cruzamento,Bom,Sem defeito,Perfeito estado,Seca,Perfeito estado,Faixa de pedestre,R-6a,40 km/h,Única,,,
2019-09-15,07:19:00,COM VÍTIMA,FINALIZADA,IBURA,RUA QUINZE DE NOVEMBRO,421,AV ENGENHO SERRA VERDE,EM FRENTE A LOJA DE COMIDA JAPONESA CHINA MAKAM,RUA QUINZE DE NOVEMBRO,421,EM FRENTE A LOJA DE COMIDA JAPONESA CHINA MAKAM,IBURA,,CIDADE,ABALROAMENTO TRANSVERSAL,MOTO E AUTO,1,1,,,,,,,,1,,Longo da via,Bom,Não existe,Incompleta,Seca,,,,,,,,
2019-09-15,09:44:00,SEM VÍTIMA,CANCELADA,BOA VIAGEM,AV BOA VIAGEM,4040,,EM FRENTE AO HOTEL GOLD TULIP,AV BOA VIAGEM,4040,EM FRENTE AO HOTEL GOLD TULIP,BOA VIAGEM,,,COLISÃO,SEM VITIMAS,2,,,,,,,,,0,,,,,,,,,,,,,,
2019-09-15,09:51:00,SEM VÍTIMA,FINALIZADA,BOA VIAGEM,AV HERCULANO BANDEIRA,483,,IGREJA UNIVERSAL DO REINO DE DEUS,AV HERCULANO BANDEIRA,483,IGREJA UNIVERSAL DO REINO DE DEUS,BOA VIAGEM,137,SUBURBIO,ABALROAMENTO LONGITUDINAL,COLISÃO DE 2 CARROS DE PASSEIO,2,,,,,,,,,0,,Longo da via,Bom,Sem defeito,Perfeito estado,Seca,Perfeito estado,Faixa de pedestre,,60 km/h,Única,Faixa contínua,Faixa seccionada,
2019-09-15,10:21:00,SEM VÍTIMA,FINALIZADA,IPSEP,RUA PINTOR ANTONIO ALBUQUERQUE,,,EM FRENTE AO SEMÁFORO DE Nº 293,RUA PINTOR ANTONIO ALBUQUERQUE,,EM FRENTE AO SEMÁFORO DE Nº 293,IPSEP,293,,ABALROAMENTO LONGITUDINAL,DOIS AUTOS,2,,,,,,,,,0,,Longo da via,Bom,Sem defeito,Perfeito estado,Seca,Perfeito estado,Faixa de pedestre,R-6a,,Única,Não existe,,
2019-09-15,10:38:00,SEM VÍTIMA,FINALIZADA,BOA VIAGEM,AV ARMINDO MOURA,,,EM FRENTE AO POSTE Nº B 010375 E LADO OPOSTO AO RESTAURANTE DAS MENINAS,AV ARMINDO MOURA,,EM FRENTE AO POSTE Nº B 010375 E LADO OPOSTO AO RESTAURANTE DAS MENINAS,BOA VIAGEM,,SUBURBIO,ABALROAMENTO LONGITUDINAL,COLISÃO SEM VITIMAS,1,,,,,1,,,,0,,Longo da via,Bom,Sem defeito,Perfeito estado,Seca,Perfeito estado,Faixa de pedestre,Não há placas,,Dupla,Faixa seccionada,,
2019-09-15,10:42:00,COM VÍTIMA,FINALIZADA,GUABIRABA,AV EMBAIXADOR ASSIS CHATEAUBRIAND,30,,LAVANDERIA NAPOLITANA,AV EMBAIXADOR ASSIS CHATEAUBRIAND,30,LAVANDERIA NAPOLITANA,GUABIRABA,,CIDADE,CHOQUE OBJETO FIXO,CHOQUE COM O MURO DA LAVANDERIA,1,,,,,,,,,1,,Longo da via,Bom,Não existe,Incompleta,Seca,Outros,Não existe,Não há placas,,Dupla,Não existe,,
2019-09-15,13:01:00,SEM VÍTIMA,FINALIZADA,PRADO,AV ENGENHEIRO ABDIAS DE CARVALHO,266,RUA SANTA EDWIRGES,SOB O SEMÁFORO 354,AV ENGENHEIRO ABDIAS DE CARVALHO,266,SOB O SEMÁFORO 354,PRADO,354,SUB/CID,ABALROAMENTO LONGITUDINAL,COLISÃO SEM VÍTIMA,,2,,,,,,,,0,,Cruzamento,Bom,Sem defeito,Perfeito estado,Seca,Perfeito estado,Faixa de pedestre,R-6a,60 km/h,Dupla,Canteiro central,,
2019-09-15,13:05:00,COM VÍTIMA,FINALIZADA,ESPINHEIRO,RUA DO ESPINHEIRO,,RUA SANTO ELIAS,POSTO DE COMBUSTIVEL AMPM ...IPIRANGA,RUA DO ESPINHEIRO,,POSTO DE COMBUSTIVEL AMPM ...IPIRANGA,ESPINHEIRO,,,ABALROAMENTO LONGITUDINAL,COLISÃO COM VITIMA,1,1,,,,,,,,1,,Cruzamento,Bom,Não existe,Perfeito estado,Seca,Perfeito estado,Faixa de pedestre,Placas Pare,,Única,,,
2019-09-15,13:23:00,SEM VÍTIMA,FINALIZADA,ESPINHEIRO,RUA BARAO DE ITAMARACA,78,,SUPERMERCADO SOBERANO,RUA BARAO DE ITAMARACA,78,SUPERMERCADO SOBERANO,ESPINHEIRO,,CIDADE,ABALROAMENTO TRANSVERSAL,,1,1,,,,,,,,0,,Longo da via,Bom,Sem defeito,Perfeito estado,Seca,Perfeito estado,,Não há placas,,Única,Faixa seccionada,,
2019-09-15,14:06:00,SEM VÍTIMA,CANCELADA,BOA VIAGEM,AV ARMINDO MOURA,,,EM FRENTE AO CONDOMINIO BASE MILITAR,AV ARMINDO MOURA,,EM FRENTE AO CONDOMINIO BASE MILITAR,BOA VIAGEM,,,COLISÃO,COLISÃO SEM VÍTIMA,1,1,,,,,,,,0,,,,,,,,,,,,,,
2019-09-15,14:33:00,COM VÍTIMA,FINALIZADA,CASA FORTE,AV DEZESSETE DE AGOSTO,,AV FLOR DE SANTANA,EM FRENTE A BURGER KING,AV DEZESSETE DE AGOSTO,,EM FRENTE A BURGER KING,CASA FORTE,,CIDADE,COLISÃO FRONTAL,COLISÃO COM VÍTIMA,1,1,,,,,,,,2,,Cruzamento,Bom,Sem defeito,Perfeito estado,Seca,Perfeito estado,Faixa de pedestre,Outras,,Dupla,Faixa contínua,,
2019-09-15,14:57:00,SEM VÍTIMA,CANCELADA,PINA,AV ANTONIO DE GOES,,,EM CIMA DA PONTE/ SENTIDO CIDADE,AV ANTONIO DE GOES,,EM CIMA DA PONTE/ SENTIDO CIDADE,PINA,,,COLISÃO,COLISÃO SEM VÍTIMA,3,,,,,,,,,0,,,,,,,,,,,,,,
2019-09-15,16:33:00,COM VÍTIMA,FINALIZADA,BOA VIAGEM,AV CONSELHEIRO AGUIAR,2525,,EM FRENTE A URGÊNCIA DO HOSPITAL PORTUGUES,AV CONSELHEIRO AGUIAR,2525,EM FRENTE A URGÊNCIA DO HOSPITAL PORTUGUES,BOA VIAGEM,,,ATROPELAMENTO,COM VÍTIMA,,,,,1,1,,,,1,,Longo da via,Bom,Não existe,Perfeito estado,Seca,Perfeito estado,Não existe,Não há placas,,Dupla,Faixa seccionada,,
2019-09-15,17:50:00,SEM VÍTIMA,FINALIZADA,BOA VIAGEM,AV CONSELHEIRO AGUIAR,3197,,EM FRENTE A FARMACIA DROGASIL,AV CONSELHEIRO AGUIAR,3197,EM FRENTE A FARMACIA DROGASIL,BOA VIAGEM,,SUBURBIO,ABALROAMENTO TRANSVERSAL,ÕNIBUS X AUTO PASSEIO. S/V,1,,,,,1,,,,0,,Longo da via,Bom,Não existe,Perfeito estado,Seca,Perfeito estado,Agente,R-4a,40 km/h,Única,Faixa seccionada,,
2019-09-15,18:15:00,SEM VÍTIMA,FINALIZADA,BOA VIAGEM,AV ENGENHEIRO DOMINGOS FERREIRA,,RUA BARAO DE SOUZA LEAO,POSTO PETRÓBRAS,AV ENGENHEIRO DOMINGOS FERREIRA,,POSTO PETRÓBRAS,BOA VIAGEM,129,SUBURBIO,ABALROAMENTO TRANSVERSAL,ENTRE 2 AUTOS. S/V,2,,,,,,,,,0,,Cruzamento,Bom,Sem defeito,Perfeito estado,Seca,Perfeito estado,Faixa de pedestre,Não há placas,,Dupla,Faixa contínua,Canal,
2019-09-15,19:12:00,SEM VÍTIMA,FINALIZADA,JORDÃO,TUNEL FELIPE CAMARAO,,,PRÓXIMO A AVENIDA MARIA IRENE,TUNEL FELIPE CAMARAO,,PRÓXIMO A AVENIDA MARIA IRENE,JORDÃO,,CIDADE,COLISÃO TRASEIRA,ENTRE 3 AUTOS. S/V,3,,,,,,,,,0,,,Bom,Não existe,Incompleta,Seca,Mal conservada,Não existe,Não há placas,,Dupla,Canteiro central,,
2019-09-15,19:17:00,COM VÍTIMA,FINALIZADA,JOANA BEZERRA,PTE JOAQUIM CARDOSO,,,CABEÇERA DO VIADUTO MESMO,PTE JOAQUIM CARDOSO,,CABEÇERA DO VIADUTO MESMO,JOANA BEZERRA,,,COLISÃO,COLISAO COM VITIMAS,1,1,,,,,,,,2,,Ponte,Bom,Não existe,Perfeito estado,Seca,Perfeito estado,Não existe,Outras,40 km/h,Dupla,Faixa seccionada,,
2019-09-15,19:56:00,SEM VÍTIMA,FINALIZADA,SANTO AMARO,RUA ODORICO MENDES,,AV GOVERNADOR AGAMENON MAGALHAES,,RUA ODORICO MENDES,,,SANTO AMARO,,,COLISÃO FRONTAL,ENTRE 2 AUTOS,2,,,,,,,,,0,,Cruzamento,Bom,Sem defeito,Perfeito estado,Seca,Perfeito estado,Faixa de pedestre,Não há placas,60 km/h,Dupla,Faixa seccionada,,
2019-09-15,21:06:00,COM VÍTIMA,FINALIZADA,MANGABEIRA,AV NORTE,,,SEMÁFORO 96 / PRÓX AO SESC,AV NORTE,,SEMÁFORO 96 / PRÓX AO SESC,MANGABEIRA,96,CIDADE,COLISÃO COM CICLISTA,ENTRE AUTO E CICLISTA. C.V,1,,,1,,,,,,1,,Cruzamento,Bom,Sem defeito,Perfeito estado,Seca,Perfeito estado,Faixa de pedestre,Não há placas,60 km/h,Dupla,Canteiro central,,
2019-09-15,21:30:00,SEM VÍTIMA,CANCELADA,CAMPO GRANDE,EST DE BELEM,,RUA PRUDENTE DE MORAES,E/F AO POSTO TOTAL // SEMÁFORO 094,EST DE BELEM,,E/F AO POSTO TOTAL // SEMÁFORO 094,CAMPO GRANDE,,,COLISÃO,AUTO X MOTO. S/V,1,,1,,,,,,,0,,,,,,,,,,,,,,
2019-09-15,22:13:00,SEM VÍTIMA,FINALIZADA,JARDIM SÃO PAULO,RUA LORENA,,1 TRV JUSTICA E PAZ,,RUA LORENA,,,JARDIM SÃO PAULO,,SUBURBIO,ABALROAMENTO TRANSVERSAL,COLISAO SEM VITIMAS,2,,,,,,,,,0,,Cruzamento,Bom,Não existe,Perfeito estado,Seca,Perfeito estado,Não existe,Placas Pare,,Dupla,Não existe,,
2019-09-15,22:46:00,SEM VÍTIMA,CANCELADA,JORDÃO,AV MARIA IRENE,,,PERTO DO CANAL,AV MARIA IRENE,,PERTO DO CANAL,JORDÃO,,,COLISÃO,COLISAO SEM VITIMAS,2,,,,,,,,,0,,,,,,,,,,,,,,
2019-09-16,00:59:00,SEM VÍTIMA,FINALIZADA,AFOGADOS,RUA MOTOCOLOMBO,284,RUA PROFESSOR AUGUSTO WANDERLEY FILHO,,RUA MOTOCOLOMBO,284,,AFOGADOS,39,SUBURBIO,ABALROAMENTO TRANSVERSAL,AUTO PASSEIO X CAMINHÃO S/V,1,,,,,,1,,,0,,Cruzamento,Chuvoso,Intermitente,Perfeito estado,Molhada,Perfeito estado,Faixa de retenção,Não há placas,,Única,Faixa seccionada,,
2019-09-16,06:19:00,SEM VÍTIMA,FINALIZADA,DERBY,AV GOVERNADOR AGAMENON MAGALHAES,,RUA DOM BOSCO,SOB O SEMÁFORO 174,AV GOVERNADOR AGAMENON MAGALHAES,,SOB O SEMÁFORO 174,DERBY,174,,ABALROAMENTO LONGITUDINAL,COLISÃO SEM VITIMAS,2,,,,,,,,,0,,Longo da via,Bom,Sem defeito,Perfeito estado,Seca,Perfeito estado,Faixa de pedestre,Outras,60 km/h,Dupla,Faixa contínua,Faixa seccionada,Canteiro central
2019-09-16,07:19:00,COM VÍTIMA,FINALIZADA,MADALENA,AV VISCONDE DE ALBUQUERQUE,422,,EM FRENTE A GALERIA MADALENA CENTER,AV VISCONDE DE ALBUQUERQUE,422,EM FRENTE A GALERIA MADALENA CENTER,MADALENA,,CIDADE,ABALROAMENTO LONGITUDINAL,COLISÃO COM VITIMA A ESPERA DO SAMU,1,1,,,,,,,,1,,Longo da via,Bom,Não existe,Perfeito estado,Seca,Perfeito estado,Não existe,R-6a,,Única,Faixa seccionada,,
2019-09-16,07:44:00,SEM VÍTIMA,FINALIZADA,BOA VIAGEM,AV CONSELHEIRO AGUIAR,25,RUA DHALIA,,AV CONSELHEIRO AGUIAR,25,,BOA VIAGEM,,CIDADE,ABALROAMENTO LONGITUDINAL,DOIS AUTO,2,,,,,,,,,0,,Cruzamento,Bom,Não existe,Perfeito estado,Seca,Perfeito estado,Não existe,Placas Pare,,Única,Não existe,,
2019-09-16,07:55:00,SEM VÍTIMA,FINALIZADA,IPUTINGA,AV PROFESSOR JOAQUIM CAVALCANTI,7770,,PRÓXIMO AO POSTO DE COMBUSTÍVEL IPIRANGA,AV PROFESSOR JOAQUIM CAVALCANTI,7770,PRÓXIMO AO POSTO DE COMBUSTÍVEL IPIRANGA,IPUTINGA,,SUBURBIO,ABALROAMENTO LONGITUDINAL,DOIS AUTO,2,,,,,,,,,0,,,Bom,Não existe,Perfeito estado,Seca,Perfeito estado,,Outras,,Única,,,
2019-09-16,07:59:00,SEM VÍTIMA,FINALIZADA,,RUA PROFESSOR AUGUSTO LINS E SILVA,488,,EDF LAUSANNE,RUA PROFESSOR AUGUSTO LINS E SILVA,488,EDF LAUSANNE,,,SUBURBIO,ABALROAMENTO TRANSVERSAL,COLISÃO SEM VITIMAS,2,,,,,,,,,0,,Longo da via,Bom,Não existe,Perfeito estado,Seca,Perfeito estado,Não existe,Não há placas,30 km/h,Dupla,Não existe,,
2019-09-16,08:40:00,SEM VÍTIMA,FINALIZADA,CORDEIRO,AV CAXANGA,,AV GENERAL SAN MARTIN,EM FRENTE A FARMACIA DO TRABALHADOR,AV CAXANGA,,EM FRENTE A FARMACIA DO TRABALHADOR,CORDEIRO,,CIDADE,COLISÃO,COLISÃO SEM VITIMAS,2,,,,,,,,,0,,,,,,,,,,,,,,
2019-09-16,08:59:00,SEM VÍTIMA,FINALIZADA,PINA,RUA MANOEL DE BRITO,,,,RUA MANOEL DE BRITO,,,PINA,659,CIDADE,ABALROAMENTO LONGITUDINAL,DOIS AUTOS,2,,,,,,,,,0,,Cruzamento,Bom,Sem defeito,Perfeito estado,Seca,Perfeito estado,Não existe,Outras,60 km/h,Única,Não existe,,
2019-09-16,09:33:00,COM VÍTIMA,FINALIZADA,CASA AMARELA,RUA PADRE LEMOS,629,,PROX. A KINITOS,RUA PADRE LEMOS,629,PROX. A KINITOS,CASA AMARELA,,SUBURBIO,COLISÃO,COLISÃO C/ VITIMA ENTRE UMA MOTO E UM AUTO,1,1,,,,,,,,1,,Longo da via,Bom,,Perfeito estado,Seca,Perfeito estado,Não existe,Outras,,Dupla,Faixa seccionada,,
2019-09-16,10:45:00,COM VÍTIMA,FINALIZADA,CASA AMARELA,RUA BELA VISTA,212,RUA ENGENHEIRO DOMBER,RUA EM FRENTE AO RI DA PICANHA,RUA BELA VISTA,212,RUA EM FRENTE AO RI DA PICANHA,CASA AMARELA,,SUBURBIO,ABALROAMENTO LONGITUDINAL,MOTO E AUTO,1,1,,,,,,,,1,,Cruzamento,Bom,Não existe,Perfeito estado,Seca,Outros,Outros,Placas Pare,,Dupla,Não existe,,
2019-09-16,10:49:00,SEM VÍTIMA,FINALIZADA,AFOGADOS,RUA COSME VIANA,257A,RUA TRES DE AGOSTO,EROS HOTEL,RUA COSME VIANA,257A,EROS HOTEL,AFOGADOS,525,SUBURBIO,ABALROAMENTO LONGITUDINAL,COLISÃO SEM VITIMAS,2,,,,,,,,,0,,Cruzamento,Bom,Sem defeito,Perfeito estado,Seca,Perfeito estado,,Outras,,Única,Faixa contínua,Faixa seccionada,
2019-09-16,10:52:00,SEM VÍTIMA,CANCELADA,BOA VISTA,RUA DOM BOSCO,,AV CONDE DA BOA VISTA,EM FRENTE AO POSTO DE GASOLINA BR,RUA DOM BOSCO,,EM FRENTE AO POSTO DE GASOLINA BR,BOA VISTA,,,COLISÃO,COLISÃO SEM VITIMAS,1,1,,,,,,,,0,,,,,,,,,,,,,,
2019-09-16,11:12:00,SEM VÍTIMA,FINALIZADA,PINA,AV ENGENHEIRO DOMINGOS FERREIRA,1045,RUA TOME GIBSON,ESCOLA MUNICIPAL OSWALDO LIMA FILHO,AV ENGENHEIRO DOMINGOS FERREIRA,1045,ESCOLA MUNICIPAL OSWALDO LIMA FILHO,PINA,200,SUBURBIO,ABALROAMENTO TRANSVERSAL,COLISÃO SEM VITIMAS,1,1,,,,,,,,0,,Cruzamento,Bom,Sem defeito,Perfeito estado,Seca,Perfeito estado,Faixa de pedestre,Não há placas,60 km/h,Única,Faixa contínua,Canteiro central,
2019-09-16,11:46:00,SEM VÍTIMA,FINALIZADA,TORRE,RUA JOSE BONIFACIO,,RUA VITORIANO PALHARES,,RUA JOSE BONIFACIO,,,TORRE,301,CIDADE,ABALROAMENTO LONGITUDINAL,SEM VITIMAS,3,,,,,,,,,0,,Longo da via,Bom,Sem defeito,Ilegível,Seca,Mal conservada,Não existe,R-6a,,Única,Não existe,,
2019-09-16,12:21:00,SEM VÍTIMA,FINALIZADA,BOA VIAGEM,RUA RIO AZUL,,RUA BARAO DE SOUZA LEAO,,RUA RIO AZUL,,,BOA VIAGEM,,CIDADE,ABALROAMENTO LONGITUDINAL,COLISAO ENTRE AUTO E CAMINHAO S/V,1,,,,,,1,,,0,,Longo da via,Bom,Sem defeito,Incompleta,Seca,Perfeito estado,Faixa de pedestre,Não há placas,,Única,Não existe,,
2019-09-16,,SEM VÍTIMA,FINALIZADA,BOA VIAGEM,RUA PROFESSOR MARIO CASTRO,,RUA VISCONDE DE JEQUITINHONHA,NO SEMÁFORO 158,RUA PROFESSOR MARIO CASTRO,,NO SEMÁFORO 158,BOA VIAGEM,158,,COLISÃO,COLISÃO SEM VÍTIMA,2,,,,,,,,,0,,,,,,,,,,,,,,
2019-09-16,13:14:00,SEM VÍTIMA,FINALIZADA,CASA AMARELA,RUA DA HARMONIA,599,RUA DONA ROSA DA FONSECA,,RUA DA HARMONIA,599,,CASA AMARELA,,SUBURBIO,ABALROAMENTO TRANSVERSAL,COLISÃO SEM VÍTIMA,1,,,,,1,,,,0,,Longo da via,Bom,Não existe,Perfeito estado,Seca,Perfeito estado,Não existe,Placas Pare,,Dupla,Faixa seccionada,,
2019-09-16,13:14:00,SEM VÍTIMA,FINALIZADA,GRAÇAS,AV RUI BARBOSA,320,,,AV RUI BARBOSA,320,,GRAÇAS,,CIDADE,COLISÃO TRASEIRA,ENTRE DOIS AUTO S/V,2,,,,,,,,,0,,Longo da via,Bom,Sem defeito,Perfeito estado,Seca,Perfeito estado,Não existe,R-6a,,Única,Faixa seccionada,,
2019-09-16,13:29:00,SEM VÍTIMA,FINALIZADA,BOA VIAGEM,RUA BALTAZAR PEREIRA,129,,,RUA BALTAZAR PEREIRA,129,,BOA VIAGEM,,,COLISÃO TRASEIRA,COLISÃO SEM VÍTIMA,2,,,,,,,,,0,,Longo da via,Bom,Não existe,Ilegível,Seca,Perfeito estado,Não existe,Não há placas,,Dupla,Não existe,,
2019-09-16,13:53:00,SEM VÍTIMA,FINALIZADA,BOA VISTA,AV JOAO DE BARROS,,,E/F AO CONSERVATÓRIO DE MUSICA,AV JOAO DE BARROS,,E/F AO CONSERVATÓRIO DE MUSICA,BOA VISTA,,,COLISÃO,COLISAO ENTRE DUAS MOTOS E UM AUTO S/V,1,2,,,,,,,,0,,,,,,,,,,,,,,
2019-09-16,14:36:00,SEM VÍTIMA,FINALIZADA,CAMPO GRANDE,EST DE BELEM,1316,RUA MARIO SETE,PANDOÇURA,EST DE BELEM,1316,PANDOÇURA,CAMPO GRANDE,,SUBURBIO,COLISÃO TRASEIRA,COLISÃO SEM VÍTIMA,1,,,,,,,1,,0,,Longo da via,Bom,Não existe,Perfeito estado,Seca,Perfeito estado,,,60 km/h,Dupla,Faixa seccionada,,