data,hora,natureza_acidente,situacao,bairro,endereco,numero,detalhe_endereco_acidente,complemento,endereco_cruzamento,numero_cruzamento,referencia_cruzamento,bairro_cruzamento,num_semaforo,sentido_via,tipo,descricao,auto,moto,ciclom,ciclista,pedestre,onibus,caminhao,viatura,outros,vitimas,vitimasfatais,acidente_verificado,tempo_clima,situacao_semaforo,sinalizacao,condicao_via,conservacao_via,ponto_controle,situacao_placa,velocidade_max_via,mao_direcao,divisao_via1,divisao_via2,divisao_via3
2019-09-16,14:47:00,SEM VÍTIMA,FINALIZADA,SANTO AMARO,AV NORTE,,,PRÓXIMO A RUA TREZE DE MAIO,AV NORTE,,PRÓXIMO A RUA TREZE DE MAIO,SANTO AMARO,36,CIDADE,COLISÃO TRASEIRA,COLISÃO SEM VÍTIMA,1,1,,,,,,,,0,,Longo da via,Bom,Sem defeito,Perfeito estado,Seca,Perfeito estado,Faixa de retenção,,,Dupla,Canteiro central,,
2019-09-16,15:02:00,SEM VÍTIMA,FINALIZADA,IMBIRIBEIRA,RUA BARAO DE AGUA BRANCA,,RUA DUQUE ESTRADA,POUSADA SOL E MAR,RUA BARAO DE AGUA BRANCA,,POUSADA SOL E MAR,IMBIRIBEIRA,,,ABALROAMENTO LONGITUDINAL,COLISÃO SEM VÍTIMA,2,,,,,,,,,0,,Cruzamento,Bom,Não existe,Não existente,Seca,Perfeito estado,Não existe,Não há placas,,Única,Não existe,,
2019-09-16,15:04:00,COM VÍTIMA,FINALIZADA,PRADO,RUA PADRE TEOFILO TWORZ,,RUA SANTA EDWIRGES,POR TRAS DA BIG CAR AO LADO NO CANAL,RUA PADRE TEOFILO TWORZ,,POR TRAS DA BIG CAR AO LADO NO CANAL,PRADO,,,ABALROAMENTO TRANSVERSAL,COLISAO ENTRE DOIS AUTOS S/V,2,,,,,,,,,1,,Cruzamento,Bom,Não existe,Não existente,Seca,Mal conservada,Não existe,Não há placas,,Única,Não existe,,
2019-09-16,15:27:00,SEM VÍTIMA,FINALIZADA,DOIS IRMÃOS,RUA DOIS IRMAOS,122,,MOTEL SENZALA,RUA DOIS IRMAOS,122,MOTEL SENZALA,DOIS IRMÃOS,,CIDADE,COLISÃO TRASEIRA,COLISÃO SEM VÍTIMA,2,,,,,,,,,0,,Longo da via,Bom,Não existe,Perfeito estado,Seca,Perfeito estado,Não existe,Não há placas,,,Faixa contínua,,
2019-09-16,15:30:00,SEM VÍTIMA,FINALIZADA,GRAÇAS,RUA AMELIA,483,,COLEGIO AGNES,RUA AMELIA,483,COLEGIO AGNES,GRAÇAS,,CIDADE,COLISÃO TRASEIRA,COLISÃO SEM VÍTIMA,2,,,,,,,,,0,,Longo da via,Bom,Não existe,Perfeito estado,Seca,Perfeito estado,Não existe,Outras,,Única,Faixa seccionada,,
2019-09-16,15:51:00,SEM VÍTIMA,FINALIZADA,IBURA,AV DOIS RIOS,866,,SAPATARIA ESPERANÇA,AV DOIS RIOS,866,SAPATARIA ESPERANÇA,IBURA,,SUBURBIO,COLISÃO TRASEIRA,COLISÃO SEM VÍTIMA,2,,,,,,,,,0,,Longo da via,Bom,Não existe,Perfeito estado,Seca,Mal conservada,Não existe,Não há placas,,Dupla,Faixa contínua,,
2019-09-16,16:02:00,SEM VÍTIMA,FINALIZADA,,RUA JOSE HIPOLITO CARDOSO,,RUA GENERAL SALGADO,,RUA JOSE HIPOLITO CARDOSO,,,,,CIDADE,ABALROAMENTO LONGITUDINAL,COLISÃO SEM VÍTIMA,2,,,,,,,,,0,,Cruzamento,Bom,Não existe,Não existente,Seca,Perfeito estado,Não existe,Não há placas,,Dupla,Não existe,,
2019-09-16,16:14:00,SEM VÍTIMA,FINALIZADA,SÃO JOSÉ,RUA IMPERIAL,750,,EM FRENTE AO MARTELINHO DE OURO,RUA IMPERIAL,750,EM FRENTE AO MARTELINHO DE OURO,SÃO JOSÉ,,SUBURBIO,ABALROAMENTO LONGITUDINAL,ENTRE DOIS AUTO S/V,2,,,,,,,,,0,,Longo da via,Bom,Não existe,Perfeito estado,Seca,Perfeito estado,Não existe,Não há placas,,Única,Faixa seccionada,,
2019-09-16,16:40:00,SEM VÍTIMA,FINALIZADA,SANTO AMARO,AV NORTE,,RUA AURORA,,AV NORTE,,,SANTO AMARO,243,CIDADE,ABALROAMENTO LONGITUDINAL,COLISÃO SEM VÍTIMA,1,,,,,,1,,,0,,Cruzamento,Bom,Sem defeito,Perfeito estado,Seca,Perfeito estado,Faixa de pedestre,R-6a,,Dupla,Canteiro central,,
2019-09-16,16:50:00,SEM VÍTIMA,FINALIZADA,GRAÇAS,RUA AMELIA,,AV RUI BARBOSA,TOP CENTER GRAÇAS,RUA AMELIA,,TOP CENTER GRAÇAS,GRAÇAS,48,CIDADE,ABALROAMENTO LONGITUDINAL,ENTRE DOIS AUTO S/V,2,,,,,,,,,0,,Longo da via,Bom,Sem defeito,Perfeito estado,Seca,Perfeito estado,Agente,,,Única,Faixa seccionada,,
2019-09-16,16:55:00,SEM VÍTIMA,FINALIZADA,PARNAMIRIM,AV PARNAMIRIM,9,,,AV PARNAMIRIM,9,,PARNAMIRIM,,SUBURBIO,ABALROAMENTO LONGITUDINAL,COLISÃO SEM VÍTIMA,1,,,,,,1,,,0,,Longo da via,Bom,Não existe,Perfeito estado,Seca,Perfeito estado,Não existe,Não há placas,40 km/h,Única,Faixa seccionada,,
2019-09-16,17:04:00,SEM VÍTIMA,CANCELADA,BOA VIAGEM,AV BOA VIAGEM,3278,,EDF. MARIA HILDA,AV BOA VIAGEM,3278,EDF. MARIA HILDA,BOA VIAGEM,,,COLISÃO,ENTRE DOIS AUTO S/V,2,,,,,,,,,0,,,,,,,,,,,,,,
2019-09-16,17:21:00,SEM VÍTIMA,FINALIZADA,TORRE,RUA MARQUES DE MARICA,208,,,RUA MARQUES DE MARICA,208,,TORRE,,SUBURBIO,ABALROAMENTO TRANSVERSAL,ENTRE AUTO PASSEIO X MOTO DA PM,1,1,,,,,,,,0,,Longo da via,Bom,Não existe,Perfeito estado,Seca,Perfeito estado,Outros,R-6a,,Dupla,,,
2019-09-16,17:34:00,COM VÍTIMA,FINALIZADA,PORTO DA MADEIRA,AV BEBERIBE,3530,,EM FRENTE AO CONJUNTO JOÃO PAULO II,AV BEBERIBE,3530,EM FRENTE AO CONJUNTO JOÃO PAULO II,PORTO DA MADEIRA,,S,ABALROAMENTO LONGITUDINAL,COLISÃO COM VÍTIMA,1,1,,,,,,,,1,,Longo da via,Bom,Não existe,Perfeito estado,Seca,Perfeito estado,Não existe,Outras,60 km/h,Dupla,Faixa contínua,,
2019-09-16,17:39:00,SEM VÍTIMA,FINALIZADA,ILHA DO LEITE,RUA PAISSANDU,,,EM FRENTE AO GGE,RUA PAISSANDU,,EM FRENTE AO GGE,ILHA DO LEITE,,SUBURBIO,ABALROAMENTO LONGITUDINAL,COLISAO ENTRE DOIS AUTOS S/V,2,,,,,,,,,0,,Longo da via,Bom,Não existe,Perfeito estado,Seca,Perfeito estado,Não existe,,,Dupla,Canteiro central,,
2019-09-16,18:44:00,COM VÍTIMA,FINALIZADA,MADALENA,AV VISCONDE DE ALBUQUERQUE,401,RUA LOPES DE CARVALHO,ENF A GALERIA MADALENA CENTER,AV VISCONDE DE ALBUQUERQUE,401,ENF A GALERIA MADALENA CENTER,MADALENA,,SUBURBIO,COLISÃO,RENAULT LOGAN X MOTO,1,1,,,,,,,,1,,Cruzamento,Bom,Não existe,Perfeito estado,Seca,Perfeito estado,Faixa de retenção,Placas Pare,,Única,Faixa seccionada,,
2019-09-16,18:47:00,COM VÍTIMA,FINALIZADA,BOA VISTA,AV CONDE DA BOA VISTA,962,,COLEGIO SÃO JOSÉ,AV CONDE DA BOA VISTA,962,COLEGIO SÃO JOSÉ,BOA VISTA,,SUBURBIO,ATROPELAMENTO,MOTO X PEDESTRE COM VÍTIMA,,1,,,1,,,,,1,,Longo da via,Bom,Sem defeito,Perfeito estado,Seca,Perfeito estado,Não existe,,,Dupla,Faixa contínua,,
2019-09-16,18:55:00,SEM VÍTIMA,FINALIZADA,JAQUEIRA,RUA DO FUTURO,,RUA SIMAO MENDES,,RUA DO FUTURO,,,JAQUEIRA,,,ABALROAMENTO LONGITUDINAL,ENTRE DOIS AUTO S/V,2,,,,,,,,,0,,Longo da via,Bom,Sem defeito,Perfeito estado,Seca,Perfeito estado,Não existe,Não há placas,,Dupla,Não existe,,
2019-09-16,18:56:00,SEM VÍTIMA,FINALIZADA,CABANGA,PTE AGAMENON MAGALHAES,,,CABANGA IATE CLUBE,PTE AGAMENON MAGALHAES,,CABANGA IATE CLUBE,CABANGA,,,COLISÃO TRASEIRA,HB 20 X TUCSON,2,,,,,,,,,0,,Ponte,Bom,Não existe,Perfeito estado,Seca,Perfeito estado,,Não há placas,60 km/h,Única,,,
2019-09-16,21:21:00,COM VÍTIMA,FINALIZADA,CORDEIRO,RUA DR MIGUEL VIEIRA FERREIRA,409A,,EM FRENTE A ESCOLA PROF. FONTAINHA DE ABREU,RUA DR MIGUEL VIEIRA FERREIRA,409A,EM FRENTE A ESCOLA PROF. FONTAINHA DE ABREU,CORDEIRO,,SUBURBIO,COLISÃO FRONTAL,ENTRE DOIS AUTO PASSEIO COM VÍTIMA ( MOTORISTA POSSIVELMENTE EMBREAGADO) VEICULO JAC ABANDONADO PELO PROPRIETARIO,2,,,,,,,,,2,,Longo da via,Bom,Não existe,Perfeito estado,Seca,,,,,,,,
2019-09-16,22:00:00,COM VÍTIMA,FINALIZADA,IPSEP,AV RECIFE,3321,AV RAIMUNDO DINIZ,PROX AO MARTELINHO DE OURO // SENTIDO BOA VIAGEM,AV RECIFE,3321,PROX AO MARTELINHO DE OURO // SENTIDO BOA VIAGEM,IPSEP,247,CIDADE,ABALROAMENTO TRANSVERSAL,MOTO X TAXI,1,1,,,,,,,,1,,Cruzamento,Bom,Sem defeito,Ilegível,Seca,Mal iluminada,Faixa de retenção,Não há placas,60 km/h,Dupla,Canteiro central,,
2019-09-17,06:27:00,SEM VÍTIMA,CANCELADA,IMBIRIBEIRA,AV MARECHAL MASCARENHAS DE MORAES,4631,,EM FRENTE A JUSTIÇA DO TRABALHO,AV MARECHAL MASCARENHAS DE MORAES,4631,EM FRENTE A JUSTIÇA DO TRABALHO,IMBIRIBEIRA,471,CIDADE,COLISÃO,COLISÃO S/VITIMAS ENTRE DOIS AUTOS,2,,,,,,,,,0,,,,,,,,,,,,,,
2019-09-17,06:52:00,COM VÍTIMA,FINALIZADA,IMBIRIBEIRA,AV MARECHAL MASCARENHAS DE MORAES,4745,,EM FRENTE IGREJA PETECOSTAL ASSEMBLEIA DE DEUS,AV MARECHAL MASCARENHAS DE MORAES,4745,EM FRENTE IGREJA PETECOSTAL ASSEMBLEIA DE DEUS,IMBIRIBEIRA,,CIDADE,COLISÃO,COLISÃO DE UMA MOTO COM UM CARRO,1,1,,,,,,,,1,,Longo da via,Bom,Não existe,Perfeito estado,Seca,Perfeito estado,Não existe,Outras,,Dupla,Canteiro central,,
2019-09-17,06:54:00,SEM VÍTIMA,CANCELADA,SÃO JOSÉ,AV SUL,504,,,AV SUL,504,,SÃO JOSÉ,509,,COLISÃO,SEM VITIMAS,2,,,,,,,,,0,,,,,,,,,,,,,,
2019-09-17,07:30:00,SEM VÍTIMA,FINALIZADA,AFOGADOS,RUA AUGUSTO CALHEIROS,,,EM FRENTE AO Nº 160,RUA AUGUSTO CALHEIROS,,EM FRENTE AO Nº 160,AFOGADOS,,,ABALROAMENTO LONGITUDINAL,COLISÃO SEM VITIMAS,2,,,,,,,,,0,,Longo da via,Bom,Não existe,Perfeito estado,Seca,Perfeito estado,Não existe,Não há placas,,Única,Faixa seccionada,,
2019-09-17,07:39:00,SEM VÍTIMA,CANCELADA,SAN MARTIN,RUA SIGISMUNDO CABRAL DE MELO,2442,AV GENERAL SAN MARTIN,EM FRENTE A ESCOLA ADVENTISTA DE SAN MARTIN,RUA SIGISMUNDO CABRAL DE MELO,2442,EM FRENTE A ESCOLA ADVENTISTA DE SAN MARTIN,SAN MARTIN,371,SUBURBIO,COLISÃO,COLISÃO DE UM CAMINHÃO COM UM CARRO,1,,,,,1,,,,0,,,,,,,,,,,,,,
2019-09-17,07:55:00,SEM VÍTIMA,FINALIZADA,ARRUDA,RUA RAUL POMPEIA,26,RUA BOLIVAR,DISTRITO ESTADUAL DE FERNANDO DE NORONHA,RUA RAUL POMPEIA,26,DISTRITO ESTADUAL DE FERNANDO DE NORONHA,ARRUDA,,SUBURBIO,ABALROAMENTO LONGITUDINAL,COLISÃO S/VITIMAS ENTRE DOIS AUTOS,2,,,,,,,,,0,,Longo da via,Bom,Sem defeito,Perfeito estado,Seca,,,Placas Pare,20 km/h,Dupla,Faixa seccionada,,
2019-09-17,08:20:00,COM VÍTIMA,FINALIZADA,IMBIRIBEIRA,AV MARECHAL MASCARENHAS DE MORAES,5109,,EM FRENTE AO ESTACIONAMENTO CLIC PARK,AV MARECHAL MASCARENHAS DE MORAES,5109,EM FRENTE AO ESTACIONAMENTO CLIC PARK,IMBIRIBEIRA,,SUBURBIO,COLISÃO COM CICLISTA,COLISÃO C/VITIMA ENTRE MOTO E BICICLETA,,1,,1,,,,,,1,,Longo da via,Bom,Sem defeito,Perfeito estado,Seca,Perfeito estado,,Não há placas,60 km/h,Dupla,Canteiro central,,
2019-09-17,08:21:00,SEM VÍTIMA,CANCELADA,ILHA DO LEITE,RUA DR JOAO ASFORA,,,EM FRENTE AO HOSPITAL ILHA DO LEITE,RUA DR JOAO ASFORA,,EM FRENTE AO HOSPITAL ILHA DO LEITE,ILHA DO LEITE,,,COLISÃO,COLISÃO SEM VITIMAS,2,,,,,,,,,0,,,,,,,,,,,,,,
2019-09-17,08:30:00,SEM VÍTIMA,FINALIZADA,AFOGADOS,RUA MOTOCOLOMBO,63,,AO LADO DO HELP,RUA MOTOCOLOMBO,63,AO LADO DO HELP,AFOGADOS,,SUBURBIO,ABALROAMENTO TRANSVERSAL,COLISÃO S/VITIMAS ENTRE ONIBUS E AUTO,1,,,,,1,,,,0,,Longo da via,Chuvoso,Não existe,Perfeito estado,Seca,Perfeito estado,Outros,Outras,,Única,,Faixa seccionada,
2019-09-17,08:48:00,COM VÍTIMA,FINALIZADA,GRAÇAS,RUA DR BANDEIRA FILHO,990,AV GOVERNADOR AGAMENON MAGALHAES,AO LADO DA MAC DONALD DA AV. AGAMENON MAGALHÃES,RUA DR BANDEIRA FILHO,990,AO LADO DA MAC DONALD DA AV. AGAMENON MAGALHÃES,GRAÇAS,,CIDADE,COLISÃO COM CICLISTA,COLISÃO DE ÔNIBUS COM CICLISTA,,,,1,,1,,,,1,,Longo da via,Bom,Não existe,Perfeito estado,Seca,Perfeito estado,Agente,Outras,40 km/h,Única,Faixa seccionada,,
2019-09-17,09:03:00,SEM VÍTIMA,FINALIZADA,TAMARINEIRA,RUA JOSE CARVALHEIRA,109,RUA JUNDIA,,RUA JOSE CARVALHEIRA,109,,TAMARINEIRA,,SUBURBIO,ABALROAMENTO TRANSVERSAL,COLISÃO SEM VITIMAS,2,,,,,,,,,0,,Cruzamento,Bom,Não existe,Perfeito estado,Seca,Perfeito estado,Faixa de pedestre,,,Única,,,
2019-09-17,09:25:00,SEM VÍTIMA,FINALIZADA,SAN MARTIN,AV ENGENHEIRO ABDIAS DE CARVALHO,,,,AV ENGENHEIRO ABDIAS DE CARVALHO,,,SAN MARTIN,422,SUBURBIO,CHOQUE VEÍCULO PARADO,SEM VITIMA/CTTU NO LOCAL VAI FAZER O B.O,1,,,1,,,,,,0,,Longo da via,Bom,Sem defeito,Perfeito estado,Seca,Perfeito estado,Faixa de pedestre,Não há placas,,Dupla,Canteiro central,,
2019-09-17,09:37:00,SEM VÍTIMA,FINALIZADA,ILHA DO LEITE,RUA ESTADO DE ISRAEL,35,,AO LADO DO HAPVIDA Nº 35,RUA ESTADO DE ISRAEL,35,AO LADO DO HAPVIDA Nº 35,ILHA DO LEITE,373,CIDADE,CHOQUE VEÍCULO PARADO,SEM VITIMAS/CTTU NO LOCAL VT13,1,,,,,,,,1,0,,Longo da via,Bom,Sem defeito,Perfeito estado,Seca,Perfeito estado,Faixa de pedestre,R-6a,,Única,Faixa seccionada,,
2019-09-17,09:50:00,SEM VÍTIMA,CANCELADA,BOA VIAGEM,AV ENGENHEIRO DOMINGOS FERREIRA,2188,,EM FRENTE A O RESTAURANTE TEMPERO DE MAINHA,AV ENGENHEIRO DOMINGOS FERREIRA,2188,EM FRENTE A O RESTAURANTE TEMPERO DE MAINHA,BOA VIAGEM,,,COLISÃO,SEM VITIMAS,1,,,,,,1,,,0,,,,,,,,,,,,,,
2019-09-17,10:06:00,SEM VÍTIMA,FINALIZADA,JORDÃO,AV MARIA IRENE,323,,,AV MARIA IRENE,323,,JORDÃO,,SUBURBIO,COLISÃO TRASEIRA,COLOISÃO SEM VITIMAS,1,,,,,1,,,,0,,Cruzamento,Chuvoso,Não existe,Perfeito estado,Seca,Perfeito estado,Não existe,Não há placas,,Dupla,Não existe,,
2019-09-17,10:10:00,COM VÍTIMA,FINALIZADA,BOA VISTA,AV CONDE DA BOA VISTA,1512,,EM FRENTE AO COPE,AV CONDE DA BOA VISTA,1512,EM FRENTE AO COPE,BOA VISTA,,,ATROPELAMENTO,VITIMA A ESPERA DO SAMU,,,,1,1,,,,,1,,Longo da via,Chuvoso,Não existe,Perfeito estado,Seca,Perfeito estado,Faixa de pedestre,R-6a,40 km/h,Dupla,Outros,,
2019-09-17,10:24:00,SEM VÍTIMA,CANCELADA,SOLEDADE,RUA BARAO DE SAO BORJA,266,RUA DA SOLEDADE,EM FRENTE A ESCOLA MUNICIPAL PEDRO AUGUSTO,RUA BARAO DE SAO BORJA,266,EM FRENTE A ESCOLA MUNICIPAL PEDRO AUGUSTO,SOLEDADE,,,COLISÃO,SEM VITIMAS,2,,,,,,,,,0,,,,,,,,,,,,,,
2019-09-17,10:33:00,COM VÍTIMA,FINALIZADA,SANTO ANTÔNIO,AV N S DO CARMO,99,,EM FRENTE A CASA PIO,AV N S DO CARMO,99,EM FRENTE A CASA PIO,SANTO ANTÔNIO,,SUBURBIO,ATROPELAMENTO,COLISÃO COM VITIMA,,1,,,1,,,,,1,,Longo da via,Bom,Sem defeito,Perfeito estado,Seca,Perfeito estado,Outros,Outras,,Dupla,Faixa,,
2019-09-17,10:47:00,SEM VÍTIMA,FINALIZADA,SÃO JOSÉ,C SANTA RITA,,,EM FRENTE AO SEMÁFORO DE Nº 076,C SANTA RITA,,EM FRENTE AO SEMÁFORO DE Nº 076,SÃO JOSÉ,76,CIDADE,ABALROAMENTO LONGITUDINAL,COLISÃO S/VITIMAS ENTRE AUTO E ONIBUS,1,,,,,1,,,,0,,Longo da via,Bom,Sem defeito,Perfeito estado,Seca,Perfeito estado,,,,Dupla,Canteiro central,,
2019-09-17,11:05:00,SEM VÍTIMA,FINALIZADA,AFLITOS,RUA CONS PORTELA,852,,EM FRENTE AO SEMÁFORO 459,RUA CONS PORTELA,852,EM FRENTE AO SEMÁFORO 459,AFLITOS,,SUBURBIO,COLISÃO TRASEIRA,COLISÃO DE 3 CARROS,3,,,,,,,,,0,,Longo da via,Bom,Sem defeito,Perfeito estado,Seca,Perfeito estado,Faixa de pedestre,R-6a,,Única,Faixa seccionada,,
2019-09-17,11:07:00,SEM VÍTIMA,FINALIZADA,AFOGADOS,RUA BOM GOSTO,20,,CENTRO DE REABILITAÇÃO GURI,RUA BOM GOSTO,20,CENTRO DE REABILITAÇÃO GURI,AFOGADOS,,SUBURBIO,ABALROAMENTO LONGITUDINAL,COLISÃO SEM VITIMAS,2,,,,,,,,,0,,Longo da via,Chuvoso,Não existe,Não existente,Seca,Mal conservada,Não existe,Não há placas,,Dupla,Não existe,,
2019-09-17,11:23:00,SEM VÍTIMA,FINALIZADA,PRADO,RUA GOMES TABORDA,1001,,LADO OPOSTO AO MÓVEIS BRASIL,RUA GOMES TABORDA,1001,LADO OPOSTO AO MÓVEIS BRASIL,PRADO,,SUBURBIO,COLISÃO TRASEIRA,SEM VITIMA,2,,,,,,,,,0,,Longo da via,Chuvoso,Sem defeito,Perfeito estado,Seca,Perfeito estado,Outros,Outras,,Dupla,Faixa contínua,,
2019-09-17,11:25:00,COM VÍTIMA,FINALIZADA,PARNAMIRIM,AV DEZESSETE DE AGOSTO,125,RUA JOAO DA SILVA TELES,EM FRENTE A FRUTARIA,AV DEZESSETE DE AGOSTO,125,EM FRENTE A FRUTARIA,PARNAMIRIM,,SUBURBIO,ABALROAMENTO LONGITUDINAL,COLISÃO COM VITIMA A ESPERA DO SAMU,1,1,,,,,,,,1,,Esquina,Chuvoso,Não existe,Perfeito estado,Molhada,Perfeito estado,Não existe,R-6a,,Dupla,Faixa contínua,,
2019-09-17,11:38:00,COM VÍTIMA,FINALIZADA,ILHA DO LEITE,AV GOVERNADOR AGAMENON MAGALHAES,,,EM FRENTE A CAIXA ECONOMICA,AV GOVERNADOR AGAMENON MAGALHAES,,EM FRENTE A CAIXA ECONOMICA,ILHA DO LEITE,69,OLINDA,ATROPELAMENTO,VITIMA SOCORRIDA PELOS BOMBEIROS,,1,,,1,,,,,1,,,,,,,,,,,,,,
2019-09-17,11:51:00,SEM VÍTIMA,FINALIZADA,IPUTINGA,AV PROFESSOR JOAQUIM CAVALCANTI,106,AV CAXANGA,BARBEARIA STUDIO,AV PROFESSOR JOAQUIM CAVALCANTI,106,BARBEARIA STUDIO,IPUTINGA,,,COLISÃO TRASEIRA,SEM VITIMAS,1,,,,,,,,,0,,,Bom,Sem defeito,Perfeito estado,Seca,Perfeito estado,Não existe,,,Única,Não existe,,
2019-09-17,12:08:00,SEM VÍTIMA,FINALIZADA,,RUA MANUEL DE MEDEIROS,,,ESCOLA ESTADUAL LIONS DE PARNAMIRIM,RUA MANUEL DE MEDEIROS,,ESCOLA ESTADUAL LIONS DE PARNAMIRIM,,,,COLISÃO TRASEIRA,COLISÃO SEM VÍTIMA,2,,,,,,,,,0,,Longo da via,Bom,Não existe,Perfeito estado,Seca,Perfeito estado,,,,,,,
2019-09-17,13:01:00,SEM VÍTIMA,FINALIZADA,DERBY,AV GOVERNADOR AGAMENON MAGALHAES,,,PRAÇA DO DERBY,AV GOVERNADOR AGAMENON MAGALHAES,,PRAÇA DO DERBY,DERBY,417,CIDADE,COLISÃO TRASEIRA,COLISAO ENTRE AUTO E MOTO S/V,1,1,,,,,,,,0,,Longo da via,Chuvoso,Sem defeito,Perfeito estado,Molhada,Perfeito estado,Faixa de pedestre,Não há placas,,Única,Faixa seccionada,,
2019-09-17,13:17:00,SEM VÍTIMA,CANCELADA,ESPINHEIRO,AV GOVERNADOR AGAMENON MAGALHAES,,,AO LADO DO BOMPREÇO/ SENTIDO OLINDA,AV GOVERNADOR AGAMENON MAGALHAES,,AO LADO DO BOMPREÇO/ SENTIDO OLINDA,ESPINHEIRO,173,,COLISÃO,COLISÃO SEM VÍTIMA,2,,,,,,,,,0,,,,,,,,,,,,,,
2019-09-17,13:42:00,SEM VÍTIMA,CANCELADA,PAISSANDU,AV GOVERNADOR AGAMENON MAGALHAES,4767,,EM FRENTE DO HOSP PORTUGUES  SENTIDO BOA VIAGEM,AV GOVERNADOR AGAMENON MAGALHAES,4767,EM FRENTE DO HOSP PORTUGUES  SENTIDO BOA VIAGEM,PAISSANDU,,,COLISÃO,COLISÃO SEM VITIMA,1,,,,,,,,1,0,,,,,,,,,,,,,,
2019-09-17,14:45:00,COM VÍTIMA,FINALIZADA,IPUTINGA,RUA SAO MATEUS,1060,,RESIDENCIAL JARDIM RENASCENÇA,RUA SAO MATEUS,1060,RESIDENCIAL JARDIM RENASCENÇA,IPUTINGA,,SUBURBIO,ABALROAMENTO TRANSVERSAL,COLISÃO COM VÍTIMA,1,1,,,,,,,,1,,Longo da via,Bom,Não existe,Incompleta,Seca,Mal conservada,Não existe,Não há placas,,Dupla,Não existe,,
2019-09-17,15:00:00,COM VÍTIMA,FINALIZADA,ENCRUZILHADA,RUA DONA JULIETA,360,RUA PROFESSOR JERONIMO GUEIROS,PROX. AO CANAL   EDIF. SOLAR PORTINARI,RUA DONA JULIETA,360,PROX. AO CANAL   EDIF. SOLAR PORTINARI,ENCRUZILHADA,,CIDADE,ABALROAMENTO TRANSVERSAL,COLISÃO COM VITIMA  JA ENCAMINHADA PARA O HOSP PELO SAMU,1,1,,,,,,,,1,,Cruzamento,Nublado,Não existe,Não existente,Outros,Mal conservada,Não existe,Não há placas,40 km/h,Dupla,Não existe,,
2019-09-17,15:26:00,COM VÍTIMA,FINALIZADA,BOA VIAGEM,RUA VISCONDE DE JEQUITINHONHA,1294,,EM FRENTE AO EDIFICIO PAULA MARINA RODRIGUES E POR TRAS DONA LINDU,RUA VISCONDE DE JEQUITINHONHA,1294,EM FRENTE AO EDIFICIO PAULA MARINA RODRIGUES E POR TRAS DONA LINDU,BOA VIAGEM,,,COLISÃO COM CICLISTA,COLISÃO COM VÍTIMA,1,,,1,,,,,,1,,Longo da via,Chuvoso,Não existe,Perfeito estado,Molhada,Perfeito estado,Não existe,Não há placas,,Única,Faixa seccionada,,
2019-09-17,16:33:00,SEM VÍTIMA,FINALIZADA,BOA VIAGEM,RUA RIBEIRO DE BRITO,,RUA DOS NAVEGANTES,AO LADO DO 972,RUA RIBEIRO DE BRITO,,AO LADO DO 972,BOA VIAGEM,,SUBURBIO,ABALROAMENTO TRANSVERSAL,COLISAO ENTRE TAXI E AUTOS S/V,1,,,,,,1,,,0,,Cruzamento,Chuvoso,Não existe,Perfeito estado,Molhada,Perfeito estado,Faixa de retenção,Placas Pare,,Única,Faixa seccionada,,
2019-09-17,17:09:00,SEM VÍTIMA,CANCELADA,IBURA,AV CHAPADA DO ARARIPE,95,,PROXIMO A SOCIETY PERNA DE PAU,AV CHAPADA DO ARARIPE,95,PROXIMO A SOCIETY PERNA DE PAU,IBURA,,,COLISÃO,COLISÃO SEM VÍTIMA,,2,,,,,,,,0,,,,,,,,,,,,,,
2019-09-17,17:11:00,SEM VÍTIMA,FINALIZADA,BOA VIAGEM,RUA VISCONDE DE JEQUITINHONHA,,AV ARMINDO MOURA,,RUA VISCONDE DE JEQUITINHONHA,,,BOA VIAGEM,,SUBURBIO,ABALROAMENTO LONGITUDINAL,COLISAO ENTRE ONIBUS E CAMINHAO S/V,,,,,,1,1,,,0,,Longo da via,Bom,Sem defeito,Perfeito estado,Seca,Perfeito estado,Não existe,Não há placas,,Única,Não existe,,
2019-09-17,17:52:00,SEM VÍTIMA,FINALIZADA,VÁRZEA,AV AFONSO OLINDENSE,620,,COLÉGIO MILÊNIO,AV AFONSO OLINDENSE,620,COLÉGIO MILÊNIO,VÁRZEA,,,COLISÃO TRASEIRA,COLISÃO SEM VÍTIMA,2,,,,,,,,,0,,Longo da via,Chuvoso,Não existe,Perfeito estado,Molhada,Perfeito estado,Faixa de pedestre,,,Dupla,Faixa contínua,,
2019-09-17,18:04:00,SEM VÍTIMA,FINALIZADA,IMBIRIBEIRA,RUA JACY,122,AV GENERAL MAC ARTHUR,,RUA JACY,122,,IMBIRIBEIRA,,SUBURBIO,ABALROAMENTO LONGITUDINAL,ONIBUS X AUTO PASSEIO S/V,1,,,,,1,,,,0,,Longo da via,Chuvoso,Não existe,Perfeito estado,Molhada,Perfeito estado,Agente,Placas Pare,30 km/h,Única,Faixa seccionada,,