data,hora,natureza_acidente,situacao,bairro,endereco,numero,detalhe_endereco_acidente,complemento,endereco_cruzamento,numero_cruzamento,referencia_cruzamento,bairro_cruzamento,num_semaforo,sentido_via,tipo,descricao,auto,moto,ciclom,ciclista,pedestre,onibus,caminhao,viatura,outros,vitimas,vitimasfatais,acidente_verificado,tempo_clima,situacao_semaforo,sinalizacao,condicao_via,conservacao_via,ponto_controle,situacao_placa,velocidade_max_via,mao_direcao,divisao_via1,divisao_via2,divisao_via3
2019-09-17,18:19:00,SEM VÍTIMA,FINALIZADA,AREIAS,RUA CARUARU,220,,ESCOLA MUNICIPAL DE AREIAS,RUA CARUARU,220,ESCOLA MUNICIPAL DE AREIAS,AREIAS,,SUBURBIO,COLISÃO TRASEIRA,POLO X FORD KA,2,,,,,,,,,0,,Longo da via,Chuvoso,Não existe,Incompleta,Molhada,Mal conservada,Não existe,Não há placas,,Dupla,Não existe,,
2019-09-17,18:29:00,SEM VÍTIMA,FINALIZADA,AFOGADOS,RUA SAO MIGUEL,,RUA MANOEL DE ALBUQUERQUE FERNANDES,EM FRENTE A FARMÁCIA BONGI,RUA SAO MIGUEL,,EM FRENTE A FARMÁCIA BONGI,AFOGADOS,,SUBURBIO,ABALROAMENTO TRANSVERSAL,ENTRE MOTO X AUTO PASSEIO S/V,1,1,,,,,,,,0,,,Chuvoso,Não existe,Perfeito estado,Molhada,Perfeito estado,Não existe,Não há placas,,Dupla,Faixa contínua,Faixa seccionada,
2019-09-17,18:38:00,SEM VÍTIMA,FINALIZADA,IMBIRIBEIRA,AV MARECHAL MASCARENHAS DE MORAES,2657,,,AV MARECHAL MASCARENHAS DE MORAES,2657,,IMBIRIBEIRA,7,CIDADE,COLISÃO TRASEIRA,ENTRE CAMINHÃO X AUTO PASSEIO S/V,2,,,,,,,,,0,,Longo da via,Chuvoso,Sem defeito,Perfeito estado,Molhada,Perfeito estado,Faixa de pedestre,Não há placas,,Única,Faixa seccionada,,
2019-09-17,18:40:00,SEM VÍTIMA,FINALIZADA,ENCRUZILHADA,EST DE BELEM,,RUA DONA ELVIRA,,EST DE BELEM,,,ENCRUZILHADA,201,,ABALROAMENTO LONGITUDINAL,HONDA CIT X HB 20,2,,,,,,,,,0,,Cruzamento,Chuvoso,Sem defeito,Perfeito estado,Molhada,Perfeito estado,Faixa de pedestre,R-6a,40 km/h,Dupla,Faixa contínua,,
2019-09-17,18:45:00,SEM VÍTIMA,CANCELADA,VÁRZEA,RUA BELEM DE SAO FRANCISCO,,,PROX AO INSTITUTO RICARDO BRENNAND,RUA BELEM DE SAO FRANCISCO,,PROX AO INSTITUTO RICARDO BRENNAND,VÁRZEA,,,COLISÃO COM CICLISTA,ENTRE AUTO PASSEIO X CICLISTA S/V,1,,,1,,,,,,0,,,,,,,,,,,,,,
2019-09-17,18:49:00,SEM VÍTIMA,CANCELADA,BOA VIAGEM,AVENIDA CELSO FURTADO (VIA MANGUE),,,POR TRAS DO EXTRA E PROX A LOMBADA ELETRONICA,AVENIDA CELSO FURTADO (VIA MANGUE),,POR TRAS DO EXTRA E PROX A LOMBADA ELETRONICA,BOA VIAGEM,,,COLISÃO,MOTO X RENAULT CLIO,1,1,,,,,,,,0,,,,,,,,,,,,,,
2019-09-17,18:59:00,SEM VÍTIMA,FINALIZADA,ILHA DO LEITE,AV FREI MATIAS TEVES,,RUA SENADOR JOSE HENRIQUE,,AV FREI MATIAS TEVES,,,ILHA DO LEITE,,SUBURBIO,ABALROAMENTO TRANSVERSAL,MERIVA X SIENA,2,,,,,,,,,0,,Cruzamento,Chuvoso,Não existe,Perfeito estado,Molhada,Perfeito estado,Não existe,Placas Pare,30 km/h,Única,Faixa seccionada,,
2019-09-17,20:09:00,COM VÍTIMA,FINALIZADA,JAQUEIRA,RUA MUNIZ TAVARES,81,,PROX A PRAÇA FLEMING // EDF. PRINCIPE DE ASTURIA,RUA MUNIZ TAVARES,81,PROX A PRAÇA FLEMING // EDF. PRINCIPE DE ASTURIA,JAQUEIRA,,SUBURBIO,COLISÃO FRONTAL,S 10 X MARCH X AUTO,3,,,,,,,,,1,,Longo da via,Chuvoso,Não existe,,Molhada,,Faixa de pedestre,Outras,30 km/h,Dupla,Não existe,,
2019-09-17,20:11:00,SEM VÍTIMA,FINALIZADA,AREIAS,AV DR JOSE RUFINO,,RUA IPOJUCA,,AV DR JOSE RUFINO,,,AREIAS,44,,ABALROAMENTO LONGITUDINAL,ENTRE DOIS AUTO S/V,2,,,,,,,,,0,,Cruzamento,Chuvoso,Sem defeito,Incompleta,Molhada,Perfeito estado,Faixa de pedestre,R-6a,,Dupla,Faixa seccionada,,
2019-09-17,21:20:00,COM VÍTIMA,FINALIZADA,MADALENA,RUA JOSE OSORIO,401,,PROX AO MERCADO DA MADALENA,RUA JOSE OSORIO,401,PROX AO MERCADO DA MADALENA,MADALENA,,SUBURBIO,ABALROAMENTO LONGITUDINAL,ONIBUS BORBOREMA X MOTO,,1,,,,1,,,,1,,Longo da via,Chuvoso,Não existe,Perfeito estado,Molhada,Perfeito estado,Não existe,Não há placas,,Única,Faixa seccionada,,
2019-09-17,21:31:00,SEM VÍTIMA,FINALIZADA,BOA VISTA,RUA PRINCESA IZABEL,,,SEMÁFORO 168,RUA PRINCESA IZABEL,,SEMÁFORO 168,BOA VISTA,168,,COLISÃO TRASEIRA,SIENA X CLASSIC X PALIO,3,,,,,,,,,0,,Longo da via,Chuvoso,Sem defeito,Perfeito estado,Molhada,Perfeito estado,Faixa de pedestre,Outras,,Única,Faixa contínua,,
2019-09-17,21:42:00,SEM VÍTIMA,FINALIZADA,IMBIRIBEIRA,AV GENERAL MAC ARTHUR,54,,AO LADO DO POSTO IPIRANGA,AV GENERAL MAC ARTHUR,54,AO LADO DO POSTO IPIRANGA,IMBIRIBEIRA,225,SUBURBIO,ABALROAMENTO LONGITUDINAL,VT 10 DA CTTU ESTA NO LOCAL,1,,,,,,1,,,0,,Longo da via,Chuvoso,Sem defeito,Perfeito estado,Molhada,Perfeito estado,,Não há placas,,Única,Não existe,,
2019-09-18,07:54:00,SEM VÍTIMA,FINALIZADA,ESPINHEIRO,RUA BARAO DE ITAMARACA,160,RUA DO ESPINHEIRO,AO LADO DA HOSPITAL HAPVIDA,RUA BARAO DE ITAMARACA,160,AO LADO DA HOSPITAL HAPVIDA,ESPINHEIRO,,,COLISÃO,COLISÃO SEM VITIMAS,1,1,,,,,,,,0,,,,,,,,,,,,,,
2019-09-18,08:42:00,SEM VÍTIMA,FINALIZADA,JARDIM SÃO PAULO,RUA BRAGANCA,392,,EM FRENTE A LOJA TATU DIESEL,RUA BRAGANCA,392,EM FRENTE A LOJA TATU DIESEL,JARDIM SÃO PAULO,,,CHOQUE VEÍCULO PARADO,COLISÃO DE UMA KOMB COM UMA MOTO,1,1,,,,,,,,0,,Longo da via,Bom,Não existe,Incompleta,Seca,Perfeito estado,Não existe,Placas Pare,,Única,Não existe,,
2019-09-18,09:27:00,SEM VÍTIMA,FINALIZADA,ILHA DO LEITE,RUA ESTADO DE ISRAEL,,,ESC. POETA MANOEL BANDEIRA,RUA ESTADO DE ISRAEL,,ESC. POETA MANOEL BANDEIRA,ILHA DO LEITE,,CIDADE,COLISÃO TRASEIRA,COLISÃO SEM VITIMAS,2,,,,,,,,,0,,Longo da via,Bom,Não existe,Perfeito estado,Seca,Perfeito estado,Faixa de pedestre,R-6a,30 km/h,Única,Faixa seccionada,,
2019-09-18,09:33:00,SEM VÍTIMA,FINALIZADA,DERBY,AV GOVERNADOR AGAMENON MAGALHAES,,PRC DO DERBY,,AV GOVERNADOR AGAMENON MAGALHAES,,,DERBY,75,CIDADE,ABALROAMENTO LONGITUDINAL,COLISÃO S/VITIMAS ENTRE CAMINHÃO E AUTO,1,,,,,,1,,,0,,Longo da via,Bom,Sem defeito,Perfeito estado,Seca,Perfeito estado,Faixa de pedestre,,60 km/h,Dupla,Canal,,
2019-09-18,09:56:00,SEM VÍTIMA,FINALIZADA,SANTO AMARO,RUA FREI CASSIMIRO,413,RUA TREZE DE MAIO,BORRACHARIA NOVA,RUA FREI CASSIMIRO,413,BORRACHARIA NOVA,SANTO AMARO,,CIDADE,ABALROAMENTO LONGITUDINAL,COLISÃO S/VITIMAS ENTRE DOIS AUTOS,2,,,,,,,,,0,,Cruzamento,Bom,Não existe,Perfeito estado,Seca,Perfeito estado,Não existe,Não há placas,,Única,Canteiro central,,
2019-09-18,10:45:00,COM VÍTIMA,FINALIZADA,IMBIRIBEIRA,AV MARECHAL MASCARENHAS DE MORAES,474,,LADO OPOSSTO A FLOR E ARTE (SENTIDO BOA VIAGEM),AV MARECHAL MASCARENHAS DE MORAES,474,LADO OPOSSTO A FLOR E ARTE (SENTIDO BOA VIAGEM),IMBIRIBEIRA,279,SUBURBIO,ABALROAMENTO LONGITUDINAL,COLISÃO C/VITIMAS ENTRE UM AUTO E E MOTO,1,1,,,,,,,,1,,Cruzamento,Bom,Sem defeito,Perfeito estado,Seca,Perfeito estado,Faixa de pedestre,Não há placas,60 km/h,Dupla,Faixa contínua,,
2019-09-18,10:47:00,SEM VÍTIMA,FINALIZADA,SANTO ANTÔNIO,PTE PRINCESA IZABEL,,,,PTE PRINCESA IZABEL,,,SANTO ANTÔNIO,,CIDADE,ABALROAMENTO LONGITUDINAL,COLISÃO SEM VITIMAS,1,,,,,,1,,,0,,Ponte,Bom,Não existe,Incompleta,Seca,Perfeito estado,Não existe,Não há placas,,Dupla,Faixa contínua,,
2019-09-18,10:56:00,SEM VÍTIMA,FINALIZADA,ALTO JOSÉ DO PINHO,COR DO BARTOLOMEU,559,,,COR DO BARTOLOMEU,559,,ALTO JOSÉ DO PINHO,,SUBURBIO,ABALROAMENTO LONGITUDINAL,COLISÃO SEM VITIMAS,2,,,,,,,,,0,,,Bom,Não existe,Perfeito estado,Seca,Perfeito estado,Não existe,R-6a,,Dupla,Não existe,,
2019-09-18,11:18:00,SEM VÍTIMA,FINALIZADA,ILHA DO LEITE,RUA JOSE DE ALENCAR,725,,EM FRENTE AO Nº 725,RUA JOSE DE ALENCAR,725,EM FRENTE AO Nº 725,ILHA DO LEITE,,CIDADE,CHOQUE VEÍCULO PARADO,DOIS AUTTOS,2,,,,,,,,,0,,Longo da via,Bom,Não existe,Incompleta,Seca,Perfeito estado,Não existe,R-6a,,Dupla,Não existe,,
2019-09-18,11:43:00,SEM VÍTIMA,FINALIZADA,SÃO JOSÉ,RUA VIDAL DE NEGREIROS,208,RUA SAO JOAO,,RUA VIDAL DE NEGREIROS,208,,SÃO JOSÉ,,SUBURBIO,ABALROAMENTO TRANSVERSAL,COLISÃO S/VITIMA ENTRE DOIS AUTOS,2,,,,,,,,,0,,Cruzamento,Bom,Não existe,Perfeito estado,Seca,Perfeito estado,Não existe,Não há placas,40 km/h,Única,Não existe,,
2019-09-18,12:31:00,SEM VÍTIMA,FINALIZADA,AFLITOS,RUA HOEL SETTE,144,,EDF SOBRADO DA PRAÇA / PRAÇA SOUTO MAIOR,RUA HOEL SETTE,144,EDF SOBRADO DA PRAÇA / PRAÇA SOUTO MAIOR,AFLITOS,,SUBURBIO,CHOQUE VEÍCULO PARADO,COLISÃO SEM VÍTIMA,1,,,,,,1,,,0,,Longo da via,Bom,Não existe,Perfeito estado,Seca,Perfeito estado,Não existe,Não há placas,,Única,Não existe,,
2019-09-18,12:39:00,SEM VÍTIMA,FINALIZADA,IPSEP,AV RECIFE,,,AO LADO DO RESTAURANTE SAL E BRASA,AV RECIFE,,AO LADO DO RESTAURANTE SAL E BRASA,IPSEP,,SUBURBIO,ABALROAMENTO LONGITUDINAL,COLISÃO SEM VÍTIMA,1,,,,,,1,,,0,,Longo da via,Bom,Não existe,Perfeito estado,Seca,Perfeito estado,Não existe,Não há placas,,Dupla,Não existe,,
2019-09-18,13:19:00,SEM VÍTIMA,FINALIZADA,JORDÃO,AV JULIO CESAR,774,,LAVANDERIA NOVA ERA E A BODEGA DOS AMIGOS,AV JULIO CESAR,774,LAVANDERIA NOVA ERA E A BODEGA DOS AMIGOS,JORDÃO,,,COLISÃO,COLISÃO SEM VÍTIMA,1,1,,,,,,,,0,,,,,,,,,,,,,,
2019-09-18,13:37:00,SEM VÍTIMA,FINALIZADA,CAJUEIRO,AV BEBERIBE,3173,,GALERIA CAJUEIRO,AV BEBERIBE,3173,GALERIA CAJUEIRO,CAJUEIRO,,CIDADE,COLISÃO TRASEIRA,COLISÃO SEM VITIMA,1,,,,,,1,,,0,,Longo da via,Bom,Não existe,Perfeito estado,Seca,Perfeito estado,Não existe,Outras,,Dupla,Canteiro central,,
2019-09-18,14:00:00,SEM VÍTIMA,FINALIZADA,PORTO DA MADEIRA,AV ANIBAL BENEVOLO,328,,,AV ANIBAL BENEVOLO,328,,PORTO DA MADEIRA,,SUBURBIO,ABALROAMENTO LONGITUDINAL,COLISÃO SEM VITIMA,1,,,,,1,,,,0,,Longo da via,Bom,Não existe,Perfeito estado,Seca,Perfeito estado,Não existe,Outras,,Dupla,Faixa seccionada,,
2019-09-18,14:07:00,SEM VÍTIMA,FINALIZADA,ILHA DO LEITE,AV GOVERNADOR AGAMENON MAGALHAES,,,EM FRENTE AO HOSPITAL PORTUGUÊS,AV GOVERNADOR AGAMENON MAGALHAES,,EM FRENTE AO HOSPITAL PORTUGUÊS,ILHA DO LEITE,,,COLISÃO TRASEIRA,COLISAO ENTRE AMBULANCIA E AUTO S/V,2,,,,,,,,,0,,Longo da via,Bom,Não existe,Perfeito estado,Seca,Perfeito estado,,,60 km/h,Dupla,Canal,,
2019-09-18,14:21:00,VÍTIMA FATAL,FINALIZADA,VÁRZEA,AV CAXANGA,,,EMFRENTE A UPA,AV CAXANGA,,EMFRENTE A UPA,VÁRZEA,281,CIDADE,ABALROAMENTO LONGITUDINAL,COLISÃO COM VITIMA/ SAMU JA RECOLHEU A VITIMA,1,,,,,,,,,,1,Longo da via,Bom,Sem defeito,Perfeito estado,Seca,Perfeito estado,Outros,R-6a,,Dupla,Canteiro central,,
2019-09-18,15:11:00,COM VÍTIMA,FINALIZADA,BOA VISTA,RUA DO HOSPICIO,,RUA PRINCESA IZABEL,,RUA DO HOSPICIO,,,BOA VISTA,31,,COLISÃO,COLISÃO ENTRE AUTO E MOTO COM VÍTIMA,1,1,,,,,,,,1,,Cruzamento,Bom,Sem defeito,Perfeito estado,Seca,Perfeito estado,Faixa de pedestre,Não há placas,,Dupla,Faixa contínua,,
2019-09-18,15:58:00,SEM VÍTIMA,CANCELADA,MADALENA,AV JOSE GONCALVES DE MEDEIROS,,,EM FRENTE A COMEDORIA BOM GOSTO E BOSCH SERVICE,AV JOSE GONCALVES DE MEDEIROS,,EM FRENTE A COMEDORIA BOM GOSTO E BOSCH SERVICE,MADALENA,,,COLISÃO,COLISÃO SEM VÍTIMA,2,,,,,,,,,0,,,,,,,,,,,,,,
2019-09-18,16:13:00,SEM VÍTIMA,FINALIZADA,BOA VIAGEM,AV CONSELHEIRO AGUIAR,,,EM FRENTE AO Nº 4774,AV CONSELHEIRO AGUIAR,,EM FRENTE AO Nº 4774,BOA VIAGEM,,CIDADE,ABALROAMENTO TRANSVERSAL,COLISÃO SEM VITIMA,2,,,,,,,,,0,,Longo da via,Bom,Sem defeito,Perfeito estado,Seca,Perfeito estado,Não existe,Não há placas,,Única,Faixa seccionada,,
2019-09-18,16:48:00,SEM VÍTIMA,CANCELADA,IBURA,AV PERNAMBUCO,236,,MERCADINHO PREÇO CERTO,AV PERNAMBUCO,236,MERCADINHO PREÇO CERTO,IBURA,,,COLISÃO,COLISÃO SEM VITIMA,1,,,,,1,,,,0,,,,,,,,,,,,,,
2019-09-18,16:49:00,SEM VÍTIMA,FINALIZADA,CORDEIRO,AV GENERAL SAN MARTIN,1083,,,AV GENERAL SAN MARTIN,1083,,CORDEIRO,,SUBURBIO,ABALROAMENTO LONGITUDINAL,COLISAO ENTRE DOIS AUTOS S/V,2,,,,,,,,,0,,Longo da via,Bom,Não existe,Perfeito estado,Seca,Perfeito estado,Não existe,R-6a,,Dupla,Faixa contínua,,
2019-09-18,16:54:00,SEM VÍTIMA,FINALIZADA,SANTO AMARO,AV CRUZ CABUGA,,,SHOPPING TACARUNA,AV CRUZ CABUGA,,SHOPPING TACARUNA,SANTO AMARO,,CIDADE,CHOQUE VEÍCULO PARADO,COLISAO ENTRE AUTO E ONIBUS S/V,1,,,,,1,,,,0,,Longo da via,Bom,Sem defeito,Incompleta,Seca,Perfeito estado,Não existe,Outras,60 km/h,Dupla,Blocos,,
2019-09-18,17:05:00,SEM VÍTIMA,FINALIZADA,IMBIRIBEIRA,AV MARECHAL MASCARENHAS DE MORAES,,,SOB O VIADUTO MOTOCOLOMBÓ,AV MARECHAL MASCARENHAS DE MORAES,,SOB O VIADUTO MOTOCOLOMBÓ,IMBIRIBEIRA,,CIDADE,ABALROAMENTO LONGITUDINAL,COLISÃO SEM VÍTIMA,1,,,,,,,,1,0,,Longo da via,Bom,Não existe,Perfeito estado,Seca,Perfeito estado,Não existe,Não há placas,,Única,Faixa seccionada,,
2019-09-18,17:13:00,SEM VÍTIMA,FINALIZADA,IBURA,AV PERNAMBUCO,93,,DEPÓSITO VIA GÁS,AV PERNAMBUCO,93,DEPÓSITO VIA GÁS,IBURA,,CIDADE,ABALROAMENTO LONGITUDINAL,COLISÃO SEM VÍTIMA,1,,,,,,1,,,0,,Longo da via,Bom,Não existe,Ilegível,Seca,Mal conservada,Não existe,Não há placas,,Dupla,Faixa contínua,,
2019-09-18,17:53:00,SEM VÍTIMA,FINALIZADA,GRAÇAS,RUA AMELIA,,AV RUI BARBOSA,SEMÁFORO Nº 048,RUA AMELIA,,SEMÁFORO Nº 048,GRAÇAS,48,CIDADE,ABALROAMENTO LONGITUDINAL,COLISÃO ENTRE DOIS AUTOS SEM VÍTIMAS,2,,,,,,,,,0,,Cruzamento,Bom,Sem defeito,Perfeito estado,Seca,Perfeito estado,Agente,,40 km/h,Única,Não existe,,
2019-09-18,18:53:00,SEM VÍTIMA,FINALIZADA,SANTO AMARO,AV VISCONDE DE SUASSUNA,,,EM FRENTE AO Nº 634,AV VISCONDE DE SUASSUNA,,EM FRENTE AO Nº 634,SANTO AMARO,,CIDADE,COLISÃO TRASEIRA,ONIBUS CAXANGA X VEICULO DO SEMOC,1,,,,,1,,,,0,,Longo da via,Bom,Não existe,Perfeito estado,Seca,Perfeito estado,Não existe,Não há placas,,Única,Não existe,,
2019-09-18,19:10:00,SEM VÍTIMA,FINALIZADA,TORRE,RUA JOSE BONIFACIO,724,RUA JOSE DE HOLANDA,,RUA JOSE BONIFACIO,724,,TORRE,601,,ABALROAMENTO TRANSVERSAL,CITROEN C3 X FIESTA,2,,,,,,,,,0,,Cruzamento,Bom,Sem defeito,Perfeito estado,Seca,Perfeito estado,Faixa de retenção,R-6a,,Única,,,
2019-09-18,19:33:00,COM VÍTIMA,FINALIZADA,CASA FORTE,AV DEZESSETE DE AGOSTO,2388,,ENF AO MUSEU DO HOMEM DO NORDESTE,AV DEZESSETE DE AGOSTO,2388,ENF AO MUSEU DO HOMEM DO NORDESTE,CASA FORTE,251,SUBURBIO,ATROPELAMENTO,MOTO X PEDESTRE,,1,,,1,,,,,2,,Longo da via,Bom,Sem defeito,Perfeito estado,Seca,Perfeito estado,Faixa de pedestre,R-6a,,Dupla,Faixa contínua,,
2019-09-18,20:39:00,SEM VÍTIMA,FINALIZADA,MADALENA,RUA BENFICA,133,,4º REGISTRO DE IMÓVEIS DO RECIFE,RUA BENFICA,133,4º REGISTRO DE IMÓVEIS DO RECIFE,MADALENA,,CIDADE,ABALROAMENTO LONGITUDINAL,ENTRE CAMINHÃO E AUTO PASSEIO. S/V,1,,,,,,1,,,0,,Longo da via,Bom,Não existe,Perfeito estado,Seca,Perfeito estado,Não existe,Não há placas,,Única,Faixa seccionada,,
2019-09-18,20:02:00,COM VÍTIMA,FINALIZADA,BOA VISTA,RUA JOAO FERNANDES VIEIRA,145,RUA JOAQUIM FELIPE,E/F A UNIBRA,RUA JOAO FERNANDES VIEIRA,145,E/F A UNIBRA,BOA VISTA,,CIDADE,ABALROAMENTO TRANSVERSAL,ENTRE AUTO E MOTO ( O ENVOLVIDO ACIDENTADO É SD DA PM ) C/V,1,1,,,,,,,,1,,Esquina,Bom,Não existe,Perfeito estado,Seca,Perfeito estado,Não existe,R-6a,30 km/h,Única,,,
2019-09-18,21:28:00,SEM VÍTIMA,FINALIZADA,TAMARINEIRA,AV NORTE,,,LADO OPOSTO POSTO DE GASOLINA BR,AV NORTE,,LADO OPOSTO POSTO DE GASOLINA BR,TAMARINEIRA,456,CIDADE,COLISÃO TRASEIRA,ENTRE 2 AUTOS. S/V,2,,,,,,,,,0,,Longo da via,Bom,Sem defeito,Perfeito estado,Seca,Perfeito estado,Faixa de pedestre,Outras,,Dupla,Canteiro central,,
2019-09-19,07:27:00,SEM VÍTIMA,FINALIZADA,ESPINHEIRO,RUA QUARENTA E OITO,,RUA CONS PORTELA,,RUA QUARENTA E OITO,,,ESPINHEIRO,11,SUBURBIO,ABALROAMENTO LONGITUDINAL,,1,,,,,1,,,,0,,Cruzamento,Bom,Sem defeito,Perfeito estado,Seca,Perfeito estado,Faixa de pedestre,,,Única,Faixa contínua,Faixa seccionada,
2019-09-19,08:01:00,COM VÍTIMA,FINALIZADA,ESPINHEIRO,RUA QUARENTA E OITO,165,,EM FRENTE AO EDIFICIO CORINTHUS,RUA QUARENTA E OITO,165,EM FRENTE AO EDIFICIO CORINTHUS,ESPINHEIRO,,CIDADE,COLISÃO COM CICLISTA,VITIMA A ESPERA DO SAMU,1,,,1,,,,,,1,,Longo da via,Bom,Não existe,Perfeito estado,Seca,Perfeito estado,Não existe,R-6a,30 km/h,Única,Faixa seccionada,,
2019-09-19,08:41:00,COM VÍTIMA,FINALIZADA,IPSEP,RUA SAO NICOLAU,,AV RECIFE,SEMÁFORO 016,RUA SAO NICOLAU,,SEMÁFORO 016,IPSEP,16,SUBURBIO,ABALROAMENTO TRANSVERSAL,COLISÃO COM VÍTIMA,,1,1,,,,,,,1,,Cruzamento,Bom,Sem defeito,Perfeito estado,Seca,Perfeito estado,Agente,Não há placas,40 km/h,Única,Blocos,,
2019-09-19,09:20:00,SEM VÍTIMA,FINALIZADA,IMBIRIBEIRA,AV MARECHAL MASCARENHAS DE MORAES,,,CONCESSIONÁRIA TAMBAÍ,AV MARECHAL MASCARENHAS DE MORAES,,CONCESSIONÁRIA TAMBAÍ,IMBIRIBEIRA,439,CIDADE,COLISÃO TRASEIRA,COLISÃO COM UMA VITIMA,3,,,,,,,,,0,,Longo da via,Bom,Sem defeito,Perfeito estado,Seca,Perfeito estado,Faixa de pedestre,Outras,,Dupla,Faixa seccionada,,
2019-09-19,09:44:00,SEM VÍTIMA,FINALIZADA,VÁRZEA,RUA MARECHAL MANOEL LUIS OSORIO,85,,NA SAÍDA HOSPITAL HAPVIDA,RUA MARECHAL MANOEL LUIS OSORIO,85,NA SAÍDA HOSPITAL HAPVIDA,VÁRZEA,,SUBURBIO,ABALROAMENTO TRANSVERSAL,COLISÃO SEM VITIMAS,,2,,,,,,,,0,,Longo da via,Bom,Não existe,Perfeito estado,Seca,Perfeito estado,Faixa de pedestre,R-6a,30 km/h,Dupla,,,
2019-09-19,09:45:00,SEM VÍTIMA,FINALIZADA,BOA VIAGEM,AV ENGENHEIRO DOMINGOS FERREIRA,2655,,EM FRENTE AO POSTO BR,AV ENGENHEIRO DOMINGOS FERREIRA,2655,EM FRENTE AO POSTO BR,BOA VIAGEM,,SUBURBIO,COLISÃO TRASEIRA,COLISÃO DE DOIS CAROS. BATEDORES ESTÃO NO LOCAL,2,,,,,,,,,0,,Longo da via,Bom,Não existe,Perfeito estado,Seca,Perfeito estado,Não existe,Não há placas,,Única,Canteiro central,,
2019-09-19,09:54:00,SEM VÍTIMA,FINALIZADA,SANTO AMARO,PRC DO CAMPO SANTO,,,EM FRENTE,PRC DO CAMPO SANTO,,EM FRENTE,SANTO AMARO,,CIDADE,ABALROAMENTO LONGITUDINAL,COLISÃO SEM VITIMAS,2,,,,,,,,,0,,Longo da via,Bom,Não existe,Perfeito estado,Seca,Perfeito estado,Não existe,Placas Pare,,Dupla,Faixa seccionada,,
2019-09-19,09:54:00,SEM VÍTIMA,FINALIZADA,AFOGADOS,RUA SANTOS ARAUJO,,RUA SAO MIGUEL,POSTO BRAS PETRO,RUA SANTOS ARAUJO,,POSTO BRAS PETRO,AFOGADOS,333,CIDADE,ABALROAMENTO TRANSVERSAL,COLISÃO DE DUAS MOTOS,,2,,,,,,,,0,,Longo da via,Bom,Sem defeito,Perfeito estado,Seca,Perfeito estado,Faixa de pedestre,Não há placas,,Dupla,Faixa seccionada,,
2019-09-19,10:32:00,SEM VÍTIMA,CANCELADA,NOVA DESCOBERTA,AV VEREADOR OTACILIO AZEVEDO,1116,,AO LADO DA UPA DE NOVA DESCOBERTA,AV VEREADOR OTACILIO AZEVEDO,1116,AO LADO DA UPA DE NOVA DESCOBERTA,NOVA DESCOBERTA,,,COLISÃO,SEM VITIMAS,1,,,,,1,,,,0,,,,,,,,,,,,,,
2019-09-19,11:24:00,SEM VÍTIMA,FINALIZADA,BOA VIAGEM,AVENIDA CELSO FURTADO (VIA MANGUE),,,ALÇA DA RUA ANTONIO FALCÃO,AVENIDA CELSO FURTADO (VIA MANGUE),,ALÇA DA RUA ANTONIO FALCÃO,BOA VIAGEM,,SUBURBIO,ABALROAMENTO LONGITUDINAL,COLISÃO SEM VITIMAS,2,,,,,,,,,0,,Viaduto,Bom,Não existe,Perfeito estado,Seca,Perfeito estado,Não existe,Outras,60 km/h,Única,,,
2019-09-19,11:36:00,SEM VÍTIMA,FINALIZADA,BOA VIAGEM,RUA VISCONDE DE JEQUITINHONHA,2946,,EDIFICIO PALACIO DE QUELUZ,RUA VISCONDE DE JEQUITINHONHA,2946,EDIFICIO PALACIO DE QUELUZ,BOA VIAGEM,,SUBURBIO,ABALROAMENTO TRANSVERSAL,COLISÃO SEM VITIMAS,2,,,,,,,,,0,,Longo da via,Bom,Não existe,Perfeito estado,Seca,Perfeito estado,Não existe,Outras,,Dupla,Faixa seccionada,,
2019-09-19,11:44:00,SEM VÍTIMA,CANCELADA,PINA,AV REPUBLICA ARABE UNIDA,,,NA ENTRADA DO SHOPPING RIO MAR,AV REPUBLICA ARABE UNIDA,,NA ENTRADA DO SHOPPING RIO MAR,PINA,,,COLISÃO,COLISÃO SEM VITIMAS,2,,,,,,,,,0,,,,,,,,,,,,,,
2019-09-19,12:03:00,COM VÍTIMA,FINALIZADA,CAMPO GRANDE,RUA JERONIMO VILELA,164,RUA MARQUES DE ABRANTES,ESQUINA DA HAMBURGUERIA E LANCHONETE LA BODEGUITA . APÓS A GALERIA CAZÉ.,RUA JERONIMO VILELA,164,ESQUINA DA HAMBURGUERIA E LANCHONETE LA BODEGUITA . APÓS A GALERIA CAZÉ.,CAMPO GRANDE,,CIDADE,ABALROAMENTO LONGITUDINAL,COLISAO ENTRE AUTO E MOTO COM UMA VITIMA,1,1,,,,,,,,1,,Longo da via,Bom,Não existe,Perfeito estado,Seca,Perfeito estado,Não existe,Não há placas,,Dupla,Faixa seccionada,,
2019-09-19,12:22:00,SEM VÍTIMA,FINALIZADA,SANTO AMARO,RUA DR CARLOS CHAGAS,,,EM FRENTE AO POSTE Nº B 021638,RUA DR CARLOS CHAGAS,,EM FRENTE AO POSTE Nº B 021638,SANTO AMARO,,CIDADE,CAPOTAMENTO,COLISÃO SEM VÍTIMA,,2,,,,,,,,0,,Longo da via,Bom,Não existe,Incompleta,Seca,Mal conservada,Não existe,Outras,,,,,