data,hora,natureza_acidente,situacao,bairro,endereco,numero,detalhe_endereco_acidente,complemento,endereco_cruzamento,numero_cruzamento,referencia_cruzamento,bairro_cruzamento,num_semaforo,sentido_via,tipo,descricao,auto,moto,ciclom,ciclista,pedestre,onibus,caminhao,viatura,outros,vitimas,vitimasfatais,acidente_verificado,tempo_clima,situacao_semaforo,sinalizacao,condicao_via,conservacao_via,ponto_controle,situacao_placa,velocidade_max_via,mao_direcao,divisao_via1,divisao_via2,divisao_via3
2019-09-19,13:37:00,SEM VÍTIMA,FINALIZADA,IPSEP,RUA JEAN EMILE FAVRE,,,LADO OPOSTO A MARINGÁ,RUA JEAN EMILE FAVRE,,LADO OPOSTO A MARINGÁ,IPSEP,,SUBURBIO,COLISÃO TRASEIRA,COLISÃO SEM VITIMA,2,,,,,1,,,,0,,Longo da via,Bom,Sem defeito,Perfeito estado,Seca,Perfeito estado,,Outras,60 km/h,Dupla,Faixa contínua,,
2019-09-19,14:42:00,SEM VÍTIMA,FINALIZADA,ENGENHO DO MEIO,RUA GOVERNADOR LOPO GARRO,400,RUA PRESIDENTE WASHINGTON LUIZ,ESCOLA SOUZA VERAS,RUA GOVERNADOR LOPO GARRO,400,ESCOLA SOUZA VERAS,ENGENHO DO MEIO,,,ABALROAMENTO TRANSVERSAL,COLISÃO SEM VÍTIMA,2,,,,,,,,,0,,Cruzamento,Bom,Não existe,Ilegível,Seca,Perfeito estado,Não existe,Não há placas,,Dupla,Faixa seccionada,,
2019-09-19,15:23:00,SEM VÍTIMA,FINALIZADA,MADALENA,RUA LOPES DE CARVALHO,411,,AV. VISCONDE DE ALBUQUERQUE,RUA LOPES DE CARVALHO,411,AV. VISCONDE DE ALBUQUERQUE,MADALENA,,SUBURBIO,ABALROAMENTO TRANSVERSAL,COLISÃO SEM VITIMA,1,1,,,,,,,,0,,Longo da via,Bom,Não existe,Perfeito estado,Seca,Perfeito estado,Outros,Outras,60 km/h,Dupla,Faixa seccionada,,
2019-09-19,15:34:00,SEM VÍTIMA,FINALIZADA,GRAÇAS,RUA CARDEAL ARCOVERDE,,AV RUI BARBOSA,EXTRABOM,RUA CARDEAL ARCOVERDE,,EXTRABOM,GRAÇAS,126,,ABALROAMENTO LONGITUDINAL,COLISÃO SEM VITIMA,2,,,,,,,,,0,,Cruzamento,Bom,Sem defeito,Perfeito estado,Seca,Perfeito estado,Faixa de pedestre,,,Única,,,
2019-09-19,16:04:00,SEM VÍTIMA,FINALIZADA,GRAÇAS,RUA AMELIA,,AV RUI BARBOSA,MUSEU DO ESTADO DE PERNAMBUCO,RUA AMELIA,,MUSEU DO ESTADO DE PERNAMBUCO,GRAÇAS,48,CIDADE,ABALROAMENTO LONGITUDINAL,ENTRE A VT 10 DA CTTU E UM VOYAGE,2,,,,,,,,,0,,Longo da via,Bom,Sem defeito,Perfeito estado,Seca,Perfeito estado,Agente,R-6a,40 km/h,Única,Faixa contínua,,
2019-09-19,16:17:00,SEM VÍTIMA,DUPLICIDADE,BAIRRO DO RECIFE,AV MILITAR,,,AO LADO DO TERMINAL MARÍTIMO PORTO DO RECIFE,AV MILITAR,,AO LADO DO TERMINAL MARÍTIMO PORTO DO RECIFE,BAIRRO DO RECIFE,,SUBURBIO,ABALROAMENTO LONGITUDINAL,COLISAO ENTRE AUTO E CAMINHAO S/V,1,,,,,,1,,1,0,,Longo da via,Bom,Não existe,Perfeito estado,Seca,Perfeito estado,Não existe,Não há placas,,Única,Faixa seccionada,,
2019-09-19,16:25:00,SEM VÍTIMA,FINALIZADA,BAIRRO DO RECIFE,AV MILITAR,,,PROX. A FÁBRICA DA ANTIGA PILAR,AV MILITAR,,PROX. A FÁBRICA DA ANTIGA PILAR,BAIRRO DO RECIFE,,,COLISÃO,COLISÃO SEM VITIMA,1,,,,,,1,,,0,,,,,,,,,,,,,,
2019-09-19,17:17:00,COM VÍTIMA,FINALIZADA,PAISSANDU,AV GOVERNADOR AGAMENON MAGALHAES,,RUA PAISSANDU,,AV GOVERNADOR AGAMENON MAGALHAES,,,PAISSANDU,69,,COLISÃO,ACIDENTE DE PERCURSO,,2,,,,,,,,1,,Longo da via,Bom,Sem defeito,Perfeito estado,Seca,Perfeito estado,Agente,Não há placas,60 km/h,Única,Faixa seccionada,,
2019-09-19,17:18:00,SEM VÍTIMA,FINALIZADA,BOA VISTA,RUA AURORA,529,RUA PRINCESA IZABEL,PRÓX. PONTE PRINCESA ISABEL,RUA AURORA,529,PRÓX. PONTE PRINCESA ISABEL,BOA VISTA,22,SUBURBIO,COLISÃO COM CICLISTA,VEICULO E CICLISTA   DANOS MATERIAIS,1,,,1,,,,,,0,,Cruzamento,Bom,Sem defeito,Perfeito estado,Seca,Perfeito estado,Faixa de retenção,Não há placas,,Única,Faixa seccionada,,
2019-09-19,17:31:00,COM VÍTIMA,FINALIZADA,PINA,AV ANTONIO DE GOES,434,,EM FRENTE AO JCPM. LADO OPOSTO À RECEITA FEDERAL,AV ANTONIO DE GOES,434,EM FRENTE AO JCPM. LADO OPOSTO À RECEITA FEDERAL,PINA,277,CIDADE,COLISÃO TRASEIRA,COLISÃO COM VITIMA,1,1,,,,,,,,1,,Longo da via,Bom,Sem defeito,Perfeito estado,Seca,Perfeito estado,Faixa de pedestre,,60 km/h,Dupla,Canteiro central,,
2019-09-19,18:21:00,SEM VÍTIMA,FINALIZADA,VÁRZEA,AV AFONSO OLINDENSE,1099,,ANTES DA LOMBADA ELETRÔNICA EM FRENTE AO Nº 1099,AV AFONSO OLINDENSE,1099,ANTES DA LOMBADA ELETRÔNICA EM FRENTE AO Nº 1099,VÁRZEA,,CIDADE,CHOQUE VEÍCULO PARADO,RENAULT DUSTER X RENAULT LOGAN,2,,,,,,,,,0,,Longo da via,Bom,Não existe,Perfeito estado,Seca,Perfeito estado,Não existe,Não há placas,,Dupla,Faixa contínua,Faixa seccionada,
2019-09-19,18:49:00,SEM VÍTIMA,FINALIZADA,PRADO,RUA GOMES TABORDA,,,CLUBE BAILE PERFUMADO,RUA GOMES TABORDA,,CLUBE BAILE PERFUMADO,PRADO,,CIDADE,ABALROAMENTO LONGITUDINAL,ÕNIBUS X AUTO   S/V,1,,,,,1,,,,0,,Longo da via,Bom,Não existe,Perfeito estado,Seca,Perfeito estado,Outros,Não há placas,,Dupla,Faixa contínua,,
2019-09-19,19:05:00,SEM VÍTIMA,FINALIZADA,NOVA DESCOBERTA,RUA CARLOS MARIGHELLA,,,LADO OPOSTO AO Nº 122,RUA CARLOS MARIGHELLA,,LADO OPOSTO AO Nº 122,NOVA DESCOBERTA,,SUBURBIO,ABALROAMENTO LONGITUDINAL,ONIBUS X RENAULT,1,,,,,1,,,,0,,Longo da via,Bom,Não existe,Não existente,Seca,Mal conservada,Não existe,Não há placas,,Dupla,Não existe,,
2019-09-19,19:52:00,SEM VÍTIMA,CANCELADA,BOA VIAGEM,RUA CORONEL ANIZIO RODRIGUES COELHO,423,,E/F A PIZZARIA MATUTA / POR TRÁS DA IGREJA NOVA DE BV,RUA CORONEL ANIZIO RODRIGUES COELHO,423,E/F A PIZZARIA MATUTA / POR TRÁS DA IGREJA NOVA DE BV,BOA VIAGEM,,,COLISÃO,ENTRE 2 AUTOS. S/V,2,,,,,,,,,0,,,,,,,,,,,,,,
2019-09-19,20:26:00,SEM VÍTIMA,CANCELADA,BOA VIAGEM,RUA RIBEIRO DE BRITO,1111,RUA GENERAL AMERICANO FREIRE,AO LADO DO POSTO BR,RUA RIBEIRO DE BRITO,1111,AO LADO DO POSTO BR,BOA VIAGEM,,,COLISÃO,PALIO X FIAT PALIO,2,,,,,,,,,0,,,,,,,,,,,,,,
2019-09-19,20:29:00,SEM VÍTIMA,FINALIZADA,BOA VIAGEM,AV CONSELHEIRO AGUIAR,3810,,ESTACIONAMENTO DA FARMACIA DROGASIL,AV CONSELHEIRO AGUIAR,3810,ESTACIONAMENTO DA FARMACIA DROGASIL,BOA VIAGEM,,CIDADE,CHOQUE VEÍCULO PARADO,ENTRE 2 AUTOS. S/V,2,,,,,,,,,0,,,Bom,Não existe,Perfeito estado,Seca,Perfeito estado,Não existe,Não há placas,,Única,Não existe,,
2019-09-19,20:47:00,SEM VÍTIMA,CANCELADA,BOA VIAGEM,RUA ANTONIO FALCAO,,,SEMÁFORO 555,RUA ANTONIO FALCAO,,SEMÁFORO 555,BOA VIAGEM,,,COLISÃO,ENTRE 2 AUTOS. S/V,,,,,,,,,,0,,,,,,,,,,,,,,
2019-09-19,20:52:00,SEM VÍTIMA,CANCELADA,PARNAMIRIM,AV PARNAMIRIM,,,E/F A GALERIA PARNAMIRIM,AV PARNAMIRIM,,E/F A GALERIA PARNAMIRIM,PARNAMIRIM,,,COLISÃO,ENTRE 2 AUTOS. S/V,2,,,,,,,,,0,,,,,,,,,,,,,,
2019-09-19,21:03:00,SEM VÍTIMA,CANCELADA,BOA VIAGEM,AV BOA VIAGEM,3114,,ENF AO HOTEL JANGADEIRO,AV BOA VIAGEM,3114,ENF AO HOTEL JANGADEIRO,BOA VIAGEM,,,COLISÃO,HRV PRATA X JETTA,2,,,,,,,,,0,,,,,,,,,,,,,,
2019-09-19,23:46:00,COM VÍTIMA,FINALIZADA,BOA VIAGEM,RUA BARAO DE SOUZA LEAO,451,,ENF AO MAR HOTEL  DROGARIA DROGAMAR E BOA VIAGEM MEDICAL CENTER.,RUA BARAO DE SOUZA LEAO,451,ENF AO MAR HOTEL  DROGARIA DROGAMAR E BOA VIAGEM MEDICAL CENTER.,BOA VIAGEM,,SUBURBIO,ATROPELAMENTO,GOLF X PEDESTRE SE JOGOU SOBRE O VEICULO,1,,,,1,,,,,1,,Longo da via,Bom,Sem defeito,Perfeito estado,Seca,Perfeito estado,,Não há placas,,Única,Faixa seccionada,,
2019-09-20,07:29:00,COM VÍTIMA,FINALIZADA,IMBIRIBEIRA,AV MARECHAL MASCARENHAS DE MORAES,7935A,,EM FRENTE A AUTOPEÇAS CONTINENTAL,AV MARECHAL MASCARENHAS DE MORAES,7935A,EM FRENTE A AUTOPEÇAS CONTINENTAL,IMBIRIBEIRA,626,CIDADE,ABALROAMENTO LONGITUDINAL,COM DUAS VITIMAS,2,1,,,,,,,,2,,Longo da via,Bom,Não existe,Perfeito estado,Seca,Perfeito estado,Não existe,Outras,,Dupla,Canteiro central,,
2019-09-20,07:30:00,SEM VÍTIMA,FINALIZADA,TORREÃO,AV NORTE,,,PEDRAGON,AV NORTE,,PEDRAGON,TORREÃO,,CIDADE,COLISÃO TRASEIRA,COLISÃO DE 2 CARROS,2,,,,,,,,,0,,Longo da via,Bom,,Perfeito estado,Seca,Perfeito estado,,,60 km/h,Dupla,Canteiro central,,
2019-09-20,07:43:00,SEM VÍTIMA,FINALIZADA,ESPINHEIRO,RUA DR VICENTE MEIRA,114,RUA AMELIA,,RUA DR VICENTE MEIRA,114,,ESPINHEIRO,,CIDADE,COLISÃO TRASEIRA,COLISÃO S/VITIMAS ENTRE AUTO E UMA MOTO,1,1,,,,,,,,0,,Cruzamento,Bom,Não existe,Perfeito estado,Seca,Perfeito estado,Não existe,Placas Pare,,Dupla,Não existe,,
2019-09-20,07:49:00,SEM VÍTIMA,FINALIZADA,TAMARINEIRA,RUA PADRE ROMA,,,,RUA PADRE ROMA,,,TAMARINEIRA,223,CIDADE,COLISÃO TRASEIRA,COLISÃO S/VITIMAS ENTRE DOIS AUTOS E UM ONIBUS,2,,,,,1,,,,0,,Longo da via,Chuvoso,Sem defeito,Perfeito estado,Molhada,Perfeito estado,Não existe,,,Dupla,Canteiro central,,
2019-09-20,07:59:00,SEM VÍTIMA,FINALIZADA,AFOGADOS,RUA VINTE E UM DE ABRIL,565,RUA MANUEL PADILHA,,RUA VINTE E UM DE ABRIL,565,,AFOGADOS,,CIDADE,ABALROAMENTO LONGITUDINAL,COLISÃO DE UM CARRO E UM CAMINHÃO,1,,,,,,1,,,0,,Longo da via,Bom,Não existe,Não existente,Seca,Mal conservada,Não existe,Não há placas,,Dupla,Não existe,,
2019-09-20,08:17:00,COM VÍTIMA,FINALIZADA,PAISSANDU,AV GOVERNADOR AGAMENON MAGALHAES,141,,EM FRENTE A CLINICA VETERINARIA VET MAIS,AV GOVERNADOR AGAMENON MAGALHAES,141,EM FRENTE A CLINICA VETERINARIA VET MAIS,PAISSANDU,,BOA VIAGEM,ABALROAMENTO LONGITUDINAL,COM UMA VITMA SENDO SOCORRIDA PELO SAMU CTTU NO LOCAL,1,1,,,,,,,,1,,Longo da via,Chuvoso,Não existe,Perfeito estado,Molhada,Perfeito estado,,,60 km/h,Dupla,,,
2019-09-20,10:02:00,SEM VÍTIMA,CANCELADA,BAIRRO DO RECIFE,AV ALFREDO LISBOA,,,EM FRENTE AO SHOPPING PAÇO ALFANDEGA,AV ALFREDO LISBOA,,EM FRENTE AO SHOPPING PAÇO ALFANDEGA,BAIRRO DO RECIFE,,,COLISÃO,ONIBUS E AUTO,1,,,,,1,,,,0,,,,,,,,,,,,,,
2019-09-20,10:11:00,SEM VÍTIMA,CANCELADA,BOA VISTA,AV GOVERNADOR AGAMENON MAGALHAES,,,EM FRENTE AO COLEGIO AMERICANO BATISTA,AV GOVERNADOR AGAMENON MAGALHAES,,EM FRENTE AO COLEGIO AMERICANO BATISTA,BOA VISTA,,SUBURBIO,COLISÃO,DOIS AUTOS,2,,,,,,,,,0,,,,,,,,,,,,,,
2019-09-20,10:28:00,SEM VÍTIMA,CANCELADA,BOA VISTA,RUA DO PRINCIPE,563,,EM FRENTE AO HOSPITAL DO EXERCITO,RUA DO PRINCIPE,563,EM FRENTE AO HOSPITAL DO EXERCITO,BOA VISTA,,,COLISÃO,DOIS AUTOS,2,,,,,,,,,0,,,,,,,,,,,,,,
2019-09-20,10:34:00,SEM VÍTIMA,FINALIZADA,MADALENA,AV VISCONDE DE ALBUQUERQUE,732,,,AV VISCONDE DE ALBUQUERQUE,732,,MADALENA,,SUBURBIO,ABALROAMENTO LONGITUDINAL,,1,,,,,1,,,,0,,Longo da via,Bom,Não existe,Incompleta,Seca,Perfeito estado,Não existe,R-6a,,Única,Não existe,,
2019-09-20,10:37:00,COM VÍTIMA,FINALIZADA,GRAÇAS,PRC DO ENTRONCAMENTO,132,,EM FRENTE A PHARMAPELE,PRC DO ENTRONCAMENTO,132,EM FRENTE A PHARMAPELE,GRAÇAS,,CIDADE,ATROPELAMENTO,ATROPELAMENTO (ONIBUS X PEDESTRE),,,,,1,1,,,,1,,Longo da via,Bom,Não existe,Perfeito estado,Seca,Perfeito estado,Outros,Outras,40 km/h,Única,Não existe,,
2019-09-20,10:50:00,SEM VÍTIMA,FINALIZADA,ESTÂNCIA,AV DR JOSE RUFINO,617,,ESCOLA PAROQUIAL SANTA LUZIA,AV DR JOSE RUFINO,617,ESCOLA PAROQUIAL SANTA LUZIA,ESTÂNCIA,,SUBURBIO,ABALROAMENTO TRANSVERSAL,SEM VITIMAS,2,,,,,,,,,0,,Longo da via,Chuvoso,Não existe,Perfeito estado,Molhada,Perfeito estado,Não existe,Outras,,Dupla,Faixa contínua,,
2019-09-20,11:16:00,SEM VÍTIMA,FINALIZADA,PINA,AV HERCULANO BANDEIRA,543,,EM FRENTE AO MARTELINHO DE OURO,AV HERCULANO BANDEIRA,543,EM FRENTE AO MARTELINHO DE OURO,PINA,,SUBURBIO,ABALROAMENTO LONGITUDINAL,COLISÃO S/VITIMAS ENTRE UM AUTO E ONIBUS,1,,,,,1,,,,0,,Longo da via,Chuvoso,Não existe,Perfeito estado,Molhada,Perfeito estado,Não existe,R-6a,,Única,Faixa seccionada,,
2019-09-20,11:22:00,SEM VÍTIMA,FINALIZADA,ENCRUZILHADA,AV NORTE,,AV JOAO DE BARROS,EM FRENTE A LOJA SUPER G,AV NORTE,,EM FRENTE A LOJA SUPER G,ENCRUZILHADA,43,,COLISÃO,SEM VITIMAS,2,,,,,,,,,0,,,,,,,,,,,,,,
2019-09-20,11:36:00,SEM VÍTIMA,FINALIZADA,,RUA SIQUEIRA CAMPOS,240,,,RUA SIQUEIRA CAMPOS,240,,,,SUBURBIO,ABALROAMENTO LONGITUDINAL,COLISÃO S/VITIMAS ENTRE DOIS AUTOS,1,,,,,,,1,,0,,Longo da via,Bom,Sem defeito,Perfeito estado,Seca,Perfeito estado,Não existe,Não há placas,,Única,Não existe,,
2019-09-20,12:06:00,SEM VÍTIMA,CANCELADA,AFLITOS,AV CONS ROSA E SILVA,,RUA ANGUSTURA,EM FRENTE AO CLUBE NAUTICO CAPIBARIBE,AV CONS ROSA E SILVA,,EM FRENTE AO CLUBE NAUTICO CAPIBARIBE,AFLITOS,,,COLISÃO,ENTRE AUTO PASSEIO X CAMINHÃO S/V,1,,,,,,1,,,0,,,,,,,,,,,,,,
2019-09-20,12:00:00,SEM VÍTIMA,CANCELADA,ROSARINHO,AV SANTOS DUMONT,,,PADARIA SANTOS DUMONT,AV SANTOS DUMONT,,PADARIA SANTOS DUMONT,ROSARINHO,,,COLISÃO,ENTRE DOIS AUTO S/V,2,,,,,,,,,0,,,,,,,,,,,,,,
2019-09-20,12:30:00,SEM VÍTIMA,FINALIZADA,AREIAS,AV RECIFE,,,LADO OPOSTO AO GALETUS,AV RECIFE,,LADO OPOSTO AO GALETUS,AREIAS,617,CIDADE,ABALROAMENTO LONGITUDINAL,COLISAO ENTRE AUTO E CARRETA S/V,1,,,,,,1,,,0,,Longo da via,Bom,Sem defeito,Perfeito estado,Seca,Perfeito estado,Outros,,,Dupla,Faixa contínua,Faixa seccionada,Canteiro central
2019-09-20,13:35:00,SEM VÍTIMA,FINALIZADA,GRAÇAS,AV RUI BARBOSA,579,,SUPERMERCADO EXTRABOM,AV RUI BARBOSA,579,SUPERMERCADO EXTRABOM,GRAÇAS,126,CIDADE,ABALROAMENTO LONGITUDINAL,COLISÃO SEM VITIMA,1,,,,,1,,,,0,,Longo da via,Bom,Sem defeito,Perfeito estado,Seca,Perfeito estado,Faixa de pedestre,Outras,,Única,Faixa contínua,Faixa seccionada,
2019-09-20,13:31:00,SEM VÍTIMA,FINALIZADA,ILHA DO LEITE,RUA FRANCISCO ALVES,,PRC MIGUEL DE CERVANTES,SOB O SEMÁFORO Nº 508,RUA FRANCISCO ALVES,,SOB O SEMÁFORO Nº 508,ILHA DO LEITE,,,ABALROAMENTO LONGITUDINAL,COLISAO ENTRE CAMINHAO E AUTO S/V,1,,,,,,1,,,0,,,Chuvoso,Sem defeito,Perfeito estado,Molhada,Perfeito estado,Faixa de pedestre,Outras,,Dupla,Faixa contínua,Faixa seccionada,
2019-09-20,13:44:00,SEM VÍTIMA,FINALIZADA,ESPINHEIRO,RUA ALBERTO PAIVA,,,,RUA ALBERTO PAIVA,,,ESPINHEIRO,305,CIDADE,ABALROAMENTO LONGITUDINAL,COLISAO ENTRE CAMINHAO E AUTOS S/V,1,,,,,,1,,,0,,Longo da via,Bom,Sem defeito,Perfeito estado,Seca,Perfeito estado,Agente,Outras,,Única,Faixa seccionada,,
2019-09-20,14:04:00,COM VÍTIMA,FINALIZADA,DOIS UNIDOS,RUA BACHAREL SEVERINO T.G.DO NASCIMENTO,38B,,ANTES DO TERMINAL DE DOIS UNIDOS NA BEIRA CANAL,RUA BACHAREL SEVERINO T.G.DO NASCIMENTO,38B,ANTES DO TERMINAL DE DOIS UNIDOS NA BEIRA CANAL,DOIS UNIDOS,,CIDADE,ATROPELAMENTO,ONIBUS ATROPELOU UM PEDESTRE,,,,,1,1,,,,1,,Longo da via,Bom,Não existe,Não existente,Seca,Perfeito estado,Não existe,Não há placas,40 km/h,Única,Não existe,,
2019-09-20,14:46:00,SEM VÍTIMA,FINALIZADA,SANTO ANTÔNIO,PRC DA REPUBLICA,,,PALACIO DO GOVERNO,PRC DA REPUBLICA,,PALACIO DO GOVERNO,SANTO ANTÔNIO,,SUBURBIO,COLISÃO TRASEIRA,ENTRE DOIS AUTO S/V,2,,,,,,,,,0,,Longo da via,Bom,Sem defeito,Perfeito estado,Seca,Perfeito estado,Faixa de pedestre,Outras,,Única,Faixa contínua,,
2019-09-20,15:46:00,SEM VÍTIMA,FINALIZADA,BOA VIAGEM,RUA MINISTRO NELSON HUNGRIA,414,,,RUA MINISTRO NELSON HUNGRIA,414,,BOA VIAGEM,,SUBURBIO,COLISÃO TRASEIRA,COLISAO ENTRE CAMINHAO E AUTO S/V,1,,,,,,1,,,0,,Longo da via,Chuvoso,Não existe,Perfeito estado,Molhada,Perfeito estado,Não existe,Não há placas,,Única,Não existe,,
2019-09-20,16:02:00,COM VÍTIMA,FINALIZADA,CAMPO GRANDE,RUA PETRONILA BOTELHO,,AV PROFESSOR JOSE DOS ANJOS,POR TRAZ DO CAMPO DO ARRUDA,RUA PETRONILA BOTELHO,,POR TRAZ DO CAMPO DO ARRUDA,CAMPO GRANDE,554,SUBURBIO,ABALROAMENTO LONGITUDINAL,COLISÃO COM VITIMA,,1,,,,,1,,,1,,Cruzamento,Chuvoso,Sem defeito,Perfeito estado,Molhada,Perfeito estado,Faixa de pedestre,R-6a,,Única,Faixa contínua,,
2019-09-20,16:55:00,SEM VÍTIMA,FINALIZADA,IPSEP,RUA CACHOEIRA,334,,,RUA CACHOEIRA,334,,IPSEP,,CIDADE,CHOQUE VEÍCULO PARADO,ENTRE AUTO PASSEIO X MOTO S/V,1,1,,,,,,,,0,,Longo da via,Chuvoso,Não existe,Não existente,Molhada,Perfeito estado,Não existe,Placas Pare,,Dupla,Não existe,,
2019-09-20,17:13:00,SEM VÍTIMA,CANCELADA,IMBIRIBEIRA,AV MARECHAL MASCARENHAS DE MORAES,,,E/F AO AEROPORTO S/T JSUB,AV MARECHAL MASCARENHAS DE MORAES,,E/F AO AEROPORTO S/T JSUB,IMBIRIBEIRA,,,COLISÃO,COLISAO ENTRE TAXI E AUTOS S/ V,2,,,,,,,,,0,,,,,,,,,,,,,,
2019-09-20,17:17:00,SEM VÍTIMA,FINALIZADA,SANTO ANTÔNIO,RUA DO PEIXOTO,,,EM FRENTE AO POSTE DE ILUMINAÇÃO PÚBLICA B 019924,RUA DO PEIXOTO,,EM FRENTE AO POSTE DE ILUMINAÇÃO PÚBLICA B 019924,SANTO ANTÔNIO,,,ABALROAMENTO LONGITUDINAL,CAMINHÃO X AUTO PASSEIO S/V,1,,,,,,1,,,0,,Longo da via,Chuvoso,Não existe,Não existente,Molhada,Mal iluminada,Não existe,Não há placas,30 km/h,Única,Não existe,,
2019-09-20,17:33:00,SEM VÍTIMA,FINALIZADA,AFOGADOS,RUA SAO MIGUEL,116,RUA JOAQUIM DE VASCONCELOS PEREIRA,RUA JOAQUIM DE VE PEREIRA,RUA SAO MIGUEL,116,RUA JOAQUIM DE VE PEREIRA,AFOGADOS,,SUBURBIO,ABALROAMENTO LONGITUDINAL,COLISAO ENTRE CAMINHAO E AUTO S/V,1,,,,,,1,,,0,,Cruzamento,Chuvoso,Não existe,Incompleta,Molhada,Perfeito estado,Não existe,Não há placas,,Dupla,Faixa contínua,,
2019-09-20,18:05:00,COM VÍTIMA,FINALIZADA,BOA VIAGEM,RUA VISCONDE DE JEQUITINHONHA,1140,,EDF MONTE PILHATUS,RUA VISCONDE DE JEQUITINHONHA,1140,EDF MONTE PILHATUS,BOA VIAGEM,,SUBURBIO,ABALROAMENTO LONGITUDINAL,ENTRE AUTO E MOTO. C/V,1,1,,,,,,,,1,,Longo da via,Chuvoso,Não existe,Perfeito estado,Molhada,Perfeito estado,Não existe,Não há placas,60 km/h,Única,Faixa seccionada,,
2019-09-20,18:10:00,SEM VÍTIMA,FINALIZADA,AFOGADOS,RUA DA PAZ,235A,,SONOFÁCIL,RUA DA PAZ,235A,SONOFÁCIL,AFOGADOS,,SUBURBIO,ABALROAMENTO LONGITUDINAL,ONIBUS X AUTO. S/V,1,,,,,1,,,,0,,Longo da via,Bom,Não existe,Perfeito estado,Seca,Perfeito estado,Não existe,R-6a,,Única,Faixa contínua,Faixa seccionada,
2019-09-20,18:20:00,SEM VÍTIMA,FINALIZADA,MADALENA,RUA JOAO IVO DA SILVA,453,,EM FRENTE AO Nº 453 / EDF QUEBRANGULO,RUA JOAO IVO DA SILVA,453,EM FRENTE AO Nº 453 / EDF QUEBRANGULO,MADALENA,,SUBURBIO,COLISÃO TRASEIRA,ENTRE 3 AUTOS. S/V,3,,,,,,,,,0,,Longo da via,Bom,Não existe,Ilegível,Seca,Mal conservada,Não existe,Não há placas,,Única,Canal,,
2019-09-20,18:38:00,SEM VÍTIMA,FINALIZADA,SANTO AMARO,AV GOVERNADOR AGAMENON MAGALHAES,,,VIADUTO INDEPENDÊNCIA,AV GOVERNADOR AGAMENON MAGALHAES,,VIADUTO INDEPENDÊNCIA,SANTO AMARO,,SUBURBIO,COLISÃO TRASEIRA,ENTRE 2 AUTOS. S/V,2,,,,,,,,,0,,Viaduto,Bom,Não existe,Perfeito estado,Seca,Perfeito estado,,Não há placas,60 km/h,Dupla,Canal,,
2019-09-20,20:28:00,SEM VÍTIMA,FINALIZADA,GRAÇAS,AV RUI BARBOSA,48,RUA AMELIA,POSTO SHELL,AV RUI BARBOSA,48,POSTO SHELL,GRAÇAS,48,CIDADE,ABALROAMENTO TRANSVERSAL,ENTRE 2 AUTOS E MOTO ( UM DOS CONDUTORES SE EVADIU DO LOCAL) S/V,1,1,,,,,,,,0,,Cruzamento,Chuvoso,Sem defeito,Perfeito estado,Molhada,Perfeito estado,Faixa de pedestre,Não há placas,60 km/h,Única,Faixa contínua,,
2019-09-20,22:18:00,SEM VÍTIMA,FINALIZADA,CORDEIRO,RUA DR MIGUEL VIEIRA FERREIRA,,EST DO FORTE DO ARRAIAL N. DO B. JESUS,SEMÁFORO 249,RUA DR MIGUEL VIEIRA FERREIRA,,SEMÁFORO 249,CORDEIRO,249,SUBURBIO,ABALROAMENTO TRANSVERSAL,ENTRE 2 AUTOS. S/V,2,,,,,,,,,0,,Cruzamento,Chuvoso,Sem defeito,Perfeito estado,Molhada,Perfeito estado,Faixa de pedestre,R-6a,,,,,
2019-09-20,22:54:00,SEM VÍTIMA,CANCELADA,GRAÇAS,RUA AMELIA,,AV RUI BARBOSA,E/F AO POSTO BR,RUA AMELIA,,E/F AO POSTO BR,GRAÇAS,,,COLISÃO,ENTRE 2 AUTOS. S/V,2,,,,,,,,,0,,,,,,,,,,,,,,
2019-09-20,23:30:00,SEM VÍTIMA,FINALIZADA,TORRÕES,RUA DR MIGUEL VIEIRA FERREIRA,370,,,RUA DR MIGUEL VIEIRA FERREIRA,370,,TORRÕES,,SUBURBIO,ABALROAMENTO LONGITUDINAL,ENTRE AUTO E MOTO ( CONDUTOR DA MOTO APRESENTA SINAIS DE EMBRIAGUEZ ) S/V,1,1,,,,,,,,0,,Longo da via,Chuvoso,Não existe,Não existente,Molhada,Perfeito estado,Não existe,Não há placas,,Única,Não existe,,
2019-09-20,23:52:00,COM VÍTIMA,FINALIZADA,PRADO,AV ENGENHEIRO ABDIAS DE CARVALHO,,RUA CARLOS GOMES,AO LADO DO POSTO BR ( E/F A BIG CAR),AV ENGENHEIRO ABDIAS DE CARVALHO,,AO LADO DO POSTO BR ( E/F A BIG CAR),PRADO,57,,ABALROAMENTO TRANSVERSAL,AUTO E MOTO,1,1,,,,,,,,1,,Cruzamento,Chuvoso,Sem defeito,Perfeito estado,Molhada,Perfeito estado,Faixa de pedestre,R-6a,60 km/h,Dupla,Canteiro central,,