data,hora,natureza_acidente,situacao,bairro,endereco,numero,detalhe_endereco_acidente,complemento,endereco_cruzamento,numero_cruzamento,referencia_cruzamento,bairro_cruzamento,num_semaforo,sentido_via,tipo,descricao,auto,moto,ciclom,ciclista,pedestre,onibus,caminhao,viatura,outros,vitimas,vitimasfatais,acidente_verificado,tempo_clima,situacao_semaforo,sinalizacao,condicao_via,conservacao_via,ponto_controle,situacao_placa,velocidade_max_via,mao_direcao,divisao_via1,divisao_via2,divisao_via3
2019-09-21,00:38:00,COM VÍTIMA,CANCELADA,PARNAMIRIM,RUA DR JOSE DE GOES,,,E/F AO GAIAMUM GIGANTE  NA SUBIDA DO VIADUTO,RUA DR JOSE DE GOES,,E/F AO GAIAMUM GIGANTE  NA SUBIDA DO VIADUTO,PARNAMIRIM,,,COLISÃO,COLISAO COM VITIMAS,1,1,,,,,,,,1,,,,,,,,,,,,,,
2019-09-21,01:22:00,SEM VÍTIMA,FINALIZADA,PINA,AV CONSELHEIRO AGUIAR,204,AV HERCULANO BANDEIRA,RESTAURANTE CLOCK,AV CONSELHEIRO AGUIAR,204,RESTAURANTE CLOCK,PINA,,SUBURBIO,COLISÃO TRASEIRA,CONDUTORA CHOCOU-SE CONTRA UM POSTE DE ILUMINAÇÃO PÚBLICA  ENQUANTO TENTAVA FUGIR DA OPERAÇÃO LEI SECA.,2,,,,,,,,,0,,Longo da via,Bom,Sem defeito,Perfeito estado,Seca,Perfeito estado,Não existe,Não há placas,,Única,Faixa seccionada,,
2019-09-21,06:54:00,SEM VÍTIMA,FINALIZADA,SANTO AMARO,AV CRUZ CABUGA,,,SHOPPING TACARUNA,AV CRUZ CABUGA,,SHOPPING TACARUNA,SANTO AMARO,,CIDADE,CHOQUE OBJETO FIXO,,,,,,,,1,,1,0,,Longo da via,Bom,Sem defeito,Perfeito estado,Seca,Perfeito estado,,R-6a,40 km/h,Dupla,Blocos,,
2019-09-21,07:23:00,COM VÍTIMA,FINALIZADA,SANTO AMARO,AV CRUZ CABUGA,,AV NORTE,ONIBUS DA EMPRESA CIDADE ALTA DE PLACA PCV2895  NÚMERO DE ORDEM 1169. MERCADO DE SANTO AMARO.,AV CRUZ CABUGA,,ONIBUS DA EMPRESA CIDADE ALTA DE PLACA PCV2895  NÚMERO DE ORDEM 1169. MERCADO DE SANTO AMARO.,SANTO AMARO,455,CIDADE,CHOQUE OBJETO FIXO,,,,,,,1,,,,1,,Longo da via,Bom,Sem defeito,Perfeito estado,Seca,Perfeito estado,Faixa de pedestre,,,Dupla,Faixa contínua,,
2019-09-21,08:11:00,SEM VÍTIMA,CANCELADA,BOA VIAGEM,AV DOM JOAO VI,,,APÓS A SAIDA DO SHOPPING RECIFE,AV DOM JOAO VI,,APÓS A SAIDA DO SHOPPING RECIFE,BOA VIAGEM,592,CIDADE,COLISÃO,SEM VITIMAS,2,,,,,,,,,0,,,,,,,,,,,,,,
2019-09-21,08:32:00,SEM VÍTIMA,FINALIZADA,SÃO JOSÉ,AV SUL,,,SENTIDO RECIFE ANTIGO - LADO OP. AOS ANTIGOS GALPÕES,AV SUL,,SENTIDO RECIFE ANTIGO - LADO OP. AOS ANTIGOS GALPÕES,SÃO JOSÉ,76,CIDADE,COLISÃO TRASEIRA,SEM VITIMAS/CTTU NO LOCAL,2,,,,,,,,,0,,Longo da via,Bom,Sem defeito,Perfeito estado,Seca,Perfeito estado,,Outras,,Única,Faixa seccionada,Canteiro central,
2019-09-21,08:37:00,SEM VÍTIMA,FINALIZADA,MADALENA,RUA BENFICA,,,AO LADO DA DPCA,RUA BENFICA,,AO LADO DA DPCA,MADALENA,,CIDADE,ABALROAMENTO LONGITUDINAL,ONIBUS E AUTO,1,,,,,1,,,,0,,Longo da via,Bom,Não existe,Incompleta,Seca,Perfeito estado,Não existe,Não há placas,,Única,Faixa contínua,,
2019-09-21,09:13:00,SEM VÍTIMA,FINALIZADA,DERBY,RUA JORNALISTA PAULO BITTENCOURT,168,,GRUPO MAXIMO EDUCACIONAL,RUA JORNALISTA PAULO BITTENCOURT,168,GRUPO MAXIMO EDUCACIONAL,DERBY,,SUBURBIO,CHOQUE VEÍCULO PARADO,SEM VITIMAS,2,,,,,,,,,0,,Longo da via,Bom,Não existe,Perfeito estado,Seca,Perfeito estado,Não existe,R-6a,30 km/h,Dupla,Faixa seccionada,,
2019-09-21,09:32:00,SEM VÍTIMA,FINALIZADA,GRAÇAS,RUA DAS PERNAMBUCANAS,,,EM FRENTE AO JAYME DA FONTE,RUA DAS PERNAMBUCANAS,,EM FRENTE AO JAYME DA FONTE,GRAÇAS,,SUBURBIO,COLISÃO TRASEIRA,SEM VITIMAS,2,,,,,,,,,0,,Longo da via,Bom,Não existe,Perfeito estado,Seca,Perfeito estado,Não existe,,,Dupla,Blocos,,
2019-09-21,09:42:00,SEM VÍTIMA,FINALIZADA,ILHA DO LEITE,AV GOVERNADOR AGAMENON MAGALHAES,,,EM FRENTE AO REAL HOSPITAL PORTUGUÊS,AV GOVERNADOR AGAMENON MAGALHAES,,EM FRENTE AO REAL HOSPITAL PORTUGUÊS,ILHA DO LEITE,69,,COLISÃO TRASEIRA,SEM VITIMAS,1,,,,,,1,,,0,,Longo da via,Bom,Sem defeito,Perfeito estado,Seca,Perfeito estado,Faixa de pedestre,,60 km/h,Dupla,Canal,,
2019-09-21,09:48:00,SEM VÍTIMA,FINALIZADA,PINA,RUA CAPITAO REBELINHO,123,,PONTO DO AÇAI,RUA CAPITAO REBELINHO,123,PONTO DO AÇAI,PINA,,,ABALROAMENTO LONGITUDINAL,ONIBUS E AUTO,1,,,,,1,,,,0,,Longo da via,Bom,Sem defeito,Perfeito estado,Seca,Perfeito estado,,Outras,30 km/h,Única,Não existe,,
2019-09-21,10:09:00,SEM VÍTIMA,FINALIZADA,PINA,AV HERCULANO BANDEIRA,,,EM FRENTE AO RECIFE PRAIA HOTEL,AV HERCULANO BANDEIRA,,EM FRENTE AO RECIFE PRAIA HOTEL,PINA,,CIDADE,ABALROAMENTO LONGITUDINAL,SEM VITIMAS,1,,,,,1,,,,0,,Cruzamento,Bom,Sem defeito,Perfeito estado,Seca,Perfeito estado,Faixa de pedestre,Outras,,Única,Faixa seccionada,,
2019-09-21,10:11:00,COM VÍTIMA,FINALIZADA,IPSEP,RUA JEAN EMILE FAVRE,,,EM FRENTE AO SUPERMERCADO ARCO MIX,RUA JEAN EMILE FAVRE,,EM FRENTE AO SUPERMERCADO ARCO MIX,IPSEP,,SUBURBIO,ATROPELAMENTO,MOTO E PEDESTRE,,1,,,1,,,,,2,,Longo da via,Bom,Sem defeito,Perfeito estado,Seca,Perfeito estado,,,,,,,
2019-09-21,10:21:00,SEM VÍTIMA,CANCELADA,TEJIPIÓ,AV DR JOSE RUFINO,,,EM FRENTE AO COLEGIO CASTELO BRANCO,AV DR JOSE RUFINO,,EM FRENTE AO COLEGIO CASTELO BRANCO,TEJIPIÓ,156,CIDADE,COLISÃO,SEM VITIMAS,2,,,,,,,,,0,,,,,,,,,,,,,,
2019-09-21,11:06:00,SEM VÍTIMA,CANCELADA,AFOGADOS,RUA SAO MIGUEL,27,LARGO DA PAZ,EM FRENTE A VIDRAÇARIA SÃO MIGUEL,RUA SAO MIGUEL,27,EM FRENTE A VIDRAÇARIA SÃO MIGUEL,AFOGADOS,,,COLISÃO,COLISÃO SEM VITIMAS,1,1,,,,,,,,0,,,,,,,,,,,,,,
2019-09-21,11:45:00,SEM VÍTIMA,FINALIZADA,COELHOS,TRV DO RAPOSO,536,AV AGOSTINHO GOMES,PONTE JOAQUIM CARDOSO,TRV DO RAPOSO,536,PONTE JOAQUIM CARDOSO,COELHOS,,SUBURBIO,ABALROAMENTO TRANSVERSAL,SEM VITIMAS,2,,,,,,,,,0,,Cruzamento,Bom,Não existe,Incompleta,Seca,Mal conservada,Faixa de retenção,Não há placas,,Dupla,Faixa seccionada,Blocos,
2019-09-21,11:58:00,SEM VÍTIMA,FINALIZADA,IMBIRIBEIRA,AV MARECHAL MASCARENHAS DE MORAES,3547,RUA DR TAVARES CORREIA,APÓS O GERALDÃO 50METROS,AV MARECHAL MASCARENHAS DE MORAES,3547,APÓS O GERALDÃO 50METROS,IMBIRIBEIRA,289,AFOGADOS,COLISÃO,SEM VITIMAS,1,,,,,,1,,,0,,,,,,,,,,,,,,
2019-09-21,12:42:00,COM VÍTIMA,FINALIZADA,BOA VIAGEM,RUA SA E SOUZA,480,RUA BALTAZAR PASSOS,ESQUINA DA CULTURA INGLESA / PADARIA PAN JOVEM,RUA SA E SOUZA,480,ESQUINA DA CULTURA INGLESA / PADARIA PAN JOVEM,BOA VIAGEM,,,COLISÃO COM CICLISTA,COLISAO ENTRE AUTO E CICLISTA,1,,,1,,,,,,1,,Cruzamento,Bom,Não existe,Não existente,Seca,Perfeito estado,Não existe,Não há placas,,Dupla,Faixa seccionada,,
2019-09-21,13:14:00,SEM VÍTIMA,CANCELADA,IMBIRIBEIRA,AV MARECHAL MASCARENHAS DE MORAES,,,EM FRENTE AO POSTO BR,AV MARECHAL MASCARENHAS DE MORAES,,EM FRENTE AO POSTO BR,IMBIRIBEIRA,289,CIDADE,COLISÃO,COLISÃO S/VITIMAS ENTRE UMA CARRETA E UM AUTO,1,,,,,,1,,,0,,,,,,,,,,,,,,
2019-09-21,13:28:00,SEM VÍTIMA,FINALIZADA,BOA VIAGEM,RUA RIBEIRO DE BRITO,1250,RUA AMALIA BERNARDINO DE SOUZA,LOGO APÓS O HOTEL NACIONAL INN  Nº 1250,RUA RIBEIRO DE BRITO,1250,LOGO APÓS O HOTEL NACIONAL INN  Nº 1250,BOA VIAGEM,,,ABALROAMENTO LONGITUDINAL,COLISAO ENTRE DOIS AUTOS S/V,2,,,,,,,,,0,,,Bom,Não existe,Perfeito estado,Seca,Perfeito estado,,R-6b,,Única,Faixa seccionada,,
2019-09-21,13:28:00,SEM VÍTIMA,FINALIZADA,IPSEP,RUA PADRE LIMA E SA,,RUA ADERBAL DE MELO,,RUA PADRE LIMA E SA,,,IPSEP,,SUBURBIO,ABALROAMENTO LONGITUDINAL,COLISÃO S/VITIMAS ENTRE DOIS AUTOS,2,,,,,,,,,0,,Cruzamento,Bom,Não existe,Perfeito estado,Seca,Perfeito estado,Não existe,Não há placas,,Dupla,Não existe,,
2019-09-21,13:30:00,SEM VÍTIMA,FINALIZADA,ALTO JOSÉ DO PINHO,RUA HORACIO SILVA,390,,,RUA HORACIO SILVA,390,,ALTO JOSÉ DO PINHO,,SUBURBIO,CHOQUE VEÍCULO PARADO,COLISÃO SEM VÍTIMA,2,,,,,,,,,0,,Longo da via,Bom,Não existe,Perfeito estado,Seca,Perfeito estado,,,,Dupla,,,
2019-09-21,13:34:00,SEM VÍTIMA,FINALIZADA,IMBIRIBEIRA,AV MARECHAL MASCARENHAS DE MORAES,3547,,FRENTE A LAND ROVER,AV MARECHAL MASCARENHAS DE MORAES,3547,FRENTE A LAND ROVER,IMBIRIBEIRA,289,CIDADE,ABALROAMENTO LONGITUDINAL,COLISAO ENTRE AUTO E CAMINHAO,1,,,,,,,,2,0,,Longo da via,Bom,Sem defeito,Perfeito estado,Seca,,Faixa de pedestre,R-6a,,Única,Faixa seccionada,Canteiro central,
2019-09-21,14:49:00,COM VÍTIMA,FINALIZADA,SANTO AMARO,AV CRUZ CABUGA,304,RUA AFONSO COSTA,EM FRENTE A CTTU,AV CRUZ CABUGA,304,EM FRENTE A CTTU,SANTO AMARO,523,SUBURBIO,ABALROAMENTO LONGITUDINAL,COLISÃO C/VITIMAS ENTRE DUAS MOTOS ( A OUTRA MOTO EVADIU-SE DO LOCAL),,2,,,,,,,,2,,Cruzamento,Bom,Sem defeito,Perfeito estado,Seca,Perfeito estado,Faixa de pedestre,Placas Pare,,Dupla,Faixa contínua,Faixa seccionada,
2019-09-21,16:35:00,SEM VÍTIMA,CANCELADA,TORRE,RUA JOSE DE HOLANDA,539,,EM FRENTE A ACADEMIA TREINO E CIA,RUA JOSE DE HOLANDA,539,EM FRENTE A ACADEMIA TREINO E CIA,TORRE,,,COLISÃO,COLISÃO SEM VÍTIMA,2,,,,,,,,,0,,,,,,,,,,,,,,
2019-09-21,16:48:00,COM VÍTIMA,FINALIZADA,SAN MARTIN,RUA APULCRO DE ASSUNCAO,439,RUA MOSSORO,RUA DA ENTRADA DO BPTRAN,RUA APULCRO DE ASSUNCAO,439,RUA DA ENTRADA DO BPTRAN,SAN MARTIN,,ABDIAS DE CARVALHO,ATROPELAMENTO,AUTO E PEDESTRE,1,,,,1,,,,,1,,Longo da via,Bom,Não existe,Não existente,Seca,Perfeito estado,Não existe,Não há placas,30 km/h,Dupla,Não existe,,
2019-09-21,17:47:00,COM VÍTIMA,FINALIZADA,SAN MARTIN,RUA VINTE E UM DE ABRIL,631,,PROX. DA FARMACIA DROGASIL/ JUNTO AO GIRADOURO,RUA VINTE E UM DE ABRIL,631,PROX. DA FARMACIA DROGASIL/ JUNTO AO GIRADOURO,SAN MARTIN,,,ATROPELAMENTO,MOTO E PEDESTRE,,1,,,1,,,,,1,,Longo da via,Bom,Não existe,,,,Não existe,,,Dupla,,,
2019-09-21,17:54:00,SEM VÍTIMA,FINALIZADA,BAIRRO DO RECIFE,RUA MARIZ E BARROS,,,POSTO PETROCAL,RUA MARIZ E BARROS,,POSTO PETROCAL,BAIRRO DO RECIFE,,SUBURBIO,ABALROAMENTO TRANSVERSAL,,2,,,,,,,,,0,,Cruzamento,Bom,Não existe,Perfeito estado,Seca,Perfeito estado,Não existe,R-6b,,Única,Não existe,,
2019-09-21,18:26:00,SEM VÍTIMA,CANCELADA,BAIRRO DO RECIFE,AV DANTAS BARRETO,,RUA DO PEIXOTO,NO CRUZAMENTO MESMO,AV DANTAS BARRETO,,NO CRUZAMENTO MESMO,BAIRRO DO RECIFE,,,COLISÃO,COLISAO SEM VITIMAS,1,,,,,1,,,,0,,,,,,,,,,,,,,
2019-09-21,18:31:00,SEM VÍTIMA,CANCELADA,ENGENHO DO MEIO,RUA GOVERNADOR LOPO GARRO,,RUA LINDOLFO COLOR,EM FRENTE AO EDF. PARQUE DOS NOBRES,RUA GOVERNADOR LOPO GARRO,,EM FRENTE AO EDF. PARQUE DOS NOBRES,ENGENHO DO MEIO,,,COLISÃO,ENTRE DOIS AUTO S/V,2,,,,,,,,,0,,,,,,,,,,,,,,
2019-09-21,20:17:00,SEM VÍTIMA,FINALIZADA,BARRO,RUA JOSE NATARIO,232,,EM FRENTE AO Nº 232,RUA JOSE NATARIO,232,EM FRENTE AO Nº 232,BARRO,,,COLISÃO FRONTAL,ENTRE DUAS MOTOS COM VÍTIMAS,,2,,,,,,,,0,,Longo da via,Bom,Não existe,Perfeito estado,Seca,Perfeito estado,Não existe,Outras,,Dupla,Não existe,,
2019-09-21,21:04:00,SEM VÍTIMA,FINALIZADA,SAN MARTIN,RUA JOSE VELOSO,,RUA APULCRO DE ASSUNCAO,EM FRENTE AO Nº 225 A,RUA JOSE VELOSO,,EM FRENTE AO Nº 225 A,SAN MARTIN,,CIDADE,ABALROAMENTO TRANSVERSAL,COLISAO COM VITIMAS,1,1,,,,,,,,0,,Cruzamento,Bom,Não existe,Não existente,Seca,Perfeito estado,Não existe,Não há placas,,Dupla,Não existe,,
2019-09-21,21:36:00,SEM VÍTIMA,CANCELADA,VÁRZEA,RUA ABATIA,,,EM FRENTE A PRAÇA DO CAXITO/ SORVETERIA DA BAIXINHA,RUA ABATIA,,EM FRENTE A PRAÇA DO CAXITO/ SORVETERIA DA BAIXINHA,VÁRZEA,,,COLISÃO,ENTRE DOIS AUTO S/V ( MOTORISTA EMBRIAGADO),2,,,,,,,,,0,,,,,,,,,,,,,,
2019-09-21,21:55:00,SEM VÍTIMA,FINALIZADA,BOA VIAGEM,RUA ATLANTICO,,,RESTAURANTE MINGUS,RUA ATLANTICO,,RESTAURANTE MINGUS,BOA VIAGEM,,SUBURBIO,ABALROAMENTO LONGITUDINAL,AUTO PASSEIO S/V,1,,,,,,,,1,0,,Longo da via,Bom,Não existe,Incompleta,Seca,Perfeito estado,Não existe,Outras,,Única,Não existe,,
2019-09-21,22:01:00,COM VÍTIMA,FINALIZADA,SAN MARTIN,RUA VINTE E UM DE ABRIL,2857,,,RUA VINTE E UM DE ABRIL,2857,,SAN MARTIN,,CIDADE,COLISÃO COM CICLISTA,COLISAO ENTRE UMA BICICLETA E UMA MOTO,,1,,1,,,,,,2,,Cruzamento,Bom,Não existe,Perfeito estado,Seca,Perfeito estado,Não existe,Não há placas,,Dupla,Faixa seccionada,,
2019-09-21,23:16:00,COM VÍTIMA,CANCELADA,BOA VIAGEM,RUA DOS NAVEGANTES,2037,,ESQUINA COM RESTAURANTE ILHA DOS NAVEGANTES,RUA DOS NAVEGANTES,2037,ESQUINA COM RESTAURANTE ILHA DOS NAVEGANTES,BOA VIAGEM,,,COLISÃO,COLISAO COM VITIMAS,1,1,,,,,,,,1,,,,,,,,,,,,,,
2019-09-22,01:31:00,SEM VÍTIMA,FINALIZADA,BOA VIAGEM,AV ENGENHEIRO DOMINGOS FERREIRA,,RUA ALEXANDRINO MARTINS RODRIGUES,BOMPREÇO,AV ENGENHEIRO DOMINGOS FERREIRA,,BOMPREÇO,BOA VIAGEM,303,SUBURBIO,ABALROAMENTO TRANSVERSAL,COLISAO COM VITIMAS,2,,,,,,,,,0,,Cruzamento,Bom,Sem defeito,Perfeito estado,Seca,Perfeito estado,Faixa de pedestre,Não há placas,60 km/h,Única,Canteiro central,,
2019-09-22,06:32:00,SEM VÍTIMA,FINALIZADA,BOA VIAGEM,AV ARMINDO MOURA,,,EM FRENTE MANUEL BEIRÃO,AV ARMINDO MOURA,,EM FRENTE MANUEL BEIRÃO,BOA VIAGEM,,CIDADE,ABALROAMENTO TRANSVERSAL,COLISÃO SEM VITIMAS,1,1,,,,,,,,0,,Longo da via,Bom,Não existe,Perfeito estado,Seca,Perfeito estado,Não existe,R-6a,40 km/h,Dupla,Faixa seccionada,,
2019-09-22,08:51:00,COM VÍTIMA,FINALIZADA,ILHA DO LEITE,RUA FRANCISCO ALVES,325,,EM FRENTE AO EMPRESARIAL MULT MED ILHA CENTER,RUA FRANCISCO ALVES,325,EM FRENTE AO EMPRESARIAL MULT MED ILHA CENTER,ILHA DO LEITE,,CIDADE,COLISÃO TRASEIRA,AUTO E MOTO,1,1,,,,,,,,1,,Longo da via,Bom,Não existe,Incompleta,Seca,Perfeito estado,Não existe,Outras,,Dupla,Faixa seccionada,,
2019-09-22,12:20:00,SEM VÍTIMA,FINALIZADA,CASA AMARELA,AV NORTE,,,MATERNIDADE PROFESSOR BARROS LIMA,AV NORTE,,MATERNIDADE PROFESSOR BARROS LIMA,CASA AMARELA,256,CIDADE,COLISÃO TRASEIRA,ENTRE DOIS AUTO S/V,2,,,,,,,,,0,,Longo da via,Bom,,Perfeito estado,Seca,Perfeito estado,,,60 km/h,Dupla,Canteiro central,,
2019-09-22,13:19:00,SEM VÍTIMA,FINALIZADA,BOA VIAGEM,AV BOA VIAGEM,1292,,,AV BOA VIAGEM,1292,,BOA VIAGEM,,SUBURBIO,ABALROAMENTO LONGITUDINAL,COLISÃO SEM VÍTIMA,1,1,,,,,,,,0,,Longo da via,Bom,Não existe,Perfeito estado,Seca,Perfeito estado,Não existe,Não há placas,60 km/h,Única,Faixa seccionada,,
2019-09-22,13:59:00,SEM VÍTIMA,FINALIZADA,ILHA DO LEITE,AV GOVERNADOR AGAMENON MAGALHAES,4575,,EMPRESARIAL NASSAU,AV GOVERNADOR AGAMENON MAGALHAES,4575,EMPRESARIAL NASSAU,ILHA DO LEITE,,,COLISÃO TRASEIRA,COLISÃO SEM VÍTIMA,1,,,,,1,,,,0,,Longo da via,Bom,Sem defeito,Perfeito estado,Seca,Perfeito estado,Não existe,Outras,60 km/h,Dupla,Faixa seccionada,Canteiro central,
2019-09-22,15:15:00,SEM VÍTIMA,FINALIZADA,PRADO,AV ENGENHEIRO ABDIAS DE CARVALHO,,RUA SANTA EDWIRGES,,AV ENGENHEIRO ABDIAS DE CARVALHO,,,PRADO,354,CIDADE,ABALROAMENTO TRANSVERSAL,ENTRE DOIS AUTO S/V,2,,,,,,,,,0,,Cruzamento,Bom,Sem defeito,Perfeito estado,Seca,Perfeito estado,Faixa de pedestre,R-6a,,Dupla,Canteiro central,,
2019-09-22,16:14:00,SEM VÍTIMA,FINALIZADA,IMBIRIBEIRA,RUA ITAJAI,,RUA PAMPULHA,,RUA ITAJAI,,,IMBIRIBEIRA,,CIDADE,ABALROAMENTO TRANSVERSAL,COLISÃO SEM VÍTIMA,2,,,,,,,,,0,,Cruzamento,Bom,Não existe,Perfeito estado,Seca,Perfeito estado,Faixa de pedestre,Placas Pare,40 km/h,Dupla,Faixa seccionada,,
2019-09-22,17:05:00,SEM VÍTIMA,CANCELADA,ILHA JOANA BEZERRA,AV BEIRA RIO,,,ACADEMIA DA CIDADE - POLO JOANA BEZERRA,AV BEIRA RIO,,ACADEMIA DA CIDADE - POLO JOANA BEZERRA,ILHA JOANA BEZERRA,,,COLISÃO,ENTRE DOIS AUTO S/V,2,,,,,,,,,0,,,,,,,,,,,,,,
2019-09-22,17:06:00,SEM VÍTIMA,FINALIZADA,BOA VISTA,RUA JOSE DE ALENCAR,,RUA BARAO DE SAO BORJA,,RUA JOSE DE ALENCAR,,,BOA VISTA,,,ABALROAMENTO TRANSVERSAL,COLISÃO SEM VÍTIMA,2,,,,,,,,,0,,Cruzamento,Bom,Não existe,Perfeito estado,Seca,Perfeito estado,Não existe,Placas Pare,,Única,Não existe,,
2019-09-22,18:13:00,SEM VÍTIMA,CANCELADA,JARDIM SÃO PAULO,RUA LEANDRO BARRETO,,,E/F AO POSTO LA ROQUE,RUA LEANDRO BARRETO,,E/F AO POSTO LA ROQUE,JARDIM SÃO PAULO,,,COLISÃO,ENTRE DOIS AUTOS S/V,2,,,,,,,,,0,,,,,,,,,,,,,,
2019-09-22,18:44:00,COM VÍTIMA,FINALIZADA,JARDIM SÃO PAULO,RUA LORENA,104,RUA BRAGANCA,APÓS O VIADUTO DE JARDIM SÃ0 PAULO,RUA LORENA,104,APÓS O VIADUTO DE JARDIM SÃ0 PAULO,JARDIM SÃO PAULO,,SUBURBIO,ABALROAMENTO TRANSVERSAL,ENTRE 2 MOTOS. C/V,2,,,,,,,,,3,,Cruzamento,Bom,Não existe,Perfeito estado,Seca,Perfeito estado,,Placas Pare,,Dupla,Não existe,,
2019-09-22,19:46:00,SEM VÍTIMA,FINALIZADA,AFOGADOS,RUA COSME VIANA,,RUA CORONEL ALFREDO DUARTE,SEMÁFORO 430,RUA COSME VIANA,,SEMÁFORO 430,AFOGADOS,,,CHOQUE OBJETO FIXO,CARRETA ACABA SE CHOCANDO CONTRA O SEMÁFORO 430 NA LOCALIDADE,,,,,,,1,,,0,,,,,,,,,,,,,,
2019-09-22,20:07:00,SEM VÍTIMA,FINALIZADA,JARDIM SÃO PAULO,RUA NOSSA SENHORA DE FATIMA,,RUA DR GUSTAVO PINTO,,RUA NOSSA SENHORA DE FATIMA,,,JARDIM SÃO PAULO,,,ABALROAMENTO TRANSVERSAL,ENTRE AUTO E MOTO. S/V,1,1,,,,,,,,0,,Cruzamento,Chuvoso,Não existe,Não existente,Molhada,Mal iluminada,Não existe,Não há placas,,Única,Não existe,,
2019-09-22,21:06:00,SEM VÍTIMA,FINALIZADA,IMBIRIBEIRA,RUA ARQUITETO LUIZ NUNES,217,RUA JULIO VERNE,,RUA ARQUITETO LUIZ NUNES,217,,IMBIRIBEIRA,,SUBURBIO,ABALROAMENTO LONGITUDINAL,ENTRE AUTO E MOTO. S/V,1,1,,,,,,,,0,,,Bom,Não existe,Perfeito estado,Seca,Perfeito estado,Não existe,,40 km/h,Única,Faixa seccionada,,
2019-09-22,22:45:00,SEM VÍTIMA,FINALIZADA,BEBERIBE,AV HILDEBRANDO DE VASCONCELOS,,RUA URIEL DE HOLANDA,EM FRENTE A ESCOLA DE REFERÊNCIA DE BEBERIBE,AV HILDEBRANDO DE VASCONCELOS,,EM FRENTE A ESCOLA DE REFERÊNCIA DE BEBERIBE,BEBERIBE,,,COLISÃO TRASEIRA,ENTRE 2 AUTOS. S/V,2,,,,,,,,,0,,Cruzamento,Chuvoso,Sem defeito,Ilegível,Molhada,Mal iluminada,Faixa de pedestre,Não há placas,,Dupla,Não existe,,
2019-09-23,00:11:00,SEM VÍTIMA,FINALIZADA,ROSARINHO,RUA COUTO MAGALHAES,,RUA ENGENHEIRO NESTOR MOREIRA REIS,,RUA COUTO MAGALHAES,,,ROSARINHO,,,ABALROAMENTO TRANSVERSAL,COLISAO SEM VITIMAS,2,,,,,,,,,0,,Cruzamento,Bom,Não existe,Incompleta,Seca,Perfeito estado,Faixa de pedestre,Não há placas,,Única,Não existe,,
2019-09-23,05:31:00,SEM VÍTIMA,FINALIZADA,SANTO AMARO,AV CRUZ CABUGA,,AV NORTE,,AV CRUZ CABUGA,,,SANTO AMARO,34,CIDADE,COLISÃO TRASEIRA,COLISÃO ENTRE DOIS AUTOS  S/V.,2,,,,,,,,,0,,Cruzamento,Bom,Sem defeito,Perfeito estado,Seca,Perfeito estado,Faixa de pedestre,,,Dupla,Faixa contínua,,
2019-09-23,05:40:00,COM VÍTIMA,FINALIZADA,CASA FORTE,AV DEZESSETE DE AGOSTO,,,E/F AO CPOR E PRAÇA FLOR DE SANTANA.,AV DEZESSETE DE AGOSTO,,E/F AO CPOR E PRAÇA FLOR DE SANTANA.,CASA FORTE,,CIDADE,CHOQUE VEÍCULO PARADO,ÔNIBUS E AUTO.,1,,,,,1,,,,1,,Longo da via,Chuvoso,Sem defeito,Perfeito estado,Molhada,Perfeito estado,Faixa de pedestre,Outras,,Dupla,Faixa contínua,,
2019-09-23,07:14:00,COM VÍTIMA,FINALIZADA,ENGENHO DO MEIO,AV MUCIO UCHOA CAVALCANTE,415,,EM FRENTE AO RESIDENCIAL ITALIA,AV MUCIO UCHOA CAVALCANTE,415,EM FRENTE AO RESIDENCIAL ITALIA,ENGENHO DO MEIO,,SUBURBIO,ABALROAMENTO TRANSVERSAL,AUTO E MOTO,1,1,,,,,,,,1,,Longo da via,Bom,Não existe,Perfeito estado,Seca,Perfeito estado,Não existe,Não há placas,,Dupla,Não existe,,
2019-09-23,08:13:00,SEM VÍTIMA,FINALIZADA,BOA VISTA,RUA DOM BOSCO,,AV GOVERNADOR AGAMENON MAGALHAES,AO LADO DA FARMÁCIA DROGASIL,RUA DOM BOSCO,,AO LADO DA FARMÁCIA DROGASIL,BOA VISTA,174,SUBURBIO,ABALROAMENTO LONGITUDINAL,COLISÃO S/VITIMAS ENTRE DOIS AUTOS,2,,,,,,,,,0,,Cruzamento,Bom,Sem defeito,Perfeito estado,Seca,Perfeito estado,Agente,Outras,60 km/h,Dupla,Canteiro central,,
2019-09-23,08:26:00,SEM VÍTIMA,FINALIZADA,BOA VIAGEM,AV ENGENHEIRO DOMINGOS FERREIRA,,RUA ARTUR MUNIZ,SUPERMECADO EXTRA,AV ENGENHEIRO DOMINGOS FERREIRA,,SUPERMECADO EXTRA,BOA VIAGEM,380,SUBURBIO,ABALROAMENTO LONGITUDINAL,COLISÃO DE DOIS CARROS,2,,,,,,,,,0,,Cruzamento,Bom,Sem defeito,Perfeito estado,Seca,Perfeito estado,Faixa de pedestre,Outras,,Dupla,Canteiro central,,
2019-09-23,08:42:00,SEM VÍTIMA,FINALIZADA,CAMPO GRANDE,EST DE BELEM,1651,,PONTO DE ÔNIBUS Nº 130305,EST DE BELEM,1651,PONTO DE ÔNIBUS Nº 130305,CAMPO GRANDE,,,COLISÃO TRASEIRA,DOIS AUTOS,2,,,,,,,,,0,,Longo da via,Bom,Não existe,Perfeito estado,Seca,Perfeito estado,Não existe,R-6a,60 km/h,Dupla,Faixa contínua,,