data,hora,natureza_acidente,situacao,bairro,endereco,numero,detalhe_endereco_acidente,complemento,endereco_cruzamento,numero_cruzamento,referencia_cruzamento,bairro_cruzamento,num_semaforo,sentido_via,tipo,descricao,auto,moto,ciclom,ciclista,pedestre,onibus,caminhao,viatura,outros,vitimas,vitimasfatais,acidente_verificado,tempo_clima,situacao_semaforo,sinalizacao,condicao_via,conservacao_via,ponto_controle,situacao_placa,velocidade_max_via,mao_direcao,divisao_via1,divisao_via2,divisao_via3
2019-09-23,09:13:00,SEM VÍTIMA,FINALIZADA,BOA VIAGEM,AV DOM JOAO VI,1003,,OFICINA MARTELINHO DE OURO,AV DOM JOAO VI,1003,OFICINA MARTELINHO DE OURO,BOA VIAGEM,580,CIDADE,ABALROAMENTO LONGITUDINAL,COLISÃO S/VITIMAS ENTRE UM AUTO E UM CAMINHÃO,1,,,,,,1,,,0,,Longo da via,Bom,Sem defeito,Perfeito estado,Seca,Perfeito estado,Faixa de pedestre,Não há placas,50 km/h,,Não existe,,
2019-09-23,09:31:00,SEM VÍTIMA,FINALIZADA,SAN MARTIN,AV GENERAL SAN MARTIN,,,PRÓXIMO A CAVALARIA DA PMPE,AV GENERAL SAN MARTIN,,PRÓXIMO A CAVALARIA DA PMPE,SAN MARTIN,326,,ABALROAMENTO LONGITUDINAL,COLISÃO ENTRE UM CAMINHÃO E UM AUTO,1,,,,,,1,,,0,,Longo da via,Bom,Sem defeito,Perfeito estado,Seca,Perfeito estado,Faixa de pedestre,Não há placas,,Dupla,,,
2019-09-23,09:37:00,SEM VÍTIMA,FINALIZADA,BOA VISTA,AV CONDE DA BOA VISTA,785,,EM FRENTE AO BANCO SANTADER,AV CONDE DA BOA VISTA,785,EM FRENTE AO BANCO SANTADER,BOA VISTA,,CIDADE,COLISÃO TRASEIRA,COLISÃO S/VITIMAS ENTRE DOIS AUTOS,2,,,,,,,,,0,,Longo da via,Bom,,Perfeito estado,Seca,Perfeito estado,Agente,Placas Pare,40 km/h,Dupla,Faixa seccionada,,
2019-09-23,09:49:00,SEM VÍTIMA,FINALIZADA,CAXANGÁ,AV CAXANGA,4617,,BRT RIACHO DO CABOUCO,AV CAXANGA,4617,BRT RIACHO DO CABOUCO,CAXANGÁ,608,CIDADE,COLISÃO TRASEIRA,COLISÃO SEM VITIMAS,2,,,,,1,,,,0,,Longo da via,Bom,Sem defeito,Perfeito estado,Seca,Perfeito estado,Faixa de pedestre,,,Única,Faixa contínua,Faixa seccionada,
2019-09-23,10:09:00,SEM VÍTIMA,FINALIZADA,BOA VISTA,AV JOAO DE BARROS,,,EM FRENTE AO CONSERVATÓRIO PERNAMBUCANO DE MÚSICAS,AV JOAO DE BARROS,,EM FRENTE AO CONSERVATÓRIO PERNAMBUCANO DE MÚSICAS,BOA VISTA,,,COLISÃO TRASEIRA,COLISÃO SEM VITIMAS,1,1,,,,,,,,0,,Longo da via,Bom,Não existe,Perfeito estado,Seca,Perfeito estado,Não existe,Não há placas,,Única,Faixa seccionada,,
2019-09-23,10:58:00,SEM VÍTIMA,FINALIZADA,BOA VISTA,PRC PARQUE AMORIM,,,EM FRENTE AO WALMART,PRC PARQUE AMORIM,,EM FRENTE AO WALMART,BOA VISTA,173,SUBURBIO,COLISÃO TRASEIRA,COLISÃO S/VITIMAS ENTRE UM ONIBUS E UM AUTO,1,,,,,1,,,,0,,Longo da via,Bom,Sem defeito,Perfeito estado,Seca,Perfeito estado,Faixa de pedestre,R-6a,,Única,Faixa seccionada,,
2019-09-23,11:14:00,SEM VÍTIMA,FINALIZADA,AREIAS,AV RECIFE,302,,APOS O WALMART EM FRENTE A ACADEMIA FIT FORMA,AV RECIFE,302,APOS O WALMART EM FRENTE A ACADEMIA FIT FORMA,AREIAS,,,COLISÃO,COLISÃO SEM VITIMAS,2,,,,,,,,,0,,,,,,,,,,,,,,
2019-09-23,11:46:00,SEM VÍTIMA,FINALIZADA,ALTO JOSÉ BONIFÁCIO,1TR ALTO DA SERRINHA,S/N,,EM FRENTE DO TERMINAL DO ONIBUS ALTO JOSE BONIFÁCIO,1TR ALTO DA SERRINHA,S/N,EM FRENTE DO TERMINAL DO ONIBUS ALTO JOSE BONIFÁCIO,ALTO JOSÉ BONIFÁCIO,,,COLISÃO,COLISÃO S/VITIMIAS EM UM ONIBUS E UM AUTO,1,,,,,1,,,,0,,,,,,,,,,,,,,
2019-09-23,12:23:00,COM VÍTIMA,FINALIZADA,TAMARINEIRA,RUA JUNDIA,,,AO LADO DA FERREIRA COSTA,RUA JUNDIA,,AO LADO DA FERREIRA COSTA,TAMARINEIRA,,SUBURBIO,COLISÃO COM CICLISTA,AUTO E BICICLETA.,1,,,1,,,,,,1,,Longo da via,Bom,Não existe,Perfeito estado,Seca,Perfeito estado,Não existe,Placas Pare,30 km/h,Dupla,Não existe,,
2019-09-23,12:40:00,SEM VÍTIMA,FINALIZADA,VÁRZEA,RUA ACADEMICO HELIO RAMOS,,,PROX AO TERMINAL DE CDU,RUA ACADEMICO HELIO RAMOS,,PROX AO TERMINAL DE CDU,VÁRZEA,,,COLISÃO,COLISAO ENTRE ONIBUS E AUTO S/V,1,,,,,1,,,,0,,,,,,,,,,,,,,
2019-09-23,13:33:00,SEM VÍTIMA,FINALIZADA,BOA VIAGEM,RUA ERNESTO DE PAULA SANTOS,,RUA AMALIA BERNARDINO DE SOUZA,,RUA ERNESTO DE PAULA SANTOS,,,BOA VIAGEM,,,CHOQUE OBJETO FIXO,VEICULO ASSUSTOU COM A CARRETA E CHOCOU COM O MURO DA FACULDADE,1,,,,,,1,,1,0,,Cruzamento,Bom,Não existe,Perfeito estado,Seca,Perfeito estado,Não existe,Não há placas,,Única,Faixa seccionada,,
2019-09-23,13:51:00,SEM VÍTIMA,FINALIZADA,ARRUDA,RUA ZEFERINO AGRA,554,,EM FRENTE A IGREJA BATISTA DO ARRUDA,RUA ZEFERINO AGRA,554,EM FRENTE A IGREJA BATISTA DO ARRUDA,ARRUDA,,,COLISÃO TRASEIRA,SEM VITIMAS,2,,,,,,,,,0,,Longo da via,Bom,Não existe,Perfeito estado,Seca,Perfeito estado,Não existe,Placas Pare,30 km/h,Dupla,Não existe,,
2019-09-23,14:23:00,SEM VÍTIMA,FINALIZADA,MANGUEIRA,,227,,AO LADO DO Nº 227 / PARQUE DO JIQUIÁ,,227,AO LADO DO Nº 227 / PARQUE DO JIQUIÁ,MANGUEIRA,,SUBURBIO,ABALROAMENTO LONGITUDINAL,COLISÃO SEM VITIMAS,2,,,,,,,,,0,,Longo da via,Bom,Não existe,Não existente,Seca,,Não existe,Não há placas,,,Não existe,,
2019-09-23,14:53:00,SEM VÍTIMA,FINALIZADA,NOVA DESCOBERTA,RUA NOVA DESCOBERTA,2071,,,RUA NOVA DESCOBERTA,2071,,NOVA DESCOBERTA,,CIDADE,CHOQUE VEÍCULO PARADO,COLISAO ENTRE DOIS ONIBUS,,,,,,2,,,,0,,Longo da via,Bom,Não existe,Perfeito estado,Seca,Perfeito estado,Não existe,,,Dupla,Faixa seccionada,,
2019-09-23,15:14:00,SEM VÍTIMA,FINALIZADA,PINA,AV ENGENHEIRO DOMINGOS FERREIRA,,,LADO OPOSTO AO EXTRABOM,AV ENGENHEIRO DOMINGOS FERREIRA,,LADO OPOSTO AO EXTRABOM,PINA,142,SUBURBIO,COLISÃO TRASEIRA,COLISÃO SEM VÍTIMA,2,,,,,,,,,0,,Longo da via,Bom,Sem defeito,Perfeito estado,Seca,Perfeito estado,Faixa de pedestre,R-6a,60 km/h,Dupla,Canteiro central,,
2019-09-23,15:17:00,SEM VÍTIMA,FINALIZADA,AFOGADOS,RUA NICOLAU PEREIRA,,RUA DA PAZ,PRÓXIMO A FÁBRICA ASA,RUA NICOLAU PEREIRA,,PRÓXIMO A FÁBRICA ASA,AFOGADOS,73,SUBURBIO,ABALROAMENTO LONGITUDINAL,COLISÃO SEM VÍTIMA,1,,,,,1,,,,0,,Longo da via,Bom,Sem defeito,Perfeito estado,Seca,Perfeito estado,Faixa de pedestre,Não há placas,,Única,,,
2019-09-23,15:55:00,SEM VÍTIMA,FINALIZADA,PAISSANDU,AV GOVERNADOR AGAMENON MAGALHAES,,,EM FRENTE AO HOSPITAL PORTUGUES E AO LADO DO AMBULATORIO MARIA FERNANDA/ SENTIDO ILHA DO LEITE,AV GOVERNADOR AGAMENON MAGALHAES,,EM FRENTE AO HOSPITAL PORTUGUES E AO LADO DO AMBULATORIO MARIA FERNANDA/ SENTIDO ILHA DO LEITE,PAISSANDU,,,COLISÃO,COLISÃO SEM VÍTIMA,2,,,,,,,,,0,,,,,,,,,,,,,,
2019-09-23,15:58:00,SEM VÍTIMA,FINALIZADA,BARRO,AV DR JOSE RUFINO,1938,,EM FRENTE AO COLÉGIO IMACULADA DA CONCEIÇÃO,AV DR JOSE RUFINO,1938,EM FRENTE AO COLÉGIO IMACULADA DA CONCEIÇÃO,BARRO,,SUBURBIO,ABALROAMENTO LONGITUDINAL,SEM VITIMAS,1,,,,,,1,,,0,,Longo da via,Bom,Não existe,Perfeito estado,Seca,Perfeito estado,Faixa de pedestre,Outras,,Dupla,Faixa contínua,,
2019-09-23,16:17:00,SEM VÍTIMA,FINALIZADA,DERBY,AV GOVERNADOR AGAMENON MAGALHAES,,RUA JOAQUIM NABUCO,EM FRENTE A RESTAURAÇÃO,AV GOVERNADOR AGAMENON MAGALHAES,,EM FRENTE A RESTAURAÇÃO,DERBY,74,,COLISÃO TRASEIRA,ENGAVETAMENTO SEM VÍTIMA,4,,,,,,,,1,0,,Cruzamento,Bom,Sem defeito,Perfeito estado,Seca,Perfeito estado,Outros,Outras,60 km/h,Dupla,Canteiro central,,
2019-09-23,17:39:00,SEM VÍTIMA,FINALIZADA,CASA FORTE,AV DEZESSETE DE AGOSTO,2187,,FUNDAÇÃO JOAQUIM NABUCO,AV DEZESSETE DE AGOSTO,2187,FUNDAÇÃO JOAQUIM NABUCO,CASA FORTE,646,SUBURBIO,COLISÃO TRASEIRA,COLISAO ENTRE DOIS AUTOS S/V,2,,,,,,,,,0,,Longo da via,Bom,Sem defeito,Perfeito estado,,,Faixa de retenção,Não há placas,60 km/h,Dupla,Faixa contínua,,
2019-09-23,18:43:00,SEM VÍTIMA,FINALIZADA,SANTO AMARO,AV GOVERNADOR AGAMENON MAGALHAES,,,EM CIMA DO VIADUTO,AV GOVERNADOR AGAMENON MAGALHAES,,EM CIMA DO VIADUTO,SANTO AMARO,,,COLISÃO TRASEIRA,COLISAO ENTRE AUTO E MOTO S/V,1,1,,,,,,,,0,,Viaduto,Bom,Não existe,Perfeito estado,Seca,Perfeito estado,Não existe,Não há placas,,Única,Não existe,,
2019-09-23,19:37:00,SEM VÍTIMA,FINALIZADA,BOA VIAGEM,RUA DEZ DE JULHO,210,RUA CAMBOIM,,RUA DEZ DE JULHO,210,,BOA VIAGEM,,SUBURBIO,ABALROAMENTO TRANSVERSAL,ENTRE DOIS AUTO S/V,2,,,,,,,,,0,,Longo da via,Bom,Não existe,Perfeito estado,Seca,Perfeito estado,Não existe,Não há placas,,Única,Faixa seccionada,,
2019-09-23,21:09:00,COM VÍTIMA,FINALIZADA,ESPINHEIRO,RUA AMELIA,280,RUA DO ESPINHEIRO,E/F A GALERIA,RUA AMELIA,280,E/F A GALERIA,ESPINHEIRO,195,CIDADE,ABALROAMENTO LONGITUDINAL,COLIAO ENTRE MOTO E AUTO COM UMA VITIMA,1,1,,,,,,,,1,,Cruzamento,Bom,Sem defeito,Perfeito estado,Seca,Perfeito estado,Faixa de pedestre,R-6a,,Única,Faixa seccionada,,
2019-09-23,21:16:00,SEM VÍTIMA,FINALIZADA,BOA VIAGEM,RUA JONATHAS DE VASCONCELOS,316,,EM FRENTE A UNINASSAU,RUA JONATHAS DE VASCONCELOS,316,EM FRENTE A UNINASSAU,BOA VIAGEM,,SUBURBIO,ABALROAMENTO TRANSVERSAL,ENTRE DOIS AUTOS S/V,2,,,,,,,,,0,,Longo da via,Bom,Não existe,Não existente,Seca,Perfeito estado,Não existe,Não há placas,,Dupla,Não existe,,
2019-09-23,22:54:00,SEM VÍTIMA,FINALIZADA,CAJUEIRO,RUA SEBASTIAO REGO BARROS,135,RUA ADOLFO SIMOES BARBOSA,,RUA SEBASTIAO REGO BARROS,135,,CAJUEIRO,,SUBURBIO,CHOQUE VEÍCULO PARADO,ENTRE DOIS AUTOS S/V,2,,,,,,,,,0,,Longo da via,Bom,Não existe,Não existente,Seca,Perfeito estado,Não existe,Não há placas,,Dupla,Não existe,,
2019-09-24,07:30:00,COM VÍTIMA,FINALIZADA,IMBIRIBEIRA,RUA BARAO DE AGUA BRANCA,160,RUA DUQUE ESTRADA,EM FRENTE A POUSADA SOL E MAR,RUA BARAO DE AGUA BRANCA,160,EM FRENTE A POUSADA SOL E MAR,IMBIRIBEIRA,,SUBURBIO,ABALROAMENTO TRANSVERSAL,AUTO E MOTO,1,1,,,,,,,,1,,Cruzamento,Bom,Não existe,Incompleta,Seca,Perfeito estado,Não existe,Placas Pare,30 km/h,Dupla,Não existe,,
2019-09-24,07:51:00,SEM VÍTIMA,FINALIZADA,MADALENA,RUA BENFICA,92,,LADO OPOSTO À PRAÇA DA BANDEIRA,RUA BENFICA,92,LADO OPOSTO À PRAÇA DA BANDEIRA,MADALENA,,SUBURBIO,ABALROAMENTO LONGITUDINAL,,2,,,,,,,,,0,,Longo da via,Bom,Não existe,Perfeito estado,Seca,Perfeito estado,Não existe,Não há placas,40 km/h,Única,Não existe,,
2019-09-24,07:52:00,SEM VÍTIMA,FINALIZADA,VÁRZEA,AV AFONSO OLINDENSE,1050,,AO LADO DA MONTE CARLOS,AV AFONSO OLINDENSE,1050,AO LADO DA MONTE CARLOS,VÁRZEA,,SUBURBIO,COLISÃO TRASEIRA,COLISÃO SEM VITIMAS,3,,,,,,,,,0,,Longo da via,Bom,Não existe,Perfeito estado,Seca,Perfeito estado,,Não há placas,40 km/h,Dupla,Faixa contínua,,
2019-09-24,08:21:00,COM VÍTIMA,FINALIZADA,ILHA JOANA BEZERRA,VDO PAPA JOAO PAULO II,,,SOBRE O VIADUTO JOANA BEZERRA,VDO PAPA JOAO PAULO II,,SOBRE O VIADUTO JOANA BEZERRA,ILHA JOANA BEZERRA,,SUBURBIO,TOMBAMENTO,A MOTOCICLETA FOI ATINGIDA PELA CARGA QUE ESTAVA NO OUTRO VEÍCULO,,1,,,,,,,,1,,Viaduto,Bom,Não existe,Perfeito estado,Seca,Perfeito estado,Não existe,Não há placas,,Dupla,Faixa seccionada,,
2019-09-24,08:22:00,SEM VÍTIMA,FINALIZADA,ARRUDA,AV BEBERIBE,,,BOMPREÇO,AV BEBERIBE,,BOMPREÇO,ARRUDA,,SUBURBIO,ABALROAMENTO TRANSVERSAL,SEM VITIMAS,1,1,,,,,,,,0,,Longo da via,Bom,Não existe,Perfeito estado,Seca,Perfeito estado,Não existe,Outras,60 km/h,Dupla,Faixa contínua,,
2019-09-24,08:28:00,SEM VÍTIMA,CANCELADA,BOA VIAGEM,RUA MINISTRO NELSON HUNGRIA,334,,EM FRENTE A HOSPEDARIA GEBEL,RUA MINISTRO NELSON HUNGRIA,334,EM FRENTE A HOSPEDARIA GEBEL,BOA VIAGEM,,,COLISÃO,COLISÃO S/VITIMAS ENTRE DOIS AUTOS,2,,,,,,,,,0,,,,,,,,,,,,,,
2019-09-24,08:32:00,SEM VÍTIMA,FINALIZADA,ILHA DO RETIRO,RUA JOAO ELISIO RAMOS,24,,AO LADO DO ESTADIO ADELMAR DA COSTA CARVALHO ( ILHA DO RETIRO),RUA JOAO ELISIO RAMOS,24,AO LADO DO ESTADIO ADELMAR DA COSTA CARVALHO ( ILHA DO RETIRO),ILHA DO RETIRO,,,COLISÃO,COLISÃO S/VITIMA ENTRE DOIS AUTOS,2,,,,,,,,,0,,,,,,,,,,,,,,
2019-09-24,09:25:00,SEM VÍTIMA,FINALIZADA,BOA VIAGEM,AV BOA VIAGEM,4558,,EDF MARIA LEOPOLDINA,AV BOA VIAGEM,4558,EDF MARIA LEOPOLDINA,BOA VIAGEM,,CIDADE,ABALROAMENTO LONGITUDINAL,COLISÃO SEM VITIMAS,2,,,,,,,,,0,,Longo da via,Bom,Não existe,Perfeito estado,Seca,Perfeito estado,Não existe,Não há placas,60 km/h,Única,Faixa contínua,,
2019-09-24,09:29:00,SEM VÍTIMA,FINALIZADA,IMBIRIBEIRA,AV MARECHAL MASCARENHAS DE MORAES,,,EM FRENTE A USF CAFESÓPOLIS,AV MARECHAL MASCARENHAS DE MORAES,,EM FRENTE A USF CAFESÓPOLIS,IMBIRIBEIRA,288,CIDADE,COLISÃO TRASEIRA,COLISÃO S/VITIMA ENTRE UMA AMBULANCIA E UM AUTO,1,,,,,1,,,1,0,,Longo da via,Bom,Sem defeito,Perfeito estado,Seca,Perfeito estado,Faixa de pedestre,R-6a,,Dupla,Canteiro central,,
2019-09-24,09:44:00,SEM VÍTIMA,FINALIZADA,MADALENA,RUA SPORT CLUBE DO RECIFE,,,EM FRENTE AO Nº 98,RUA SPORT CLUBE DO RECIFE,,EM FRENTE AO Nº 98,MADALENA,,SUBURBIO,ABALROAMENTO LONGITUDINAL,,1,1,,,,,,,,0,,Longo da via,Bom,Sem defeito,,Seca,Perfeito estado,Agente,Não há placas,40 km/h,Dupla,Canteiro central,,
2019-09-24,10:18:00,SEM VÍTIMA,CANCELADA,BOA VIAGEM,RUA PEDRO BERGAMO,278,AV ENGENHEIRO DOMINGOS FERREIRA,RUA DA IMOBILIARIA MORADA SOL,RUA PEDRO BERGAMO,278,RUA DA IMOBILIARIA MORADA SOL,BOA VIAGEM,,,COLISÃO,SEM VITIMAS,2,,,,,,,,,0,,,,,,,,,,,,,,
2019-09-24,10:47:00,SEM VÍTIMA,FINALIZADA,AREIAS,AV DR JOSE RUFINO,,,EM FRENTE AO POSTO DE GASOLINA SHELL,AV DR JOSE RUFINO,,EM FRENTE AO POSTO DE GASOLINA SHELL,AREIAS,44,SUBURBIO,COLISÃO TRASEIRA,COLISÃO SEM VITIMAS,,1,,,,,,,2,0,,Longo da via,Bom,Sem defeito,Perfeito estado,Seca,Perfeito estado,Faixa de retenção,Não há placas,,Dupla,Faixa contínua,,
2019-09-24,11:06:00,SEM VÍTIMA,FINALIZADA,FUNDÃO,AV BEBERIBE,,RUA CORONEL URBANO RIBEIRO DE SENA,,AV BEBERIBE,,,FUNDÃO,307,CIDADE,COLISÃO FRONTAL,COLISÃO SEM VITIMAS,1,1,,,,,,,,0,,Cruzamento,Bom,Sem defeito,Perfeito estado,Seca,Perfeito estado,Faixa de pedestre,Outras,,Dupla,Faixa seccionada,,
2019-09-24,11:30:00,COM VÍTIMA,FINALIZADA,PINA,AVENIDA CELSO FURTADO (VIA MANGUE),,,SOBRE A PONTE ESTAIADA,AVENIDA CELSO FURTADO (VIA MANGUE),,SOBRE A PONTE ESTAIADA,PINA,,SUBURBIO,ABALROAMENTO LONGITUDINAL,AUTO E MOTO,1,1,,,,,,,,1,,Ponte,Bom,Não existe,Perfeito estado,Seca,Perfeito estado,Não existe,Não há placas,,Única,Faixa seccionada,,
2019-09-24,11:39:00,SEM VÍTIMA,FINALIZADA,AREIAS,RUA IPOJUCA,632,RUA RIO SOLIMOES,,RUA IPOJUCA,632,,AREIAS,,CIDADE,COLISÃO TRASEIRA,SEM VITIMAS,2,,,,,1,,,,0,,Longo da via,Bom,Não existe,Perfeito estado,Seca,Perfeito estado,Não existe,Outras,,Dupla,Não existe,,
2019-09-24,11:51:00,SEM VÍTIMA,FINALIZADA,ENCRUZILHADA,AV BEBERIBE,,RUA PROFESSOR OTAVIO DE FREITAS,,AV BEBERIBE,,,ENCRUZILHADA,,SUBURBIO,ABALROAMENTO TRANSVERSAL,COLISÃO SEM VITIMAS,2,,,,,,,,,0,,Cruzamento,Bom,Não existe,Perfeito estado,Seca,Perfeito estado,Não existe,Não há placas,60 km/h,Dupla,Faixa seccionada,,
2019-09-24,12:02:00,SEM VÍTIMA,FINALIZADA,ESPINHEIRO,RUA DR BANDEIRA FILHO,,AV GOVERNADOR AGAMENON MAGALHAES,SOBRE A PONTE,RUA DR BANDEIRA FILHO,,SOBRE A PONTE,ESPINHEIRO,173,SUBURBIO,COLISÃO TRASEIRA,COLISAO ENTRE DOIS AUTOS S/V,2,,,,,,,,,0,,Ponte,Bom,Sem defeito,Perfeito estado,Seca,Perfeito estado,Agente,Outras,,Única,Faixa seccionada,,
2019-09-24,12:25:00,SEM VÍTIMA,FINALIZADA,BOA VIAGEM,RUA BARAO DE SOUZA LEAO,577,,,RUA BARAO DE SOUZA LEAO,577,,BOA VIAGEM,,CIDADE,ABALROAMENTO LONGITUDINAL,COLISÃO SEM VITIMAS,1,,,,,1,,,,0,,Longo da via,Bom,Não existe,Perfeito estado,Seca,Perfeito estado,Não existe,Outras,,Única,Faixa seccionada,,
2019-09-24,13:36:00,SEM VÍTIMA,FINALIZADA,ESPINHEIRO,RUA BARAO DE ITAMARACA,293,,EM FRENTE AO INSTITUTO DE GESTÃO - INTG,RUA BARAO DE ITAMARACA,293,EM FRENTE AO INSTITUTO DE GESTÃO - INTG,ESPINHEIRO,,,COLISÃO,COLISÃO SEM VÍTIMA,2,,,,,,,,,0,,,,,,,,,,,,,,
2019-09-24,13:46:00,SEM VÍTIMA,FINALIZADA,ILHA DO LEITE,RUA FRANCISCO ALVES,28,AV FREI MATIAS TEVES,NEW ÓTICA,RUA FRANCISCO ALVES,28,NEW ÓTICA,ILHA DO LEITE,,SUBURBIO,ABALROAMENTO LONGITUDINAL,COLISÃO SEM VITIMAS,1,,,,,1,,,,0,,Cruzamento,Bom,Não existe,Perfeito estado,Seca,Perfeito estado,Faixa de pedestre,Placas Pare,,Única,Faixa contínua,,
2019-09-24,14:14:00,SEM VÍTIMA,FINALIZADA,VÁRZEA,RUA MARECHAL MANOEL LUIS OSORIO,447,RUA PROFESSOR ANTONIO COELHO,,RUA MARECHAL MANOEL LUIS OSORIO,447,,VÁRZEA,,SUBURBIO,ABALROAMENTO TRANSVERSAL,COLISÃO SEM VITIMAS,2,,,,,,,,,0,,Cruzamento,Bom,Não existe,Perfeito estado,Seca,Perfeito estado,Faixa de pedestre,R-1,,Dupla,Faixa contínua,,
2019-09-24,14:39:00,SEM VÍTIMA,FINALIZADA,BOA VIAGEM,RUA PADRE CARAPUCEIRO,,RUA DOS NAVEGANTES,,RUA PADRE CARAPUCEIRO,,,BOA VIAGEM,,SUBURBIO,COLISÃO TRASEIRA,COLISÃO SEM VÍTIMA,2,,,,,,,,,0,,Longo da via,Bom,Sem defeito,Perfeito estado,Seca,Perfeito estado,Não existe,Não há placas,,Única,Faixa seccionada,,
2019-09-24,14:53:00,SEM VÍTIMA,FINALIZADA,ESTÂNCIA,RUA HAVAI,49,,,RUA HAVAI,49,,ESTÂNCIA,,CIDADE,COLISÃO FRONTAL,COLISAO ENTRE TAXI E MOTO S/V,1,1,,,,,,,,0,,Longo da via,Bom,Não existe,Não existente,Seca,Perfeito estado,Não existe,Não há placas,,Dupla,Não existe,,
2019-09-24,15:15:00,SEM VÍTIMA,FINALIZADA,SANTO AMARO,AV NORTE,,,,AV NORTE,,,SANTO AMARO,397,SUBURBIO,COLISÃO TRASEIRA,COLISÃO SEM VÍTIMA,2,,,,,,,,,0,,Longo da via,Bom,Sem defeito,Perfeito estado,Seca,Perfeito estado,Faixa de pedestre,Não há placas,60 km/h,,Faixa seccionada,,
2019-09-24,15:21:00,COM VÍTIMA,FINALIZADA,VÁRZEA,RUA MARECHAL MANOEL LUIS OSORIO,85,,E/F AO HAPVIDA CAXANGÁ,RUA MARECHAL MANOEL LUIS OSORIO,85,E/F AO HAPVIDA CAXANGÁ,VÁRZEA,,SUBURBIO,ABALROAMENTO TRANSVERSAL,COLISAO ENTRE DOIS AUTOS E UMA MOTO COM UMA VITIMA,2,1,,,,,,,,1,,Longo da via,Bom,Não existe,Perfeito estado,Seca,Perfeito estado,Não existe,R-6a,,Dupla,Não existe,,
2019-09-24,15:29:00,SEM VÍTIMA,FINALIZADA,DERBY,AV MONTEVIDEU,172,,EM FRENTE AO Nº 172,AV MONTEVIDEU,172,EM FRENTE AO Nº 172,DERBY,,CIDADE,COLISÃO TRASEIRA,COLISÃO SEM VITIMAS,1,1,,,,,,,,0,,Longo da via,Bom,Não existe,Perfeito estado,Seca,Perfeito estado,Não existe,Outras,,Única,Faixa seccionada,,
2019-09-24,23:26:00,SEM VÍTIMA,FINALIZADA,BOA VISTA,PRC PARQUE AMORIM,34,,SUPERMERCADO WALMART,PRC PARQUE AMORIM,34,SUPERMERCADO WALMART,BOA VISTA,173,SUBURBIO,ABALROAMENTO LONGITUDINAL,DOIS AUTOS SEM VÍTIMAS,2,,,,,,,,,0,,Longo da via,Bom,Sem defeito,Não existente,Seca,Perfeito estado,Faixa de pedestre,Não há placas,,Única,Não existe,,
2019-09-24,15:47:00,SEM VÍTIMA,FINALIZADA,CABANGA,AV SUL,,,RUA ITABIRA / EM FRENTE AO PREDIO NEXEL,AV SUL,,RUA ITABIRA / EM FRENTE AO PREDIO NEXEL,CABANGA,,CIDADE,ABALROAMENTO LONGITUDINAL,COLISÃO SEM VITIMAS,2,,,,,,,,,0,,Longo da via,Bom,Sem defeito,Perfeito estado,Seca,Perfeito estado,Não existe,Não há placas,,Dupla,Canteiro central,,
2019-09-24,15:50:00,COM VÍTIMA,FINALIZADA,CABANGA,AV SUL,209,RUA ITAPIRA,EM FRENTE A EMPRESA PORTELA,AV SUL,209,EM FRENTE A EMPRESA PORTELA,CABANGA,,CIDADE,COLISÃO TRASEIRA,AUTO E MOTO,1,1,,,,,,,,1,,Longo da via,Bom,Sem defeito,Perfeito estado,Seca,Perfeito estado,Não existe,Não há placas,,Única,Faixa seccionada,,
2019-09-24,16:10:00,SEM VÍTIMA,FINALIZADA,SANTO AMARO,AV CRUZ CABUGA,,,EM FRENTE AO TACARUNA  JUNTO DO MUDO CLUB CISNES,AV CRUZ CABUGA,,EM FRENTE AO TACARUNA  JUNTO DO MUDO CLUB CISNES,SANTO AMARO,,,COLISÃO,COLISÃO SEM VITIMAS,1,,,,,,,,1,0,,,,,,,,,,,,,,
2019-09-24,17:32:00,SEM VÍTIMA,FINALIZADA,AREIAS,AV DR JOSE RUFINO,1301,,SUPERMERCADO ARCO MIX,AV DR JOSE RUFINO,1301,SUPERMERCADO ARCO MIX,AREIAS,,CIDADE,ABALROAMENTO LONGITUDINAL,COLISÃO SEM VITIMAS,1,,,,,1,,,,0,,Longo da via,Bom,Não existe,Perfeito estado,Seca,Perfeito estado,Não existe,Outras,,Dupla,Faixa contínua,,
2019-09-24,17:57:00,SEM VÍTIMA,FINALIZADA,MUSTARDINHA,RUA VINTE E UM DE ABRIL,929,AV MANOEL GONCALVES DA LUZ,,RUA VINTE E UM DE ABRIL,929,,MUSTARDINHA,245,SUBURBIO,ABALROAMENTO LONGITUDINAL,COLISAO ENTRE ONIBUS E AUTO S/V,1,,,,,1,,,,0,,Cruzamento,Bom,Sem defeito,Incompleta,Seca,Perfeito estado,Não existe,R-6a,30 km/h,Dupla,Faixa contínua,,
2019-09-24,18:24:00,SEM VÍTIMA,FINALIZADA,ESTÂNCIA,AV RECIFE,,,EM FRENTE AO Nº 272,AV RECIFE,,EM FRENTE AO Nº 272,ESTÂNCIA,,SUBURBIO,ABALROAMENTO LONGITUDINAL,COLISAO SEM VITIMAS,1,,,,,,1,,,0,,Longo da via,Bom,Não existe,Perfeito estado,Seca,Perfeito estado,Não existe,Não há placas,,Dupla,Faixa seccionada,,