data,hora,natureza_acidente,situacao,bairro,endereco,numero,detalhe_endereco_acidente,complemento,endereco_cruzamento,numero_cruzamento,referencia_cruzamento,bairro_cruzamento,num_semaforo,sentido_via,tipo,descricao,auto,moto,ciclom,ciclista,pedestre,onibus,caminhao,viatura,outros,vitimas,vitimasfatais,acidente_verificado,tempo_clima,situacao_semaforo,sinalizacao,condicao_via,conservacao_via,ponto_controle,situacao_placa,velocidade_max_via,mao_direcao,divisao_via1,divisao_via2,divisao_via3
2019-09-24,18:25:00,SEM VÍTIMA,FINALIZADA,PINA,AV ANTONIO DE GOES,,AV CONSELHEIRO AGUIAR,EM FRENTE A CASA DA BATERIA,AV ANTONIO DE GOES,,EM FRENTE A CASA DA BATERIA,PINA,226,CIDADE,ABALROAMENTO LONGITUDINAL,ONIBUS X AUTO PASSEIO S/V,1,,,,,1,,,,0,,,Bom,Sem defeito,Perfeito estado,Seca,Perfeito estado,Faixa de pedestre,,,,,,
2019-09-24,18:35:00,COM VÍTIMA,FINALIZADA,SANTO AMARO,AV GOVERNADOR AGAMENON MAGALHAES,,RUA ODORICO MENDES,E/F A CENTRAL DE FLAGRANTES,AV GOVERNADOR AGAMENON MAGALHAES,,E/F A CENTRAL DE FLAGRANTES,SANTO AMARO,49,,COLISÃO COM CICLISTA,AUTO E BICICLETA,1,,,1,,,,,,1,,Cruzamento,Bom,Sem defeito,Perfeito estado,Seca,Perfeito estado,Faixa de retenção,Outras,60 km/h,Única,Faixa seccionada,,
2019-09-24,18:49:00,SEM VÍTIMA,FINALIZADA,CORDEIRO,AV INACIO MONTEIRO,,RUA CONS SILVEIRA DE SOUZA,,AV INACIO MONTEIRO,,,CORDEIRO,,SUBURBIO,ABALROAMENTO TRANSVERSAL,COLISAO SEM VITIMAS,2,,,,,,,,,0,,Cruzamento,Bom,Não existe,Perfeito estado,Seca,Perfeito estado,Outros,Não há placas,,Dupla,Faixa contínua,,
2019-09-24,20:30:00,COM VÍTIMA,FINALIZADA,BOA VIAGEM,RUA ERNESTO DE PAULA SANTOS,,RUA AMALIA BERNARDINO DE SOUZA,EM FRENTE AO POSTO BR,RUA ERNESTO DE PAULA SANTOS,,EM FRENTE AO POSTO BR,BOA VIAGEM,,SUBURBIO,ABALROAMENTO TRANSVERSAL,ENTRE DUAS MOTOS COM VÍTIMA,,2,,,,,,,,2,,Cruzamento,Bom,Não existe,Incompleta,Seca,Perfeito estado,Não existe,R-6a,,Única,Faixa seccionada,,
2019-09-24,21:33:00,SEM VÍTIMA,FINALIZADA,CASA AMARELA,AV NORTE,7148,,,AV NORTE,7148,,CASA AMARELA,424,CIDADE,CHOQUE OBJETO FIXO,AUTO PASSEIO X SEMÁFORO,1,,,,,,,,,0,,Longo da via,Bom,Sem defeito,Perfeito estado,Seca,Perfeito estado,Faixa de pedestre,Outras,,Dupla,Faixa seccionada,Canteiro central,
2019-09-24,21:43:00,SEM VÍTIMA,FINALIZADA,AREIAS,RUA JOSE NATARIO,,,SOB O PONTILHÃO DO METRÔ,RUA JOSE NATARIO,,SOB O PONTILHÃO DO METRÔ,AREIAS,,SUBURBIO,CHOQUE VEÍCULO PARADO,COLISAO SEM VITIMAS,2,,,,,,,,,0,,Longo da via,Bom,Não existe,Perfeito estado,Seca,Mal iluminada,Não existe,Não há placas,40 km/h,Dupla,Não existe,,
2019-09-24,23:53:00,SEM VÍTIMA,FINALIZADA,AREIAS,AV DR JOSE RUFINO,,,,AV DR JOSE RUFINO,,,AREIAS,44,SUBURBIO,COLISÃO TRASEIRA,ENTRE DOIS AUTO S/V,2,,,,,,,,,0,,Longo da via,Bom,Sem defeito,Perfeito estado,Seca,Perfeito estado,Faixa de pedestre,Outras,,Dupla,Faixa contínua,Faixa seccionada,
2019-09-25,06:45:00,SEM VÍTIMA,FINALIZADA,IMBIRIBEIRA,AV MARECHAL MASCARENHAS DE MORAES,4651,RUA CAPITAO JOAO PONTES,JUSTIÇA DO TRABALHO,AV MARECHAL MASCARENHAS DE MORAES,4651,JUSTIÇA DO TRABALHO,IMBIRIBEIRA,471,,COLISÃO TRASEIRA,SEM VITIMAS,3,,,,,,,,,0,,Cruzamento,Bom,Sem defeito,Perfeito estado,Seca,Perfeito estado,Faixa de pedestre,Não há placas,60 km/h,Dupla,Canteiro central,,
2019-09-25,07:10:00,SEM VÍTIMA,CANCELADA,CAXANGÁ,AV CAXANGA,,,AO LADO DA UPA DA CAXANGA,AV CAXANGA,,AO LADO DA UPA DA CAXANGA,CAXANGÁ,,CIDADE,COLISÃO,COLISÃO SEM VITIMAS,,1,,,,1,,,,0,,,,,,,,,,,,,,
2019-09-25,07:46:00,COM VÍTIMA,DUPLICIDADE,MACAXEIRA,AV NORTE,,,,AV NORTE,,,MACAXEIRA,,,ENGAVETAMENTO,,4,,,,,,,,,1,,,,,,,,,,,,,,
2019-09-25,08:47:00,COM VÍTIMA,FINALIZADA,BOA VISTA,RUA DO HOSPICIO,,AV MARIO MELO,EM FRENTE AO IEP,RUA DO HOSPICIO,,EM FRENTE AO IEP,BOA VISTA,171,CIDADE,ATROPELAMENTO,ATROPELAMENTO COM UMA VITIMA.,1,,,,1,,,,,1,,Cruzamento,Bom,Sem defeito,Perfeito estado,Seca,Perfeito estado,Não existe,Outras,,Dupla,Faixa contínua,,
2019-09-25,08:57:00,COM VÍTIMA,FINALIZADA,MACAXEIRA,AV NORTE,,,PROX AORESTAURANTE BOI NORTE GRILL. LADO OPOSTO A ACADEMIA DA CIDADE.,AV NORTE,,PROX AORESTAURANTE BOI NORTE GRILL. LADO OPOSTO A ACADEMIA DA CIDADE.,MACAXEIRA,,CIDADE,COLISÃO TRASEIRA,TRÊS AUTOS E UM CAMINHÃO.,3,,,,,,1,,,1,,Longo da via,Bom,Não existe,Perfeito estado,Seca,Perfeito estado,Não existe,Não há placas,60 km/h,Dupla,Canteiro central,,
2019-09-25,09:14:00,COM VÍTIMA,FINALIZADA,BONGI,RUA SANTA EDWIRGES,295,RUA PADRE TEOFILO TWORZ,RUA DA IGREJA PRESBITERIANA DO PREDO / RUA DO CANAL,RUA SANTA EDWIRGES,295,RUA DA IGREJA PRESBITERIANA DO PREDO / RUA DO CANAL,BONGI,,CIDADE,ABALROAMENTO TRANSVERSAL,MOTO E AUTO,1,1,,,,,,,,1,,Cruzamento,Bom,Não existe,Ilegível,Seca,Mal conservada,Outros,Outras,,Única,Não existe,,
2019-09-25,09:31:00,SEM VÍTIMA,FINALIZADA,BOA VIAGEM,AV BOA VIAGEM,2820,,,AV BOA VIAGEM,2820,,BOA VIAGEM,,CIDADE,ABALROAMENTO LONGITUDINAL,COLISÃO SEM VITIMAS,1,1,,,,,,,,0,,Longo da via,Bom,Não existe,Perfeito estado,Seca,Perfeito estado,Não existe,Não há placas,60 km/h,Única,Faixa seccionada,,
2019-09-25,,SEM VÍTIMA,FINALIZADA,SANTO AMARO,AV GOVERNADOR AGAMENON MAGALHAES,,,PRÓXIMO AO POSTO BR,AV GOVERNADOR AGAMENON MAGALHAES,,PRÓXIMO AO POSTO BR,SANTO AMARO,378,SUBURBIO,ABALROAMENTO LONGITUDINAL,COLISÃO DE DOIS CARROS,2,,,,,,,,,0,,Longo da via,Bom,Sem defeito,Perfeito estado,Seca,Perfeito estado,Faixa de pedestre,Não há placas,60 km/h,Dupla,Canal,,
2019-09-25,09:57:00,COM VÍTIMA,FINALIZADA,SANTO AMARO,AV DR JAYME DA FONTE,420,,EM FRENTE A COMPESA/NO RETORNO,AV DR JAYME DA FONTE,420,EM FRENTE A COMPESA/NO RETORNO,SANTO AMARO,,SUBURBIO,ABALROAMENTO TRANSVERSAL,AUTO E MOTO. HOUVE EVASÃO DE UMA DAS PARTES ENVOLVIDAS.,1,1,,,,,,,,1,,Longo da via,Bom,Não existe,Perfeito estado,Seca,Perfeito estado,Não existe,Não há placas,,Dupla,Canteiro central,,
2019-09-25,10:01:00,SEM VÍTIMA,FINALIZADA,BOA VISTA,PRC DO DERBY,,,PRAÇA DO DERBY / NA PARADA DO BRT,PRC DO DERBY,,PRAÇA DO DERBY / NA PARADA DO BRT,BOA VISTA,,CIDADE,CHOQUE VEÍCULO PARADO,COLISÃO SEM VITIMAS,1,,,,,1,,,,0,,Longo da via,Bom,Não existe,Perfeito estado,Seca,Perfeito estado,Agente,Não há placas,30 km/h,Única,Faixa seccionada,,
2019-09-25,10:10:00,SEM VÍTIMA,FINALIZADA,BOA VIAGEM,RUA BARAO DE SOUZA LEAO,698,RUA JOSE DOMINGUES DA SILVA,FARMACIA PAGUE MENOS,RUA BARAO DE SOUZA LEAO,698,FARMACIA PAGUE MENOS,BOA VIAGEM,,,ABALROAMENTO LONGITUDINAL,DOIS AUTO,1,,,,,,,,,0,,Cruzamento,Bom,Não existe,Perfeito estado,Seca,Perfeito estado,Não existe,Placas Pare,30 km/h,Única,Faixa seccionada,,
2019-09-25,10:48:00,SEM VÍTIMA,FINALIZADA,PINA,RUA CACILDA IOLANDA PORCIUNCULA,,AV ANTONIO DE GOES,LADO OPOSTO AO CLUBE LIBANO,RUA CACILDA IOLANDA PORCIUNCULA,,LADO OPOSTO AO CLUBE LIBANO,PINA,,CIDADE,COLISÃO TRASEIRA,COLISÃO DE DOIS CARROS,2,,,,,,,,,0,,,Bom,Não existe,Perfeito estado,Seca,Perfeito estado,Não existe,Placas Pare,,Única,Faixa seccionada,,
2019-09-25,11:15:00,SEM VÍTIMA,FINALIZADA,AFOGADOS,RUA SAO MIGUEL,1130,RUA PEDRO CABRAL DE OLIVEIRA,,RUA SAO MIGUEL,1130,,AFOGADOS,,CIDADE,ABALROAMENTO TRANSVERSAL,ONIBUS E AUTO,1,,,,,1,,,,0,,Cruzamento,Bom,Não existe,Perfeito estado,Seca,Perfeito estado,Não existe,R-6a,,Única,Faixa contínua,Faixa seccionada,
2019-09-25,11:21:00,COM VÍTIMA,FINALIZADA,AFOGADOS,PTE DO MOTOCOLOMBO,,,SOBRE A PONTE.,PTE DO MOTOCOLOMBO,,SOBRE A PONTE.,AFOGADOS,,CIDADE,COLISÃO TRASEIRA,COLISAO ENTRE CAMINHÃO E DUAS MOTOS,,2,,,,,1,,,2,,Ponte,Bom,Sem defeito,Perfeito estado,Seca,Perfeito estado,Outros,Outras,60 km/h,Única,Canteiro central,,
2019-09-25,11:36:00,SEM VÍTIMA,FINALIZADA,JORDÃO,AV MARIA IRENE,1542,,EDF. JAIME RAMALHO,AV MARIA IRENE,1542,EDF. JAIME RAMALHO,JORDÃO,,SUBURBIO,COLISÃO TRASEIRA,COLISÃO DE UMA KOMB E UM CARRO,2,,,,,,,,,0,,Longo da via,Bom,Não existe,Incompleta,Seca,Perfeito estado,Não existe,Não há placas,40 km/h,Dupla,Não existe,,
2019-09-25,11:41:00,SEM VÍTIMA,CANCELADA,TORRE,RUA REAL DA TORRE,,RUA CONDE DE IRAJA,AO LADO DO SUPERMERCADO EXTRA BOM,RUA REAL DA TORRE,,AO LADO DO SUPERMERCADO EXTRA BOM,TORRE,,,COLISÃO,COLISÃO SEM VITMAS,2,,,,,,,,,0,,,,,,,,,,,,,,
2019-09-25,11:47:00,SEM VÍTIMA,CANCELADA,BOA VIAGEM,AV CONSELHEIRO AGUIAR,,,EM FRENTE A GALERIA CENTER SUL,AV CONSELHEIRO AGUIAR,,EM FRENTE A GALERIA CENTER SUL,BOA VIAGEM,,,COLISÃO,COLISÃO SEM VITIMAS,2,,,,,,,,,0,,,,,,,,,,,,,,
2019-09-25,1049592:00:00,SEM VÍTIMA,FINALIZADA,BOA VIAGEM,RUA PADRE CARAPUCEIRO,,RUA DOS NAVEGANTES,,RUA PADRE CARAPUCEIRO,,,BOA VIAGEM,,SUBURBIO,ABALROAMENTO LONGITUDINAL,COLISAO ENTRE DOIS AUTOS S/V,2,,,,,,,,,0,,Longo da via,Bom,Sem defeito,Perfeito estado,Seca,Perfeito estado,Não existe,Não há placas,,Única,Não existe,,
2019-09-25,12:30:00,SEM VÍTIMA,FINALIZADA,ESPINHEIRO,RUA DA HORA,248,,LADO OPOSTO A LOTERIA DO ESPINHEIRO,RUA DA HORA,248,LADO OPOSTO A LOTERIA DO ESPINHEIRO,ESPINHEIRO,,,CHOQUE VEÍCULO PARADO,COLISAO ENTRE MOTO E AUTO S/V,1,1,,,,,,,,0,,Longo da via,Bom,Sem defeito,Perfeito estado,Seca,Perfeito estado,Faixa de pedestre,R-6a,,Única,Faixa seccionada,,
2019-09-25,12:46:00,SEM VÍTIMA,FINALIZADA,AREIAS,AV DR JOSE RUFINO,841,,EMLURB,AV DR JOSE RUFINO,841,EMLURB,AREIAS,,CIDADE,ABALROAMENTO LONGITUDINAL,COLISAO ENTRE CAMINHAO E ONIBUS S/V,,,,,,1,1,,,0,,Longo da via,Bom,Não existe,Perfeito estado,Seca,Perfeito estado,Faixa de pedestre,R-6a,,Dupla,Faixa seccionada,,
2019-09-25,12:56:00,SEM VÍTIMA,FINALIZADA,BOA VIAGEM,AV ENGENHEIRO DOMINGOS FERREIRA,,,E/F A DROGARIA SAO PAULO,AV ENGENHEIRO DOMINGOS FERREIRA,,E/F A DROGARIA SAO PAULO,BOA VIAGEM,,,COLISÃO TRASEIRA,COLISAO ENTRE DOIS AUTOS S/V,2,,,,,,,,,0,,Longo da via,Bom,Não existe,Perfeito estado,Seca,Perfeito estado,Não existe,Outras,,Dupla,Faixa seccionada,Canteiro central,
2019-09-25,13:04:00,SEM VÍTIMA,FINALIZADA,JORDÃO,RUA ALBERTO LUNDGREN,,RUA DR ALVARO FERRAZ,,RUA ALBERTO LUNDGREN,,,JORDÃO,,SUBURBIO,ABALROAMENTO LONGITUDINAL,COLISAO ENTRE AUTO E CAMINHAO S/V,1,,,,,,1,,,0,,,Bom,Não existe,Perfeito estado,Seca,Perfeito estado,,Placas Pare,40 km/h,Dupla,Não existe,,
2019-09-25,15:30:00,SEM VÍTIMA,FINALIZADA,IMBIRIBEIRA,AV PRESIDENTE DUTRA,,,NA DESCIDA DO VIADUTO TANCREDO NEVES SENTIDO BR 101,AV PRESIDENTE DUTRA,,NA DESCIDA DO VIADUTO TANCREDO NEVES SENTIDO BR 101,IMBIRIBEIRA,,SUBURBIO,COLISÃO TRASEIRA,COLISÃO SEM VÍTIMA,2,,,,,,,,,0,,Longo da via,Bom,Não existe,Perfeito estado,Seca,Perfeito estado,Não existe,Não há placas,60 km/h,Dupla,Canteiro central,,
2019-09-25,15:31:00,SEM VÍTIMA,FINALIZADA,AREIAS,AV DR JOSE RUFINO,514,,,AV DR JOSE RUFINO,514,,AREIAS,,,ABALROAMENTO LONGITUDINAL,COLISÃO SEM VÍTIMA,1,,,,,,,,,0,,Longo da via,Bom,Não existe,Ilegível,Molhada,Mal conservada,Não existe,R-6a,,Dupla,Não existe,,
2019-09-25,15:44:00,SEM VÍTIMA,FINALIZADA,DERBY,PTE ESTACIO COIMBRA,,,SOBRE A PONTE ESTÁCIO COIMBRA,PTE ESTACIO COIMBRA,,SOBRE A PONTE ESTÁCIO COIMBRA,DERBY,,,CHOQUE VEÍCULO PARADO,COLISÃO SEM VITIMA,3,,,,,,,,,0,,Ponte,Bom,Não existe,Perfeito estado,Seca,Perfeito estado,Não existe,Não há placas,,Dupla,Faixa seccionada,Blocos,
2019-09-25,15:46:00,COM VÍTIMA,FINALIZADA,IMBIRIBEIRA,AV MARECHAL MASCARENHAS DE MORAES,4080,,LADO OPOSTO A VENEZA MATERIAL DE CONSTRUÇÃO.,AV MARECHAL MASCARENHAS DE MORAES,4080,LADO OPOSTO A VENEZA MATERIAL DE CONSTRUÇÃO.,IMBIRIBEIRA,310,SUBURBIO,ABALROAMENTO TRANSVERSAL,COLISAO ENTRE AUTO E MOTO COM UMA VITIMA,1,1,,,,,,,,1,,Longo da via,Bom,Sem defeito,Perfeito estado,Seca,Perfeito estado,Outros,R-6a,,Dupla,Faixa seccionada,Canteiro central,
2019-09-25,15:53:00,SEM VÍTIMA,FINALIZADA,PAISSANDU,VIADUTO CAPITAO TEMUDO,,,SENTIDO OLINDA / BOA VIAGEM,VIADUTO CAPITAO TEMUDO,,SENTIDO OLINDA / BOA VIAGEM,PAISSANDU,,,COLISÃO TRASEIRA,COLISÃO SEM VÍTIMA,2,,,,,,,,,0,,Viaduto,Bom,Não existe,,Seca,Perfeito estado,,Não há placas,60 km/h,Dupla,Canteiro central,,
2019-09-25,16:38:00,SEM VÍTIMA,FINALIZADA,JARDIM SÃO PAULO,RUA LEANDRO BARRETO,,RUA LORENA,,RUA LEANDRO BARRETO,,,JARDIM SÃO PAULO,,SUBURBIO,ABALROAMENTO TRANSVERSAL,COLISAO ENTRE DOIS AUTOS S/V,2,,,,,,,,,0,,Cruzamento,Bom,Não existe,Não existente,Seca,Perfeito estado,Não existe,Não há placas,30 km/h,,,,
2019-09-25,17:40:00,SEM VÍTIMA,FINALIZADA,SANTO ANTÔNIO,AV DOM PEDRO I - IMPERADOR,,PRC DA REPUBLICA,DE ESQUINA AO TRIBUNAL DE JUSTIÇA,AV DOM PEDRO I - IMPERADOR,,DE ESQUINA AO TRIBUNAL DE JUSTIÇA,SANTO ANTÔNIO,,,COLISÃO,COLISÃO SEM VITIMA,1,1,,,,,,,,0,,,,,,,,,,,,,,
2019-09-25,18:18:00,SEM VÍTIMA,FINALIZADA,AREIAS,AV DR JOSE RUFINO,,,LADO OPOSTO AO CENTRO DE TREINAMENTO HONDA,AV DR JOSE RUFINO,,LADO OPOSTO AO CENTRO DE TREINAMENTO HONDA,AREIAS,,,COLISÃO TRASEIRA,ENTRE 3 AUTOS. S/V,3,,,,,,,,,0,,Longo da via,Bom,Não existe,Perfeito estado,Seca,Perfeito estado,Não existe,Outras,50 km/h,Dupla,Faixa contínua,Faixa seccionada,
2019-09-25,19:20:00,SEM VÍTIMA,FINALIZADA,GRAÇAS,RUA ALBERTO PAIVA,,,AO LADO DO COLÉGIO MARISTA,RUA ALBERTO PAIVA,,AO LADO DO COLÉGIO MARISTA,GRAÇAS,,,CHOQUE VEÍCULO PARADO,ENTRE 2 AUTOS. S/V,2,,,,,,,,,0,,Longo da via,Bom,Não existe,Perfeito estado,Seca,Perfeito estado,Não existe,Placas Pare,,Única,Faixa seccionada,,
2019-09-25,19:24:00,SEM VÍTIMA,FINALIZADA,SANTO ANTÔNIO,AV MARTINS DE BARROS,,PTE BUARQUE DE MACEDO,PONTE BUARQUE DE MACEDO,AV MARTINS DE BARROS,,PONTE BUARQUE DE MACEDO,SANTO ANTÔNIO,164,,ABALROAMENTO LONGITUDINAL,ÕNIBUS X AUTO PASSEIO. S/V,1,,,,,1,,,,0,,Ponte,Bom,Sem defeito,Perfeito estado,Seca,Perfeito estado,Faixa de pedestre,Não há placas,,Única,Faixa contínua,Faixa seccionada,
2019-09-25,19:33:00,SEM VÍTIMA,FINALIZADA,DERBY,AV GOVERNADOR AGAMENON MAGALHAES,107,,EM FRENTE AO HAPVIDA,AV GOVERNADOR AGAMENON MAGALHAES,107,EM FRENTE AO HAPVIDA,DERBY,,,ABALROAMENTO TRANSVERSAL,ÕNIBUS X AUTO PASSEIO. S/V,1,,,,,1,,,,0,,Longo da via,Bom,Não existe,Perfeito estado,Seca,Perfeito estado,Não existe,Não há placas,,Dupla,Faixa seccionada,Canteiro central,
2019-09-25,20:01:00,SEM VÍTIMA,FINALIZADA,ESPINHEIRO,RUA CONS PORTELA,,RUA QUARENTA E OITO,,RUA CONS PORTELA,,,ESPINHEIRO,11,CIDADE,ABALROAMENTO LONGITUDINAL,ENTRE 2 AUTOS. S/V,2,,,,,,,,,0,,Cruzamento,Bom,Sem defeito,Perfeito estado,Seca,Perfeito estado,Faixa de pedestre,Outras,,Única,Faixa seccionada,,
2019-09-25,20:50:00,COM VÍTIMA,FINALIZADA,ARRUDA,RUA MEM DE SA,234,,E/F A COCA COLA,RUA MEM DE SA,234,E/F A COCA COLA,ARRUDA,,CIDADE,ABALROAMENTO LONGITUDINAL,AUTO E MOTO.,1,1,,,,,,,,1,,Longo da via,Bom,Sem defeito,Não existente,Seca,Perfeito estado,Não existe,Não há placas,,,Não existe,,
2019-09-25,23:27:00,SEM VÍTIMA,CANCELADA,BOA VIAGEM,RUA PROFESSOR JOSE BRANDAO,,AV BOA VIAGEM,ED. MIRANTE,RUA PROFESSOR JOSE BRANDAO,,ED. MIRANTE,BOA VIAGEM,,,COLISÃO,ENTRE 2 AUTOS. S/V,2,,,,,,,,,0,,,,,,,,,,,,,,
2019-09-26,01:37:00,COM VÍTIMA,FINALIZADA,BOA VIAGEM,RUA BARAO DE SOUZA LEAO,,RUA RIO AZUL,EM FRENTE AO MERCADO TREVO,RUA BARAO DE SOUZA LEAO,,EM FRENTE AO MERCADO TREVO,BOA VIAGEM,,CIDADE,ABALROAMENTO TRANSVERSAL,COLISÃO ENTRE DOIS AUTOS  C/V.,2,,,,,,,,,1,,Cruzamento,Bom,Sem defeito,Incompleta,Seca,Perfeito estado,,Outras,,Única,Faixa seccionada,,
2019-09-26,07:15:00,SEM VÍTIMA,FINALIZADA,SANTO AMARO,AV GOVERNADOR AGAMENON MAGALHAES,2864,RUA NICARAGUA,AO LADO DO BANCO SANTANDER,AV GOVERNADOR AGAMENON MAGALHAES,2864,AO LADO DO BANCO SANTANDER,SANTO AMARO,,DERBY,COLISÃO,SEM VITMAS,3,,,,,,,,,0,,,,,,,,,,,,,,
2019-09-26,07:25:00,SEM VÍTIMA,FINALIZADA,MADALENA,RUA DEMOCRITO DE SOUZA FILHO,271,RUA ALTINHO,,RUA DEMOCRITO DE SOUZA FILHO,271,,MADALENA,,CIDADE,ABALROAMENTO LONGITUDINAL,SEM VITIMAS,1,,1,,,,,,,0,,Longo da via,Bom,Não existe,Perfeito estado,Seca,Perfeito estado,Agente,Outras,,Única,Faixa contínua,Faixa seccionada,
2019-09-26,07:30:00,SEM VÍTIMA,CANCELADA,ENCRUZILHADA,AV BEBERIBE,66,,LATERAL DA FARMACIA PAGUE MENOS,AV BEBERIBE,66,LATERAL DA FARMACIA PAGUE MENOS,ENCRUZILHADA,,SUBURBIO,COLISÃO,ONIBUS E MOTO,,1,,,,1,,,,0,,,,,,,,,,,,,,
2019-09-26,08:05:00,SEM VÍTIMA,FINALIZADA,IPUTINGA,AV CAXANGA,4617,,EM FRENTE A FIAT ITALIANA,AV CAXANGA,4617,EM FRENTE A FIAT ITALIANA,IPUTINGA,608,CIDADE,ABALROAMENTO LONGITUDINAL,SEM VITIMA/CTTU SUB INSP IRANILDO VT 20 VAI FAZER B.O,1,1,,,,,,,,0,,Longo da via,Bom,Sem defeito,Perfeito estado,Seca,Perfeito estado,Faixa de retenção,R-6a,,Dupla,Canteiro central,,
2019-09-26,08:14:00,SEM VÍTIMA,FINALIZADA,GRAÇAS,AV RUI BARBOSA,,,AGÊNCIA SANTANDER,AV RUI BARBOSA,,AGÊNCIA SANTANDER,GRAÇAS,,CIDADE,COLISÃO TRASEIRA,DOIS AUTOS,2,,,,,,,,,0,,Longo da via,Bom,Não existe,Perfeito estado,Seca,Perfeito estado,Faixa de pedestre,Outras,,Única,Faixa seccionada,,
2019-09-26,08:18:00,COM VÍTIMA,FINALIZADA,PINA,AV ENGENHEIRO DOMINGOS FERREIRA,40,,EM FRENTE AO ARMAZEM BEIRA MAR,AV ENGENHEIRO DOMINGOS FERREIRA,40,EM FRENTE AO ARMAZEM BEIRA MAR,PINA,,SUBURBIO,ABALROAMENTO LONGITUDINAL,AUTO E MOTO,1,1,,,,,,,,1,,Longo da via,Bom,Sem defeito,Perfeito estado,Seca,Perfeito estado,Não existe,Não há placas,60 km/h,Única,Faixa contínua,,
2019-09-26,08:23:00,SEM VÍTIMA,FINALIZADA,SANCHO,AV LIBERDADE,839 A,AV PADRE IBIAPINA,EM FRENTE A FARMACIA TRIUNFO,AV LIBERDADE,839 A,EM FRENTE A FARMACIA TRIUNFO,SANCHO,,SUBURBIO,ABALROAMENTO LONGITUDINAL,SEM VITIMAS,1,,,,,1,,,,0,,Cruzamento,Bom,Não existe,Perfeito estado,Seca,Perfeito estado,,R-6a,,Dupla,Não existe,,
2019-09-26,09:08:00,SEM VÍTIMA,FINALIZADA,DERBY,PRC DO DERBY,,AV GOVERNADOR AGAMENON MAGALHAES,SOB O SEMÁFORO Nº 075,PRC DO DERBY,,SOB O SEMÁFORO Nº 075,DERBY,75,CIDADE,ABALROAMENTO LONGITUDINAL,DOIS AUTOS,2,,,,,,,,,0,,Longo da via,Bom,Sem defeito,Perfeito estado,Seca,Perfeito estado,Agente,Não há placas,,Dupla,,,
2019-09-26,09:10:00,SEM VÍTIMA,FINALIZADA,TORRÕES,AV ENGENHEIRO ABDIAS DE CARVALHO,3974,,PLANETA SHOW,AV ENGENHEIRO ABDIAS DE CARVALHO,3974,PLANETA SHOW,TORRÕES,,SUBURBIO,COLISÃO TRASEIRA,COLISÃO ENTRE DOIS CARROS,2,,,,,,,,,0,,Longo da via,Bom,Sem defeito,Perfeito estado,Seca,Perfeito estado,Não existe,Outras,,Dupla,Canteiro central,,
2019-09-26,09:46:00,SEM VÍTIMA,FINALIZADA,CASA AMARELA,AV NORTE,4997,,,AV NORTE,4997,,CASA AMARELA,,CIDADE,ABALROAMENTO LONGITUDINAL,DOIS AUTOS,2,,,,,,,,,0,,Longo da via,Bom,Não existe,Perfeito estado,Seca,Perfeito estado,Não existe,Não há placas,60 km/h,Dupla,Canteiro central,,
2019-09-26,09:52:00,SEM VÍTIMA,FINALIZADA,IMBIRIBEIRA,AV MARECHAL MASCARENHAS DE MORAES,4490,,LADO OPOSTO TRE,AV MARECHAL MASCARENHAS DE MORAES,4490,LADO OPOSTO TRE,IMBIRIBEIRA,,SUBURBIO,ABALROAMENTO LONGITUDINAL,SEM VITIMAS,1,,,,,1,,,,0,,Longo da via,Bom,Não existe,Incompleta,Seca,Mal conservada,Não existe,Não há placas,,Dupla,Canteiro central,,
2019-09-26,11:18:00,SEM VÍTIMA,FINALIZADA,IMBIRIBEIRA,AV MARECHAL MASCARENHAS DE MORAES,440,,,AV MARECHAL MASCARENHAS DE MORAES,440,,IMBIRIBEIRA,,CIDADE,ABALROAMENTO LONGITUDINAL,COLISÃO DE CARRO PARTICULAR COM CARRO FORTE,1,,,,,,,,1,0,,Longo da via,Bom,Não existe,Perfeito estado,Seca,Perfeito estado,Não existe,Não há placas,60 km/h,Dupla,Canteiro central,,
2019-09-26,11:24:00,SEM VÍTIMA,FINALIZADA,BEBERIBE,RUA URIEL DE HOLANDA,107,,,RUA URIEL DE HOLANDA,107,,BEBERIBE,,SUBURBIO,ABALROAMENTO LONGITUDINAL,ONIBUS E AUTO,1,,,,,1,,,,0,,Longo da via,Bom,Não existe,Incompleta,Seca,Perfeito estado,Não existe,Outras,30 km/h,Única,Canteiro central,,
2019-09-26,11:32:00,SEM VÍTIMA,FINALIZADA,BEBERIBE,RUA URIEL DE HOLANDA,107,,ESPOSENDE CALÇADOS,RUA URIEL DE HOLANDA,107,ESPOSENDE CALÇADOS,BEBERIBE,,CIDADE,ABALROAMENTO LONGITUDINAL,COLISÃO DE UM CARRO E UM ÔNIBUS,1,,,,,1,,,,0,,Longo da via,Bom,Não existe,Perfeito estado,Seca,Perfeito estado,Outros,Não há placas,,Dupla,Canteiro central,,