data,hora,natureza_acidente,situacao,bairro,endereco,numero,detalhe_endereco_acidente,complemento,endereco_cruzamento,numero_cruzamento,referencia_cruzamento,bairro_cruzamento,num_semaforo,sentido_via,tipo,descricao,auto,moto,ciclom,ciclista,pedestre,onibus,caminhao,viatura,outros,vitimas,vitimasfatais,acidente_verificado,tempo_clima,situacao_semaforo,sinalizacao,condicao_via,conservacao_via,ponto_controle,situacao_placa,velocidade_max_via,mao_direcao,divisao_via1,divisao_via2,divisao_via3
2019-10-01,12:57:00,SEM VÍTIMA,FINALIZADA,BOA VIAGEM,RUA PADRE BERNADINO PESSOA,,,AO LADO DA PAMESA,RUA PADRE BERNADINO PESSOA,,AO LADO DA PAMESA,BOA VIAGEM,144,,COLISÃO TRASEIRA,COLISÃO SEM VITIMAS,2,,,,,,,,,0,,Longo da via,Bom,Sem defeito,Perfeito estado,Seca,Perfeito estado,Não existe,R-6a,40 km/h,Única,Não existe,,
2019-10-01,13:04:00,SEM VÍTIMA,FINALIZADA,ESTÂNCIA,AV RECIFE,408,,EM FRENTE AO MAKRO,AV RECIFE,408,EM FRENTE AO MAKRO,ESTÂNCIA,,CIDADE,COLISÃO TRASEIRA,COLISAO ENTRE TRES AUTOS S/V,3,,,,,,,,,0,,Longo da via,Bom,Não existe,Perfeito estado,Seca,Perfeito estado,Não existe,Não há placas,,Dupla,Canteiro central,,
2019-10-01,13:36:00,COM VÍTIMA,FINALIZADA,JARDIM SÃO PAULO,RUA JOSE NATARIO,52,,EM FRENTE A PREVIDENCIA SOCIAL E AO LADO DA IGREJA PRESBITERIANA.,RUA JOSE NATARIO,52,EM FRENTE A PREVIDENCIA SOCIAL E AO LADO DA IGREJA PRESBITERIANA.,JARDIM SÃO PAULO,,SUBURBIO,COLISÃO,CAMINHÃO E CARROÇA,,,,,,,1,,1,1,,Longo da via,Bom,Sem defeito,Perfeito estado,Seca,Perfeito estado,Outros,Outras,50 km/h,Única,Faixa seccionada,,
2019-10-01,13:49:00,SEM VÍTIMA,FINALIZADA,BOA VIAGEM,AV ENGENHEIRO DOMINGOS FERREIRA,1818,,PRÓXIMO AO EXTRA SUPERMERCADO,AV ENGENHEIRO DOMINGOS FERREIRA,1818,PRÓXIMO AO EXTRA SUPERMERCADO,BOA VIAGEM,297,,COLISÃO TRASEIRA,COLISÃO SEM VITIMAS,3,,,,,,,,,0,,,Bom,Sem defeito,Perfeito estado,Seca,Perfeito estado,Faixa de pedestre,Não há placas,60 km/h,Única,Faixa seccionada,,
2019-10-01,14:06:00,SEM VÍTIMA,CANCELADA,ENCRUZILHADA,AV BEBERIBE,570,,E/F AO PADEIRÃO,AV BEBERIBE,570,E/F AO PADEIRÃO,ENCRUZILHADA,,,COLISÃO,COLISAO ENTRE DOIS AUTOS S/V,2,,,,,,,,,0,,,,,,,,,,,,,,
2019-10-01,14:10:00,SEM VÍTIMA,FINALIZADA,AFOGADOS,RUA VINTE E UM DE ABRIL,482,,PROX AO CLUBE FERROVIARIO,RUA VINTE E UM DE ABRIL,482,PROX AO CLUBE FERROVIARIO,AFOGADOS,,,COLISÃO,COLISAO ENTRE AUTO E TAXI S/V,2,,,,,,,,,0,,,,,,,,,,,,,,
2019-10-01,14:15:00,SEM VÍTIMA,FINALIZADA,ROSARINHO,RUA TREZE DE JUNHO,,,EM FRENTE AO SEMÁFORO 456,RUA TREZE DE JUNHO,,EM FRENTE AO SEMÁFORO 456,ROSARINHO,456,,ABALROAMENTO LONGITUDINAL,COLISÃO SEM VÍTIMA,1,1,,,,,,,,0,,Longo da via,Bom,Sem defeito,Perfeito estado,Molhada,Perfeito estado,Faixa de pedestre,Não há placas,,Única,Não existe,,
2019-10-01,14:25:00,SEM VÍTIMA,FINALIZADA,ESPINHEIRO,RUA DO ESPINHEIRO,119,,LADO OPOSTO AO HAPVIDA RECIFE,RUA DO ESPINHEIRO,119,LADO OPOSTO AO HAPVIDA RECIFE,ESPINHEIRO,,,ABALROAMENTO LONGITUDINAL,COLISAO ENTRE DOIS AUTOS SV,1,,,,,,,,1,0,,Longo da via,Bom,Não existe,Perfeito estado,Seca,Perfeito estado,Não existe,R-6a,,Única,Faixa seccionada,,
2019-10-01,14:50:00,SEM VÍTIMA,FINALIZADA,IPSEP,RUA JEAN EMILE FAVRE,862,,SUPERMERCADO ARCO MIX,RUA JEAN EMILE FAVRE,862,SUPERMERCADO ARCO MIX,IPSEP,,SUBURBIO,ABALROAMENTO LONGITUDINAL,COLISÃO SEM VITIMA,2,,,,,,,,,0,,Longo da via,Bom,Não existe,Perfeito estado,Seca,Perfeito estado,Não existe,R-6a,,Dupla,Faixa contínua,,
2019-10-01,15:28:00,SEM VÍTIMA,FINALIZADA,IPSEP,RUA ADERBAL DE MELO,611,RUA PADRE LIMA E SA,,RUA ADERBAL DE MELO,611,,IPSEP,,,ABALROAMENTO TRANSVERSAL,COLISÃO SEM VITIMA,2,,,,,,,,,0,,Cruzamento,Bom,Não existe,Incompleta,Seca,Perfeito estado,Faixa de retenção,,,Dupla,Não existe,,
2019-10-01,16:17:00,SEM VÍTIMA,FINALIZADA,SANTO AMARO,AV CRUZ CABUGA,,,AO LADO DA PRAÇA GEN. CARLOS PINTO,AV CRUZ CABUGA,,AO LADO DA PRAÇA GEN. CARLOS PINTO,SANTO AMARO,202,CIDADE,COLISÃO TRASEIRA,COLISAO ENTRE AUTO E MOTO S/V,1,1,,,,,,,,0,,,Bom,Sem defeito,Perfeito estado,Seca,Perfeito estado,Faixa de pedestre,R-6a,,Única,Faixa contínua,,
2019-10-01,16:49:00,COM VÍTIMA,FINALIZADA,ROSARINHO,RUA TELES JUNIOR,,AV SANTOS DUMONT,EM FRENTE A EXTRAFARMA,RUA TELES JUNIOR,,EM FRENTE A EXTRAFARMA,ROSARINHO,,,ABALROAMENTO LONGITUDINAL,COLISÃO COM VÍTIMA,1,1,,,,,,,,2,,Cruzamento,Bom,Não existe,Perfeito estado,Seca,Perfeito estado,Não existe,R-6a,,Única,Não existe,,
2019-10-01,17:59:00,SEM VÍTIMA,CANCELADA,JORDÃO,AV MARIA IRENE,,,E/F A PRAÇA DO JORDÃO / NA SUBIDA DA LADEIRA DE JORDÃO ALTO,AV MARIA IRENE,,E/F A PRAÇA DO JORDÃO / NA SUBIDA DA LADEIRA DE JORDÃO ALTO,JORDÃO,,,COLISÃO,ENTRE AUTO E ÕNIBUS. S/V,1,,,,,1,,,,0,,,,,,,,,,,,,,
2019-10-01,18:18:00,COM VÍTIMA,FINALIZADA,VÁRZEA,RUA BARAO DE MURIBECA,115,,ESCOLA MUNICIPAL DE ARTES JOÃO PERNAMBUCO.,RUA BARAO DE MURIBECA,115,ESCOLA MUNICIPAL DE ARTES JOÃO PERNAMBUCO.,VÁRZEA,,,ATROPELAMENTO,MOTO E PEDESTRE.,,1,,,1,,,,,1,,Longo da via,Bom,Não existe,Perfeito estado,Seca,Perfeito estado,Não existe,Não há placas,,Dupla,Faixa seccionada,,
2019-10-01,18:23:00,COM VÍTIMA,FINALIZADA,IPSEP,AV RECIFE,,,LADO OPOSTO AO MARTELINHO DE OURO,AV RECIFE,,LADO OPOSTO AO MARTELINHO DE OURO,IPSEP,,SUBURBIO,ABALROAMENTO LONGITUDINAL,MOTO X 2 AUTO,2,1,,,,,,,,1,,Longo da via,Bom,Sem defeito,Perfeito estado,Seca,Perfeito estado,Outros,Outras,60 km/h,Dupla,Canteiro central,,
2019-10-01,18:30:00,SEM VÍTIMA,FINALIZADA,BOA VIAGEM,AV ENGENHEIRO DOMINGOS FERREIRA,2200,,APÓS O BANCO DO BRASIL,AV ENGENHEIRO DOMINGOS FERREIRA,2200,APÓS O BANCO DO BRASIL,BOA VIAGEM,,SUBURBIO,COLISÃO TRASEIRA,EMTRE AUTO E MOTO. S/V,1,1,,,,,,,,0,,Longo da via,Bom,Não existe,Perfeito estado,Seca,Perfeito estado,Não existe,Outras,,Única,Canteiro central,,
2019-10-01,18:34:00,COM VÍTIMA,FINALIZADA,BAIRRO DO RECIFE,C SANTA RITA,,,AO LADO OPOSTO AO GALPAO AGEMAR,C SANTA RITA,,AO LADO OPOSTO AO GALPAO AGEMAR,BAIRRO DO RECIFE,76,CIDADE,TOMBAMENTO,MOTOQUEIRO DERRAPOU NA JUNÇAO DA PISTA COM A LINHA DO TREM,,1,,,,,,,,1,,Longo da via,Bom,Sem defeito,Perfeito estado,Seca,Perfeito estado,Não existe,Não há placas,60 km/h,Dupla,Canteiro central,,
2019-10-01,19:44:00,SEM VÍTIMA,FINALIZADA,IMBIRIBEIRA,AV MARECHAL MASCARENHAS DE MORAES,,,EM FRENTE A UNIBRATEC,AV MARECHAL MASCARENHAS DE MORAES,,EM FRENTE A UNIBRATEC,IMBIRIBEIRA,,CIDADE,COLISÃO TRASEIRA,PRISMA X RENAULT,2,,,,,,,,,0,,Longo da via,Bom,Sem defeito,Perfeito estado,Seca,Perfeito estado,Não existe,Não há placas,60 km/h,Dupla,Faixa seccionada,Canteiro central,
2019-10-01,19:49:00,SEM VÍTIMA,FINALIZADA,BARRO,RUA AMADOR ARAUJO,525,RUA DA ESPERANCA,,RUA AMADOR ARAUJO,525,,BARRO,,CIDADE,ABALROAMENTO TRANSVERSAL,ENTRE 2 AUTOS. S.V,2,,,,,,,,,0,,Cruzamento,Bom,Não existe,Incompleta,Seca,Perfeito estado,Não existe,Placas Pare,,Dupla,Não existe,,
2019-10-01,20:01:00,SEM VÍTIMA,FINALIZADA,DOIS IRMÃOS,EST DOS PINTOS,,,EM FRENTE AO 136A,EST DOS PINTOS,,EM FRENTE AO 136A,DOIS IRMÃOS,,CIDADE,COLISÃO TRASEIRA,ONIBUS X MOTO,,1,,,,1,,,,0,,Longo da via,Bom,Não existe,Não existente,Seca,Perfeito estado,Não existe,Não há placas,,Dupla,Não existe,,
2019-10-01,20:10:00,SEM VÍTIMA,FINALIZADA,IMBIRIBEIRA,AV RECIFE,50,,EM FRENTE AO Nº 50,AV RECIFE,50,EM FRENTE AO Nº 50,IMBIRIBEIRA,,CIDADE,COLISÃO TRASEIRA,MERCEDES X FIESTA,2,,,,,,,,,0,,Longo da via,Bom,Não existe,Perfeito estado,Seca,Perfeito estado,Não existe,Não há placas,,Dupla,Faixa seccionada,Canteiro central,
2019-10-01,20:20:00,SEM VÍTIMA,FINALIZADA,GRAÇAS,RUA JOAQUIM NABUCO,507,,,RUA JOAQUIM NABUCO,507,,GRAÇAS,,SUBURBIO,COLISÃO TRASEIRA,ENTRE 2 AUTOS. S.V,2,,,,,,,,,0,,Longo da via,Bom,Não existe,Perfeito estado,Seca,Perfeito estado,,,,Única,Faixa seccionada,,
2019-10-01,20:20:00,SEM VÍTIMA,FINALIZADA,ENGENHO DO MEIO,RUA ANTONIO CURADO,,RUA AMARO LOPES MADEIRA,,RUA ANTONIO CURADO,,,ENGENHO DO MEIO,,SUBURBIO,ABALROAMENTO TRANSVERSAL,FIAT PALIO X MOTO OBS:: VT DA POLICIA MILITAR ESTA NO LOCAL,1,1,,,,,,,,0,,Cruzamento,Bom,Não existe,Não existente,Seca,Perfeito estado,Não existe,Não há placas,30 km/h,Dupla,Faixa seccionada,,
2019-10-01,23:31:00,SEM VÍTIMA,FINALIZADA,CASA AMARELA,RUA PAULA BATISTA,,,E/F AO BOMPREÇO,RUA PAULA BATISTA,,E/F AO BOMPREÇO,CASA AMARELA,,SUBURBIO,CHOQUE VEÍCULO PARADO,ENTRE AUTO E CAMINHÃO. S./V,1,,,,,,1,,,0,,Longo da via,Bom,Não existe,Perfeito estado,Seca,Perfeito estado,Não existe,Não há placas,,Dupla,Faixa seccionada,,
2019-10-02,00:18:00,SEM VÍTIMA,FINALIZADA,BOA VIAGEM,AV CONSELHEIRO AGUIAR,4834,,EM FRENTE AO MERCADO DE BOA VIAGEM,AV CONSELHEIRO AGUIAR,4834,EM FRENTE AO MERCADO DE BOA VIAGEM,BOA VIAGEM,,CIDADE,CHOQUE VEÍCULO PARADO,COLISAO SEM VITIMAS,2,,,,,,,,,0,,Longo da via,Bom,Não existe,Perfeito estado,Seca,Perfeito estado,Não existe,R-6a,,Única,Faixa seccionada,,
2019-10-02,06:52:00,COM VÍTIMA,FINALIZADA,APIPUCOS,RUA DE APIPUCOS,193,,EM FRENTE AO EDF. JARDINS APIPUCOS,RUA DE APIPUCOS,193,EM FRENTE AO EDF. JARDINS APIPUCOS,APIPUCOS,,,ABALROAMENTO TRANSVERSAL,AUTO E MOTO.,1,1,,,,,,,,1,,Longo da via,Bom,Não existe,Incompleta,Seca,,Não existe,R-6a,,Dupla,Faixa contínua,,
2019-10-02,07:03:00,COM VÍTIMA,FINALIZADA,APIPUCOS,RUA DE APIPUCOS,1230,RUA CAETES,,RUA DE APIPUCOS,1230,,APIPUCOS,248,SUBURBIO,ATROPELAMENTO,AUTO E PEDESTRE,1,,,,1,,,,,1,,Longo da via,Bom,Sem defeito,Perfeito estado,Seca,Perfeito estado,Faixa de pedestre,Outras,,Dupla,Faixa contínua,,
2019-10-02,07:06:00,SEM VÍTIMA,FINALIZADA,BOA VISTA,AV CONDE DA BOA VISTA,1437,,POSTO SHELL,AV CONDE DA BOA VISTA,1437,POSTO SHELL,BOA VISTA,,CIDADE,COLISÃO TRASEIRA,DOIS AUTOS,2,,,,,,,,,0,,Longo da via,Bom,Não existe,Perfeito estado,Seca,Perfeito estado,Não existe,R-6c,,Dupla,Faixa contínua,,
2019-10-02,07:26:00,SEM VÍTIMA,FINALIZADA,GRAÇAS,RUA JOAQUIM NABUCO,547,RUA MONSENHOR AMBROZINO LEITE,UNINASSAU,RUA JOAQUIM NABUCO,547,UNINASSAU,GRAÇAS,,,ABALROAMENTO LONGITUDINAL,SEM VITIMAS,2,,,,,,,,,0,,Longo da via,Bom,Sem defeito,Perfeito estado,Seca,Perfeito estado,Faixa de pedestre,Outras,,Única,Faixa seccionada,,
2019-10-02,07:50:00,SEM VÍTIMA,FINALIZADA,CASA AMARELA,RUA CONS PERETTI,106,RUA OSCAR DE BARROS,,RUA CONS PERETTI,106,,CASA AMARELA,,SUBURBIO,ABALROAMENTO LONGITUDINAL,DOIS AUTOS,2,,,,,,,,,0,,Cruzamento,Bom,Não existe,Perfeito estado,Seca,Perfeito estado,Outros,,,Dupla,Não existe,,
2019-10-02,08:59:00,SEM VÍTIMA,FINALIZADA,PINA,AV ANTONIO DE GOES,,,EM FRENTE A PRF POLICIA RODOVIARIA FEDERAL,AV ANTONIO DE GOES,,EM FRENTE A PRF POLICIA RODOVIARIA FEDERAL,PINA,103,CIDADE,COLISÃO TRASEIRA,DOIS AUTOS PONTO FIXO SUB. NATALICIO E ALEXSANDRA,2,,,,,,,,,0,,Longo da via,Bom,Sem defeito,Perfeito estado,Seca,Perfeito estado,Não existe,Não há placas,60 km/h,Única,Faixa seccionada,Canteiro central,
2019-10-02,09:12:00,SEM VÍTIMA,FINALIZADA,SÃO JOSÉ,AV SUL,,RUA PADRE JOSE DE SA LEITAO,SOB O SEMÁFORO 509,AV SUL,,SOB O SEMÁFORO 509,SÃO JOSÉ,509,CIDADE,COLISÃO TRASEIRA,TRES AUTOS,3,,,,,,,,,0,,Cruzamento,Bom,Sem defeito,Perfeito estado,Seca,Mal conservada,Faixa de pedestre,Outras,,Dupla,Canteiro central,,
2019-10-02,09:27:00,COM VÍTIMA,FINALIZADA,IMBIRIBEIRA,RUA DEZ DE JULHO,,AV VINTE E TRES DE OUTUBRO,SOB A ESTAÇÃO DO METRO,RUA DEZ DE JULHO,,SOB A ESTAÇÃO DO METRO,IMBIRIBEIRA,,CIDADE,ATROPELAMENTO,AUTO E PEDESTRE,1,,,,1,,,,,1,,Longo da via,Bom,Não existe,Incompleta,Seca,Perfeito estado,Não existe,Outras,,Única,Faixa seccionada,,
2019-10-02,10:29:00,SEM VÍTIMA,FINALIZADA,BOA VISTA,RUA OSVALDO CRUZ,,,EM FRENTE AO TEATRO VALDEMAR DE OLIVEIRA,RUA OSVALDO CRUZ,,EM FRENTE AO TEATRO VALDEMAR DE OLIVEIRA,BOA VISTA,,,COLISÃO,DOIS AUTOS,2,,,,,,,,,0,,,,,,,,,,,,,,
2019-10-02,10:58:00,SEM VÍTIMA,FINALIZADA,JOANA BEZERRA,AV DES GUERRA BARRETO,38,,,AV DES GUERRA BARRETO,38,,JOANA BEZERRA,38,SUBURBIO,ABALROAMENTO LONGITUDINAL,COLISÃO S/VITIMAS ENTRE UM AUTO E UM ONIBUS,1,,,,,1,,,,0,,Longo da via,Bom,Sem defeito,Ilegível,Seca,Mal iluminada,Não existe,Não há placas,,Dupla,Faixa contínua,,
2019-10-02,11:11:00,SEM VÍTIMA,FINALIZADA,DERBY,AV GOVERNADOR AGAMENON MAGALHAES,107,,EM FRENTE A CLÍNICA HAPIVIDA,AV GOVERNADOR AGAMENON MAGALHAES,107,EM FRENTE A CLÍNICA HAPIVIDA,DERBY,,,COLISÃO TRASEIRA,DOIS AUTOS,2,,,,,,,,,0,,Longo da via,Bom,,Perfeito estado,Seca,Perfeito estado,,Não há placas,60 km/h,Dupla,Faixa contínua,Faixa seccionada,Canteiro central
2019-10-02,11:13:00,SEM VÍTIMA,FINALIZADA,MANGUEIRA,RUA VINTE E UM DE ABRIL,2058,RUA ALEXANDRE RODRIGUES FERREIRA,,RUA VINTE E UM DE ABRIL,2058,,MANGUEIRA,,CIDADE,COLISÃO FRONTAL,AUTO E MOTO,1,1,,,,,,,,0,,Cruzamento,Bom,Não existe,Incompleta,Seca,Perfeito estado,Não existe,Placas Pare,,Dupla,Não existe,,
2019-10-02,11:17:00,VÍTIMA FATAL,FINALIZADA,IPUTINGA,RUA MAURICIO DE NASSAU,,,,RUA MAURICIO DE NASSAU,,,IPUTINGA,,,COLISÃO COM CICLISTA,CAMINHÃO E CICLISTA,,,,1,,,,,,1,1,,,,,,,,,,,,,
2019-10-02,11:39:00,SEM VÍTIMA,FINALIZADA,BOA VIAGEM,RUA DEZ DE JULHO,,RUA CAMBOIM,MAYSON CHRISTAL,RUA DEZ DE JULHO,,MAYSON CHRISTAL,BOA VIAGEM,,SUBURBIO,ABALROAMENTO TRANSVERSAL,MOTO E AUTO,1,1,,,,,,,,0,,Cruzamento,Bom,Não existe,Incompleta,Seca,Perfeito estado,Não existe,Placas Pare,,Dupla,Faixa seccionada,,
2019-10-02,11:51:00,SEM VÍTIMA,FINALIZADA,MADALENA,AV ENGENHEIRO ABDIAS DE CARVALHO,434,,PROX. AO SEMAFORO 271 E UPA SENT. BR,AV ENGENHEIRO ABDIAS DE CARVALHO,434,PROX. AO SEMAFORO 271 E UPA SENT. BR,MADALENA,,,COLISÃO,DOIS AUTOS,2,,,,,,,,,0,,,,,,,,,,,,,,
2019-10-02,12:28:00,SEM VÍTIMA,FINALIZADA,SÃO JOSÉ,PTE GIRATORIA,,,,PTE GIRATORIA,,,SÃO JOSÉ,,SUBURBIO,ABALROAMENTO LONGITUDINAL,CAMINHÃO X AUTO PASSEIO S/V,1,,,,,,1,,1,0,,Ponte,Bom,Não existe,Perfeito estado,Seca,Perfeito estado,Não existe,Não há placas,,Dupla,Canteiro central,,
2019-10-02,12:36:00,COM VÍTIMA,FINALIZADA,JOANA BEZERRA,VIADUTO CAPITAO TEMUDO,,1SB DA BRASILEIRA,SOBRE O VIADUTO CAPITAO TEMUDO S/T OLINDA,VIADUTO CAPITAO TEMUDO,,SOBRE O VIADUTO CAPITAO TEMUDO S/T OLINDA,JOANA BEZERRA,,,COLISÃO,COLISAO ENTRE AUTO E MOTO COM UMA VITIMA,1,1,,,,,,,,1,,,,,,,,,,,,,,
2019-10-02,12:48:00,SEM VÍTIMA,CANCELADA,ESTÂNCIA,AV RECIFE,,,E/F AO POSTO PETROBRAS/ PROX AO PICANHA REAL,AV RECIFE,,E/F AO POSTO PETROBRAS/ PROX AO PICANHA REAL,ESTÂNCIA,,,ENGAVETAMENTO,DOIS AUTO PASSEIO X MOTO S/V,2,1,,,,,,,,0,,,,,,,,,,,,,,
2019-10-02,14:03:00,SEM VÍTIMA,FINALIZADA,SANTO AMARO,AV CRUZ CABUGA,644,,,AV CRUZ CABUGA,644,,SANTO AMARO,,CIDADE,COLISÃO TRASEIRA,COLISÃO SEM VITIMA,2,,,,,,,,,0,,Longo da via,Bom,Sem defeito,Perfeito estado,Seca,Perfeito estado,Não existe,Não há placas,,Única,Faixa seccionada,,
2019-10-02,14:23:00,SEM VÍTIMA,FINALIZADA,AFOGADOS,RUA DO ROSARIO,369,,AO LADO DO Nº 369,RUA DO ROSARIO,369,AO LADO DO Nº 369,AFOGADOS,,CIDADE,COLISÃO TRASEIRA,ENTRE TRES AUTO S/V,2,,,,,,,,,0,,Longo da via,Bom,Não existe,Não existente,Seca,Perfeito estado,Não existe,Não há placas,,Dupla,Não existe,,
2019-10-02,15:01:00,SEM VÍTIMA,FINALIZADA,PRADO,RUA NOBRE DE LACERDA,176,RUA MONSENHOR JULIO MARIA,,RUA NOBRE DE LACERDA,176,,PRADO,,CIDADE,ABALROAMENTO TRANSVERSAL,COLISAO ENTRE DOIS AUTOS S/V,2,,,,,,,,,0,,Cruzamento,Bom,Não existe,Perfeito estado,Seca,Perfeito estado,,Placas Pare,,Única,Não existe,,
2019-10-02,15:19:00,COM VÍTIMA,FINALIZADA,CORDEIRO,AV CAXANGA,1592,,AO LADO DO HOSP. GERTULIO VARGAS  SENTIDO OPOSTO DO BANCO ITAU,AV CAXANGA,1592,AO LADO DO HOSP. GERTULIO VARGAS  SENTIDO OPOSTO DO BANCO ITAU,CORDEIRO,,SUBURBIO,COLISÃO TRASEIRA,COLISÃO ENTRE DUAS MOTOS,,2,,,,,,,,1,,Longo da via,Bom,Não existe,Perfeito estado,Seca,Perfeito estado,Não existe,Outras,,Dupla,Faixa contínua,Faixa seccionada,Canteiro central
2019-10-02,15:40:00,SEM VÍTIMA,FINALIZADA,IPUTINGA,AV PROFESSOR JOAQUIM CAVALCANTI,,RUA LUIZ MARANHAO,,AV PROFESSOR JOAQUIM CAVALCANTI,,,IPUTINGA,,,ABALROAMENTO LONGITUDINAL,ENTRE AUTO PASSEIO X MOTO,1,1,,,,,,,,0,,Longo da via,Bom,Não existe,Perfeito estado,Seca,Perfeito estado,,,,Dupla,Canteiro central,,
2019-10-02,16:14:00,SEM VÍTIMA,FINALIZADA,TAMARINEIRA,AV PROFESSOR JOSE DOS ANJOS,,AV NORTE,,AV PROFESSOR JOSE DOS ANJOS,,,TAMARINEIRA,364,SUBURBIO,ABALROAMENTO LONGITUDINAL,ENTRE AUTO PASSEIO X CAMINHÃO S/V,1,,,,,,1,,,0,,Cruzamento,Bom,Sem defeito,Perfeito estado,Seca,Perfeito estado,Faixa de pedestre,Outras,60 km/h,Única,Canteiro central,,
2019-10-02,16:32:00,SEM VÍTIMA,FINALIZADA,CASA AMARELA,EST DO ARRAIAL,3638,,EDF. BOM JESUS,EST DO ARRAIAL,3638,EDF. BOM JESUS,CASA AMARELA,,SUBURBIO,ABALROAMENTO LONGITUDINAL,COLISÃO SEM VITIMA,2,,,,,,,,,0,,Longo da via,Bom,Não existe,Perfeito estado,Seca,Perfeito estado,Não existe,Outras,,Única,Faixa seccionada,,
2019-10-02,17:10:00,COM VÍTIMA,FINALIZADA,AFOGADOS,RUA SAO MIGUEL,1541,,EM FRENTE AO ARMAZEM CORAL. LADO OPOSTO AO NÚMERO INFORMADO.,RUA SAO MIGUEL,1541,EM FRENTE AO ARMAZEM CORAL. LADO OPOSTO AO NÚMERO INFORMADO.,AFOGADOS,,,ABALROAMENTO TRANSVERSAL,AUTO PASSEIO X MOTO COM UMA VÍTIMA,1,1,,,,,,,,1,,Longo da via,Bom,Não existe,Não existente,Seca,Perfeito estado,Não existe,Não há placas,60 km/h,Dupla,Faixa contínua,,
2019-10-02,17:17:00,SEM VÍTIMA,FINALIZADA,CASA AMARELA,AV NORTE,,AV PROFESSOR JOSE DOS ANJOS,EM FRENTE AO SESC,AV NORTE,,EM FRENTE AO SESC,CASA AMARELA,,SUBURBIO,CHOQUE OBJETO FIXO,CHOQUE ENTRE AUTO E POSTE,1,,,,,,,,,0,,,,,,,,,,,,,,
2019-10-02,19:21:00,COM VÍTIMA,FINALIZADA,BOA VIAGEM,RUA ERNESTO DE PAULA SANTOS,,RUA AMALIA BERNARDINO DE SOUZA,E/F AO POSTO BR E FACULDADE UNINASSAU,RUA ERNESTO DE PAULA SANTOS,,E/F AO POSTO BR E FACULDADE UNINASSAU,BOA VIAGEM,,SUBURBIO,ABALROAMENTO TRANSVERSAL,AUTO E MOTO.,1,1,,,,,,,,1,,Cruzamento,Bom,Não existe,Ilegível,Seca,Perfeito estado,Não existe,R-6a,,Única,Faixa seccionada,,
2019-10-02,19:29:00,SEM VÍTIMA,FINALIZADA,DERBY,AV GOVERNADOR AGAMENON MAGALHAES,422,RUA HENRIQUE DIAS,SPETTUS STEAK HOUSE,AV GOVERNADOR AGAMENON MAGALHAES,422,SPETTUS STEAK HOUSE,DERBY,68,SUBURBIO,ABALROAMENTO TRANSVERSAL,AMBULANCIA X SANDERO OBS. PISTA COM BASTENTE CONTIDADE DE OLEO,1,,,,,,1,,,0,,Cruzamento,Bom,Sem defeito,Perfeito estado,Seca,Perfeito estado,Faixa de pedestre,R-6a,,Dupla,Canal,,
2019-10-02,20:16:00,COM VÍTIMA,CANCELADA,AREIAS,AV RECIFE,,,E/F AO ANTIGO BOMPREÇO ( WALLMART )   SNT CEASA,AV RECIFE,,E/F AO ANTIGO BOMPREÇO ( WALLMART )   SNT CEASA,AREIAS,,,COLISÃO,ENTRE AUTO E MOTO. C/V,1,1,,,,,,,,1,,,,,,,,,,,,,,
2019-10-02,22:10:00,SEM VÍTIMA,FINALIZADA,JARDIM SÃO PAULO,RUA LEANDRO BARRETO,794,,,RUA LEANDRO BARRETO,794,,JARDIM SÃO PAULO,,SUBURBIO,COLISÃO TRASEIRA,ENTRE 2 AUTOS. S/V,2,,,,,,,,,0,,Longo da via,Bom,Não existe,Perfeito estado,Seca,Perfeito estado,Não existe,,30 km/h,Dupla,Faixa seccionada,,
2019-10-02,22:20:00,SEM VÍTIMA,FINALIZADA,SAN MARTIN,RUA VINTE E UM DE ABRIL,2318,,AÇAÍ NO PONTO,RUA VINTE E UM DE ABRIL,2318,AÇAÍ NO PONTO,SAN MARTIN,,,COLISÃO TRASEIRA,PRISMA X MOTO,1,1,,,,,,,,0,,Longo da via,Bom,Não existe,Não existente,Seca,Perfeito estado,Não existe,Outras,,Dupla,Não existe,,
2019-10-02,23:12:00,SEM VÍTIMA,FINALIZADA,SAN MARTIN,AV GENERAL SAN MARTIN,2387,,RESTAURANTE YON SAN,AV GENERAL SAN MARTIN,2387,RESTAURANTE YON SAN,SAN MARTIN,,SUBURBIO,ABALROAMENTO TRANSVERSAL,ENTRE DUAS MOTOS. S/V,,2,,,,,,,,0,,Longo da via,Bom,Não existe,Perfeito estado,Seca,Perfeito estado,,,30 km/h,Dupla,Faixa contínua,,
2019-10-03,07:35:00,SEM VÍTIMA,FINALIZADA,GRAÇAS,RUA DO FUTURO,1200,,PARQUE DA JAQUEIRA,RUA DO FUTURO,1200,PARQUE DA JAQUEIRA,GRAÇAS,,CIDADE,ABALROAMENTO LONGITUDINAL,DOIS AUTOS,2,,,,,,,,,0,,Longo da via,Bom,Não existe,Perfeito estado,Seca,Perfeito estado,Não existe,Outras,,Dupla,Faixa seccionada,,