data,hora,natureza_acidente,situacao,bairro,endereco,numero,detalhe_endereco_acidente,complemento,endereco_cruzamento,numero_cruzamento,referencia_cruzamento,bairro_cruzamento,num_semaforo,sentido_via,tipo,descricao,auto,moto,ciclom,ciclista,pedestre,onibus,caminhao,viatura,outros,vitimas,vitimasfatais,acidente_verificado,tempo_clima,situacao_semaforo,sinalizacao,condicao_via,conservacao_via,ponto_controle,situacao_placa,velocidade_max_via,mao_direcao,divisao_via1,divisao_via2,divisao_via3
2019-10-11,18:41:00,SEM VÍTIMA,FINALIZADA,SANTO AMARO,AV NORTE,414,RUA VINTE E QUATRO DE AGOSTO,OPOSTO DO 21º CSM,AV NORTE,414,OPOSTO DO 21º CSM,SANTO AMARO,463,SUBURBIO,ABALROAMENTO LONGITUDINAL,COLISAO SEM VITIMAS,2,,,,,,,,,0,,Longo da via,Bom,Sem defeito,Perfeito estado,Seca,Perfeito estado,Faixa de retenção,Não há placas,,Única,Faixa seccionada,,
2019-10-11,18:57:00,SEM VÍTIMA,FINALIZADA,SÃO JOSÉ,AV SUL,69,RUA CERRO CORA,,AV SUL,69,,SÃO JOSÉ,,CIDADE,ABALROAMENTO LONGITUDINAL,COLISAO COM VITIMAS,1,1,,,,,,,,0,,Longo da via,Bom,Não existe,Perfeito estado,Seca,Perfeito estado,Não existe,Não há placas,,Única,Faixa seccionada,,
2019-10-11,19:01:00,SEM VÍTIMA,FINALIZADA,GRAÇAS,AV RUI BARBOSA,,,EM FRENTE AO BANCO SANTANDER,AV RUI BARBOSA,,EM FRENTE AO BANCO SANTANDER,GRAÇAS,,CIDADE,COLISÃO TRASEIRA,COLISAO SEM VITIMAS,3,,,,,,,,,0,,Longo da via,Bom,Não existe,Perfeito estado,Seca,Perfeito estado,Faixa de pedestre,R-6a,,Única,Faixa contínua,,
2019-10-11,19:06:00,SEM VÍTIMA,FINALIZADA,AFOGADOS,RUA DA PAZ,125,,,RUA DA PAZ,125,,AFOGADOS,,,ABALROAMENTO LONGITUDINAL,ONIBUS X COROLA,1,,,,,1,,,,0,,Longo da via,Bom,Sem defeito,Perfeito estado,Seca,Perfeito estado,,,,Única,,,
2019-10-11,19:19:00,COM VÍTIMA,FINALIZADA,IPSEP,RUA JEAN EMILE FAVRE,862,,PROX AO SUPERMERCADO ARCO MIX,RUA JEAN EMILE FAVRE,862,PROX AO SUPERMERCADO ARCO MIX,IPSEP,,CIDADE,ATROPELAMENTO,MOTOCICLETA  AUTO E ÔNIBUS ENVOLVIDOS.,1,1,,,1,1,,,,2,,Longo da via,Bom,Não existe,Perfeito estado,Seca,Perfeito estado,,Não há placas,,Dupla,Faixa,,
2019-10-11,19:43:00,SEM VÍTIMA,FINALIZADA,TORRE,PRC PROFESSOR BARRETO CAMPELLO,,,EM FRENTE A PARÓQUIA NOSSA SENHORA DO ROSÁRIO,PRC PROFESSOR BARRETO CAMPELLO,,EM FRENTE A PARÓQUIA NOSSA SENHORA DO ROSÁRIO,TORRE,,,ABALROAMENTO TRANSVERSAL,LOGAN X UP,2,,,,,,,,,0,,Longo da via,Bom,Não existe,Perfeito estado,Seca,Perfeito estado,Não existe,Não há placas,,Única,Faixa seccionada,,
2019-10-11,19:45:00,SEM VÍTIMA,FINALIZADA,AFOGADOS,RUA NICOLAU PEREIRA,,RUA DO ACRE,,RUA NICOLAU PEREIRA,,,AFOGADOS,,SUBURBIO,COLISÃO TRASEIRA,COLISAO SEM VITIMAS,1,,,,,1,,,,0,,,Bom,Sem defeito,Perfeito estado,Seca,Perfeito estado,Não existe,Outras,,Única,Não existe,,
2019-10-11,20:08:00,SEM VÍTIMA,CANCELADA,BOMBA DO HEMETÉRIO,RUA CHA DE ALEGRIA,164,,TERMINAL DE ONIBUS CHA DE ALEGRIA,RUA CHA DE ALEGRIA,164,TERMINAL DE ONIBUS CHA DE ALEGRIA,BOMBA DO HEMETÉRIO,,,COLISÃO,ONIBUS CAXANGA X VOYAGE,1,,,,,1,,,,0,,,,,,,,,,,,,,
2019-10-11,20:13:00,COM VÍTIMA,CANCELADA,ILHA JOANA BEZERRA,PTE JOAQUIM CARDOSO,,,NA SUBIDA DA PONTE //SENTIDO IMIP,PTE JOAQUIM CARDOSO,,NA SUBIDA DA PONTE //SENTIDO IMIP,ILHA JOANA BEZERRA,,,COLISÃO,AUTO E MOTO,1,1,,,,,,,,1,,,,,,,,,,,,,,
2019-10-11,20:17:00,SEM VÍTIMA,CANCELADA,TORRE,RUA MARQUES DE MARICA,,,NA PRAÇA MESMO,RUA MARQUES DE MARICA,,NA PRAÇA MESMO,TORRE,,,COLISÃO,COLISAO SEM VITIMAS,2,,,,,,,,,0,,,,,,,,,,,,,,
2019-10-11,20:23:00,SEM VÍTIMA,FINALIZADA,IMBIRIBEIRA,AV MARECHAL MASCARENHAS DE MORAES,,,SEMÁFORO 531,AV MARECHAL MASCARENHAS DE MORAES,,SEMÁFORO 531,IMBIRIBEIRA,531,SUBURBIO,COLISÃO TRASEIRA,COLISAO SEM VITIMAS,2,,,,,,,,,0,,Longo da via,Bom,Sem defeito,Perfeito estado,Seca,Perfeito estado,Faixa de pedestre,Não há placas,,Dupla,Canteiro central,,
2019-10-11,21:09:00,SEM VÍTIMA,FINALIZADA,BOA VISTA,RUA GERVASIO PIRES,249,,LADO OPOSTO A COLCHÕES ORTOBOM,RUA GERVASIO PIRES,249,LADO OPOSTO A COLCHÕES ORTOBOM,BOA VISTA,,SUBURBIO,CHOQUE VEÍCULO PARADO,CAMINHAO X MOTO OBS: VT 30 DA CTTU ESTA NO LOCAL,,1,,,,,1,,,0,,Longo da via,Bom,Não existe,Perfeito estado,Seca,Perfeito estado,Faixa de pedestre,R-6a,30 km/h,Única,Não existe,,
2019-10-11,21:31:00,SEM VÍTIMA,FINALIZADA,JIQUIÁ,RUA DANIEL ANTONIO RODRIGUES,300,RUA DES DIRCEU BORGES,,RUA DANIEL ANTONIO RODRIGUES,300,,JIQUIÁ,,SUBURBIO,COLISÃO TRASEIRA,COLISAO SEM VITIMAS,2,,,,,,,,,0,,Longo da via,Bom,Não existe,Não existente,Seca,Mal conservada,Não existe,Não há placas,10 km/h,Dupla,Não existe,,
2019-10-11,21:41:00,COM VÍTIMA,FINALIZADA,BOA VIAGEM,RUA ERNESTO DE PAULA SANTOS,,RUA AMALIA BERNARDINO DE SOUZA,NA DESCIDA DO VIADUTO TRANQUEDO NEVES // POSTO BR // SENTIDO BOA VIAGEM,RUA ERNESTO DE PAULA SANTOS,,NA DESCIDA DO VIADUTO TRANQUEDO NEVES // POSTO BR // SENTIDO BOA VIAGEM,BOA VIAGEM,,BEIRA MAR,ABALROAMENTO LONGITUDINAL,DOIS AUTOS,2,,,,,,,,,1,,Esquina,Bom,Não existe,Não existente,Seca,Perfeito estado,Não existe,Não há placas,,Única,Faixa seccionada,,
2019-10-11,23:20:00,SEM VÍTIMA,FINALIZADA,VÁRZEA,AV PROFESSOR LUIZ FREIRE,700,,ITEP,AV PROFESSOR LUIZ FREIRE,700,ITEP,VÁRZEA,,CIDADE,COLISÃO TRASEIRA,FORD KA X SIENA,2,,,,,,,,,0,,Longo da via,Bom,Não existe,Incompleta,Seca,Perfeito estado,Não existe,Outras,,Dupla,Faixa seccionada,,
2019-10-11,23:56:00,SEM VÍTIMA,FINALIZADA,IBURA,AV DOIS RIOS,,,EM FRENTE AO MR SUPERMERCADO,AV DOIS RIOS,,EM FRENTE AO MR SUPERMERCADO,IBURA,,SUBURBIO,COLISÃO TRASEIRA,COLISÃO ENTRE CAMINHÃO E AUTO S/V,1,,,,,,2,,,0,,Longo da via,Bom,Não existe,Perfeito estado,Seca,Perfeito estado,Não existe,Não há placas,,Dupla,Faixa contínua,,
2019-10-12,01:22:00,SEM VÍTIMA,FINALIZADA,,AV GOVERNADOR AGAMENON MAGALHAES,,,SEMÁFORO 173,AV GOVERNADOR AGAMENON MAGALHAES,,SEMÁFORO 173,,173,,ABALROAMENTO LONGITUDINAL,COLISÃO ENTRE DOIS AUTOS S/V,2,,,,,,,,,0,,Longo da via,Bom,Sem defeito,Perfeito estado,Seca,Perfeito estado,Faixa de pedestre,Outras,,Dupla,Canal,,
2019-10-12,03:29:00,SEM VÍTIMA,CANCELADA,BOA VISTA,RUA JOSE DE ALENCAR,,RUA BARAO DE SAO BORJA,,RUA JOSE DE ALENCAR,,,BOA VISTA,,,COLISÃO,COLISÃO ENTRE DOIS AUTOS S/V,2,,,,,,,,,0,,,,,,,,,,,,,,
2019-10-12,06:36:00,SEM VÍTIMA,FINALIZADA,CASA AMARELA,RUA PAULA BATISTA,334,,SOB O SEMÁFORO,RUA PAULA BATISTA,334,SOB O SEMÁFORO,CASA AMARELA,136,CIDADE,COLISÃO TRASEIRA,MOTO E AUTO,1,1,,,,,,,,0,,Cruzamento,Bom,Sem defeito,Perfeito estado,Seca,Perfeito estado,Faixa de pedestre,,,Dupla,Faixa contínua,,
2019-10-12,07:45:00,COM VÍTIMA,FINALIZADA,SANTO ANTÔNIO,PTE PRINCESA IZABEL,,,SOBRE A PONTE PRINCESA IZABEL,PTE PRINCESA IZABEL,,SOBRE A PONTE PRINCESA IZABEL,SANTO ANTÔNIO,,SUBURBIO,COLISÃO TRASEIRA,COLISÃO COM 3 VEÍCULOS.,3,,,,,,,,,2,,Ponte,Bom,Não existe,Perfeito estado,Seca,Perfeito estado,Não existe,Não há placas,,Dupla,Faixa contínua,Faixa seccionada,
2019-10-12,08:47:00,SEM VÍTIMA,FINALIZADA,SANTO AMARO,RUA DOS PALMARES,,RUA MAJOR CODECEIRA,EM FRENTE AO LABORATORIO MUNICIPAL DE SAUDE PUBLICA,RUA DOS PALMARES,,EM FRENTE AO LABORATORIO MUNICIPAL DE SAUDE PUBLICA,SANTO AMARO,,,COLISÃO,COLISÃO SEM VITIMAS,2,,,,,,,,,0,,,,,,,,,,,,,,
2019-10-12,10:37:00,SEM VÍTIMA,FINALIZADA,SANTO ANTÔNIO,RUA DO SOL,,RUA ULHOA CINTRA,,RUA DO SOL,,,SANTO ANTÔNIO,,CIDADE,ABALROAMENTO LONGITUDINAL,DOIS AUTOS VT- 21 NO LOCAL INSP. ANTONIO E CORREIA,2,,,,,,,,,0,,Cruzamento,Bom,Não existe,Perfeito estado,Seca,Perfeito estado,Não existe,R-6a,,Única,Faixa contínua,Faixa seccionada,
2019-10-12,11:21:00,SEM VÍTIMA,FINALIZADA,ESPINHEIRO,RUA QUARENTA E OITO,,RUA CONS PORTELA,,RUA QUARENTA E OITO,,,ESPINHEIRO,,CIDADE,ABALROAMENTO LONGITUDINAL,DOIS AUTOS,2,,,,,,,,,0,,Cruzamento,Bom,Sem defeito,Perfeito estado,Seca,Perfeito estado,Faixa de pedestre,Não há placas,40 km/h,Única,Faixa seccionada,,
2019-10-12,11:26:00,SEM VÍTIMA,CANCELADA,ILHA DO RETIRO,RUA SPORT CLUBE DO RECIFE,,,EM FRENTE A LOJA DO SPORT,RUA SPORT CLUBE DO RECIFE,,EM FRENTE A LOJA DO SPORT,ILHA DO RETIRO,,SUBURBIO,COLISÃO,SEM VITIMAS,2,,,,,,,,,0,,,,,,,,,,,,,,
2019-10-12,11:45:00,SEM VÍTIMA,FINALIZADA,VÁRZEA,AV CAXANGA,5602,RUA RODRIGUES FERREIRA,,AV CAXANGA,5602,,VÁRZEA,232,CIDADE,ABALROAMENTO TRANSVERSAL,SEM VITIMAS,1,,,,,1,,,,0,,Longo da via,Bom,Sem defeito,Perfeito estado,Seca,Perfeito estado,Faixa de pedestre,Outras,,Dupla,Faixa contínua,Faixa seccionada,Canteiro central
2019-10-12,12:55:00,SEM VÍTIMA,FINALIZADA,IMBIRIBEIRA,AV MARECHAL MASCARENHAS DE MORAES,5803,RUA DEZ DE JULHO,EM FRENTE AO POSTO DE GASOLINA IPIRANGA,AV MARECHAL MASCARENHAS DE MORAES,5803,EM FRENTE AO POSTO DE GASOLINA IPIRANGA,IMBIRIBEIRA,,CIDADE,COLISÃO TRASEIRA,COLISÃO SEM VÍTIMA,2,,,,,,,,,0,,Cruzamento,Bom,Não existe,Perfeito estado,Seca,Perfeito estado,Não existe,Não há placas,,Única,Não existe,,
2019-10-12,13:03:00,SEM VÍTIMA,CANCELADA,PINA,AV ENCANTA MOCA,63,,CASA  POR TRAZ DA GALERIA JOANA DARC...A RUA FICA PROX. A IGREJA DO PINA,AV ENCANTA MOCA,63,CASA  POR TRAZ DA GALERIA JOANA DARC...A RUA FICA PROX. A IGREJA DO PINA,PINA,,,COLISÃO,COLISÃO SEM VÍTIMA,2,,,,,,,,,0,,,,,,,,,,,,,,
2019-10-12,13:25:00,COM VÍTIMA,FINALIZADA,JIQUIÁ,RUA PASSO DA SANTA CRUZ,29,AV DR JOSE RUFINO,EM FRENTE A ANTIGA FABRICA YOLANDA,RUA PASSO DA SANTA CRUZ,29,EM FRENTE A ANTIGA FABRICA YOLANDA,JIQUIÁ,,SUBURBIO,CHOQUE VEÍCULO PARADO,ENTRE DOIS AUTOS E UMA MOTO.,2,1,,,,,,,,1,,Longo da via,Bom,Não existe,Não existente,Seca,Mal conservada,Não existe,Não há placas,,Dupla,Não existe,,
2019-10-12,14:22:00,SEM VÍTIMA,FINALIZADA,PINA,AV ANTONIO DE GOES,340,,SOB O SEMÁFORO 277,AV ANTONIO DE GOES,340,SOB O SEMÁFORO 277,PINA,277,CIDADE,COLISÃO TRASEIRA,COLISÃO SEM VÍTIMA,2,,,,,,,,,0,,Longo da via,Bom,Sem defeito,Perfeito estado,Seca,Perfeito estado,Faixa de pedestre,,60 km/h,Única,Canteiro central,,
2019-10-12,14:45:00,SEM VÍTIMA,FINALIZADA,GRAÇAS,RUA ESMERALDINO BANDEIRA,55,RUA BRUNO MAIA,EM FRENTE A LOJA SIANINHA,RUA ESMERALDINO BANDEIRA,55,EM FRENTE A LOJA SIANINHA,GRAÇAS,126,,ABALROAMENTO TRANSVERSAL,COLISÃO SEM VÍTIMA,2,,,,,,,,,0,,Cruzamento,Bom,Sem defeito,Perfeito estado,Seca,Perfeito estado,Faixa de pedestre,Placas Dê a preferência,,Única,Não existe,,
2019-10-12,15:46:00,COM VÍTIMA,FINALIZADA,JOANA BEZERRA,AV MARTIN LUTHER KING,,,PROX. A ACADEMIA DA CIDADE,AV MARTIN LUTHER KING,,PROX. A ACADEMIA DA CIDADE,JOANA BEZERRA,,SUBURBIO,ATROPELAMENTO,ÔNIBUS E PEDESTRE,,,,,1,1,,,,1,,Longo da via,Bom,Não existe,Perfeito estado,Seca,Perfeito estado,Não existe,R-6a,,Única,Canteiro central,,
2019-10-12,15:47:00,SEM VÍTIMA,FINALIZADA,IPSEP,RUA JEAN EMILE FAVRE,750,RUA POTENGY,FARMÁCIA PERMANENTE,RUA JEAN EMILE FAVRE,750,FARMÁCIA PERMANENTE,IPSEP,564,CIDADE,COLISÃO TRASEIRA,COLISÃO SEM VÍTIMA,3,,,,,,,,,0,,Longo da via,Bom,Sem defeito,Perfeito estado,Seca,Perfeito estado,Faixa de pedestre,Outras,,Dupla,Faixa contínua,,
2019-10-12,17:57:00,SEM VÍTIMA,FINALIZADA,,AV CAXANGA,,,,AV CAXANGA,,,,,SUBURBIO,COLISÃO FRONTAL,COLISAO SEM VITIMAS,2,,,,,,,,,0,,Longo da via,Nublado,Não existe,Perfeito estado,Seca,Perfeito estado,Não existe,Outras,60 km/h,Dupla,Canteiro central,,
2019-10-12,18:48:00,SEM VÍTIMA,EQUIPE NO LOCAL,AFLITOS,RUA MANUEL DE CARVALHO,363,RUA CARNEIRO VILELA,,RUA MANUEL DE CARVALHO,363,,AFLITOS,,SUBURBIO,ABALROAMENTO LONGITUDINAL,COLISÃO ENTRE DOIS AUTOS S/V,2,,,,,,,,,0,,Cruzamento,Bom,Não existe,Incompleta,Seca,Perfeito estado,Não existe,Placas Pare,,Única,Não existe,,
2019-10-12,19:13:00,SEM VÍTIMA,FINALIZADA,IMBIRIBEIRA,RUA DR LUIZ CORREA DE OLIVEIRA,97,,,RUA DR LUIZ CORREA DE OLIVEIRA,97,,IMBIRIBEIRA,,SUBURBIO,CHOQUE VEÍCULO PARADO,COLISÃO ENTRE DOIS AUTOS S/V,2,,,,,,,,,0,,Longo da via,Bom,Não existe,Perfeito estado,Seca,Perfeito estado,Não existe,Outras,,Dupla,Não existe,,
2019-10-12,19:38:00,COM VÍTIMA,FINALIZADA,SANTO AMARO,AV GOVERNADOR AGAMENON MAGALHAES,,AV DR JAYME DA FONTE,,AV GOVERNADOR AGAMENON MAGALHAES,,,SANTO AMARO,49,SUBURBIO,ATROPELAMENTO,AUTO E PEDESTRE.,1,,,,1,,,,,1,,Cruzamento,,Sem defeito,Perfeito estado,Seca,,Faixa de pedestre,R-24a,,Dupla,Faixa seccionada,Canteiro central,
2019-10-12,20:55:00,COM VÍTIMA,FINALIZADA,BOMBA DO HEMETÉRIO,RUA BOMBA DO HEMETERIO,405,RUA ESMERALDAS,EM EM FRENTE A FUNERARIA CANAÃ  PROX DO BAR DO TUCA VERSÁTIL,RUA BOMBA DO HEMETERIO,405,EM EM FRENTE A FUNERARIA CANAÃ  PROX DO BAR DO TUCA VERSÁTIL,BOMBA DO HEMETÉRIO,,SUBURBIO,ABALROAMENTO TRANSVERSAL,DOIS AUTOS E UMA MOTO.,2,1,,,,,,,,1,,Longo da via,Bom,Não existe,Perfeito estado,Seca,Perfeito estado,,Outras,,Dupla,Faixa seccionada,,
2019-10-12,22:54:00,SEM VÍTIMA,FINALIZADA,IPUTINGA,AV CAXANGA,,RUA MANOEL JOAQUIM DE ALMEIDA,,AV CAXANGA,,,IPUTINGA,533,CIDADE,ABALROAMENTO LONGITUDINAL,ENTRE 2 AUTOS. S/V,2,,,,,,,,,0,,Cruzamento,Bom,Sem defeito,Incompleta,Seca,Perfeito estado,Não existe,Não há placas,60 km/h,Dupla,Canteiro central,,
2019-10-12,22:58:00,SEM VÍTIMA,FINALIZADA,CAJUEIRO,AV CIDADE DE MONTEIRO,,RUA DR ALBERTO WANDERLEY,,AV CIDADE DE MONTEIRO,,,CAJUEIRO,,SUBURBIO,ABALROAMENTO TRANSVERSAL,ENTRE MOTO E AUTO. S/V,1,1,,,,,,,,0,,Cruzamento,Bom,Não existe,Ilegível,Seca,Perfeito estado,Outros,Placas Pare,30 km/h,Dupla,Faixa contínua,,
2019-10-13,00:53:00,SEM VÍTIMA,FINALIZADA,IPSEP,RUA ADERBAL DE MELO,,RUA HELIO BRANDAO,,RUA ADERBAL DE MELO,,,IPSEP,,,ABALROAMENTO TRANSVERSAL,COLISÃO ENTRE AUTO E MOTO  C/V,1,1,,,,,,,,0,,Cruzamento,Bom,Não existe,Ilegível,Seca,Mal iluminada,Não existe,Placas Pare,,Dupla,Não existe,,
2019-10-13,01:04:00,SEM VÍTIMA,FINALIZADA,JORDÃO,RUA RIO XINGU,45,,,RUA RIO XINGU,45,,JORDÃO,,SUBURBIO,COLISÃO FRONTAL,COLISÃO ENTRE DOIS AUTOS  S/V,2,,,,,,,,,0,,Longo da via,Bom,Não existe,Incompleta,Seca,Perfeito estado,Não existe,Não há placas,,Dupla,Não existe,,
2019-10-13,03:44:00,SEM VÍTIMA,FINALIZADA,CAMPO GRANDE,RUA ODORICO MENDES,301,,,RUA ODORICO MENDES,301,,CAMPO GRANDE,,SUBURBIO,COLISÃO FRONTAL,COLISÃO ENTRE DOIS AUTOS  S/V,2,,,,,,,,,0,,Longo da via,Bom,Não existe,Incompleta,Seca,Perfeito estado,Não existe,Outras,,Dupla,Faixa seccionada,,
2019-10-13,06:11:00,SEM VÍTIMA,FINALIZADA,IPSEP,RUA ITAJAI,162,RUA ITACARI,EM FRENTE Nº 162 / INOVE,RUA ITAJAI,162,EM FRENTE Nº 162 / INOVE,IPSEP,,,ABALROAMENTO TRANSVERSAL,COLISÃO SEM VITIMAS,2,,,,,,,,,0,,Cruzamento,Bom,Não existe,Perfeito estado,Seca,Perfeito estado,Faixa de pedestre,Placas Pare,,Dupla,Faixa contínua,,
2019-10-13,07:38:00,COM VÍTIMA,FINALIZADA,BOA VIAGEM,AV FERNANDO SIMOES BARBOSA,,,EMFRENTE AO RESTAURANTE PARRAXAXA,AV FERNANDO SIMOES BARBOSA,,EMFRENTE AO RESTAURANTE PARRAXAXA,BOA VIAGEM,,SUBURBIO,ATROPELAMENTO,MOTO E PEDESTRE.,,1,,,1,,,,,3,,Longo da via,Bom,Não existe,Perfeito estado,Seca,Perfeito estado,Não existe,R-6a,60 km/h,Única,Faixa seccionada,,
2019-10-13,07:47:00,COM VÍTIMA,FINALIZADA,IMBIRIBEIRA,AV MARECHAL MASCARENHAS DE MORAES,7787,,EM FRENTE AO GERALDÃO,AV MARECHAL MASCARENHAS DE MORAES,7787,EM FRENTE AO GERALDÃO,IMBIRIBEIRA,,CIDADE,ATROPELAMENTO,ÔNIBUS E PEDESTRE,,,,,1,1,,,,1,,Longo da via,Bom,Sem defeito,Perfeito estado,Seca,Perfeito estado,Faixa de pedestre,R-6a,,Dupla,Faixa contínua,Faixa seccionada,Canteiro central
2019-10-13,12:29:00,COM VÍTIMA,FINALIZADA,IMBIRIBEIRA,RUA SARGENTO SILVINO DE MACEDO,,RUA BARAO DE AGUA BRANCA,NA RUA DO MOTEL SUL E A FARMÁCIA FTB,RUA SARGENTO SILVINO DE MACEDO,,NA RUA DO MOTEL SUL E A FARMÁCIA FTB,IMBIRIBEIRA,,,ABALROAMENTO LONGITUDINAL,AUTO E MOTO.,1,1,,,,,,,,1,,Esquina,Bom,Não existe,Não existente,Seca,Perfeito estado,Não existe,Não há placas,,Dupla,Não existe,,
2019-10-13,13:19:00,COM VÍTIMA,FINALIZADA,SANTO AMARO,AV DR JAYME DA FONTE,,AV GOVERNADOR AGAMENON MAGALHAES,NA ESQUINA DO CAMPO DO ONZE,AV DR JAYME DA FONTE,,NA ESQUINA DO CAMPO DO ONZE,SANTO AMARO,49,SUBURBIO,ABALROAMENTO TRANSVERSAL,AUTO E MOTO.,1,1,,,,,,,,1,,Cruzamento,Bom,Sem defeito,Perfeito estado,Seca,Perfeito estado,Faixa de pedestre,R-19,60 km/h,Dupla,Canal,,
2019-10-13,14:47:00,SEM VÍTIMA,EQUIPE NO LOCAL,JARDIM SÃO PAULO,AV LIBERDADE,110,,AO LADO DO CONDOMÍNIO CLUB VILA JARDIM,AV LIBERDADE,110,AO LADO DO CONDOMÍNIO CLUB VILA JARDIM,JARDIM SÃO PAULO,,SUBURBIO,COLISÃO TRASEIRA,COLISÃO SEM VITIMA,2,,,,,,,,,0,,Longo da via,Chuvoso,Não existe,Perfeito estado,Molhada,Perfeito estado,Outros,R-6a,,Dupla,,,
2019-10-13,15:22:00,SEM VÍTIMA,FINALIZADA,ILHA DO RETIRO,RUA SPORT CLUBE DO RECIFE,,,EM FRENTE A FACULDADE DE ADMINISTRAÇÃO E DIREITO DE PERNAMBUCO,RUA SPORT CLUBE DO RECIFE,,EM FRENTE A FACULDADE DE ADMINISTRAÇÃO E DIREITO DE PERNAMBUCO,ILHA DO RETIRO,481,SUBURBIO,COLISÃO TRASEIRA,SEM VITIMAS,3,,,,,,,,,0,,Longo da via,Chuvoso,Sem defeito,Perfeito estado,Molhada,Perfeito estado,,R-6a,,Dupla,Faixa seccionada,Canteiro central,
2019-10-13,16:58:00,SEM VÍTIMA,FINALIZADA,BOA VIAGEM,RUA AMALIA BERNARDINO DE SOUZA,210,,EDIFÍCIO JOÃO SALES ASFORA,RUA AMALIA BERNARDINO DE SOUZA,210,EDIFÍCIO JOÃO SALES ASFORA,BOA VIAGEM,,,ABALROAMENTO TRANSVERSAL,COLISÃO SEM VITIMA,2,,,,,,,,,0,,Longo da via,Chuvoso,Não existe,Não existente,Molhada,Mal iluminada,Não existe,Não há placas,40 km/h,Dupla,Não existe,,
2019-10-13,17:05:00,SEM VÍTIMA,FINALIZADA,BOA VIAGEM,AV ARMINDO MOURA,500,,EM FRENTE AO SEGUNDO COMANDO AREO REGIONAL,AV ARMINDO MOURA,500,EM FRENTE AO SEGUNDO COMANDO AREO REGIONAL,BOA VIAGEM,,SUBURBIO,ABALROAMENTO LONGITUDINAL,SEM VITIMAS,2,,,,,,,,,0,,Longo da via,Bom,,Perfeito estado,Seca,Perfeito estado,Não existe,Não há placas,,Dupla,,,
2019-10-13,18:37:00,SEM VÍTIMA,FINALIZADA,ILHA DO LEITE,AV GOVERNADOR AGAMENON MAGALHAES,,RUA PAISSANDU,SOB O SEMÁFORO Nº 069,AV GOVERNADOR AGAMENON MAGALHAES,,SOB O SEMÁFORO Nº 069,ILHA DO LEITE,69,,ABALROAMENTO LONGITUDINAL,ENTRE 2 AUTOS. S/V,2,,,,,,,,,0,,,Chuvoso,Sem defeito,Perfeito estado,Molhada,Perfeito estado,Faixa de pedestre,,,Dupla,Faixa contínua,Canteiro central,
2019-10-13,18:42:00,SEM VÍTIMA,CANCELADA,JORDÃO,AV MARIA IRENE,,,APÓS A BASE ÁREA / E.F A EQUIPADORA ALTO NÍVEL,AV MARIA IRENE,,APÓS A BASE ÁREA / E.F A EQUIPADORA ALTO NÍVEL,JORDÃO,,,COLISÃO,ENTRE 2 AUTOS. S/V,,,,,,,,,,0,,,,,,,,,,,,,,
2019-10-13,19:25:00,SEM VÍTIMA,FINALIZADA,,RUA SA E SOUZA,,RUA LUIZ PIMENTEL,VERDFRUT,RUA SA E SOUZA,,VERDFRUT,,,,ABALROAMENTO TRANSVERSAL,ENTRE 2 AUTOS. S/V,2,,,,,,,,,0,,Cruzamento,Chuvoso,Não existe,Perfeito estado,Molhada,Perfeito estado,Não existe,Não há placas,,Dupla,Faixa seccionada,,
2019-10-13,19:28:00,COM VÍTIMA,CANCELADA,CAXANGÁ,AV CAXANGA,383,,E/F A CENTROCAR,AV CAXANGA,383,E/F A CENTROCAR,CAXANGÁ,,,COLISÃO,ENTRE AUTO E MOTO. C/V,1,1,,,,,,,,1,,,,,,,,,,,,,,
2019-10-13,20:38:00,SEM VÍTIMA,FINALIZADA,AREIAS,AV RECIFE,1040,,,AV RECIFE,1040,,AREIAS,494,SUBURBIO,COLISÃO TRASEIRA,COLISÃO ENTRE VIATURA DA LEI SECA E DOIS AUTOS S/V,3,,,,,,,,,0,,Longo da via,Chuvoso,Sem defeito,Perfeito estado,Molhada,Perfeito estado,Faixa de retenção,Outras,,Dupla,Canteiro central,,
2019-10-13,20:58:00,SEM VÍTIMA,FINALIZADA,CURADO,AV PREFEITO ANTONIO PEREIRA,,,TERMINAL INTEGRADO DE PASSAGEIRO DO RECIFE,AV PREFEITO ANTONIO PEREIRA,,TERMINAL INTEGRADO DE PASSAGEIRO DO RECIFE,CURADO,,CIDADE,COLISÃO TRASEIRA,COLISÃO ENTRE DOIS AUTOS S/V,2,,,,,,,,,0,,Longo da via,Chuvoso,Não existe,Incompleta,Molhada,Mal conservada,Não existe,Outras,,Dupla,Não existe,,
2019-10-13,21:35:00,COM VÍTIMA,FINALIZADA,CASA FORTE,RUA CASA FORTE,,,E/F A IGREJA MATRIZ DE CASA FORTE,RUA CASA FORTE,,E/F A IGREJA MATRIZ DE CASA FORTE,CASA FORTE,,SUBURBIO,COLISÃO FRONTAL,AUTO E MOTO.,1,1,,,,,,,,1,,Longo da via,Chuvoso,Não existe,Incompleta,Molhada,Perfeito estado,Faixa de pedestre,Outras,,Única,Outros,,
2019-10-13,22:06:00,SEM VÍTIMA,CANCELADA,BARRO,RUA PERI-MIRIM,,,PRÓX A IGREJA DO BARRO,RUA PERI-MIRIM,,PRÓX A IGREJA DO BARRO,BARRO,,,COLISÃO,ENTRE 2 AUTOS. S/V,2,,,,,,,,,0,,,,,,,,,,,,,,