data,hora,natureza_acidente,situacao,bairro,endereco,numero,detalhe_endereco_acidente,complemento,endereco_cruzamento,numero_cruzamento,referencia_cruzamento,bairro_cruzamento,num_semaforo,sentido_via,tipo,descricao,auto,moto,ciclom,ciclista,pedestre,onibus,caminhao,viatura,outros,vitimas,vitimasfatais,acidente_verificado,tempo_clima,situacao_semaforo,sinalizacao,condicao_via,conservacao_via,ponto_controle,situacao_placa,velocidade_max_via,mao_direcao,divisao_via1,divisao_via2,divisao_via3
2019-10-16,11:21:00,SEM VÍTIMA,FINALIZADA,BOA VIAGEM,RUA BALTAZAR PASSOS,550,RUA JOSE HIPOLITO CARDOSO,,RUA BALTAZAR PASSOS,550,,BOA VIAGEM,,SUBURBIO,ABALROAMENTO TRANSVERSAL,DOIS AUTOS,2,,,,,,,,,0,,Cruzamento,Bom,Não existe,Perfeito estado,Seca,Perfeito estado,Não existe,Não há placas,,Única,Não existe,,
2019-10-16,11:58:00,SEM VÍTIMA,FINALIZADA,ESPINHEIRO,RUA DO ESPINHEIRO,119,,EM FRENTE AO HAPVIDA RECIFE,RUA DO ESPINHEIRO,119,EM FRENTE AO HAPVIDA RECIFE,ESPINHEIRO,,SUBURBIO,ABALROAMENTO LONGITUDINAL,ENTRE DOIS AUTOS S/V,2,,,,,,,,,0,,Longo da via,Bom,Não existe,Perfeito estado,Seca,Perfeito estado,Não existe,Outras,,Única,Faixa seccionada,,
2019-10-16,12:16:00,SEM VÍTIMA,FINALIZADA,BOA VISTA,AV GOVERNADOR AGAMENON MAGALHAES,,,OPOSTO AO POSTE NºB 025628,AV GOVERNADOR AGAMENON MAGALHAES,,OPOSTO AO POSTE NºB 025628,BOA VISTA,,,COLISÃO TRASEIRA,COLISÃO SEM VÍTIMA,3,,,,,,,,,0,,Longo da via,Bom,Não existe,Perfeito estado,Seca,Perfeito estado,Não existe,Não há placas,,Dupla,Canal,,
2019-10-16,12:17:00,SEM VÍTIMA,FINALIZADA,ÁGUA FRIA,EST VELHA DE AGUA FRIA,,,EM FRENTE AO POSTO DE GASOLINA NORTE BRAZ,EST VELHA DE AGUA FRIA,,EM FRENTE AO POSTO DE GASOLINA NORTE BRAZ,ÁGUA FRIA,,CIDADE,ABALROAMENTO LONGITUDINAL,ONIBUS X AUTO PASSEIO S/V,1,,,,,1,,,,0,,,Bom,Não existe,Perfeito estado,Seca,Perfeito estado,Outros,,,Dupla,Canteiro central,,
2019-10-16,12:24:00,SEM VÍTIMA,FINALIZADA,IMBIRIBEIRA,RUA ITACARI,,RUA ITAJAI,,RUA ITACARI,,,IMBIRIBEIRA,,SUBURBIO,ABALROAMENTO TRANSVERSAL,COLISÃO SEM VÍTIMA,3,,,,,,,,,0,,Cruzamento,Bom,Não existe,Incompleta,Seca,Mal conservada,Faixa de pedestre,Placas Pare,,Dupla,Faixa contínua,,
2019-10-16,13:14:00,SEM VÍTIMA,FINALIZADA,DOIS IRMÃOS,PRC FARIAS NEVES,,,COMPESA,PRC FARIAS NEVES,,COMPESA,DOIS IRMÃOS,,SUBURBIO,COLISÃO TRASEIRA,COLISAO ENTRE AUTO E MOTO S/V,1,1,,,,,,,,0,,Longo da via,Bom,Não existe,Ilegível,Seca,Perfeito estado,Não existe,Não há placas,20 km/h,Única,Não existe,,
2019-10-16,13:35:00,SEM VÍTIMA,FINALIZADA,AFOGADOS,RUA VINTE E UM DE ABRIL,1070,,,RUA VINTE E UM DE ABRIL,1070,,AFOGADOS,,CIDADE,COLISÃO TRASEIRA,COLISAO ENTRE DOIS AUTOS S/V,2,,,,,,,,,0,,Longo da via,Bom,Não existe,Perfeito estado,Seca,Perfeito estado,Não existe,Não há placas,,Dupla,Não existe,,
2019-10-16,14:02:00,SEM VÍTIMA,FINALIZADA,CORDEIRO,AV ENGENHEIRO ABDIAS DE CARVALHO,,,CAMARÃO DO LÉO,AV ENGENHEIRO ABDIAS DE CARVALHO,,CAMARÃO DO LÉO,CORDEIRO,,CIDADE,COLISÃO TRASEIRA,COLISÃO SEM VÍTIMA,2,,,,,,,,,0,,Longo da via,Bom,Não existe,Perfeito estado,Seca,Perfeito estado,Não existe,Outras,,Dupla,Faixa seccionada,Canteiro central,
2019-10-16,14:30:00,SEM VÍTIMA,CANCELADA,ENCRUZILHADA,EST DE BELEM,86,RUA ODORICO MENDES,E/F A CLINICA VETERINARIA BICHO SOLTO /PROX AO COLEGIO JESUS CRUCIFICADO,EST DE BELEM,86,E/F A CLINICA VETERINARIA BICHO SOLTO /PROX AO COLEGIO JESUS CRUCIFICADO,ENCRUZILHADA,,,COLISÃO,ENTRE ONIBUS X AUTO PASSEIO S/V,1,,,,,1,,,,0,,,,,,,,,,,,,,
2019-10-16,14:34:00,SEM VÍTIMA,FINALIZADA,,RUA GENERAL SALGADO,380,RUA COSMORAMA,SHARK ARENA,RUA GENERAL SALGADO,380,SHARK ARENA,,,CIDADE,ABALROAMENTO TRANSVERSAL,COLISÃO SEM VÍTIMA,2,,,,,,,,,0,,Cruzamento,Bom,Não existe,Perfeito estado,Seca,Perfeito estado,,Placas Pare,40 km/h,Única,Faixa seccionada,,
2019-10-16,16:22:00,SEM VÍTIMA,FINALIZADA,CASA AMARELA,AV NORTE,,,EM FRENTE AO REI DA PICANHA,AV NORTE,,EM FRENTE AO REI DA PICANHA,CASA AMARELA,,CIDADE,COLISÃO TRASEIRA,ONIBUS X AUTO PASSEIO S/V,1,,,,,1,,,,0,,Longo da via,Bom,Sem defeito,Perfeito estado,Seca,Perfeito estado,Outros,Outras,,Dupla,Canteiro central,,
2019-10-16,17:14:00,SEM VÍTIMA,FINALIZADA,AFOGADOS,RUA JACIRA,,RUA CINCO DE NOVEMBRO,EM FRENTE AO N 151,RUA JACIRA,,EM FRENTE AO N 151,AFOGADOS,,CIDADE,ABALROAMENTO TRANSVERSAL,COLISÃO SEM VÍTIMA,2,,,,,,,,,0,,Cruzamento,Bom,Não existe,Não existente,Seca,Perfeito estado,Não existe,Não há placas,,Dupla,Não existe,,
2019-10-16,17:37:00,SEM VÍTIMA,FINALIZADA,CORDEIRO,AV CAXANGA,1443,,EM FRENTE AO Nº 1443,AV CAXANGA,1443,EM FRENTE AO Nº 1443,CORDEIRO,80,CIDADE,COLISÃO TRASEIRA,COLISÃO SEM VÍTIMA,3,,,,,,,,,0,,Longo da via,Bom,Sem defeito,Perfeito estado,Seca,Perfeito estado,,Outras,,Dupla,Canteiro central,,
2019-10-16,18:05:00,SEM VÍTIMA,FINALIZADA,MADALENA,RUA BENFICA,,,EM FRENTE AO MUSEU DA ABOLIÇÃO,RUA BENFICA,,EM FRENTE AO MUSEU DA ABOLIÇÃO,,257,CIDADE,ABALROAMENTO LONGITUDINAL,AUTO PASSEIO X BRT S/V,1,,,,,1,,,,0,,Longo da via,Bom,Sem defeito,Incompleta,Seca,Perfeito estado,Não existe,Não há placas,,Dupla,Faixa contínua,,
2019-10-16,18:10:00,SEM VÍTIMA,FINALIZADA,PRADO,AV ENGENHEIRO ABDIAS DE CARVALHO,,RUA SANTA EDWIRGES,POSTO PETROBRAS,AV ENGENHEIRO ABDIAS DE CARVALHO,,POSTO PETROBRAS,PRADO,354,SUBURBIO,ABALROAMENTO LONGITUDINAL,ENTRE DOIS AUTOS S/V,2,,,,,,,,,0,,Longo da via,Bom,Sem defeito,Perfeito estado,Seca,Perfeito estado,Faixa de pedestre,Outras,,Dupla,Faixa contínua,Faixa seccionada,Canteiro central
2019-10-16,18:28:00,SEM VÍTIMA,FINALIZADA,DERBY,AV GOVERNADOR AGAMENON MAGALHAES,4261,,,AV GOVERNADOR AGAMENON MAGALHAES,4261,,DERBY,,,ABALROAMENTO LONGITUDINAL,ONIBUS X AUTO PASSEIO S/V,1,,,,,1,,,,0,,Longo da via,Bom,Sem defeito,Perfeito estado,Seca,Perfeito estado,Não existe,Não há placas,,Dupla,Canal,,
2019-10-16,20:11:00,COM VÍTIMA,FINALIZADA,ESTÂNCIA,AV JOAO CABRAL DE MELO NETO,,AV RECIFE,ENTRADA DE JARDIM SÃO PAULO,AV JOAO CABRAL DE MELO NETO,,ENTRADA DE JARDIM SÃO PAULO,ESTÂNCIA,259,CIDADE,CHOQUE OBJETO FIXO,VEICULO CHOCOU-SE COM POSTE DE ILUMINAÇÃO E CAPOTOU.,1,,,,,,,,,1,,Cruzamento,Bom,Sem defeito,,Seca,,Faixa de pedestre,Não há placas,,Dupla,Canteiro central,,
2019-10-16,20:54:00,SEM VÍTIMA,FINALIZADA,,RUA PROFESSOR MARIO CASTRO,222,,,RUA PROFESSOR MARIO CASTRO,222,,,,SUBURBIO,CHOQUE VEÍCULO PARADO,COROLLA X HONDA CIVIC,2,,,,,,,,,0,,Longo da via,Bom,Não existe,Ilegível,Seca,Mal conservada,Não existe,R-6a,,Dupla,Faixa contínua,,
2019-10-16,21:11:00,COM VÍTIMA,FINALIZADA,BONGI,AV ENGENHEIRO ABDIAS DE CARVALHO,,AV GENERAL SAN MARTIN,,AV ENGENHEIRO ABDIAS DE CARVALHO,,AV GENERAL SAN MARTIN,BONGI,58,SUBURBIO,ABALROAMENTO TRANSVERSAL,AUTO PASSEIO X MOTO,1,1,,,,,,,,1,,Cruzamento,Bom,Sem defeito,Perfeito estado,Seca,Perfeito estado,Faixa de pedestre,R-6a,50 km/h,Dupla,Canteiro central,,
2019-10-16,21:31:00,SEM VÍTIMA,FINALIZADA,,RUA COPACABANA,,,EM FRENTE ESCOLA DE REF. PROFESSOR FERNANDO UCHOA,RUA COPACABANA,,EM FRENTE ESCOLA DE REF. PROFESSOR FERNANDO UCHOA,,,SUBURBIO,CHOQUE VEÍCULO PARADO,LOGAN X VT DESCARECTERIZADA (POLICIA),2,,,,,,,,,0,,Longo da via,Bom,Não existe,Perfeito estado,Seca,Perfeito estado,Faixa de pedestre,Não há placas,,Dupla,,,
2019-10-16,22:12:00,COM VÍTIMA,CANCELADA,MADALENA,RUA JOAO IVO DA SILVA,,,E/F A ESQUINA DA PICANHA/ PROX AO TÚNEL DA ABOLIÇÃO,RUA JOAO IVO DA SILVA,,E/F A ESQUINA DA PICANHA/ PROX AO TÚNEL DA ABOLIÇÃO,MADALENA,,,COLISÃO COM CICLISTA,AUTO PASSEIO X CICLISTA COM VÍTIMA,1,,,1,,,,,,1,,,,,,,,,,,,,,
2019-10-17,06:19:00,SEM VÍTIMA,FINALIZADA,ROSARINHO,AV PROFESSOR JOSE DOS ANJOS,1530,,,AV PROFESSOR JOSE DOS ANJOS,1530,,ROSARINHO,,CIDADE,COLISÃO TRASEIRA,COLISÃO EM SEGUIDA DE CHOQUE CONDUTOR BATEU CONTRA POSTE SEM VITIMAS,2,,,,,,,,,0,,Cruzamento,Bom,Não existe,Perfeito estado,Seca,Perfeito estado,Faixa de pedestre,Não há placas,,Única,Faixa seccionada,Canal,
2019-10-17,07:18:00,SEM VÍTIMA,CANCELADA,ESTÂNCIA,AV DR JOSE RUFINO,726,,EM FRENTE A BORRACHARIA FLORESTA AUTO PEÇAS,AV DR JOSE RUFINO,726,EM FRENTE A BORRACHARIA FLORESTA AUTO PEÇAS,ESTÂNCIA,,SUBURBIO,COLISÃO,COLISÃO S/VITIMAS ENTRE DOIS AUTOS,2,,,,,,,,,0,,,,,,,,,,,,,,
2019-10-17,07:39:00,COM VÍTIMA,FINALIZADA,CORDEIRO,RUA N S DA SAUDE,309,,PRÓXIMO AO PARQUE DO CAIARA.,RUA N S DA SAUDE,309,PRÓXIMO AO PARQUE DO CAIARA.,CORDEIRO,,,ABALROAMENTO LONGITUDINAL,AUTO E MOTO.,1,1,,,,,,,,1,,Longo da via,Bom,Não existe,Perfeito estado,Seca,Perfeito estado,Não existe,Placas Pare,,Dupla,Faixa seccionada,,
2019-10-17,09:17:00,SEM VÍTIMA,FINALIZADA,DERBY,AV GOVERNADOR AGAMENON MAGALHAES,,RUA HENRIQUE DIAS,SOB O SEMÁFORO Nº068,AV GOVERNADOR AGAMENON MAGALHAES,,SOB O SEMÁFORO Nº068,DERBY,,,ABALROAMENTO LONGITUDINAL,COLISÃO S/VITIMAS ENTRE DUAS MOTOS,,2,,,,,,,,0,,Cruzamento,Bom,Sem defeito,Perfeito estado,Seca,Perfeito estado,Faixa de pedestre,Outras,,Dupla,Canteiro central,,
2019-10-17,09:31:00,SEM VÍTIMA,FINALIZADA,BOA VIAGEM,AV CONSELHEIRO AGUIAR,,RUA PROFESSOR OSIAS RIBEIRO,JIAZEDI,AV CONSELHEIRO AGUIAR,,JIAZEDI,BOA VIAGEM,,CIDADE,ABALROAMENTO TRANSVERSAL,SEM VITIMAS,1,1,,,,,,,,0,,Cruzamento,Bom,Não existe,Perfeito estado,Seca,Perfeito estado,Outros,Placas Pare,60 km/h,Única,Faixa seccionada,,
2019-10-17,09:38:00,SEM VÍTIMA,CANCELADA,CORDEIRO,RUA GOMES TABORDA,1357,,E/F AO POSTO PETRONAC,RUA GOMES TABORDA,1357,E/F AO POSTO PETRONAC,CORDEIRO,67,,COLISÃO,COLISÃO S/VITIMAS ENTRE DOIS AUTOS,2,,,,,,,,,0,,,,,,,,,,,,,,
2019-10-17,11:07:00,SEM VÍTIMA,FINALIZADA,SANTO ANTÔNIO,PRC DA REPUBLICA,,RUA DO SOL,PRÓXIMO AO TEATRO SANTA ISABEL,PRC DA REPUBLICA,,PRÓXIMO AO TEATRO SANTA ISABEL,SANTO ANTÔNIO,,CIDADE,ABALROAMENTO LONGITUDINAL,COLISÃO SEM VITIMAS,1,,,,,1,,,,0,,Cruzamento,Bom,Não existe,Incompleta,Seca,Perfeito estado,Não existe,R-6a,,,,,
2019-10-17,11:08:00,SEM VÍTIMA,FINALIZADA,BOA VIAGEM,RUA ERNESTO DE PAULA SANTOS,550,,,RUA ERNESTO DE PAULA SANTOS,550,,BOA VIAGEM,,,COLISÃO TRASEIRA,SEM VITIMAS,1,1,,,,,,,,0,,Longo da via,Bom,Sem defeito,Perfeito estado,Seca,Perfeito estado,Não existe,Não há placas,60 km/h,Única,Faixa seccionada,,
2019-10-17,11:09:00,COM VÍTIMA,FINALIZADA,SANTO AMARO,AV GOVERNADOR AGAMENON MAGALHAES,,,EM FRENTE AO MINISTÉRIO DO TRABALHO,AV GOVERNADOR AGAMENON MAGALHAES,,EM FRENTE AO MINISTÉRIO DO TRABALHO,SANTO AMARO,108,BOA VIAGEM,COLISÃO TRASEIRA,AUTO E MOTO.,1,1,,,,,,,,1,,Longo da via,Bom,Sem defeito,Perfeito estado,Seca,Perfeito estado,Faixa de pedestre,,60 km/h,Dupla,Canal,,
2019-10-17,11:20:00,COM VÍTIMA,FINALIZADA,CAXANGÁ,AV CAXANGA,1165,,EM FRENTE A CAIXA ECONOMICA FEDERAL.,AV CAXANGA,1165,EM FRENTE A CAIXA ECONOMICA FEDERAL.,CAXANGÁ,,CIDADE,ATROPELAMENTO,AUTO E PEDESTRE.,1,,,,1,,,,,1,,Longo da via,Bom,,Perfeito estado,Seca,Perfeito estado,,R-6a,,Dupla,Canteiro central,,
2019-10-17,11:31:00,SEM VÍTIMA,FINALIZADA,BOA VIAGEM,RUA PADRE CARAPUCEIRO,825,,EM FRENTE AO EDIFÍCIO GREEN PARK,RUA PADRE CARAPUCEIRO,825,EM FRENTE AO EDIFÍCIO GREEN PARK,BOA VIAGEM,,SUBURBIO,CHOQUE VEÍCULO PARADO,SEM VITIMAS,2,,,,,,,,,0,,Longo da via,Bom,Não existe,Incompleta,Seca,Mal conservada,Não existe,Não há placas,,Única,Faixa seccionada,,
2019-10-17,11:52:00,SEM VÍTIMA,FINALIZADA,CASA FORTE,AV DEZESSETE DE AGOSTO,2187,,FUNDAÇÃO JOAQUIM NABUCO,AV DEZESSETE DE AGOSTO,2187,FUNDAÇÃO JOAQUIM NABUCO,CASA FORTE,646,CIDADE,COLISÃO TRASEIRA,COLISÃO S/VITIMAS ENTRE DOIS AUTOS,2,,,,,,,,,0,,Longo da via,Bom,Sem defeito,Perfeito estado,Seca,Perfeito estado,Faixa de pedestre,R-6a,60 km/h,Dupla,Faixa contínua,,
2019-10-17,12:11:00,SEM VÍTIMA,CANCELADA,BOA VIAGEM,RUA ERNESTO DE PAULA SANTOS,,AV CONSELHEIRO AGUIAR,E/F AO HABI´S,RUA ERNESTO DE PAULA SANTOS,,E/F AO HABI´S,BOA VIAGEM,127,,COLISÃO,COLISAO SEM VITIMAS,1,,,,,,1,,,0,,,,,,,,,,,,,,
2019-10-17,12:32:00,COM VÍTIMA,FINALIZADA,IMBIRIBEIRA,AV MARECHAL MASCARENHAS DE MORAES,,,E/F A EUROVIA,AV MARECHAL MASCARENHAS DE MORAES,,E/F A EUROVIA,IMBIRIBEIRA,534,BOA VIAGEM,ACID. DE PERCURSO,OLÉO DERRAMADO NA VIA,,1,,,,,,,,1,,,,,,,,,,,,,,
2019-10-17,15:10:00,SEM VÍTIMA,FINALIZADA,BAIRRO DO RECIFE,AV ALFREDO LISBOA,505,,CAIXA CULTURAL,AV ALFREDO LISBOA,505,CAIXA CULTURAL,BAIRRO DO RECIFE,,SUBURBIO,COLISÃO TRASEIRA,COLISÃO SEM VÍTIMA,1,,,,,,1,,,0,,Longo da via,Bom,Não existe,Perfeito estado,Seca,Perfeito estado,Faixa de pedestre,R-6a,,Única,Faixa seccionada,,
2019-10-17,15:12:00,SEM VÍTIMA,FINALIZADA,,,,CAIS DO APOLO,,,,,,19,SUBURBIO,ABALROAMENTO TRANSVERSAL,COLISAO SEM VITIMAS,2,,,,,,,,,0,,Ponte,Bom,Sem defeito,Perfeito estado,Seca,Perfeito estado,Faixa de pedestre,,,Única,Faixa contínua,,
2019-10-17,15:19:00,SEM VÍTIMA,FINALIZADA,SÃO JOSÉ,AV MARTINS DE BARROS,451,,,AV MARTINS DE BARROS,451,,SÃO JOSÉ,,SUBURBIO,ABALROAMENTO LONGITUDINAL,COLISAO ENTRE AUTO E ONIBUS S/V,2,,,,,1,,,,0,,Longo da via,Bom,Não existe,Ilegível,Seca,Perfeito estado,Agente,Placas Pare,,Única,Faixa seccionada,,
2019-10-17,15:31:00,SEM VÍTIMA,FINALIZADA,SAN MARTIN,AV GENERAL SAN MARTIN,2482,,APÓS O COLÉGIO ADVENTISTA,AV GENERAL SAN MARTIN,2482,APÓS O COLÉGIO ADVENTISTA,SAN MARTIN,,SUBURBIO,ABALROAMENTO LONGITUDINAL,COLISÃO SEM VÍTIMA,1,1,,,,,,,,0,,Longo da via,Bom,Não existe,Perfeito estado,Seca,Perfeito estado,Não existe,Não há placas,,Dupla,Faixa contínua,,
2019-10-17,15:36:00,SEM VÍTIMA,CANCELADA,AFOGADOS,RUA TABAIARES,1700,,E/F A CONCESSIONARIA PAVI HYUNDAI,RUA TABAIARES,1700,E/F A CONCESSIONARIA PAVI HYUNDAI,AFOGADOS,,,COLISÃO,COLISO ENTRE AUTO E MOTO S/V,1,1,,,,,,,,0,,,,,,,,,,,,,,
2019-10-17,15:57:00,SEM VÍTIMA,FINALIZADA,ILHA DO RETIRO,RUA SPORT CLUBE DO RECIFE,98,RUA BENFICA,LADO OPOSTO AO SPORT CLUB DO RECIFE,RUA SPORT CLUBE DO RECIFE,98,LADO OPOSTO AO SPORT CLUB DO RECIFE,ILHA DO RETIRO,,SUBURBIO,ABALROAMENTO LONGITUDINAL,COLISAO ENTRE AUTO E CAMINHAO S/V,1,,,,,,1,,,0,,,Bom,Não existe,Perfeito estado,Seca,Perfeito estado,Não existe,Não há placas,,,Não existe,,
2019-10-17,15:58:00,SEM VÍTIMA,FINALIZADA,SANTO AMARO,AV GOVERNADOR AGAMENON MAGALHAES,,,LADO OPOSTO A QUITANDARIA,AV GOVERNADOR AGAMENON MAGALHAES,,LADO OPOSTO A QUITANDARIA,SANTO AMARO,,SUBURBIO,COLISÃO TRASEIRA,COLISAO SEM VITIMAS,2,,,,,,,,,0,,Longo da via,Bom,Não existe,Perfeito estado,Seca,Perfeito estado,Agente,Não há placas,30 km/h,Única,Faixa seccionada,,
2019-10-17,16:03:00,COM VÍTIMA,FINALIZADA,CORDEIRO,AV CAXANGA,1964,,EM FRENTE A ASSEMBLEIA DE DEUS,AV CAXANGA,1964,EM FRENTE A ASSEMBLEIA DE DEUS,CORDEIRO,267,SUBURBIO,ABALROAMENTO LONGITUDINAL,AUTO E MOTO.,1,1,,,,,,,,1,,Longo da via,Bom,Sem defeito,Perfeito estado,Seca,Perfeito estado,Faixa de pedestre,R-6a,,Dupla,Faixa seccionada,Canteiro central,
2019-10-17,16:05:00,SEM VÍTIMA,CANCELADA,ÁGUA FRIA,AV BEBERIBE,,,APOS O CANAL DA CONTRUÇAO EM BAIXO DO SEMAFORO 698,AV BEBERIBE,,APOS O CANAL DA CONTRUÇAO EM BAIXO DO SEMAFORO 698,ÁGUA FRIA,,,COLISÃO,COLISAO ENTRE AUTO E CAMINHAO S/V,1,,,,,,1,,,0,,,,,,,,,,,,,,
2019-10-17,17:40:00,SEM VÍTIMA,FINALIZADA,IMBIRIBEIRA,RUA ITACARE,,RUA ITAJAI,LADO SUL DO BANCO DO BRASIL,RUA ITACARE,,LADO SUL DO BANCO DO BRASIL,IMBIRIBEIRA,,SUBURBIO,ABALROAMENTO TRANSVERSAL,COLISAO ENTRE DOIS AUTOS S/V,2,,,,,,,,,0,,Cruzamento,Bom,Não existe,Não existente,Seca,Perfeito estado,Não existe,Não há placas,40 km/h,Dupla,Não existe,,
2019-10-17,17:43:00,SEM VÍTIMA,FINALIZADA,SANTO AMARO,AV DR JAYME DA FONTE,19A,,PRÓXIMO AO CAMPO DO 11,AV DR JAYME DA FONTE,19A,PRÓXIMO AO CAMPO DO 11,SANTO AMARO,,SUBURBIO,ABALROAMENTO LONGITUDINAL,COLISAO SEM VITMAS,1,,,,,,1,,,0,,Longo da via,Bom,Não existe,Não existente,Seca,Perfeito estado,Não existe,Não há placas,,Dupla,Canteiro central,,
2019-10-17,17:46:00,SEM VÍTIMA,FINALIZADA,SANTO ANTÔNIO,AV ENGENHEIRO JOSE ESTELITA,,,PRÓXIMO A SUBIDA DO VIADUTO DAS 5 PONTAS,AV ENGENHEIRO JOSE ESTELITA,,PRÓXIMO A SUBIDA DO VIADUTO DAS 5 PONTAS,SANTO ANTÔNIO,,CIDADE,COLISÃO TRASEIRA,COLISAO ENTRE AUTO E MOTO S/V,1,1,,,,,,,,0,,Longo da via,Bom,Não existe,Perfeito estado,Seca,Perfeito estado,Outros,Outras,60 km/h,Dupla,Canteiro central,,
2019-10-17,18:56:00,VÍTIMA FATAL,FINALIZADA,ALTO JOSÉ BONIFÁCIO,RUA ALTO DA SERRINHA,109,,E/F AO ARMAZEM SHALOM,RUA ALTO DA SERRINHA,109,E/F AO ARMAZEM SHALOM,ALTO JOSÉ BONIFÁCIO,,SUBURBIO,COLISÃO COM CICLISTA,ONIBUS X CICLISTA COM VÍTAMA FATAL,,,,1,,1,,,,,1,Longo da via,Bom,Não existe,Não existente,Seca,Perfeito estado,Não existe,Não há placas,,Dupla,Não existe,,
2019-10-17,19:11:00,SEM VÍTIMA,CANCELADA,GRAÇAS,RUA DAS PERNAMBUCANAS,,RUA GUILHERME PINTO,E/F AO EDF. CAP FERRAT,RUA DAS PERNAMBUCANAS,,E/F AO EDF. CAP FERRAT,GRAÇAS,,,COLISÃO,ENTRE DOIS AUTOS S/V,2,,,,,,,,,0,,,,,,,,,,,,,,
2019-10-17,19:20:00,COM VÍTIMA,FINALIZADA,IMBIRIBEIRA,VIADUTO TANCREDO NEVES,,,SOBRE O VIADUTO TRANQUEDO NEVES ( NO MEIO DO VIADUTO) SENTIDO SHOPPING RECIFE,VIADUTO TANCREDO NEVES,,SOBRE O VIADUTO TRANQUEDO NEVES ( NO MEIO DO VIADUTO) SENTIDO SHOPPING RECIFE,IMBIRIBEIRA,,BOA VIAGEM,COLISÃO COM CICLISTA,MOTO X CICLISTA,,1,,1,,,,,,2,,Viaduto,Bom,Não existe,Perfeito estado,Seca,Perfeito estado,Não existe,Não há placas,,Dupla,Faixa seccionada,,
2019-10-17,20:02:00,COM VÍTIMA,FINALIZADA,PINA,AV ENGENHEIRO DOMINGOS FERREIRA,,,E/F AO POSTO TOTAL,AV ENGENHEIRO DOMINGOS FERREIRA,,E/F AO POSTO TOTAL,PINA,,SUBURBIO,ABALROAMENTO LONGITUDINAL,AUTO PASSEIO X MOTO COM VÍTIMA,1,1,,,,,,,,1,,Longo da via,Bom,Não existe,Perfeito estado,Seca,Perfeito estado,Não existe,Outras,,Única,Faixa seccionada,,
2019-10-17,20:18:00,SEM VÍTIMA,FINALIZADA,IPSEP,RUA HELIO BRANDAO,,RUA TRINTA E UM DE MARCO,,RUA HELIO BRANDAO,,,IPSEP,,SUBURBIO,COLISÃO TRASEIRA,FIAT STILO X RANGE ROVER,2,,,,,,,,,0,,Longo da via,Chuvoso,Não existe,Perfeito estado,Molhada,Mal iluminada,Não existe,Não há placas,,Dupla,Faixa seccionada,,
2019-10-17,21:04:00,COM VÍTIMA,CANCELADA,CORDEIRO,RUA GOMES TABORDA,,AV GENERAL SAN MARTIN,PROX AO COMPAZ,RUA GOMES TABORDA,,PROX AO COMPAZ,CORDEIRO,,,COLISÃO,GOL X MOTO,1,1,,,,,,,,1,,,,,,,,,,,,,,
2019-10-17,21:20:00,SEM VÍTIMA,FINALIZADA,BOA VIAGEM,RUA ERNESTO DE PAULA SANTOS,,RUA DOS NAVEGANTES,,RUA ERNESTO DE PAULA SANTOS,,,BOA VIAGEM,,CIDADE,ABALROAMENTO TRANSVERSAL,PALIO X FOX,2,,,,,,,,,0,,Cruzamento,Chuvoso,Não existe,Perfeito estado,Molhada,Perfeito estado,,Placas Pare,,Única,Faixa seccionada,,
2019-10-17,21:46:00,SEM VÍTIMA,FINALIZADA,BOA VIAGEM,AV MARECHAL MASCARENHAS DE MORAES,4455,,,AV MARECHAL MASCARENHAS DE MORAES,4455,,BOA VIAGEM,,CIDADE,COLISÃO TRASEIRA,ENTRE DOIS AUTOS S/V,2,,,,,,,,,0,,Longo da via,Chuvoso,Não existe,Perfeito estado,Molhada,Perfeito estado,Não existe,,,Dupla,Canteiro central,,
2019-10-17,22:02:00,COM VÍTIMA,CANCELADA,AREIAS,AV DR JOSE RUFINO,,RUA IPOJUCA,E/F AO POSTO SHELL,AV DR JOSE RUFINO,,E/F AO POSTO SHELL,AREIAS,,,COLISÃO,ENTRE AUTO PASSEIO X MOTO COM VÍTIMA,1,1,,,,,,,,1,,,,,,,,,,,,,,
2019-10-17,22:06:00,SEM VÍTIMA,FINALIZADA,CASA AMARELA,RUA PADRE LEMOS,185,,EM FRENTE AO POSTO BR,RUA PADRE LEMOS,185,EM FRENTE AO POSTO BR,CASA AMARELA,,CIDADE,ABALROAMENTO LONGITUDINAL,MOTO X AUTO PASSEIO S/V,1,1,,,,,,,,0,,Longo da via,Chuvoso,Não existe,Perfeito estado,Molhada,Perfeito estado,Não existe,Não há placas,,Única,Faixa seccionada,,
2019-10-17,22:22:00,SEM VÍTIMA,FINALIZADA,IMBIRIBEIRA,AV MARECHAL MASCARENHAS DE MORAES,,,POSTO DE COMBUSTÍVEL SHELL,AV MARECHAL MASCARENHAS DE MORAES,,POSTO DE COMBUSTÍVEL SHELL,IMBIRIBEIRA,,SUBURBIO,COLISÃO TRASEIRA,ONIBUS X AUTO PASSEIO S/V,1,,,,,1,,,,0,,Longo da via,Bom,Não existe,Perfeito estado,Seca,Perfeito estado,Não existe,R-6a,,Dupla,Canteiro central,,