data,hora,natureza_acidente,situacao,bairro,endereco,numero,detalhe_endereco_acidente,complemento,endereco_cruzamento,numero_cruzamento,referencia_cruzamento,bairro_cruzamento,num_semaforo,sentido_via,tipo,descricao,auto,moto,ciclom,ciclista,pedestre,onibus,caminhao,viatura,outros,vitimas,vitimasfatais,acidente_verificado,tempo_clima,situacao_semaforo,sinalizacao,condicao_via,conservacao_via,ponto_controle,situacao_placa,velocidade_max_via,mao_direcao,divisao_via1,divisao_via2,divisao_via3
2019-10-22,06:32:00,SEM VÍTIMA,CANCELADA,TAMARINEIRA,EST DO ARRAIAL,2621,,AO LADO DO HOSPITAL AGAMENON MAGALHÃES,EST DO ARRAIAL,2621,AO LADO DO HOSPITAL AGAMENON MAGALHÃES,TAMARINEIRA,,SUBURBIO,COLISÃO,SEM VITIMAS,1,,,,,1,,,,0,,,,,,,,,,,,,,
2019-10-22,07:31:00,SEM VÍTIMA,FINALIZADA,SANTO AMARO,AV CRUZ CABUGA,,RUA DR JOAO VIEIRA DE MENEZES,EM FRENTE A FACULDADE FAMA,AV CRUZ CABUGA,,EM FRENTE A FACULDADE FAMA,SANTO AMARO,,CIDADE,ABALROAMENTO TRANSVERSAL,COLISÃO SEM VITIMAS,1,1,,,,,,,,0,,Cruzamento,Bom,Sem defeito,Perfeito estado,Seca,Perfeito estado,,,,Dupla,Faixa contínua,Faixa seccionada,
2019-10-22,08:22:00,SEM VÍTIMA,FINALIZADA,IMBIRIBEIRA,RUA CANAL DO JORDAO,,AV MARECHAL MASCARENHAS DE MORAES,AO LADO DO Nº 6997,RUA CANAL DO JORDAO,,AO LADO DO Nº 6997,IMBIRIBEIRA,,CIDADE,ABALROAMENTO LONGITUDINAL,DOIS AUTOS,2,,,,,,,,,0,,Longo da via,Bom,Não existe,Incompleta,Seca,Mal conservada,Não existe,Não há placas,,Única,Não existe,,
2019-10-22,08:24:00,SEM VÍTIMA,CANCELADA,BOA VIAGEM,AV CONSELHEIRO AGUIAR,4214,,E/F AO GALETTUS,AV CONSELHEIRO AGUIAR,4214,E/F AO GALETTUS,BOA VIAGEM,,,COLISÃO,COLISÃO S/VITIMAS ENTRE DOIS AUTOS,2,,,,,,,,,0,,,,,,,,,,,,,,
2019-10-22,09:01:00,SEM VÍTIMA,CANCELADA,TORREÃO,RUA OTHON PARAISO,,,EM FRENTE A DELEGACIA DO ESPINHEIRO,RUA OTHON PARAISO,,EM FRENTE A DELEGACIA DO ESPINHEIRO,TORREÃO,,,COLISÃO,COLISÃO SEM VITIMAS,2,,,,,,,,,0,,,,,,,,,,,,,,
2019-10-22,09:02:00,SEM VÍTIMA,FINALIZADA,BAIRRO DO RECIFE,CAIS DO APOLO,445 B,,EM FRENTE A TRF,CAIS DO APOLO,445 B,EM FRENTE A TRF,BAIRRO DO RECIFE,,SUBURBIO,COLISÃO TRASEIRA,SEM VITIMAS,1,,,,,1,,,,0,,Longo da via,Bom,Não existe,Perfeito estado,Seca,Perfeito estado,Não existe,Não há placas,40 km/h,Dupla,Canteiro central,,
2019-10-22,09:20:00,SEM VÍTIMA,FINALIZADA,BOA VISTA,RUA JOAO FERNANDES VIEIRA,769,PRC PARQUE AMORIM,IGREJA BATISTA DA CAPUNGA,RUA JOAO FERNANDES VIEIRA,769,IGREJA BATISTA DA CAPUNGA,BOA VISTA,,CIDADE,ABALROAMENTO LONGITUDINAL,COLISÃO S/VTIMAS ENTRE DOIS AUTO,2,,,,,,,,,0,,Longo da via,Bom,Não existe,Não existente,Seca,Perfeito estado,Não existe,Não há placas,,Única,Não existe,,
2019-10-22,09:25:00,SEM VÍTIMA,CANCELADA,BOA VIAGEM,AV CONSELHEIRO AGUIAR,,,ENTRE O BANCO SAFRA E AO BRADESCO,AV CONSELHEIRO AGUIAR,,ENTRE O BANCO SAFRA E AO BRADESCO,BOA VIAGEM,,,COLISÃO,COLISÃO SEM VITIMAS,2,,,,,,,,,0,,,,,,,,,,,,,,
2019-10-22,09:33:00,SEM VÍTIMA,FINALIZADA,ILHA DO RETIRO,RUA DONA MARIA VIEIRA,46,,,RUA DONA MARIA VIEIRA,46,,ILHA DO RETIRO,,,ABALROAMENTO TRANSVERSAL,COLISÃO SEM VITIMAS,2,,,,,,,,,0,,Cruzamento,Bom,,Perfeito estado,Seca,Perfeito estado,,Outras,,,,,
2019-10-22,10:28:00,SEM VÍTIMA,FINALIZADA,JOANA BEZERRA,,,,TERMINAL INTEGRADO JOANA BEZERRA,,,TERMINAL INTEGRADO JOANA BEZERRA,JOANA BEZERRA,,,ABALROAMENTO LONGITUDINAL,CARRO DORT E ONIBUS,,,,,,1,1,,,0,,,Bom,Não existe,Não existente,Seca,Perfeito estado,Não existe,Não há placas,,Única,Não existe,,
2019-10-22,10:43:00,SEM VÍTIMA,FINALIZADA,BOA VIAGEM,RUA GENERAL EDSON AMANCIO RAMALHO,,,LADO OPOSTO AO BIG BOMPREÇO  EM FRENTE AO POSTE B 006030,RUA GENERAL EDSON AMANCIO RAMALHO,,LADO OPOSTO AO BIG BOMPREÇO  EM FRENTE AO POSTE B 006030,BOA VIAGEM,,CIDADE,COLISÃO TRASEIRA,DOIS AUTOS,2,,,,,,,,,0,,Longo da via,Bom,Não existe,Perfeito estado,Seca,Perfeito estado,Não existe,Outras,,Dupla,Canteiro central,,
2019-10-22,10:51:00,SEM VÍTIMA,FINALIZADA,SANTO AMARO,AV NORTE,,AV CRUZ CABUGA,,AV NORTE,,,SANTO AMARO,34,SUBURBIO,CHOQUE OBJETO FIXO,CAMINHÃO DANIFICOU O SEMÁFORO E O MESMO ENCONTRA-SE APAGADO,,,,,,,,,1,0,,Cruzamento,Bom,Sem defeito,Perfeito estado,Seca,Perfeito estado,Agente,Outras,,Dupla,,,
2019-10-22,10:52:00,SEM VÍTIMA,FINALIZADA,BOA VIAGEM,AV ENGENHEIRO DOMINGOS FERREIRA,,,EM FRENTE A FARMACIA PAQUE MENOS,AV ENGENHEIRO DOMINGOS FERREIRA,,EM FRENTE A FARMACIA PAQUE MENOS,BOA VIAGEM,139,SUBURBIO,COLISÃO TRASEIRA,DOIS AUTOS,2,,,,,,,,,0,,Longo da via,Bom,Sem defeito,Perfeito estado,Seca,Perfeito estado,,Não há placas,,Única,Faixa seccionada,,
2019-10-22,11:04:00,COM VÍTIMA,FINALIZADA,JARDIM SÃO PAULO,AV RECIFE,5630,AV JOAO CABRAL DE MELO NETO,LABORATÓRIO CERPE,AV RECIFE,5630,LABORATÓRIO CERPE,JARDIM SÃO PAULO,259,CEASA,COLISÃO COM CICLISTA,AUTO E BICICLETA.,1,,,1,,,,,,1,,Longo da via,Bom,Desligado,Perfeito estado,Seca,Perfeito estado,Faixa de pedestre,Outras,,Dupla,Faixa contínua,Faixa seccionada,Canteiro central
2019-10-22,11:12:00,SEM VÍTIMA,FINALIZADA,JARDIM SÃO PAULO,AV RECIFE,5630,,LABORATÓRIO CERPE,AV RECIFE,5630,LABORATÓRIO CERPE,JARDIM SÃO PAULO,259,CIDADE,COLISÃO TRASEIRA,SEM VITIMAS/CTTU NO LOCAL VT14,2,,,,,,,,,0,,Longo da via,Bom,Sem defeito,Incompleta,Seca,Perfeito estado,Faixa de pedestre,R-4a,60 km/h,Única,Faixa contínua,Canteiro central,
2019-10-22,11:15:00,SEM VÍTIMA,CANCELADA,DERBY,AV GOVERNADOR AGAMENON MAGALHAES,,,EM FRENTE AO BRADESCO,AV GOVERNADOR AGAMENON MAGALHAES,,EM FRENTE AO BRADESCO,DERBY,,,COLISÃO,COLISÃO SEM VITIMA,2,,,,,,,,,0,,,,,,,,,,,,,,
2019-10-22,11:29:00,SEM VÍTIMA,FINALIZADA,AREIAS,AV RECIFE,4030,,LADO OPOSTO AO SUPERMERCADO MAKRO,AV RECIFE,4030,LADO OPOSTO AO SUPERMERCADO MAKRO,AREIAS,461,,COLISÃO TRASEIRA,COLISÃO SEM VITIMAS,1,,,,,,1,,,0,,Longo da via,Bom,Sem defeito,Perfeito estado,Seca,Perfeito estado,,Outras,,Dupla,Canteiro central,,
2019-10-22,11:42:00,SEM VÍTIMA,FINALIZADA,BOA VIAGEM,AV DES JOSE NEVES,683,,400 METROS APOS A FERREIRA PINTO,AV DES JOSE NEVES,683,400 METROS APOS A FERREIRA PINTO,BOA VIAGEM,,,COLISÃO,COLISÃO S/VITIMAS ENTRE DOIS AUTOS,2,,,,,,,,,0,,,,,,,,,,,,,,
2019-10-22,11:55:00,SEM VÍTIMA,FINALIZADA,DERBY,RUA JOAQUIM NABUCO,171,,EM FRENTE AO HEMOPE,RUA JOAQUIM NABUCO,171,EM FRENTE AO HEMOPE,DERBY,,SUBURBIO,ABALROAMENTO LONGITUDINAL,COLISÃO SEM VITIMAS,2,,,,,,,,,0,,Longo da via,Bom,Não existe,Perfeito estado,Seca,Perfeito estado,,R-6a,,Única,Faixa seccionada,,
2019-10-22,12:00:00,SEM VÍTIMA,CANCELADA,ESPINHEIRO,RUA QUARENTA E OITO,395,,PROX AO CHINA 48/ E/F EDF. ARAÇOIABA,RUA QUARENTA E OITO,395,PROX AO CHINA 48/ E/F EDF. ARAÇOIABA,ESPINHEIRO,,,COLISÃO,MOTO X AUTO PASSEIO S/V,1,1,,,,,,,,0,,,,,,,,,,,,,,
2019-10-22,12:05:00,SEM VÍTIMA,DUPLICIDADE,GRAÇAS,RUA JOAQUIM NABUCO,,,EM FRENTE AO HEMOPE E HOSPITAL SANTA JOANA,RUA JOAQUIM NABUCO,,EM FRENTE AO HEMOPE E HOSPITAL SANTA JOANA,GRAÇAS,,,COLISÃO,COLISÃO SEM VÍTIMA,2,,,,,,,,,0,,,,,,,,,,,,,,
2019-10-22,12:32:00,SEM VÍTIMA,FINALIZADA,BOA VISTA,AV CONDE DA BOA VISTA,1223,,,AV CONDE DA BOA VISTA,1223,,BOA VISTA,,CIDADE,COLISÃO TRASEIRA,COLISÃO SEM VÍTIMA,2,,,,,,,,,0,,Longo da via,Bom,Não existe,Perfeito estado,Seca,Perfeito estado,Não existe,Não há placas,,Dupla,Faixa contínua,,
2019-10-22,12:41:00,SEM VÍTIMA,FINALIZADA,TOTÓ,RUA PAULINO DE FARIAS,806,RUA MARACAI,MERCADO DO GALEGO,RUA PAULINO DE FARIAS,806,MERCADO DO GALEGO,TOTÓ,,CIDADE,ABALROAMENTO TRANSVERSAL,COLISÃO SEM VÍTIMA,1,,,,,1,,,,0,,Longo da via,Bom,Não existe,Incompleta,Seca,Perfeito estado,,,,Dupla,Não existe,,
2019-10-22,12:44:00,SEM VÍTIMA,FINALIZADA,BOA VIAGEM,RUA VISCONDE DE JEQUITINHONHA,,,POR TRAS DO PARQUE DONA LINDÚ,RUA VISCONDE DE JEQUITINHONHA,,POR TRAS DO PARQUE DONA LINDÚ,BOA VIAGEM,,SUBURBIO,ABALROAMENTO LONGITUDINAL,COLISAO ENTRE DOIS AUTOS S/V,2,,,,,,,,,0,,Longo da via,Bom,Não existe,Perfeito estado,Seca,Perfeito estado,Não existe,R-6a,,Única,Canteiro central,,
2019-10-22,13:05:00,SEM VÍTIMA,FINALIZADA,IPSEP,AV RECIFE,,,LADO OPOSTO BATERIAS HELIAR,AV RECIFE,,LADO OPOSTO BATERIAS HELIAR,IPSEP,337,CIDADE,COLISÃO TRASEIRA,COLISÃO SEM VÍTIMA,2,,,,,,,,,0,,Longo da via,Bom,Sem defeito,Perfeito estado,Seca,Perfeito estado,,Não há placas,60 km/h,Dupla,Canteiro central,,
2019-10-22,13:15:00,SEM VÍTIMA,FINALIZADA,CAMPO GRANDE,EST DE BELEM,1011,,,EST DE BELEM,1011,,CAMPO GRANDE,,CIDADE,ABALROAMENTO LONGITUDINAL,COLISÃO SEM VÍTIMA,1,,,,,1,,,,0,,Longo da via,Bom,Não existe,Perfeito estado,Seca,Perfeito estado,Não existe,Outras,60 km/h,Dupla,Faixa contínua,,
2019-10-22,13:21:00,SEM VÍTIMA,FINALIZADA,BOA VIAGEM,RUA COSMORAMA,,AV MARECHAL JUAREZ TAVORA,AO LADO DO COLÉGIO MADRE DE DEUS,RUA COSMORAMA,,AO LADO DO COLÉGIO MADRE DE DEUS,BOA VIAGEM,,,ABALROAMENTO LONGITUDINAL,ENTRE DOIS AUTO S/V,2,,,,,,,,,0,,,Bom,Sem defeito,Perfeito estado,Seca,Perfeito estado,Não existe,Não há placas,40 km/h,Única,Canteiro central,,
2019-10-22,13:25:00,VÍTIMA FATAL,FINALIZADA,VÁRZEA,RUA GASTAO VIDIGAL,699,,EM FRENTE AO MOTEL TROPICAL,RUA GASTAO VIDIGAL,699,EM FRENTE AO MOTEL TROPICAL,VÁRZEA,,CIDADE,COLISÃO COM CICLISTA,ÔNIBUS E BICICLETA.,,,,1,,1,,,,,1,Longo da via,Bom,Não existe,Perfeito estado,Seca,Perfeito estado,Outros,Outras,,Dupla,Faixa contínua,,
2019-10-22,13:30:00,SEM VÍTIMA,FINALIZADA,CASA FORTE,AV DEZESSETE DE AGOSTO,125,,EMPÓRIO FRUTARIA,AV DEZESSETE DE AGOSTO,125,EMPÓRIO FRUTARIA,CASA FORTE,,CIDADE,COLISÃO TRASEIRA,COLISAO ENTRE CAMINHAO E AUTOS S/V,1,,,,,,1,,,0,,Longo da via,Bom,Não existe,,Seca,Perfeito estado,Não existe,R-6a,,Dupla,Faixa contínua,,
2019-10-22,14:01:00,SEM VÍTIMA,FINALIZADA,IPUTINGA,AV CAXANGA,3489,RUA GENERAL CANDIDO BORGES CASTELO BRANCO,,AV CAXANGA,3489,,IPUTINGA,229,CIDADE,COLISÃO TRASEIRA,ENTRE DOIS AUTO S/V,2,,,,,,,,,0,,Cruzamento,Bom,Sem defeito,Perfeito estado,Seca,Perfeito estado,Faixa de pedestre,R-6a,,Dupla,Canteiro central,,
2019-10-22,14:03:00,SEM VÍTIMA,FINALIZADA,DERBY,AV GOVERNADOR AGAMENON MAGALHAES,,,EM FRENTE AO SEMÁFORO NÚMERO 068,AV GOVERNADOR AGAMENON MAGALHAES,,EM FRENTE AO SEMÁFORO NÚMERO 068,DERBY,68,,COLISÃO TRASEIRA,COLISAO ENTRE DOIS AUTOS S/V,2,,,,,,,,,0,,Longo da via,Bom,Sem defeito,Perfeito estado,Seca,Perfeito estado,Faixa de pedestre,R-6a,60 km/h,Dupla,Canal,,
2019-10-22,14:19:00,SEM VÍTIMA,FINALIZADA,,RUA DIVISOPOLIS,1051,RUA EXP TEODORO SATIVA,JÔ MODAS,RUA DIVISOPOLIS,1051,JÔ MODAS,,,SUBURBIO,ABALROAMENTO LONGITUDINAL,COLISÃO SEM VÍTIMA,1,,,,,1,,,,0,,,Bom,Não existe,Perfeito estado,Seca,Perfeito estado,Não existe,Outras,,Dupla,Não existe,,
2019-10-22,15:10:00,SEM VÍTIMA,FINALIZADA,DERBY,AV GOVERNADOR AGAMENON MAGALHAES,,,EM FRENTE AO HOSPITAL MEMORIAL SÃO JOSÉ   FAIXA PRINCIPAL DA AVENIDA,AV GOVERNADOR AGAMENON MAGALHAES,,EM FRENTE AO HOSPITAL MEMORIAL SÃO JOSÉ   FAIXA PRINCIPAL DA AVENIDA,DERBY,,,COLISÃO TRASEIRA,COLISÃO SEM VÍTIMA,1,,,,,1,,,,0,,Longo da via,Bom,Sem defeito,Perfeito estado,Seca,Perfeito estado,Faixa de pedestre,,60 km/h,Dupla,Canal,,
2019-10-22,15:18:00,SEM VÍTIMA,CANCELADA,IBURA,AV DOM HELDER CAMARA,,AV RECIFE,AO LADO DO NUCLEO DA POLICIA/ SENTIDO AV RECIFE,AV DOM HELDER CAMARA,,AO LADO DO NUCLEO DA POLICIA/ SENTIDO AV RECIFE,IBURA,,,COLISÃO,COLISÃO SEM VÍTIMA,3,,,,,,,,,0,,,,,,,,,,,,,,
2019-10-22,15:31:00,SEM VÍTIMA,FINALIZADA,GRAÇAS,RUA DR BANDEIRA FILHO,205,,EM FRENTE AO Nº 205,RUA DR BANDEIRA FILHO,205,EM FRENTE AO Nº 205,GRAÇAS,,SUBURBIO,ABALROAMENTO LONGITUDINAL,COLISÃO SEM VÍTIMA,1,,,,,1,,,,0,,Longo da via,Bom,Não existe,Perfeito estado,Seca,Perfeito estado,Não existe,Não há placas,,Única,Não existe,,
2019-10-22,15:35:00,COM VÍTIMA,FINALIZADA,BOA VIAGEM,AV BOA VIAGEM,4200,,E/F AO EDF. RIBELA,AV BOA VIAGEM,4200,E/F AO EDF. RIBELA,BOA VIAGEM,113,CIDADE,ABALROAMENTO LONGITUDINAL,DOIS AUTOS E UMA MOTO.,2,1,,,,,,,,1,,Longo da via,Bom,Não existe,Perfeito estado,Seca,Perfeito estado,Não existe,R-6a,60 km/h,Única,Faixa seccionada,,
2019-10-22,15:46:00,COM VÍTIMA,FINALIZADA,AFOGADOS,EST DOS REMEDIOS,,EST DO BONGI,E/F AO POSTO BR,EST DOS REMEDIOS,,E/F AO POSTO BR,AFOGADOS,394,CIDADE,COLISÃO TRASEIRA,DOIS AUTOS E UMA MOTO.,2,1,,,,,,,,1,,Longo da via,Bom,Com defeito,Perfeito estado,Seca,Perfeito estado,Faixa de pedestre,R-6a,,Única,Faixa contínua,,
2019-10-22,15:47:00,SEM VÍTIMA,FINALIZADA,BOA VIAGEM,AV CONSELHEIRO AGUIAR,4777,,EM FRENTE AO ITAÚ,AV CONSELHEIRO AGUIAR,4777,EM FRENTE AO ITAÚ,BOA VIAGEM,,SUBURBIO,ABALROAMENTO LONGITUDINAL,COLISAO ENTRE ONIBUS E AUTO S/V,1,,,,,1,,,,0,,Longo da via,Bom,Sem defeito,Perfeito estado,Seca,Perfeito estado,Não existe,Não há placas,,Única,Faixa seccionada,,
2019-10-22,15:56:00,SEM VÍTIMA,FINALIZADA,IMBIRIBEIRA,AV MARECHAL MASCARENHAS DE MORAES,2967,,FERREIRA COSTA,AV MARECHAL MASCARENHAS DE MORAES,2967,FERREIRA COSTA,IMBIRIBEIRA,,CIDADE,ABALROAMENTO LONGITUDINAL,ENTRE CAMINHÃO X MOTO S/V,,1,,,,,1,,,0,,Longo da via,Bom,Não existe,Não existente,Seca,Perfeito estado,Não existe,Não há placas,,Dupla,Canteiro central,,
2019-10-22,15:58:00,SEM VÍTIMA,FINALIZADA,BOA VIAGEM,AV CONSELHEIRO AGUIAR,3197,RUA MAMANGUAPE,FARMACIA DROGASIL,AV CONSELHEIRO AGUIAR,3197,FARMACIA DROGASIL,BOA VIAGEM,,CIDADE,COLISÃO TRASEIRA,COLISAO ENTRE ONIBUS E AUTOS S/V,1,,,,,1,,,,0,,Longo da via,Bom,Não existe,Perfeito estado,Seca,Perfeito estado,Não existe,Não há placas,60 km/h,Única,Faixa seccionada,,
2019-10-22,16:19:00,SEM VÍTIMA,FINALIZADA,ESPINHEIRO,AV GOVERNADOR AGAMENON MAGALHAES,,,EM FRENTE AO CÍRCULO MILITAR DO RECIFE,AV GOVERNADOR AGAMENON MAGALHAES,,EM FRENTE AO CÍRCULO MILITAR DO RECIFE,ESPINHEIRO,,,ABALROAMENTO LONGITUDINAL,COLISAO ENTRE ONIBUS E AUTOS S/V,1,,,,,1,,,,0,,Longo da via,Bom,Não existe,Perfeito estado,Seca,Perfeito estado,Não existe,Não há placas,,Dupla,Faixa contínua,,
2019-10-22,16:25:00,SEM VÍTIMA,FINALIZADA,BOA VIAGEM,AV ENGENHEIRO DOMINGOS FERREIRA,4060,RUA RIBEIRO DE BRITO,EM FRENTE AO EMPRESARIAL BLUE TOWER,AV ENGENHEIRO DOMINGOS FERREIRA,4060,EM FRENTE AO EMPRESARIAL BLUE TOWER,BOA VIAGEM,155,SUBURBIO,COLISÃO TRASEIRA,COLIAO ENTRE AUTO E ONIBUS,1,,,,,1,,,,0,,Longo da via,Bom,Sem defeito,Perfeito estado,Seca,Perfeito estado,,Não há placas,,Única,Faixa seccionada,Canteiro central,
2019-10-22,16:22:00,SEM VÍTIMA,CANCELADA,IBURA,RUA ENGENHO TABARE,25,,PROXIMO AO PRIVILEGE AÇAI,RUA ENGENHO TABARE,25,PROXIMO AO PRIVILEGE AÇAI,IBURA,,,COLISÃO,COLISÃO SEM VÍTIMA,2,,,,,,,,,0,,,,,,,,,,,,,,
2019-10-22,16:31:00,SEM VÍTIMA,FINALIZADA,BAIRRO DO RECIFE,AV ALFREDO LISBOA,,,EM FRENTE AO MARCO ZERO,AV ALFREDO LISBOA,,EM FRENTE AO MARCO ZERO,BAIRRO DO RECIFE,,CIDADE,COLISÃO TRASEIRA,ENTRE DOIS AUTO S/V,2,,,,,,,,,0,,Longo da via,Bom,Não existe,Perfeito estado,Seca,Perfeito estado,Faixa de pedestre,Não há placas,,Única,Faixa seccionada,,
2019-10-22,16:32:00,SEM VÍTIMA,CANCELADA,VÁRZEA,RUA ACADEMICO HELIO RAMOS,,RUA JOAO FRANCISCO LISBOA,EM FRENTE A SAIDA DO CTG DA UFPE,RUA ACADEMICO HELIO RAMOS,,EM FRENTE A SAIDA DO CTG DA UFPE,VÁRZEA,,,COLISÃO,COLISÃO SEM VÍTIMA,2,,,,,,,,,0,,,,,,,,,,,,,,
2019-10-22,16:51:00,SEM VÍTIMA,FINALIZADA,ILHA DO LEITE,RUA ESTADO DE ISRAEL,,,SOB O SEMÁFORO DE Nº 653,RUA ESTADO DE ISRAEL,,SOB O SEMÁFORO DE Nº 653,ILHA DO LEITE,653,CIDADE,ABALROAMENTO LONGITUDINAL,COLISÃO SEM VÍTIMA ENVOLVENDO AUTO E MOTO DA CTTU,1,1,,,,,,,,0,,Longo da via,Bom,Sem defeito,Perfeito estado,Seca,Perfeito estado,Faixa de pedestre,Outras,,Única,Faixa seccionada,,
2019-10-22,16:53:00,SEM VÍTIMA,FINALIZADA,ESTÂNCIA,AV RECIFE,,,LADO OPOSTO AO Nº 5520,AV RECIFE,,LADO OPOSTO AO Nº 5520,ESTÂNCIA,,CIDADE,COLISÃO TRASEIRA,COLISAO ENTRE DOIS AUTOS S/V,2,,,,,,,,,0,,Longo da via,Bom,Não existe,,Seca,Perfeito estado,,,,Dupla,Canteiro central,,
2019-10-22,16:59:00,SEM VÍTIMA,FINALIZADA,ILHA DO LEITE,RUA ESTADO DE ISRAEL,,,,RUA ESTADO DE ISRAEL,,,ILHA DO LEITE,653,SUBURBIO,COLISÃO TRASEIRA,MOTO X AUTO PASSEIO S/V,1,1,,,,,,,,0,,Cruzamento,Bom,Sem defeito,Perfeito estado,Seca,Perfeito estado,Faixa de pedestre,Outras,,Única,Faixa contínua,Faixa seccionada,
2019-10-22,17:06:00,SEM VÍTIMA,FINALIZADA,IPSEP,AV RECIFE,2586,,POSTO DE GASOLINA SHELL,AV RECIFE,2586,POSTO DE GASOLINA SHELL,IPSEP,55,,COLISÃO TRASEIRA,ENTRE DOIS AUTOS S/V,2,,,,,,,,,0,,Longo da via,Bom,Sem defeito,Perfeito estado,Seca,Perfeito estado,Faixa de pedestre,,,Dupla,Canteiro central,,
2019-10-22,18:11:00,SEM VÍTIMA,FINALIZADA,DERBY,AV GOVERNADOR AGAMENON MAGALHAES,,,CRUZAMENTO DO SEMÁFORO 075,AV GOVERNADOR AGAMENON MAGALHAES,,CRUZAMENTO DO SEMÁFORO 075,DERBY,75,,ABALROAMENTO TRANSVERSAL,AMBUIALNCIA X FIAT IDEIA,2,,,,,,,,,0,,Cruzamento,Bom,Sem defeito,Perfeito estado,Seca,Perfeito estado,,,60 km/h,Única,Canal,,
2019-10-22,18:49:00,SEM VÍTIMA,FINALIZADA,TEJIPIÓ,AV DR JOSE RUFINO,,,EM FRENTE AO Nº 3068,AV DR JOSE RUFINO,,EM FRENTE AO Nº 3068,TEJIPIÓ,,CIDADE,ABALROAMENTO LONGITUDINAL,ONIBUS X AUTO PASSEIO S/V,1,,,,,1,,,,0,,Longo da via,Bom,Não existe,Perfeito estado,Seca,Perfeito estado,Não existe,Não há placas,,Dupla,Não existe,,
2019-10-22,19:08:00,SEM VÍTIMA,FINALIZADA,VASCO DA GAMA,RUA RESPLENDOR,134,,,RUA RESPLENDOR,134,,VASCO DA GAMA,,SUBURBIO,ABALROAMENTO LONGITUDINAL,CAMINHÃO X AUTO PASSEIO S/V,1,,,,,,1,,,0,,Longo da via,Bom,Não existe,Não existente,Seca,Mal conservada,Não existe,Não há placas,,Dupla,Não existe,,
2019-10-22,19:59:00,SEM VÍTIMA,FINALIZADA,CASA AMARELA,EST DO ARRAIAL,3900,,BANCO SANTANDER,EST DO ARRAIAL,3900,BANCO SANTANDER,CASA AMARELA,,SUBURBIO,ABALROAMENTO LONGITUDINAL,ONIBUS GLOBO X RENAULT DUSTER,1,,,,,1,,,,0,,Longo da via,Bom,Não existe,Perfeito estado,Seca,Perfeito estado,Não existe,Não há placas,,Única,Faixa seccionada,,
2019-10-22,22:27:00,SEM VÍTIMA,FINALIZADA,CAXANGÁ,RUA ENGENHEIRO ANDRE DIAS DE ARRUDA FALCAO,3,RUA VEREADOR CANUTO VICTOR DE CARVALHO,HOTEL SAGITÁRIO,RUA ENGENHEIRO ANDRE DIAS DE ARRUDA FALCAO,3,HOTEL SAGITÁRIO,CAXANGÁ,,SUBURBIO,CHOQUE VEÍCULO PARADO,CAMINHAO X GOL,1,,,,,,,,2,0,,Cruzamento,Bom,Não existe,Não existente,Seca,Mal iluminada,Não existe,Não há placas,,Dupla,Não existe,,
2019-10-22,23:10:00,SEM VÍTIMA,FINALIZADA,ARRUDA,RUA DAS MOCAS,1090,RUA DA REGENERACAO,,RUA DAS MOCAS,1090,,ARRUDA,472,SUBURBIO,CHOQUE VEÍCULO PARADO,VOYAGE X SANDERO,2,,,,,,,,,0,,Longo da via,Bom,Sem defeito,Perfeito estado,Seca,Perfeito estado,Não existe,Não há placas,,Dupla,Faixa seccionada,,
2019-10-22,23:54:00,SEM VÍTIMA,FINALIZADA,SAN MARTIN,AV JOAO CABRAL DE MELO NETO,,AV RECIFE,,AV JOAO CABRAL DE MELO NETO,,,SAN MARTIN,259,,COLISÃO TRASEIRA,MOTO E DOIS AUTOS PASSEIO S/V,2,1,,,,,,,,0,,Longo da via,Bom,Sem defeito,Perfeito estado,Seca,Perfeito estado,Não existe,Outras,,Dupla,Canteiro central,,
2019-10-23,00:34:00,SEM VÍTIMA,FINALIZADA,BOA VIAGEM,RUA DEZ DE JULHO,210,RUA CAMBOIM,MAISON CHRISTAL,RUA DEZ DE JULHO,210,MAISON CHRISTAL,BOA VIAGEM,,SUBURBIO,ABALROAMENTO TRANSVERSAL,COLISÃO ENTRE DOIS AUTOS S/V,2,,,,,,,,,0,,Cruzamento,Bom,Não existe,Perfeito estado,Seca,Perfeito estado,,Placas Pare,,Única,Faixa seccionada,,
2019-10-23,07:37:00,SEM VÍTIMA,FINALIZADA,ESPINHEIRO,RUA MARQUES DO PARANA,209,RUA ALFREDO DE CARVALHO,MARTELINHO DE OURO NOBREAKAR,RUA MARQUES DO PARANA,209,MARTELINHO DE OURO NOBREAKAR,ESPINHEIRO,,CIDADE,ABALROAMENTO TRANSVERSAL,SEM VITIMAS,1,,,,,1,,,,0,,Cruzamento,Bom,Não existe,Perfeito estado,Seca,Perfeito estado,Faixa de pedestre,R-6a,40 km/h,Única,Faixa seccionada,,
2019-10-23,08:25:00,COM VÍTIMA,CANCELADA,SANTO AMARO,AV DR JAYME DA FONTE,,,POR TRAS DO HOSPITAL DA MARINHA,AV DR JAYME DA FONTE,,POR TRAS DO HOSPITAL DA MARINHA,SANTO AMARO,,,ACID. DE PERCURSO,MOTO / CHOCOU-SE COM MEIO FIO,,1,,,,,,,,1,,,,,,,,,,,,,,
2019-10-23,09:00:00,SEM VÍTIMA,CANCELADA,BOA VIAGEM,RUA BRUNO VELOSO,268,,E/F A GALERIA MASCATE,RUA BRUNO VELOSO,268,E/F A GALERIA MASCATE,BOA VIAGEM,,,COLISÃO,COLISÃO S/VITIMAS ENTRE DOIS AUTOS,2,,,,,,,,,0,,,,,,,,,,,,,,