data,hora,natureza_acidente,situacao,bairro,endereco,numero,detalhe_endereco_acidente,complemento,endereco_cruzamento,numero_cruzamento,referencia_cruzamento,bairro_cruzamento,num_semaforo,sentido_via,tipo,descricao,auto,moto,ciclom,ciclista,pedestre,onibus,caminhao,viatura,outros,vitimas,vitimasfatais,acidente_verificado,tempo_clima,situacao_semaforo,sinalizacao,condicao_via,conservacao_via,ponto_controle,situacao_placa,velocidade_max_via,mao_direcao,divisao_via1,divisao_via2,divisao_via3
2019-10-26,22:32:00,COM VÍTIMA,FINALIZADA,BOA VIAGEM,AV CONSELHEIRO AGUIAR,,RUA MARIA CAROLINA,CRUZAMENTO MESMO,AV CONSELHEIRO AGUIAR,,CRUZAMENTO MESMO,BOA VIAGEM,,CIDADE,ABALROAMENTO LONGITUDINAL,COLISAO COM VITIMAS,1,1,,,,,,,,1,,Longo da via,Bom,Não existe,Perfeito estado,Seca,Perfeito estado,,Outras,,Única,Faixa seccionada,,
2019-10-27,01:13:00,SEM VÍTIMA,FINALIZADA,BAIRRO DO RECIFE,RUA MARIZ E BARROS,,RUA DA MOEDA,LADO OPOSTO AO Nº 113,RUA MARIZ E BARROS,,LADO OPOSTO AO Nº 113,BAIRRO DO RECIFE,,CIDADE,CHOQUE VEÍCULO PARADO,COLISÃO ENTRE DOIS AUTOS S/V,2,,,,,,,,,0,,Longo da via,Bom,Sem defeito,Perfeito estado,Seca,Perfeito estado,Não existe,,,Única,Não existe,,
2019-10-27,04:03:00,SEM VÍTIMA,FINALIZADA,DERBY,PRC DO DERBY,,,10 METROS ANTES CRUZAMENTO RUA JENER DE SOUZA,PRC DO DERBY,,10 METROS ANTES CRUZAMENTO RUA JENER DE SOUZA,DERBY,,CIDADE,CHOQUE VEÍCULO PARADO,COLISÃO ENTRE TRÊS AUTOS S/V,2,,,,,,,,,0,,Longo da via,Bom,Sem defeito,Incompleta,Seca,Mal iluminada,Não existe,Não há placas,,Única,Faixa seccionada,,
2019-10-27,06:20:00,SEM VÍTIMA,FINALIZADA,BOA VIAGEM,RUA TENENTE DOMINGOS DE BRITO,500,,,RUA TENENTE DOMINGOS DE BRITO,500,,BOA VIAGEM,,,CHOQUE VEÍCULO PARADO,DOIS AUTOS,2,,,,,,,,,0,,Longo da via,Bom,Não existe,Ilegível,Seca,Mal iluminada,Não existe,Não há placas,,Única,Não existe,,
2019-10-27,07:48:00,SEM VÍTIMA,FINALIZADA,BOA VIAGEM,RUA DOS NAVEGANTES,74,,PROX. A CONSTRUTORA CASA ALTA,RUA DOS NAVEGANTES,74,PROX. A CONSTRUTORA CASA ALTA,BOA VIAGEM,,,COLISÃO,DOIS AUTOS,2,,,,,,,,,0,,,,,,,,,,,,,,
2019-10-27,08:26:00,SEM VÍTIMA,FINALIZADA,BOA VIAGEM,RUA JONATHAS DE VASCONCELOS,1368,,EM FRENTE A UNINASSAU,RUA JONATHAS DE VASCONCELOS,1368,EM FRENTE A UNINASSAU,BOA VIAGEM,,,COLISÃO,DOIS AUTOS,2,,,,,,,,,0,,,,,,,,,,,,,,
2019-10-27,09:29:00,SEM VÍTIMA,FINALIZADA,DOIS UNIDOS,AV HILDEBRANDO DE VASCONCELOS,,,EM FRENTE A COMPESA,AV HILDEBRANDO DE VASCONCELOS,,EM FRENTE A COMPESA,DOIS UNIDOS,,SUBURBIO,CHOQUE OBJETO FIXO,VEÍCULO CHOCOU-SE COM UM POSTE,1,,,,,,,,,0,,Longo da via,Bom,Não existe,Perfeito estado,Seca,Perfeito estado,,,,Dupla,,,
2019-10-27,10:07:00,SEM VÍTIMA,FINALIZADA,TORRE,RUA JOSE BONIFACIO,,RUA MARCOS ANDRE,AO LADO DO CARREFOUR,RUA JOSE BONIFACIO,,AO LADO DO CARREFOUR,TORRE,487,CIDADE,ABALROAMENTO LONGITUDINAL,DOIS AUTOS,2,,,,,,,,,0,,Cruzamento,Bom,Sem defeito,Perfeito estado,Seca,Perfeito estado,,,,,,,
2019-10-27,12:00:00,COM VÍTIMA,FINALIZADA,ESPINHEIRO,AV NORTE,,RUA MARQUES DO PARANA,EM FRENTE A NISSAN. PROIMO À ESCOLA DE FREVO,AV NORTE,,EM FRENTE A NISSAN. PROIMO À ESCOLA DE FREVO,ESPINHEIRO,56,,ABALROAMENTO TRANSVERSAL,COM UMA VITIMA  SAMU NO LOCAL ,1,1,,,,,,,,1,,Cruzamento,Bom,Sem defeito,Perfeito estado,Seca,Perfeito estado,Faixa de pedestre,R-4b,,Dupla,Canteiro central,,
2019-10-27,13:02:00,SEM VÍTIMA,FINALIZADA,PINA,AV ANTONIO DE GOES,,,TÚNEL JOSUÉ DE CASTRO,AV ANTONIO DE GOES,,TÚNEL JOSUÉ DE CASTRO,PINA,,CIDADE,COLISÃO TRASEIRA,COLISÃO SEM VÍTIMA,2,,,,,,,,,0,,,Bom,Não existe,Não existente,Seca,Perfeito estado,Não existe,Não há placas,,Única,Faixa seccionada,,
2019-10-27,13:43:00,COM VÍTIMA,FINALIZADA,BOA VIAGEM,RUA PADRE BERNADINO PESSOA,,RUA MINISTRO NELSON HUNGRIA,,RUA PADRE BERNADINO PESSOA,,,BOA VIAGEM,,,ABALROAMENTO TRANSVERSAL,COM TRÊS VITIMAS  AS DUAS VÍTIMAS DA MOTO SOCORRIDAS POR ORGÃO OFICIAL E O CONDUTOR DO AUTO SOCORRIDO POR MEIOS PRÓPRIOS,1,1,,,,,,,,3,,Cruzamento,Bom,Não existe,Perfeito estado,Seca,Perfeito estado,Faixa de pedestre,,40 km/h,Única,Não existe,,
2019-10-27,15:20:00,COM VÍTIMA,FINALIZADA,NOVA DESCOBERTA,RUA NOVA DESCOBERTA,1838,,,RUA NOVA DESCOBERTA,1838,,NOVA DESCOBERTA,,SUBURBIO,ABALROAMENTO LONGITUDINAL,COLISAO COM VITIMAS,,2,,,,,,,,3,,Longo da via,,Não existe,Ilegível,Seca,Perfeito estado,Não existe,Outras,,Dupla,Faixa contínua,Faixa seccionada,
2019-10-27,16:55:00,COM VÍTIMA,FINALIZADA,BARRO,AV DR JOSE RUFINO,2203,,EM FRENTE AO COLEGIO IMACULADA,AV DR JOSE RUFINO,2203,EM FRENTE AO COLEGIO IMACULADA,BARRO,,CIDADE,COLISÃO FRONTAL,COM DUAS VITIMAS  BOMBEIROS NO LOCAL/VT 15 CTTU NO LOCAL,1,1,,,,,,,,2,,Longo da via,Bom,Sem defeito,Perfeito estado,Seca,Perfeito estado,Faixa de retenção,Outras,40 km/h,Dupla,Faixa contínua,,
2019-10-27,17:48:00,SEM VÍTIMA,FINALIZADA,PAISSANDU,TUNEL CHICO SCIENCE,,,SOB O TÚNEL CHICO SCIENCE,TUNEL CHICO SCIENCE,,SOB O TÚNEL CHICO SCIENCE,PAISSANDU,,CIDADE,ABALROAMENTO LONGITUDINAL,ENTRE 2 AUTOS. S/V,2,,,,,,,,,0,,,Bom,Não existe,Perfeito estado,Seca,Perfeito estado,Não existe,Não há placas,,Única,Faixa contínua,,
2019-10-27,18:52:00,SEM VÍTIMA,FINALIZADA,DERBY,AV GOVERNADOR AGAMENON MAGALHAES,,,EM FRENTE AO BANCO DO BRASIL - VIA LOCAL,AV GOVERNADOR AGAMENON MAGALHAES,,EM FRENTE AO BANCO DO BRASIL - VIA LOCAL,DERBY,,,ABALROAMENTO LONGITUDINAL,ENTRE 2 AUTOS. S/V,2,,,,,,,,,0,,Longo da via,Bom,Não existe,Perfeito estado,Seca,Perfeito estado,Não existe,Outras,,Dupla,Canteiro central,,
2019-10-27,19:27:00,SEM VÍTIMA,FINALIZADA,SANTO ANTÔNIO,AV N S DO CARMO,50,,,AV N S DO CARMO,50,,SANTO ANTÔNIO,,,ABALROAMENTO LONGITUDINAL,ONIBUS X AUTO PASSEIO S/V,1,,,,,1,,,,0,,Longo da via,Bom,Não existe,Perfeito estado,Seca,Perfeito estado,Não existe,Outras,,Dupla,Faixa contínua,,
2019-10-27,19:39:00,SEM VÍTIMA,CANCELADA,BOA VIAGEM,RUA JOSE DOMINGUES DA SILVA,113,,NA RUA DA FARMACIA PERMANENTE,RUA JOSE DOMINGUES DA SILVA,113,NA RUA DA FARMACIA PERMANENTE,BOA VIAGEM,,,COLISÃO,ENTRE AUTO E MOTO. S/V,1,1,,,,,,,,0,,,,,,,,,,,,,,
2019-10-27,19:54:00,SEM VÍTIMA,FINALIZADA,VÁRZEA,AV BARAO DE BONITO,,,EM FRENTE AO Nº 343,AV BARAO DE BONITO,,EM FRENTE AO Nº 343,VÁRZEA,,SUBURBIO,ABALROAMENTO LONGITUDINAL,ENTRE DOIS AUTOS S/V,2,,,,,,,,,0,,Longo da via,Bom,Não existe,Incompleta,Seca,Perfeito estado,Não existe,,,Dupla,Não existe,,
2019-10-27,20:49:00,SEM VÍTIMA,FINALIZADA,PRADO,AV ENGENHEIRO ABDIAS DE CARVALHO,,RUA JOAO IVO DA SILVA,,AV ENGENHEIRO ABDIAS DE CARVALHO,,,PRADO,132,SUBURBIO,ABALROAMENTO LONGITUDINAL,ENTRE 2 AUTOS. S/V,2,,,,,,,,,0,,Cruzamento,Bom,Sem defeito,Perfeito estado,Seca,Perfeito estado,Faixa de pedestre,Não há placas,60 km/h,Dupla,Canteiro central,,
2019-10-28,07:11:00,SEM VÍTIMA,FINALIZADA,CORDEIRO,AV MAURICIO DE NASSAU,,RUA DR JOAO LACERDA,,AV MAURICIO DE NASSAU,,,CORDEIRO,597,CIDADE,ABALROAMENTO LONGITUDINAL,SEM VITIMAS,1,,,,,,1,,,0,,Longo da via,Bom,Sem defeito,Perfeito estado,Seca,Perfeito estado,Faixa de pedestre,Não há placas,30 km/h,Dupla,Faixa seccionada,,
2019-10-28,08:40:00,SEM VÍTIMA,FINALIZADA,ÁGUA FRIA,RUA DR EUDES COSTA,21,,JUNIOR MOVEIS,RUA DR EUDES COSTA,21,JUNIOR MOVEIS,ÁGUA FRIA,,,ABALROAMENTO LONGITUDINAL,COLISÃO SEM VITIMAS,2,,,,,,,,,0,,Longo da via,Bom,Não existe,Perfeito estado,Seca,Perfeito estado,Não existe,Outras,,Dupla,Faixa seccionada,,
2019-10-28,08:43:00,SEM VÍTIMA,FINALIZADA,CORDEIRO,AV INACIO MONTEIRO,,RUA DR MIGUEL VIEIRA FERREIRA,,AV INACIO MONTEIRO,,,CORDEIRO,566,,ABALROAMENTO TRANSVERSAL,COLISÃO S/VITIMAS ENTRE DOIS AUTOS,2,,,,,,,,,0,,Cruzamento,Bom,Sem defeito,Perfeito estado,Seca,Perfeito estado,Faixa de pedestre,,,Dupla,,,
2019-10-28,09:20:00,SEM VÍTIMA,FINALIZADA,ESTÂNCIA,AV DR JOSE RUFINO,,RUA MORAIS E SILVA,,AV DR JOSE RUFINO,,,ESTÂNCIA,,SUBURBIO,ABALROAMENTO TRANSVERSAL,COLISÃO S/VITIMAS ENTRE UM CAMINHÃO E UM AUTO,1,,,,,,1,,,0,,Cruzamento,Bom,Não existe,Ilegível,Seca,Perfeito estado,Não existe,Outras,40 km/h,Dupla,Faixa contínua,,
2019-10-28,10:06:00,SEM VÍTIMA,FINALIZADA,SAN MARTIN,AV GENERAL SAN MARTIN,,,LADO OPOSTO A CAVALARIA DA PMPE,AV GENERAL SAN MARTIN,,LADO OPOSTO A CAVALARIA DA PMPE,SAN MARTIN,326,SUBURBIO,COLISÃO TRASEIRA,COLISÃO S/VITIMAS ENTRE DOIS AUTOS,2,,,,,,,,,0,,Longo da via,Bom,Sem defeito,Perfeito estado,Seca,Perfeito estado,Faixa de pedestre,R-6a,,Dupla,,,
2019-10-28,10:09:00,SEM VÍTIMA,FINALIZADA,BOA VIAGEM,AV CONSELHEIRO AGUIAR,2034,RUA PROFESSOR OSIAS RIBEIRO,,AV CONSELHEIRO AGUIAR,2034,,BOA VIAGEM,,CIDADE,COLISÃO TRASEIRA,dois auto,2,,,,,,,,,0,,Longo da via,Bom,Não existe,Perfeito estado,Seca,Perfeito estado,Não existe,Não há placas,,Única,Faixa seccionada,,
2019-10-28,11:00:00,SEM VÍTIMA,FINALIZADA,MADALENA,RUA CLOVIS BEVILAQUA,115,,,RUA CLOVIS BEVILAQUA,115,,MADALENA,,,ABALROAMENTO LONGITUDINAL,COLISÃO SEM VTIMAS,2,,,,,,,,,0,,Longo da via,Bom,Não existe,Não existente,Seca,Perfeito estado,Não existe,Não há placas,,Dupla,Não existe,,
2019-10-28,11:18:00,COM VÍTIMA,FINALIZADA,PRADO,EST DO BONGI,97,RUA COSME VIANA,EM FRENTE A IGREJA BATISTA DOS REMEDIOS,EST DO BONGI,97,EM FRENTE A IGREJA BATISTA DOS REMEDIOS,PRADO,100,CIDADE,COLISÃO COM CICLISTA,COM UMA VITIMA SENDO SOCORRIDA PELO SAMU,1,,,1,,,,,,1,,Longo da via,Bom,Sem defeito,Perfeito estado,Seca,Perfeito estado,Não existe,R-4b,,Dupla,Não existe,,
2019-10-28,11:23:00,SEM VÍTIMA,FINALIZADA,MADALENA,RUA JOSE OSORIO,886,,EM FRENTE AO Nº 886,RUA JOSE OSORIO,886,EM FRENTE AO Nº 886,MADALENA,,SUBURBIO,COLISÃO TRASEIRA,TRES AUTOS,2,,,,,,,,,0,,Longo da via,Bom,Não existe,Incompleta,Seca,Perfeito estado,Não existe,,,Dupla,Faixa contínua,,
2019-10-28,11:29:00,SEM VÍTIMA,FINALIZADA,BOA VIAGEM,RUA SERINHAEM,44,RUA BRUNO VELOSO,,RUA SERINHAEM,44,,BOA VIAGEM,,SUBURBIO,ABALROAMENTO LONGITUDINAL,AUTO E CAMINHAO,1,,,,,,1,,,0,,Longo da via,Bom,Não existe,Não existente,Seca,Perfeito estado,Não existe,Outras,,Única,Não existe,,
2019-10-28,11:31:00,SEM VÍTIMA,CANCELADA,ESTÂNCIA,RUA NOSSA SENHORA DE FATIMA,18,,AOLADO DA RECIPÃO,RUA NOSSA SENHORA DE FATIMA,18,AOLADO DA RECIPÃO,ESTÂNCIA,261,,COLISÃO,COLISAO S/VITIMAS ENTRE DOIS AUTOS,2,,,,,,,,,0,,,,,,,,,,,,,,
2019-10-28,12:32:00,SEM VÍTIMA,CANCELADA,BOA VIAGEM,AV CONSELHEIRO AGUIAR,1350,,EM FRENTE AO CONJUNTO PERNAMBUCANO,AV CONSELHEIRO AGUIAR,1350,EM FRENTE AO CONJUNTO PERNAMBUCANO,BOA VIAGEM,,,COLISÃO,COLISÃO SEM VÍTIMA,2,,,,,,,,,0,,,,,,,,,,,,,,
2019-10-28,12:48:00,COM VÍTIMA,FINALIZADA,PINA,AV CONSELHEIRO AGUIAR,1212,,E/F A CASA DESIGNER,AV CONSELHEIRO AGUIAR,1212,E/F A CASA DESIGNER,PINA,,CIDADE,ABALROAMENTO TRANSVERSAL,COLISAO ENTRE AUTO E MOTO COM UMA VITIMA,1,1,,,,,,,,1,,Cruzamento,Bom,Sem defeito,Perfeito estado,Seca,Perfeito estado,Não existe,Outras,,Única,Faixa seccionada,,
2019-10-28,12:53:00,COM VÍTIMA,FINALIZADA,MADALENA,RUA JOSE OSORIO,,,EM FRENTE A AVS MULTIMARCAS,RUA JOSE OSORIO,,EM FRENTE A AVS MULTIMARCAS,MADALENA,489,,COLISÃO,COLISÃO COM VÍTIMA,1,1,,,,,,,,2,,,,,,,,,,,,,,
2019-10-28,13:03:00,SEM VÍTIMA,FINALIZADA,MADALENA,RUA BENFICA,960,,CASA DA BATERIA,RUA BENFICA,960,CASA DA BATERIA,MADALENA,51,CIDADE,ABALROAMENTO LONGITUDINAL,COLISÃO SEM VÍTIMA,2,,,,,,,,,0,,Longo da via,Bom,Sem defeito,Perfeito estado,Seca,Perfeito estado,Faixa de pedestre,Outras,,,,,
2019-10-28,13:05:00,SEM VÍTIMA,FINALIZADA,SANTO AMARO,AV GOVERNADOR AGAMENON MAGALHAES,,,VIADUTO INDEPENDÊNCIA,AV GOVERNADOR AGAMENON MAGALHAES,,VIADUTO INDEPENDÊNCIA,SANTO AMARO,,,COLISÃO TRASEIRA,COLISAO ENTRE DOIS AUTOS S/V,2,,,,,,,,,0,,Viaduto,Bom,Não existe,Perfeito estado,Seca,Perfeito estado,Não existe,Não há placas,,Dupla,Canal,,
2019-10-28,13:16:00,SEM VÍTIMA,FINALIZADA,BOA VISTA,RUA DA AURORA,,RUA PRINCESA IZABEL,,RUA DA AURORA,,,BOA VISTA,,CIDADE,ABALROAMENTO LONGITUDINAL,COLISÃO SEM VÍTIMA,1,,,,,1,,,,0,,Cruzamento,Bom,Sem defeito,Perfeito estado,Seca,Perfeito estado,Faixa de pedestre,Outras,40 km/h,Única,Não existe,,
2019-10-28,13:41:00,COM VÍTIMA,FINALIZADA,AREIAS,AV DR JOSE RUFINO,,RUA IPOJUCA,E/F AO POSTO SHELL. IGREJA PRESBITERIANA DE AREIAS,AV DR JOSE RUFINO,,E/F AO POSTO SHELL. IGREJA PRESBITERIANA DE AREIAS,AREIAS,44,,ABALROAMENTO LONGITUDINAL,MOTO X AUTO PASSEIO COM VÍTIMA,1,1,,,,,,,,1,,Longo da via,Bom,Sem defeito,Perfeito estado,Seca,Perfeito estado,Faixa de pedestre,,,Dupla,Faixa contínua,,
2019-10-28,13:50:00,SEM VÍTIMA,FINALIZADA,CORDEIRO,AV CAXANGA,,,,AV CAXANGA,,,CORDEIRO,234,CIDADE,COLISÃO TRASEIRA,ENTRE DOIS AUTOS S/V,2,,,,,,,,,0,,Longo da via,Bom,Sem defeito,Perfeito estado,Seca,Perfeito estado,Faixa de pedestre,,,Dupla,Faixa contínua,Faixa seccionada,Canteiro central
2019-10-28,14:33:00,COM VÍTIMA,FINALIZADA,BARRO,AV DR JOSE RUFINO,,,PROXIMO AO POSTO IMPERIO E AO PARK SOCIETY DO BARRO,AV DR JOSE RUFINO,,PROXIMO AO POSTO IMPERIO E AO PARK SOCIETY DO BARRO,BARRO,,CIDADE,ABALROAMENTO LONGITUDINAL,COLISÃO COM VÍTIMA,1,1,,,,,,,,1,,Longo da via,Bom,Não existe,Perfeito estado,Seca,Perfeito estado,,,,Dupla,,,
2019-10-28,14:53:00,SEM VÍTIMA,FINALIZADA,BOA VIAGEM,RUA FELIX DE BRITO E MELO,,AV FERNANDO SIMOES BARBOSA,AO LADO DO BIG BOMPREÇO,RUA FELIX DE BRITO E MELO,,AO LADO DO BIG BOMPREÇO,BOA VIAGEM,544,SUBURBIO,COLISÃO TRASEIRA,ENTRE DOIS AUTOS S/V,2,,,,,,,,,0,,Cruzamento,Bom,Sem defeito,Perfeito estado,Seca,Perfeito estado,,Não há placas,,Única,Não existe,,
2019-10-28,15:26:00,SEM VÍTIMA,FINALIZADA,PAISSANDU,RUA GENERAL JOAQUIM INACIO,,,EM FRENTE AO SEMÁFORO Nº 653,RUA GENERAL JOAQUIM INACIO,,EM FRENTE AO SEMÁFORO Nº 653,PAISSANDU,653,SUBURBIO,ABALROAMENTO TRANSVERSAL,COLISAO ENTRE DOIS AUTOS S/V,2,,,,,,,,,0,,Longo da via,Bom,Sem defeito,Perfeito estado,Seca,Perfeito estado,Não existe,R-6a,,Dupla,Faixa contínua,,
2019-10-28,15:30:00,SEM VÍTIMA,FINALIZADA,BOA VIAGEM,RUA ERNESTO DE PAULA SANTOS,775,,EM FRENTE AO LINK FESTAS,RUA ERNESTO DE PAULA SANTOS,775,EM FRENTE AO LINK FESTAS,BOA VIAGEM,,,ABALROAMENTO LONGITUDINAL,DOIS AUTOS S/V,2,,,,,,,,,0,,Longo da via,Bom,Não existe,Perfeito estado,Seca,Perfeito estado,Não existe,R-6a,40 km/h,Única,Faixa seccionada,,
2019-10-28,16:23:00,SEM VÍTIMA,FINALIZADA,BOA VIAGEM,RUA TENENTE JOAO CICERO,,RUA FRANCISCO DA CUNHA,,RUA TENENTE JOAO CICERO,,,BOA VIAGEM,,,ABALROAMENTO LONGITUDINAL,ENTRE DOIS AUTOS S/V,1,,,,,,1,,,0,,Cruzamento,Bom,Não existe,Perfeito estado,Seca,Perfeito estado,,Placas Pare,,Única,Não existe,,
2019-10-28,17:17:00,SEM VÍTIMA,FINALIZADA,TAMARINEIRA,AV NORTE,3714,,,AV NORTE,3714,,TAMARINEIRA,,SUBURBIO,COLISÃO TRASEIRA,COLISAO ENTRE TRES AUTOS S/V,3,,,,,,,,,0,,Longo da via,Bom,Não existe,Perfeito estado,Seca,Perfeito estado,Não existe,Não há placas,60 km/h,Dupla,Canteiro central,,
2019-10-28,17:22:00,SEM VÍTIMA,EQUIPE EM DESLOCAMENTO,CORDEIRO,AV ENGENHEIRO ABDIAS DE CARVALHO,2840,,CAMARÃO DO LÉO,AV ENGENHEIRO ABDIAS DE CARVALHO,2840,CAMARÃO DO LÉO,CORDEIRO,,SUBURBIO,COLISÃO TRASEIRA,COLISAO ENTRE CAMINHAO E AUTOS S/V,1,,,,,,,,1,0,,Longo da via,Bom,,Perfeito estado,Seca,Perfeito estado,,,,Dupla,Canteiro central,,
2019-10-28,17:27:00,COM VÍTIMA,FINALIZADA,AFOGADOS,RUA SAO MIGUEL,,,PROX AO BODE DO NÓ,RUA SAO MIGUEL,,PROX AO BODE DO NÓ,AFOGADOS,,SUBURBIO,COLISÃO TRASEIRA,DOIS AUTOS E MOTO COM VÍTIMA,2,1,,,,,,,,1,,Longo da via,Bom,Não existe,Perfeito estado,Seca,Perfeito estado,Não existe,Outras,,Dupla,Faixa contínua,,
2019-10-28,17:28:00,SEM VÍTIMA,FINALIZADA,BOA VIAGEM,AVENIDA CELSO FURTADO (VIA MANGUE),,,VIA MANGUE,AVENIDA CELSO FURTADO (VIA MANGUE),,VIA MANGUE,BOA VIAGEM,,SUBURBIO,COLISÃO TRASEIRA,COLISÃO SEM VÍTIMA,2,,,,,,,,,0,,Longo da via,Bom,Não existe,Incompleta,Seca,Mal iluminada,Não existe,Não há placas,,Única,Não existe,,
2019-10-28,17:57:00,COM VÍTIMA,FINALIZADA,MADALENA,AV BEIRA RIO,330,,PROX A ILHA DO RETIRO/ E/F AO EDF MARIA AMELIA,AV BEIRA RIO,330,PROX A ILHA DO RETIRO/ E/F AO EDF MARIA AMELIA,MADALENA,,SUBURBIO,COLISÃO,MOTO X AUTO PASSEIO COM VÍTIMA,1,1,,,,,,,,2,,Longo da via,Bom,Não existe,Perfeito estado,Seca,Perfeito estado,,,,Dupla,Faixa seccionada,,
2019-10-28,18:28:00,SEM VÍTIMA,FINALIZADA,SÃO JOSÉ,RUA DO MUNIZ,84,RUA DA CONCORDIA,SEDE DO GALO,RUA DO MUNIZ,84,SEDE DO GALO,SÃO JOSÉ,408,SUBURBIO,ABALROAMENTO LONGITUDINAL,AUTO PASSEIO X CAMINHÃO S/V,1,,,,,,1,,,0,,Longo da via,Bom,,Perfeito estado,Seca,Perfeito estado,Faixa de pedestre,Outras,,Única,Faixa contínua,,
2019-10-28,21:55:00,COM VÍTIMA,FINALIZADA,BEBERIBE,AV BEBERIBE,4330,,DEPOIS DA PIZZARIA HAGE E ACADEMIA H 5 FIT,AV BEBERIBE,4330,DEPOIS DA PIZZARIA HAGE E ACADEMIA H 5 FIT,BEBERIBE,,SUBURBIO,ACID. DE PERCURSO,ACIDENTE DE PERCURSO COM BURACO NA VIA,,1,,,,,,,1,1,,Longo da via,Bom,Não existe,Incompleta,Seca,Mal conservada,Não existe,Não há placas,,,,,
2019-10-29,00:22:00,SEM VÍTIMA,FINALIZADA,BOA VIAGEM,VIADUTO TANCREDO NEVES,,,ATACADÃO,VIADUTO TANCREDO NEVES,,ATACADÃO,BOA VIAGEM,,CIDADE,ABALROAMENTO LONGITUDINAL,COLISÃO ENTRE DOIS AUTOS S/V,2,,,,,,,,,0,,Viaduto,Bom,Não existe,Perfeito estado,Seca,Perfeito estado,Não existe,Não há placas,,Única,Faixa seccionada,,
2019-10-29,06:53:00,SEM VÍTIMA,FINALIZADA,VÁRZEA,AV PREFEITO ANTONIO PEREIRA,,,PRÓXIMO AO HOTEL BLUE LOVE,AV PREFEITO ANTONIO PEREIRA,,PRÓXIMO AO HOTEL BLUE LOVE,VÁRZEA,,CIDADE,ABALROAMENTO LONGITUDINAL,ONIBUS E AUTO,1,,,,,1,,,,0,,Longo da via,Bom,Não existe,Não existente,Seca,Perfeito estado,Não existe,Não há placas,40 km/h,Dupla,Canteiro central,,
2019-10-29,07:20:00,SEM VÍTIMA,FINALIZADA,ROSARINHO,AV NORTE,2981,,LADO OPOSTO A EXTRAFARMA,AV NORTE,2981,LADO OPOSTO A EXTRAFARMA,ROSARINHO,,CIDADE,COLISÃO TRASEIRA,COLISÃO SEM VITIMAS,1,,,,,1,,,,0,,Longo da via,Bom,Não existe,Perfeito estado,Seca,Perfeito estado,Não existe,R-6a,60 km/h,Dupla,Canteiro central,,
2019-10-29,07:30:00,SEM VÍTIMA,CANCELADA,AREIAS,AV RECIFE,1540,,EM FRENTE AO MOTEL CARTIER,AV RECIFE,1540,EM FRENTE AO MOTEL CARTIER,AREIAS,,BOA VIAGEM,COLISÃO,COLISÃO SEM VITIMAS,2,,,,,,,,,0,,,,,,,,,,,,,,
2019-10-29,07:37:00,SEM VÍTIMA,FINALIZADA,BOA VIAGEM,RUA DEZ DE JULHO,,AV VINTE E TRES DE OUTUBRO,ESTAÇÃO AEROPORTO,RUA DEZ DE JULHO,,ESTAÇÃO AEROPORTO,BOA VIAGEM,,CIDADE,ABALROAMENTO TRANSVERSAL,DOIS AUTOS,2,,,,,,,,,0,,Cruzamento,Bom,Não existe,Perfeito estado,Seca,Perfeito estado,Não existe,Não há placas,,Única,Faixa seccionada,,
2019-10-29,08:07:00,SEM VÍTIMA,FINALIZADA,BOA VISTA,RUA BARAO DE SAO BORJA,137,RUA JOSE DE ALENCAR,HOTEL BOA VISTA,RUA BARAO DE SAO BORJA,137,HOTEL BOA VISTA,BOA VISTA,,,ABALROAMENTO TRANSVERSAL,DOIS AUTOS,2,,,,,,,,,0,,Cruzamento,Bom,Não existe,Perfeito estado,Seca,Perfeito estado,Não existe,Placas Pare,,Única,Não existe,,
2019-10-29,08:09:00,COM VÍTIMA,FINALIZADA,BOA VIAGEM,RUA BALTAZAR PEREIRA,1205,AV CONSELHEIRO AGUIAR,E/F A CASA DESING,RUA BALTAZAR PEREIRA,1205,E/F A CASA DESING,BOA VIAGEM,,CIDADE,ABALROAMENTO LONGITUDINAL,COLISÃO C/VITIMA ENTRE UMA MOTO E AUTO,1,1,,,,,,,,1,,Esquina,Bom,Não existe,Perfeito estado,Seca,Perfeito estado,Não existe,Outras,60 km/h,Única,Faixa contínua,,
2019-10-29,08:21:00,SEM VÍTIMA,FINALIZADA,ENCRUZILHADA,RUA DONA JULIETA,,RUA FREDERICO,CONFRARIA DO MAR,RUA DONA JULIETA,,CONFRARIA DO MAR,ENCRUZILHADA,,SUBURBIO,ABALROAMENTO TRANSVERSAL,COLISÃO /VITIMAS ENTRE UMA MOTO E UM AUTO,1,1,,,,,,,,0,,Cruzamento,Bom,Não existe,Perfeito estado,Seca,Perfeito estado,,,,Dupla,,,
2019-10-29,08:22:00,SEM VÍTIMA,DUPLICIDADE,PONTO DE PARADA,RUA DONA JULIETA,,,EM FRENTE A CONFRARIA DO MAR,RUA DONA JULIETA,,EM FRENTE A CONFRARIA DO MAR,PONTO DE PARADA,,,COLISÃO,COLISÃO SEM VITIMAS,1,1,,,,,,,,0,,,,,,,,,,,,,,