data,hora,natureza_acidente,situacao,bairro,endereco,numero,detalhe_endereco_acidente,complemento,endereco_cruzamento,numero_cruzamento,referencia_cruzamento,bairro_cruzamento,num_semaforo,sentido_via,tipo,descricao,auto,moto,ciclom,ciclista,pedestre,onibus,caminhao,viatura,outros,vitimas,vitimasfatais,acidente_verificado,tempo_clima,situacao_semaforo,sinalizacao,condicao_via,conservacao_via,ponto_controle,situacao_placa,velocidade_max_via,mao_direcao,divisao_via1,divisao_via2,divisao_via3
2019-11-01,08:57:00,SEM VÍTIMA,FINALIZADA,TORRE,RUA JOSE BONIFACIO,,,MASSA NOBRE DELICATESSEN,RUA JOSE BONIFACIO,,MASSA NOBRE DELICATESSEN,TORRE,193,SUBURBIO,ABALROAMENTO TRANSVERSAL,COLISÃO ENTRE DOIS AUTOS PASSEIOS.,2,,,,,,,,,0,,Cruzamento,Bom,Sem defeito,Perfeito estado,Seca,Perfeito estado,Não existe,Outras,60 km/h,Única,Não existe,,
2019-10-31,15:53:00,SEM VÍTIMA,CANCELADA,GRAÇAS,AV RUI BARBOSA,,RUA CONS PORTELA,AO LADO DA PEDRAGON,AV RUI BARBOSA,,AO LADO DA PEDRAGON,GRAÇAS,,,COLISÃO,COLISAO ENTRE DOIS AUTOS E UMA MOTO S/V,2,1,,,,,,,,0,,,,,,,,,,,,,,
2019-10-31,15:59:00,SEM VÍTIMA,FINALIZADA,MADALENA,RUA REAL DA TORRE,464,RUA JOSE OSORIO,POSTO BR,RUA REAL DA TORRE,464,POSTO BR,MADALENA,,CIDADE,COLISÃO TRASEIRA,COLISÃO ENTRE UMA MOTO E UM CARRO.,1,1,,,,,,,,0,,Longo da via,Bom,,Perfeito estado,Seca,Perfeito estado,Não existe,Não há placas,,Única,Não existe,,
2019-10-31,16:07:00,SEM VÍTIMA,FINALIZADA,BOA VIAGEM,AV BOA VIAGEM,914,RUA TOME GIBSON,ENFRENTE AS QUADRAS DE TENIS. ENFRETE AO EDF. NOSSA SENHORA COPACABANA,AV BOA VIAGEM,914,ENFRENTE AS QUADRAS DE TENIS. ENFRETE AO EDF. NOSSA SENHORA COPACABANA,BOA VIAGEM,105,,COLISÃO,COLISAO ENTRE DOIS AUTOS PASSEIOS,2,,,,,,,,,0,,,,,,,,,,,,,,
2019-10-31,16:31:00,SEM VÍTIMA,FINALIZADA,BOA VIAGEM,RUA COSMORAMA,710,RUA CAPITAO BARROSO PEREIRA,,RUA COSMORAMA,710,,BOA VIAGEM,,SUBURBIO,ABALROAMENTO LONGITUDINAL,COLISAO ENTRES DOIS AUTO PASSEIO.,2,,,,,,,,,0,,Cruzamento,Bom,Não existe,Perfeito estado,Seca,Perfeito estado,Não existe,Não há placas,,Dupla,Faixa seccionada,,
2019-10-31,16:52:00,SEM VÍTIMA,CANCELADA,BOA VISTA,RUA NUNES MACHADO,,RUA DO PRINCIPE,PROXIMO CURSO PROLINCINHO.,RUA NUNES MACHADO,,PROXIMO CURSO PROLINCINHO.,BOA VISTA,,,COLISÃO,COLISAO ENTRES DOIS AUTO PASSEIO.,2,,,,,,,,,0,,,,,,,,,,,,,,
2019-10-31,17:43:00,SEM VÍTIMA,FINALIZADA,CABANGA,PTE GOVERNADOR PAULO GUERRA,,,LADO OPOSTO COMPESA,PTE GOVERNADOR PAULO GUERRA,,LADO OPOSTO COMPESA,CABANGA,,SUBURBIO,COLISÃO TRASEIRA,COLISÃO ENTRE DOIS AUTOS PASSEIOS.,2,,,,,,,,,0,,Longo da via,Bom,Sem defeito,Perfeito estado,Seca,Perfeito estado,Não existe,Não há placas,,Única,Faixa contínua,,
2019-10-31,18:24:00,SEM VÍTIMA,CANCELADA,NOVA DESCOBERTA,RUA JORNALISTA WALDETE AGRA,211,,E/F AO TERMINAL DE NOVA DESCOBERTA,RUA JORNALISTA WALDETE AGRA,211,E/F AO TERMINAL DE NOVA DESCOBERTA,NOVA DESCOBERTA,,,COLISÃO,ENTRE AUTO E ÕNIBUS. S/V,1,,,,,1,,,,0,,,,,,,,,,,,,,
2019-10-31,18:26:00,SEM VÍTIMA,FINALIZADA,AFOGADOS,RUA DA PAZ,,,SOBRE A PONTE PRÓXIMO A FÁBRICA DE SABÃO ASA,RUA DA PAZ,,SOBRE A PONTE PRÓXIMO A FÁBRICA DE SABÃO ASA,AFOGADOS,,SUBURBIO,COLISÃO TRASEIRA,ECOSPORT X SPIN BRANCA,2,,,,,,,,,0,,Ponte,Bom,Não existe,Perfeito estado,Seca,Perfeito estado,Não existe,Não há placas,,Única,Faixa seccionada,,
2019-10-31,18:39:00,SEM VÍTIMA,FINALIZADA,BOA VISTA,RUA NUNES MACHADO,,RUA DO PRINCIPE,POSTE B 026469,RUA NUNES MACHADO,,POSTE B 026469,BOA VISTA,,CIDADE,COLISÃO TRASEIRA,COLISAO ENTRES DOIS AUTO PASSEIO.,2,,,,,,,,,0,,,Bom,Não existe,Incompleta,Seca,Perfeito estado,Não existe,Outras,,Única,Não existe,,
2019-10-31,18:40:00,SEM VÍTIMA,FINALIZADA,ENGENHO DO MEIO,RUA MAURICEIA,308,,BARBEARIA CHEN,RUA MAURICEIA,308,BARBEARIA CHEN,ENGENHO DO MEIO,,SUBURBIO,COLISÃO TRASEIRA,ENTRE 2 AUTOS. S/V,2,,,,,,,,,0,,Longo da via,Bom,Não existe,Perfeito estado,Seca,Perfeito estado,Não existe,Não há placas,,Dupla,Não existe,,
2019-10-31,18:46:00,SEM VÍTIMA,FINALIZADA,,RUA BENFICA,,EST DOS REMEDIOS,SOB O SEMÁFORO 051,RUA BENFICA,,SOB O SEMÁFORO 051,,51,,ABALROAMENTO TRANSVERSAL,ENTRE 2 AUTOS. S/V,2,,,,,,,,,0,,Cruzamento,Bom,Sem defeito,Incompleta,Seca,Perfeito estado,Agente,R-4a,,Dupla,Faixa contínua,,
2019-10-31,19:00:00,SEM VÍTIMA,CANCELADA,ESTÂNCIA,AV DR JOSE RUFINO,656,,ENF A IGREJA CATOLICA,AV DR JOSE RUFINO,656,ENF A IGREJA CATOLICA,ESTÂNCIA,491,,COLISÃO,MOTO X GOL,1,1,,,,,,,,0,,,,,,,,,,,,,,
2019-10-31,19:50:00,SEM VÍTIMA,FINALIZADA,PRADO,AV ENGENHEIRO ABDIAS DE CARVALHO,,,,AV ENGENHEIRO ABDIAS DE CARVALHO,,,PRADO,354,SUBURBIO,COLISÃO TRASEIRA,ENTRE ÕNIBUS E CAMINHÃO. S/V,,,,,,1,,,,0,,Longo da via,Bom,Sem defeito,Perfeito estado,Seca,Perfeito estado,Faixa de pedestre,R-6a,60 km/h,Dupla,Canteiro central,,
2019-10-31,20:17:00,SEM VÍTIMA,FINALIZADA,GRAÇAS,AV RUI BARBOSA,,,PONTE DUCHOA,AV RUI BARBOSA,,PONTE DUCHOA,GRAÇAS,,SUBURBIO,ABALROAMENTO LONGITUDINAL,ENTRE ÕNIBUS E AUTO PASSEIO. S/V,1,,,,,1,,,,0,,Longo da via,Bom,Não existe,Perfeito estado,Seca,Perfeito estado,Não existe,Outras,,Única,Faixa seccionada,,
2019-10-31,21:07:00,SEM VÍTIMA,FINALIZADA,DERBY,RUA JENER DE SOUZA,,PRC DO DERBY,,RUA JENER DE SOUZA,,,DERBY,418,,COLISÃO TRASEIRA,ENTRE AUTO E CAMINHÃO  S/V,1,,,,,,1,,,0,,Cruzamento,Bom,Sem defeito,Perfeito estado,Seca,Perfeito estado,Faixa de pedestre,R-6a,,Dupla,Canteiro central,,
2019-10-31,22:03:00,SEM VÍTIMA,CANCELADA,BOA VIAGEM,RUA AMALIA BERNARDINO DE SOUZA,454,RUA ERNESTO DE PAULA SANTOS,PROX AO POSTO PETROBRAS,RUA AMALIA BERNARDINO DE SOUZA,454,PROX AO POSTO PETROBRAS,BOA VIAGEM,,,COLISÃO,FORD KA X FOX,2,,,,,,,,,0,,,,,,,,,,,,,,
2019-10-31,22:19:00,SEM VÍTIMA,FINALIZADA,DERBY,RUA JOAQUIM NABUCO,,AV GOVERNADOR AGAMENON MAGALHAES,EM FRENTE AO HR,RUA JOAQUIM NABUCO,,EM FRENTE AO HR,DERBY,174,SUBURBIO,ABALROAMENTO LONGITUDINAL,ENTRE 2 AUTOS. S/V,2,,,,,,,,,0,,Longo da via,Bom,Sem defeito,Perfeito estado,Seca,Perfeito estado,,Não há placas,,Única,Faixa seccionada,,
2019-10-31,23:44:00,COM VÍTIMA,FINALIZADA,MADALENA,RUA BENFICA,,AV VISCONDE DE ALBUQUERQUE,ENF. AO BOMPREÇO,RUA BENFICA,,ENF. AO BOMPREÇO,MADALENA,51,,ABALROAMENTO TRANSVERSAL,ONIBUS BRT X AUTO,1,,,,,1,,,,1,,Cruzamento,Bom,Sem defeito,Perfeito estado,Seca,Perfeito estado,Não existe,Outras,,Dupla,Faixa contínua,,
2019-11-01,00:07:00,SEM VÍTIMA,FINALIZADA,ESPINHEIRO,AV NORTE,2157,RUA ALFREDO DE CASTRO,,AV NORTE,2157,,ESPINHEIRO,665,CIDADE,ABALROAMENTO TRANSVERSAL,COLISÃO ENTRE DOIS AUTOS S/V,2,,,,,,,,,0,,Longo da via,Bom,Sem defeito,Perfeito estado,Seca,Perfeito estado,,Não há placas,,Única,Faixa seccionada,,
2019-11-01,04:32:00,COM VÍTIMA,FINALIZADA,BOA VIAGEM,AV CONSELHEIRO AGUIAR,1360,RUA FREI LEANDRO,,AV CONSELHEIRO AGUIAR,1360,,BOA VIAGEM,240,SUBURBIO,CHOQUE OBJETO FIXO,AUTO CHOCOU-SE CONTRA POSTE SEMAFORICO DERRUBANDO O POSTE SEMAFORICO,1,,,,,,,,,1,,Longo da via,Bom,Sem defeito,Perfeito estado,Seca,Perfeito estado,Outros,Não há placas,,Única,Faixa seccionada,,
2019-11-01,06:31:00,SEM VÍTIMA,FINALIZADA,PARNAMIRIM,AV DEZESSETE DE AGOSTO,2369,,LADO OPOSTO A POLICLÍNICA SENADOR JOSÉ ERMÍNIO DE MORAES,AV DEZESSETE DE AGOSTO,2369,LADO OPOSTO A POLICLÍNICA SENADOR JOSÉ ERMÍNIO DE MORAES,PARNAMIRIM,,CIDADE,ABALROAMENTO TRANSVERSAL,SEM VITIMAS,2,,,,,,,,,0,,Longo da via,Bom,Não existe,Perfeito estado,Seca,Perfeito estado,Não existe,Outras,,Dupla,Faixa contínua,,
2019-11-01,07:07:00,COM VÍTIMA,FINALIZADA,JARDIM SÃO PAULO,RUA LORENA,175,RUA LEANDRO BARRETO,EM FRENTE A BORRACHARIA,RUA LORENA,175,EM FRENTE A BORRACHARIA,JARDIM SÃO PAULO,,CIDADE,ABALROAMENTO TRANSVERSAL,COM UMA VITIMA SORRIDA PELO SAMU/LOCAL DESCARACTERIZADO UM DOS VEÍCULO JÁ ESTA SOBRE UM REBOQUE,2,,,,,,,,,1,,Cruzamento,Bom,Não existe,Incompleta,Seca,Perfeito estado,,Outras,,Dupla,Não existe,,
2019-11-01,,SEM VÍTIMA,FINALIZADA,ESPINHEIRO,1 TRV JUSTICA E PAZ,,,,1 TRV JUSTICA E PAZ,,,ESPINHEIRO,,CIDADE,CHOQUE OBJETO FIXO,VT- DA PM CHOCOU-SE COM ARVORE,1,,,,,,,,,0,,Longo da via,Bom,Não existe,Perfeito estado,Seca,Perfeito estado,Não existe,Outras,,Dupla,Não existe,,
2019-11-01,,SEM VÍTIMA,FINALIZADA,IPSEP,RUA RIO TOCANTINS,116,,PRÓXIMO REAL SUPERMERCADO,RUA RIO TOCANTINS,116,PRÓXIMO REAL SUPERMERCADO,IPSEP,,SUBURBIO,COLISÃO TRASEIRA,,2,,,,,,,,,0,,Longo da via,Bom,Não existe,Não existente,Seca,Perfeito estado,Não existe,Não há placas,,Dupla,Não existe,,
2019-11-01,08:07:00,COM VÍTIMA,FINALIZADA,CIDADE UNIVERSITÁRIA,AV DA ENGENHARIA,,,EM FRENTE A FACULDADE DE MEDICINA,AV DA ENGENHARIA,,EM FRENTE A FACULDADE DE MEDICINA,CIDADE UNIVERSITÁRIA,,SUBURBIO,ABALROAMENTO LONGITUDINAL,AUTO E MOTO,1,1,,,,,,,,2,,Longo da via,Bom,Não existe,Incompleta,Seca,Perfeito estado,Não existe,Não há placas,,Dupla,Canteiro central,,
2019-11-01,07:45:00,COM VÍTIMA,FINALIZADA,ALTO JOSÉ DO PINHO,AV NORTE,S/N,,10 METROS ANTES DO PALÁCIO DO PÃO (ENTRADA DO ALTO JOSÉ DO PINHO),AV NORTE,S/N,10 METROS ANTES DO PALÁCIO DO PÃO (ENTRADA DO ALTO JOSÉ DO PINHO),ALTO JOSÉ DO PINHO,96,SUBURBIO,COLISÃO TRASEIRA,COLISÃO C/VITIMA ENTRE UM AUTO E UMA MOTO,1,1,,,,,,,,1,,Cruzamento,Bom,Sem defeito,Perfeito estado,Seca,Perfeito estado,Faixa de pedestre,Outras,60 km/h,Dupla,Canteiro central,,
2019-11-01,08:28:00,SEM VÍTIMA,FINALIZADA,BOA VIAGEM,RUA ERNESTO DE PAULA SANTOS,,RUA AMALIA BERNARDINO DE SOUZA,POSTE CELPE B 006502,RUA ERNESTO DE PAULA SANTOS,,POSTE CELPE B 006502,BOA VIAGEM,,CIDADE,ABALROAMENTO LONGITUDINAL,COLISSÃO S/VITIMAS DOIS AUTOS,2,,,,,,,,,0,,Longo da via,Bom,Não existe,Incompleta,Seca,Mal conservada,Não existe,Outras,60 km/h,Única,Faixa seccionada,,
2019-11-01,09:40:00,SEM VÍTIMA,FINALIZADA,ESPINHEIRO,AV CONS ROSA E SILVA,901,RUA EDGAR D'AMORIM,,AV CONS ROSA E SILVA,901,,ESPINHEIRO,459,SUBURBIO,ABALROAMENTO LONGITUDINAL,DOIS AUTOS,2,,,,,,,,,0,,Cruzamento,Bom,Sem defeito,Perfeito estado,Seca,Perfeito estado,Outros,,,Única,Não existe,,
2019-11-01,09:53:00,SEM VÍTIMA,CANCELADA,BOA VIAGEM,AV ENGENHEIRO DOMINGOS FERREIRA,919,,,AV ENGENHEIRO DOMINGOS FERREIRA,919,,BOA VIAGEM,,,COLISÃO,COLISÃO S/VITIMAS ENTRE DOIS AUTOS,2,,,,,,,,,0,,,,,,,,,,,,,,
2019-11-01,10:03:00,SEM VÍTIMA,CANCELADA,MACAXEIRA,AV NORTE,,,NO GIRADOURO DA INTEGRAÇÃO DA MACAXEIRA,AV NORTE,,NO GIRADOURO DA INTEGRAÇÃO DA MACAXEIRA,MACAXEIRA,,,COLISÃO,SEM VITIMAS,1,,,,,1,,,,0,,,,,,,,,,,,,,
2019-11-01,10:08:00,SEM VÍTIMA,FINALIZADA,VASCO DA GAMA,RUA VASCO DA GAMA,503,,EM FRENTE A IGREJA MATRIZ DE SÃO SEBASTIÃO,RUA VASCO DA GAMA,503,EM FRENTE A IGREJA MATRIZ DE SÃO SEBASTIÃO,VASCO DA GAMA,,SUBURBIO,ABALROAMENTO LONGITUDINAL,CAMINHÃO E AUTO,1,,,,,,1,,,0,,Longo da via,Bom,Não existe,Perfeito estado,Seca,Perfeito estado,Não existe,Outras,,Dupla,Não existe,,
2019-11-01,10:29:00,SEM VÍTIMA,FINALIZADA,SANTO AMARO,AV VISCONDE DE SUASSUNA,775,RUA DOM PEDRO HENRIQUE,,AV VISCONDE DE SUASSUNA,775,,SANTO AMARO,,SUBURBIO,ABALROAMENTO TRANSVERSAL,SEM VITIMAS,2,,,,,,,,,0,,Cruzamento,Bom,Não existe,Perfeito estado,Seca,Perfeito estado,Não existe,R-6a,40 km/h,Única,Faixa seccionada,,
2019-11-01,11:05:00,SEM VÍTIMA,FINALIZADA,ÁGUA FRIA,EST VELHA DE AGUA FRIA,1702,,EM FRENTE A POLICLINA SALOMÃO KELNER,EST VELHA DE AGUA FRIA,1702,EM FRENTE A POLICLINA SALOMÃO KELNER,ÁGUA FRIA,,,COLISÃO,CAMINHÃO E AUTO,1,,,,,,1,,,0,,,,,,,,,,,,,,
2019-11-01,11:12:00,SEM VÍTIMA,FINALIZADA,BARRO,AV DR JOSE RUFINO,2319,,EM FRENTE A PANIFICADORA TONY ALBUQUERQUE,AV DR JOSE RUFINO,2319,EM FRENTE A PANIFICADORA TONY ALBUQUERQUE,BARRO,,,ABALROAMENTO TRANSVERSAL,SEM VITIMAS,2,,,,,,,,,0,,Longo da via,Bom,Sem defeito,Perfeito estado,Seca,Perfeito estado,,Outras,40 km/h,Dupla,Não existe,,
2019-11-01,12:39:00,COM VÍTIMA,FINALIZADA,CAMPO GRANDE,RUA VISCONDE DE CAIRU,66B,RUA HAMILTON RIBEIRO,PROX AO CLUBE DAS PAS,RUA VISCONDE DE CAIRU,66B,PROX AO CLUBE DAS PAS,CAMPO GRANDE,,SUBURBIO,ABALROAMENTO LONGITUDINAL,,1,1,,,,,,,,1,,Esquina,Bom,Não existe,Não existente,Seca,Perfeito estado,Não existe,Outras,,Dupla,Não existe,,
2019-11-01,12:46:00,SEM VÍTIMA,FINALIZADA,IBURA,AV DOIS RIOS,652,,EM FRENTE AO MR SUPERMERCADOS,AV DOIS RIOS,652,EM FRENTE AO MR SUPERMERCADOS,IBURA,325,SUBURBIO,ABALROAMENTO LONGITUDINAL,,2,,,,,,,,,0,,Longo da via,Bom,Sem defeito,Perfeito estado,Seca,Perfeito estado,,R-6a,40 km/h,Dupla,Faixa contínua,,
2019-11-01,13:03:00,SEM VÍTIMA,CANCELADA,MADALENA,RUA JOAQUIM NABUCO,,,NA SUBIDA DA PONTE DA CAPUNGA,RUA JOAQUIM NABUCO,,NA SUBIDA DA PONTE DA CAPUNGA,MADALENA,,,COLISÃO,COLISAO ENTRE DOIS AUTOS S/V,2,,,,,,,,,0,,,,,,,,,,,,,,
2019-11-01,13:10:00,SEM VÍTIMA,CANCELADA,BOA VIAGEM,RUA JOSE DA SILVA LUCENA,,AV DOM JOAO VI,E/FF OA COLEGIO GGE,RUA JOSE DA SILVA LUCENA,,E/FF OA COLEGIO GGE,BOA VIAGEM,,,COLISÃO,COLISAO ENTRE DOIS AUTOS S/V,2,,,,,,,,,0,,,,,,,,,,,,,,
2019-11-01,13:36:00,SEM VÍTIMA,FINALIZADA,DERBY,RUA DR SEVERINO PINHEIRO,52C,,EM FRENTE AO EDIFÍCIO TRÊS MARIA,RUA DR SEVERINO PINHEIRO,52C,EM FRENTE AO EDIFÍCIO TRÊS MARIA,DERBY,,CIDADE,COLISÃO TRASEIRA,COLISAO ENTRE DOIS AUTOS S/V,2,,,,,,,,,0,,Longo da via,Bom,Não existe,Perfeito estado,Seca,Perfeito estado,Não existe,Não há placas,,Dupla,Faixa contínua,,
2019-11-01,13:41:00,SEM VÍTIMA,CANCELADA,SANTANA,RUA GENERAL MANUEL RABELO,,,ENFRETE AO QUARTEL 14 BI,RUA GENERAL MANUEL RABELO,,ENFRETE AO QUARTEL 14 BI,SANTANA,,,COLISÃO,COLISAO ENTRE DOIS AUTOS PASSEIOS,2,,,,,,,,,0,,,,,,,,,,,,,,
2019-11-01,13:41:00,SEM VÍTIMA,FINALIZADA,ESPINHEIRO,RUA CONS PORTELA,425,,,RUA CONS PORTELA,425,,ESPINHEIRO,,SUBURBIO,COLISÃO TRASEIRA,SEM VITIMAS /CTTU NO LOCAL VT 09,1,1,,,,,,,,0,,Longo da via,Bom,Sem defeito,Perfeito estado,Seca,Perfeito estado,Agente,Outras,,Única,Faixa seccionada,,
2019-11-01,14:33:00,SEM VÍTIMA,CANCELADA,ESTÂNCIA,AV DR JOSE RUFINO,170,,NA OBRA ENFRENTE AO COLEGIO VISÃO.,AV DR JOSE RUFINO,170,NA OBRA ENFRENTE AO COLEGIO VISÃO.,ESTÂNCIA,,,COLISÃO,COLISÃO ENTRE 2 VEICULOS DE AUTO PASSEIO,2,,,,,,,,,0,,,,,,,,,,,,,,
2019-11-01,14:56:00,SEM VÍTIMA,FINALIZADA,BOA VIAGEM,AV FERNANDO SIMOES BARBOSA,,,RESTAURANTE PONTEIO GRILL,AV FERNANDO SIMOES BARBOSA,,RESTAURANTE PONTEIO GRILL,BOA VIAGEM,,SUBURBIO,ABALROAMENTO LONGITUDINAL,SEM VITIMAS.,1,,,,,1,,,,0,,Longo da via,Bom,Não existe,Incompleta,Seca,Perfeito estado,Não existe,Não há placas,,Única,Canteiro central,,
2019-11-01,15:03:00,SEM VÍTIMA,FINALIZADA,MADALENA,RUA BENFICA,,,EM FRENTE AO CLUBE INTERNACIONAL,RUA BENFICA,,EM FRENTE AO CLUBE INTERNACIONAL,MADALENA,,CIDADE,ABALROAMENTO LONGITUDINAL,COLISAO ENTRE UM CARRO FORTE E UM T-40,1,,,,,,1,,,0,,Longo da via,Bom,Sem defeito,Perfeito estado,Seca,Perfeito estado,Outros,Outras,40 km/h,Dupla,Outros,,
2019-11-01,15:39:00,SEM VÍTIMA,FINALIZADA,ROSARINHO,AV NORTE,3323,,SPARTA CROSSFIT,AV NORTE,3323,SPARTA CROSSFIT,ROSARINHO,,CIDADE,COLISÃO TRASEIRA,SEM VITIMAS,3,,,,,1,,,,0,,Longo da via,Bom,Não existe,Perfeito estado,Seca,Perfeito estado,Não existe,Outras,,Dupla,Canteiro central,,
2019-11-01,15:47:00,SEM VÍTIMA,FINALIZADA,CASA AMARELA,AV NORTE,,,,AV NORTE,,,CASA AMARELA,95,CIDADE,COLISÃO TRASEIRA,COLISAO ENTRE TAXI/ AUTO E CAMINHAO,2,,,,,,1,,,0,,Longo da via,Bom,Sem defeito,Perfeito estado,Seca,Perfeito estado,Faixa de pedestre,Outras,,Dupla,Canteiro central,,
2019-11-01,16:08:00,SEM VÍTIMA,CANCELADA,ÁGUA FRIA,AV BEBERIBE,1478,RUA SETE PECADOS,ENFRETE AO CANAL DA CONSTRUÇÃO.,AV BEBERIBE,1478,ENFRETE AO CANAL DA CONSTRUÇÃO.,ÁGUA FRIA,,,COLISÃO,COLISAO ENTRE UM CARRO E UMA MOTO  CONDUTOR DA MOTO ESTA APRESENTANDO SINAIS DE EMGREAGUEZ.,1,1,,,,,,,,0,,,,,,,,,,,,,,
2019-11-01,16:10:00,SEM VÍTIMA,FINALIZADA,IMBIRIBEIRA,AV MARECHAL MASCARENHAS DE MORAES,2454,,,AV MARECHAL MASCARENHAS DE MORAES,2454,,IMBIRIBEIRA,7,SUBURBIO,ABALROAMENTO LONGITUDINAL,SEM VITIMAS,1,,,,,,1,,,0,,Longo da via,Bom,Sem defeito,Perfeito estado,Seca,Perfeito estado,Faixa de pedestre,R-4b,,Dupla,Canteiro central,,
2019-11-01,16:15:00,SEM VÍTIMA,FINALIZADA,CORDEIRO,RUA GOMES TABORDA,S/N,AV GENERAL SAN MARTIN,EM FRENTE AO MULTI POSTOS,RUA GOMES TABORDA,S/N,EM FRENTE AO MULTI POSTOS,CORDEIRO,,,COLISÃO,SEM VITIMAS,1,,,,,,1,,,0,,,,,,,,,,,,,,
2019-11-01,16:25:00,SEM VÍTIMA,FINALIZADA,IBURA,AV DOIS RIOS,999,,FARMACIA DIARIAMENTE,AV DOIS RIOS,999,FARMACIA DIARIAMENTE,IBURA,,SUBURBIO,ABALROAMENTO TRANSVERSAL,COLISAO COLISAO ENTRE DOIS AUTOS S/V,2,,,,,,,,,0,,Longo da via,Bom,Não existe,Incompleta,Seca,Perfeito estado,Não existe,Não há placas,60 km/h,Dupla,Faixa contínua,,
2019-11-01,16:31:00,SEM VÍTIMA,FINALIZADA,MADALENA,RUA JOSE OSORIO,116,,AO LADO DA EXPOCAR,RUA JOSE OSORIO,116,AO LADO DA EXPOCAR,MADALENA,,SUBURBIO,COLISÃO TRASEIRA,COLISAO ENTRE QUATRO AUTOS S/V,4,,,,,,,,,0,,Longo da via,Bom,Não existe,Perfeito estado,Seca,Perfeito estado,Outros,R-6a,,Dupla,Faixa contínua,,
2019-11-01,16:32:00,SEM VÍTIMA,FINALIZADA,SANTO ANTÔNIO,RUA DO SOL,,,LADO POSTERIOR DO TEATRO PRINCESA ISABEL,RUA DO SOL,,LADO POSTERIOR DO TEATRO PRINCESA ISABEL,SANTO ANTÔNIO,,CIDADE,ABALROAMENTO LONGITUDINAL,COLISAO ENTRE UM TAXI E UM ONIBUS.,1,,,,,1,,,,0,,Longo da via,Bom,Não existe,Perfeito estado,Seca,Perfeito estado,Não existe,Não há placas,,Única,Faixa seccionada,,
2019-11-01,16:43:00,COM VÍTIMA,FINALIZADA,BOA VIAGEM,AVENIDA CELSO FURTADO (VIA MANGUE),,,PROXIMO CIA DO FUTEBOL SOCYET  PROXIMO ANTONIO FALCÃO  SENTIDO BOA VIAGEM,AVENIDA CELSO FURTADO (VIA MANGUE),,PROXIMO CIA DO FUTEBOL SOCYET  PROXIMO ANTONIO FALCÃO  SENTIDO BOA VIAGEM,BOA VIAGEM,,SUBURBIO,ABALROAMENTO TRANSVERSAL,COLISAO ENTRE UM CAMINHAO BAU E UMA MOTO,,1,,,,,1,,,1,,Longo da via,Bom,Sem defeito,Perfeito estado,Seca,Perfeito estado,Não existe,Não há placas,,Única,Faixa seccionada,,
2019-11-01,16:45:00,SEM VÍTIMA,CANCELADA,CAMPINA DO BARRETO,RUA VEREADOR MIVALDO CAVALCANTI MAIA,24,AV POETA VINICIUS DE MORAIS,RUA DA ACADEMIA DA CIDADE DE CHÃO DE ESTRELA,RUA VEREADOR MIVALDO CAVALCANTI MAIA,24,RUA DA ACADEMIA DA CIDADE DE CHÃO DE ESTRELA,CAMPINA DO BARRETO,,,COLISÃO,SEM VITIMAS,,2,,,,,,,,0,,,,,,,,,,,,,,
2019-11-01,16:48:00,COM VÍTIMA,FINALIZADA,MADALENA,AV CAXANGA,,RUA JOSE OSORIO,NO SEMAFORO 489,AV CAXANGA,,NO SEMAFORO 489,MADALENA,489,,ABALROAMENTO LONGITUDINAL,COLISAO ENTRE AUTO E MOTO COM DUAS VITIMAS,1,1,,,,,,,,2,,Longo da via,Bom,Sem defeito,Perfeito estado,Seca,Perfeito estado,Faixa de pedestre,,,Dupla,Canteiro central,,
2019-11-01,16:54:00,SEM VÍTIMA,CANCELADA,AFOGADOS,AV SUL,21,,NA ENTRADA DO LARGO DA PAZ PROX A FABRICA DA ASA,AV SUL,21,NA ENTRADA DO LARGO DA PAZ PROX A FABRICA DA ASA,AFOGADOS,,,COLISÃO,COLISAO ENTRE TRES AUTOS S/V,3,,,,,,,,,0,,,,,,,,,,,,,,
2019-11-01,17:11:00,SEM VÍTIMA,CANCELADA,IMBIRIBEIRA,AV MARECHAL MASCARENHAS DE MORAES,2028,,APOS A JACAUNA  ENFRENTE A ASSOCIAÇÃO DE FORNECEDORES DE NASA.,AV MARECHAL MASCARENHAS DE MORAES,2028,APOS A JACAUNA  ENFRENTE A ASSOCIAÇÃO DE FORNECEDORES DE NASA.,IMBIRIBEIRA,,,COLISÃO,COLISÃO UM CARRO E UMA MOTO.,1,1,,,,,,,,0,,,,,,,,,,,,,,
2019-11-01,17:44:00,SEM VÍTIMA,FINALIZADA,PINA,AV HERCULANO BANDEIRA,773,,PRÓXIMO A CAIXA ECONÔMICA FEDERAL,AV HERCULANO BANDEIRA,773,PRÓXIMO A CAIXA ECONÔMICA FEDERAL,PINA,,SUBURBIO,COLISÃO TRASEIRA,COLISAO ENTRE DOIS AUTOS S/V,2,,,,,,,,,0,,Longo da via,Bom,Não existe,Perfeito estado,Seca,Perfeito estado,Não existe,Não há placas,60 km/h,Única,Faixa seccionada,,
2019-11-01,18:19:00,SEM VÍTIMA,FINALIZADA,BOA VIAGEM,RUA PADRE CARAPUCEIRO,,AV ENGENHEIRO DOMINGOS FERREIRA,,RUA PADRE CARAPUCEIRO,,,BOA VIAGEM,216,SUBURBIO,ABALROAMENTO LONGITUDINAL,POLO X SPIN,2,,,,,,,,,0,,Cruzamento,Bom,Sem defeito,Perfeito estado,Seca,Perfeito estado,Faixa de pedestre,R-6a,,Única,Faixa seccionada,,