data,hora,natureza_acidente,situacao,bairro,endereco,numero,detalhe_endereco_acidente,complemento,endereco_cruzamento,numero_cruzamento,referencia_cruzamento,bairro_cruzamento,num_semaforo,sentido_via,tipo,descricao,auto,moto,ciclom,ciclista,pedestre,onibus,caminhao,viatura,outros,vitimas,vitimasfatais,acidente_verificado,tempo_clima,situacao_semaforo,sinalizacao,condicao_via,conservacao_via,ponto_controle,situacao_placa,velocidade_max_via,mao_direcao,divisao_via1,divisao_via2,divisao_via3
2019-11-06,18:00:00,SEM VÍTIMA,FINALIZADA,BOA VISTA,AV MANOEL BORBA,1000,,BASE SAMU,AV MANOEL BORBA,1000,BASE SAMU,BOA VISTA,,SUBURBIO,ABALROAMENTO LONGITUDINAL,ENTRE 2 AUTOS. S/V,2,,,,,,,,,0,,Longo da via,Bom,Não existe,Perfeito estado,Seca,Perfeito estado,Não existe,R-6a,,Única,Faixa seccionada,,
2019-11-06,18:25:00,SEM VÍTIMA,FINALIZADA,MADALENA,RUA DEMOCRITO DE SOUZA FILHO,478,,GARDEN,RUA DEMOCRITO DE SOUZA FILHO,478,GARDEN,MADALENA,,,ABALROAMENTO TRANSVERSAL,ENTRE AUTO E MOTO ( MOTOQUEIRO NÃO QUIS ACIONAR O SAMU ) S/V,1,1,,,,,,,,0,,Cruzamento,Bom,Não existe,Perfeito estado,Seca,Perfeito estado,Faixa de retenção,Placas Pare,40 km/h,Única,Não existe,,
2019-11-06,18:56:00,SEM VÍTIMA,CANCELADA,MADALENA,RUA SPORT CLUBE DO RECIFE,,,E/F A JURANDIR PIRES E CAMPO DO SPORT SNT AFOGADOS/BR 232,RUA SPORT CLUBE DO RECIFE,,E/F A JURANDIR PIRES E CAMPO DO SPORT SNT AFOGADOS/BR 232,MADALENA,,,COLISÃO,AUTO X CAMINHÃO. S/V,1,,,,,,1,,,0,,,,,,,,,,,,,,
2019-11-06,19:11:00,SEM VÍTIMA,FINALIZADA,IPUTINGA,AV LUIZ DE LACERDA,277,,EM FRENTE O Nº 277,AV LUIZ DE LACERDA,277,EM FRENTE O Nº 277,IPUTINGA,,,CHOQUE VEÍCULO PARADO,ENTRE 3 AUTOS. S/V,3,,,,,,,,,0,,Longo da via,Bom,Não existe,Perfeito estado,Seca,Perfeito estado,Não existe,Outras,,Única,Faixa seccionada,,
2019-11-06,20:22:00,SEM VÍTIMA,FINALIZADA,IBURA,RUA DOIS RIOS,,AV DOIS RIOS,EM FRENTE A POLICLÍNICA PROFº ARNALDO MARQUES,RUA DOIS RIOS,,EM FRENTE A POLICLÍNICA PROFº ARNALDO MARQUES,IBURA,,SUBURBIO,COLISÃO FRONTAL,ENTRE 2 AUTOS. S/V,2,,,,,,,,,0,,Cruzamento,Bom,Não existe,Perfeito estado,Seca,Perfeito estado,Não existe,Não há placas,,Dupla,Faixa contínua,Canteiro central,
2019-11-06,20:25:00,COM VÍTIMA,FINALIZADA,CORDEIRO,RUA DR JOAO LACERDA,203,RUA DES FRANCISCO LUIZ,NA RUA DA DELEGACIA DHPP,RUA DR JOAO LACERDA,203,NA RUA DA DELEGACIA DHPP,CORDEIRO,,SUBURBIO,ABALROAMENTO LONGITUDINAL,MOTO X AUTO,1,1,,,,,,,,1,,Longo da via,Bom,Não existe,Não existente,Seca,Perfeito estado,Outros,Não há placas,,Dupla,Faixa seccionada,,
2019-11-07,07:26:00,SEM VÍTIMA,FINALIZADA,BOA VISTA,RUA PRINCESA IZABEL,,RUA DO HOSPICIO,EM FRENTE A CAMARA DOS VEREADORES,RUA PRINCESA IZABEL,,EM FRENTE A CAMARA DOS VEREADORES,BOA VISTA,31,CIDADE,COLISÃO TRASEIRA,DOIS AUTOS,2,,,,,,,,,0,,Cruzamento,Bom,Sem defeito,Perfeito estado,Seca,Perfeito estado,Agente,R-6a,,Única,Faixa contínua,,
2019-11-07,07:28:00,SEM VÍTIMA,FINALIZADA,AFOGADOS,RUA VINTE E UM DE ABRIL,,,CLUBE FERROVIÁRIO DO RECIFE,RUA VINTE E UM DE ABRIL,,CLUBE FERROVIÁRIO DO RECIFE,AFOGADOS,611,CIDADE,COLISÃO TRASEIRA,COLISÃO SEM VITIMAS,2,,,,,,,,,0,,Longo da via,Bom,Sem defeito,Perfeito estado,Seca,Perfeito estado,Não existe,Não há placas,,Dupla,Não existe,,
2019-11-07,07:37:00,COM VÍTIMA,FINALIZADA,AREIAS,AV DR JOSE RUFINO,812,RUA AIRES BELO,RESIDENCIA PROX AO SENAI,AV DR JOSE RUFINO,812,RESIDENCIA PROX AO SENAI,AREIAS,,CIDADE,COLISÃO COM CICLISTA,COLISÃO COM VITIMA SOCORRIDA PELO SAMU,,1,,1,,,,,,1,,Longo da via,Bom,Não existe,Perfeito estado,Seca,Perfeito estado,Não existe,Outras,,Dupla,Faixa contínua,,
2019-11-07,07:32:00,SEM VÍTIMA,FINALIZADA,ENCRUZILHADA,EST DE BELEM,808,,LADO OPOSTO AO POSTO TOTAL,EST DE BELEM,808,LADO OPOSTO AO POSTO TOTAL,ENCRUZILHADA,94,SUBURBIO,ABALROAMENTO LONGITUDINAL,COLISÃO SEM VITIMAS,1,,,,,1,,,,0,,Longo da via,Bom,Sem defeito,Perfeito estado,Seca,Perfeito estado,Faixa de retenção,Outras,,Dupla,Faixa contínua,,
2019-11-07,07:50:00,SEM VÍTIMA,FINALIZADA,ROSARINHO,AV SANTOS DUMONT,815,RUA ENGENHEIRO SAMPAIO,RUA DA CLINICA ELLAS,AV SANTOS DUMONT,815,RUA DA CLINICA ELLAS,ROSARINHO,,,COLISÃO,MOTO E AUTO,1,1,,,,,,,,0,,,,,,,,,,,,,,
2019-11-07,07:54:00,SEM VÍTIMA,FINALIZADA,,RUA ALTINHO,,RUA DEMOCRITO DE SOUZA FILHO,,RUA ALTINHO,,,,,CIDADE,ABALROAMENTO LONGITUDINAL,SEM VITIMAS /CTTU NO LOCAL,2,,,,,,,,,0,,Longo da via,Bom,Não existe,,Seca,Perfeito estado,Não existe,R-6a,,Única,Não existe,,
2019-11-07,07:57:00,SEM VÍTIMA,CANCELADA,ARRUDA,AV PROFESSOR JOSE DOS ANJOS,1565,,,AV PROFESSOR JOSE DOS ANJOS,1565,,ARRUDA,,,COLISÃO,COLISÃO ENTRE AUTO E MOTO SEM VÍTIMAS,1,1,,,,,,,,0,,,,,,,,,,,,,,
2019-11-07,08:11:00,SEM VÍTIMA,CANCELADA,TOTÓ,AV LIBERDADE,S/N,,E/F AO COMPLEXO DO CURADO (PORTÃO DO PRESÍDIO PAMPA),AV LIBERDADE,S/N,E/F AO COMPLEXO DO CURADO (PORTÃO DO PRESÍDIO PAMPA),TOTÓ,,,COLISÃO,COLISÃO S/VITIMAS ENTRE DUAS MOTOS,,2,,,,,,,,0,,,,,,,,,,,,,,
2019-11-07,08:22:00,SEM VÍTIMA,FINALIZADA,JOANA BEZERRA,VIADUTO CAPITAO TEMUDO,,,AO LADO DO FÓRUM JOANA BEZERRA,VIADUTO CAPITAO TEMUDO,,AO LADO DO FÓRUM JOANA BEZERRA,JOANA BEZERRA,,CIDADE,COLISÃO TRASEIRA,SEM VITIMAS,1,1,,,,,,,,0,,Longo da via,Bom,Não existe,Perfeito estado,Seca,Perfeito estado,Não existe,Não há placas,,Dupla,Faixa seccionada,,
2019-11-07,08:41:00,SEM VÍTIMA,FINALIZADA,BARRO,AV DR JOSE RUFINO,1650,,SERVCAR,AV DR JOSE RUFINO,1650,SERVCAR,BARRO,,CIDADE,ABALROAMENTO LONGITUDINAL,COLISÃO SEM VITIMAS,1,,,,,,1,,,0,,Longo da via,Bom,Não existe,Perfeito estado,Seca,Perfeito estado,Não existe,Outras,,Dupla,Faixa contínua,Faixa seccionada,
2019-11-07,09:04:00,SEM VÍTIMA,CANCELADA,BOA VIAGEM,RUA VISCONDE DE JEQUITINHONHA,1204,,POR TRAS DO EDF TAORMINA / POR TRAS DO PARQUE DONA LINDU,RUA VISCONDE DE JEQUITINHONHA,1204,POR TRAS DO EDF TAORMINA / POR TRAS DO PARQUE DONA LINDU,BOA VIAGEM,,,COLISÃO,TRES AUTOS,3,,,,,,,,,0,,,,,,,,,,,,,,
2019-11-07,09:10:00,SEM VÍTIMA,FINALIZADA,BOA VIAGEM,AV ENGENHEIRO DOMINGOS FERREIRA,2986,,EM FRENTE ROMARRI TECIDOS,AV ENGENHEIRO DOMINGOS FERREIRA,2986,EM FRENTE ROMARRI TECIDOS,BOA VIAGEM,,SUBURBIO,COLISÃO TRASEIRA,COLISÃO S/VITIMAS ENTRE DOIS AUTOS,2,,,,,,,,,0,,Longo da via,Bom,Não existe,Perfeito estado,Seca,Perfeito estado,Não existe,Outras,60 km/h,Dupla,Canteiro central,,
2019-11-07,09:57:00,COM VÍTIMA,FINALIZADA,CORDEIRO,AV CAXANGA,,RUA PAES CABRAL,AO LADO DO SUPERMERCADO SOBERANO,AV CAXANGA,,AO LADO DO SUPERMERCADO SOBERANO,CORDEIRO,,CIDADE,ATROPELAMENTO,MOTO E PEDESTRE,,1,,,1,,,,,1,,Longo da via,Bom,Não existe,Perfeito estado,Seca,Perfeito estado,Não existe,R-6a,,Dupla,Canteiro central,,
2019-11-07,10:21:00,SEM VÍTIMA,FINALIZADA,BOA VISTA,RUA PRINCESA IZABEL,83,,EM FRENTE A CASA LOTERICA,RUA PRINCESA IZABEL,83,EM FRENTE A CASA LOTERICA,BOA VISTA,,,COLISÃO,SEM VITIMAS,2,,,,,,,,,0,,,,,,,,,,,,,,
2019-11-07,11:21:00,SEM VÍTIMA,FINALIZADA,IMBIRIBEIRA,AV MARECHAL MASCARENHAS DE MORAES,,,JACAÚNA DECORAÇÕES,AV MARECHAL MASCARENHAS DE MORAES,,JACAÚNA DECORAÇÕES,IMBIRIBEIRA,,SUBURBIO,COLISÃO TRASEIRA,SEM VITIMAS,2,,,,,,,,,0,,Longo da via,Bom,Não existe,Perfeito estado,Seca,Perfeito estado,Não existe,Não há placas,60 km/h,Dupla,Faixa seccionada,Canteiro central,
2019-11-07,11:53:00,COM VÍTIMA,FINALIZADA,BOA VIAGEM,RUA AVIADOR SEVERIANO LINS,394,RUA DONA BENVINDA DE FARIAS,EDF JUAREZ VIEIRA DA CUNHA,RUA AVIADOR SEVERIANO LINS,394,EDF JUAREZ VIEIRA DA CUNHA,BOA VIAGEM,,SUBURBIO,COLISÃO TRASEIRA,COM UMA VITIMA /LOCAL DESCARACTERIZADO,1,1,,,,,,,,1,,Cruzamento,Bom,Não existe,Perfeito estado,Seca,Perfeito estado,Não existe,Outras,20 km/h,Dupla,Não existe,,
2019-11-07,12:35:00,SEM VÍTIMA,PENDENTE,BOA VIAGEM,RUA BRUNO VELOSO,,,NA SAIDA DO SHOPPING RECIFE AO LADO DO POSTO CADILLAC,RUA BRUNO VELOSO,,NA SAIDA DO SHOPPING RECIFE AO LADO DO POSTO CADILLAC,BOA VIAGEM,,,COLISÃO,COLISAO ENTRE DOIS AUTOS S/V,2,,,,,,,,,0,,,,,,,,,,,,,,
2019-11-07,12:48:00,SEM VÍTIMA,FINALIZADA,JOANA BEZERRA,AV ADVOGADO JOSE PAULO CAVALCANTI,,,SOB O VIADUTO CAPITÃO TEMUDO,AV ADVOGADO JOSE PAULO CAVALCANTI,,SOB O VIADUTO CAPITÃO TEMUDO,JOANA BEZERRA,,,CHOQUE VEÍCULO PARADO,ENTRE DOIS AUTOS S/V,1,,,,,1,,,,0,,Longo da via,Bom,Não existe,Não existente,,Mal conservada,Não existe,Não há placas,,Dupla,Canteiro central,,
2019-11-07,12:48:00,COM VÍTIMA,FINALIZADA,VÁRZEA,RUA ACADEMICO HELIO RAMOS,,RUA JOAO FRANCISCO LISBOA,PROX AO CEMITERIO DA VARZEA,RUA ACADEMICO HELIO RAMOS,,PROX AO CEMITERIO DA VARZEA,VÁRZEA,,SUBURBIO,ABALROAMENTO TRANSVERSAL,COLISAO ENTRE AUTO E MOTO COM UMA VITIMA,1,1,,,,,,,,1,,Cruzamento,Bom,Não existe,Perfeito estado,Seca,Perfeito estado,Não existe,R-6a,,Dupla,Não existe,,
2019-11-07,12:53:00,SEM VÍTIMA,FINALIZADA,AFOGADOS,AV SUL,,,POLICLINICA AGAMENON MAGALHÃES,AV SUL,,POLICLINICA AGAMENON MAGALHÃES,AFOGADOS,,CIDADE,ABALROAMENTO LONGITUDINAL,COLISAO ENTRE CAMINHAO E AUTO S/V,1,,,,,,1,,,0,,Longo da via,Bom,Não existe,Perfeito estado,Seca,Perfeito estado,Não existe,Não há placas,40 km/h,Única,Faixa seccionada,,
2019-11-07,13:04:00,COM VÍTIMA,FINALIZADA,TORRE,RUA JOSE BONIFACIO,,RUA MARCOS ANDRE,NO SEMAFORO 487,RUA JOSE BONIFACIO,,NO SEMAFORO 487,TORRE,487,SUBURBIO,ATROPELAMENTO,DOIS AUTOS E UM PEDESTRE.,2,,,,1,,,,,1,,Longo da via,Bom,Sem defeito,Não existente,Seca,Perfeito estado,Não existe,Outras,40 km/h,Dupla,Canteiro central,,
2019-11-07,13:39:00,SEM VÍTIMA,FINALIZADA,AFOGADOS,PTE DO MOTOCOLOMBO,265,,TROCÃO,PTE DO MOTOCOLOMBO,265,TROCÃO,AFOGADOS,265,SUBURBIO,ABALROAMENTO LONGITUDINAL,COLISAO ENTRE DOIS AUTOS,2,,,,,,,,,0,,Longo da via,Bom,Sem defeito,Perfeito estado,Seca,Perfeito estado,Faixa de pedestre,Outras,,Única,Faixa seccionada,,
2019-11-07,13:46:00,SEM VÍTIMA,CANCELADA,AFOGADOS,RUA SERTAOZINHO,,,POR TRAS DA IGREJA DA PAZ,RUA SERTAOZINHO,,POR TRAS DA IGREJA DA PAZ,AFOGADOS,,,COLISÃO,COLISAO ENTRE DOIS AUTOS,2,,,,,,,,,0,,,,,,,,,,,,,,
2019-11-07,14:05:00,SEM VÍTIMA,FINALIZADA,CASA AMARELA,RUA VISCONDE DE TAUNAY,,RUA XAVANTES,CRUZAMENTO DAS RUAS,RUA VISCONDE DE TAUNAY,,CRUZAMENTO DAS RUAS,CASA AMARELA,,,ABALROAMENTO TRANSVERSAL,COLISAO ENTRE DOIS AUTOS,2,,,,,,,,,0,,Cruzamento,Bom,Não existe,Perfeito estado,Seca,Perfeito estado,Não existe,Placas Pare,,Dupla,Não existe,,
2019-11-07,14:49:00,SEM VÍTIMA,FINALIZADA,PARNAMIRIM,EST DAS UBAIAS ,311,,,EST DAS UBAIAS ,311,,PARNAMIRIM,,SUBURBIO,ABALROAMENTO TRANSVERSAL,DOIS AUTOS,2,,,,,,,,,0,,Longo da via,Bom,Sem defeito,Ilegível,Seca,Perfeito estado,Não existe,Outras,30 km/h,Dupla,Não existe,,
2019-11-07,15:16:00,SEM VÍTIMA,FINALIZADA,ILHA DO LEITE,PRC MIGUEL DE CERVANTES,60,,AO LADO DA PRAÇA MIGUEL DE CERVANTES,PRC MIGUEL DE CERVANTES,60,AO LADO DA PRAÇA MIGUEL DE CERVANTES,ILHA DO LEITE,,CIDADE,ABALROAMENTO TRANSVERSAL,ENTRE DOIS AUTOS S/V,2,,,,,,,,,0,,Longo da via,Bom,Não existe,Perfeito estado,Seca,Perfeito estado,Faixa de pedestre,Placas Pare,,Única,Faixa seccionada,,
2019-11-07,15:17:00,SEM VÍTIMA,FINALIZADA,MADALENA,AV ENGENHEIRO ABDIAS DE CARVALHO,714,,POSTO SHEL,AV ENGENHEIRO ABDIAS DE CARVALHO,714,POSTO SHEL,MADALENA,,SUBURBIO,COLISÃO TRASEIRA,TRES AUTOS,3,,,,,,,,,0,,Longo da via,Bom,Não existe,Perfeito estado,Seca,Perfeito estado,Não existe,Outras,,Dupla,Faixa contínua,Faixa seccionada,Canteiro central
2019-11-07,15:23:00,SEM VÍTIMA,CANCELADA,AFOGADOS,RUA VISCONDE DE PELOTAS,28,,PROX. AO PONTILHÃO E RIVE SOM EQUIPADORA,RUA VISCONDE DE PELOTAS,28,PROX. AO PONTILHÃO E RIVE SOM EQUIPADORA,AFOGADOS,,,COLISÃO,DOIS AUTOS,2,,,,,,,,,0,,,,,,,,,,,,,,
2019-11-07,15:28:00,SEM VÍTIMA,FINALIZADA,CORDEIRO,AV GENERAL SAN MARTIN,,,LADO OPOSTO AOS CORREIOS,AV GENERAL SAN MARTIN,,LADO OPOSTO AOS CORREIOS,CORDEIRO,403,SUBURBIO,ABALROAMENTO LONGITUDINAL,ENTRE DOIS AUTOS S/V,2,,,,,,,,,0,,Longo da via,Bom,Sem defeito,Perfeito estado,Seca,Perfeito estado,Faixa de pedestre,Não há placas,,Dupla,Faixa contínua,,
2019-11-07,15:34:00,COM VÍTIMA,FINALIZADA,ESPINHEIRO,RUA QUARENTA E OITO,395,RUA DO ESPINHEIRO,,RUA QUARENTA E OITO,395,,ESPINHEIRO,166,CIDADE,ABALROAMENTO LONGITUDINAL,COLISÃO COM VÍTIMA ENTRE AUTO E MOTO.,1,1,,,,,,,,1,,Cruzamento,Bom,Sem defeito,Perfeito estado,Seca,Perfeito estado,Faixa de pedestre,Outras,,Única,Faixa contínua,,
2019-11-07,15:43:00,SEM VÍTIMA,FINALIZADA,ILHA DO RETIRO,RUA BENFICA,,RUA SPORT CLUBE DO RECIFE,EM FRENTE AO Nº 98,RUA BENFICA,,EM FRENTE AO Nº 98,ILHA DO RETIRO,,,ABALROAMENTO LONGITUDINAL,COLISAO ENTRE AUTO E MICRO ONIBUS,1,,,,,1,,,,0,,,Bom,Não existe,Incompleta,Seca,Perfeito estado,Não existe,Outras,,Única,Não existe,,
2019-11-07,16:16:00,COM VÍTIMA,CANCELADA,SÃO JOSÉ,RUA IMPERIAL,,,E/F AO FERRO E AÇO,RUA IMPERIAL,,E/F AO FERRO E AÇO,SÃO JOSÉ,,,COLISÃO,ENTRE AUTO PASSEIO X MOTO COM VÍTIMA,1,1,,,,,,,,1,,,,,,,,,,,,,,
2019-11-07,16:33:00,COM VÍTIMA,FINALIZADA,PRADO,RUA CARLOS GOMES,,RUA PADRE TEOFILO TWORZ,E/F A BIG CAR E LADO OPOSTO AO POSTO DE SAÚDE PROF. ROMERO MARQUES.,RUA CARLOS GOMES,,E/F A BIG CAR E LADO OPOSTO AO POSTO DE SAÚDE PROF. ROMERO MARQUES.,PRADO,,SUBURBIO,ABALROAMENTO TRANSVERSAL,CAMINHÃO X MOTO COM VÍTIMA,,1,,,,,1,,,1,,Cruzamento,Bom,Não existe,Perfeito estado,Seca,Perfeito estado,Não existe,R-6a,,Dupla,Faixa seccionada,,
2019-11-07,16:37:00,SEM VÍTIMA,CANCELADA,CORDEIRO,RUA GOMES TABORDA,,,EM FRENTE AO BAILE PERFUMADO,RUA GOMES TABORDA,,EM FRENTE AO BAILE PERFUMADO,CORDEIRO,,,COLISÃO,COLISAO ENTRE 2 AUTOS,1,,,,,1,,,,0,,,,,,,,,,,,,,
2019-11-07,16:43:00,SEM VÍTIMA,FINALIZADA,ESPINHEIRO,AV GOVERNADOR AGAMENON MAGALHAES,,,EM FRENTE A ALFA FINANCEIRA,AV GOVERNADOR AGAMENON MAGALHAES,,EM FRENTE A ALFA FINANCEIRA,ESPINHEIRO,,CIDADE,COLISÃO TRASEIRA,COLISAO ENTRE DOIS AUTOS,1,,,,,1,,,,0,,Longo da via,Bom,Não existe,Perfeito estado,,,Não existe,,,Dupla,Canal,,
2019-11-07,16:55:00,SEM VÍTIMA,FINALIZADA,MADALENA,AV VISCONDE DE ALBUQUERQUE,,,D´AVILA,AV VISCONDE DE ALBUQUERQUE,,D´AVILA,MADALENA,413,SUBURBIO,COLISÃO FRONTAL,TRES AUTOS,3,,,,,,,,,0,,Longo da via,Bom,Sem defeito,Perfeito estado,Seca,Perfeito estado,Faixa de pedestre,Outras,60 km/h,Única,Faixa contínua,Faixa seccionada,
2019-11-07,18:04:00,SEM VÍTIMA,FINALIZADA,BAIRRO DO RECIFE,AV MILITAR,,,POSTO SEJA - PETROBRAS BR,AV MILITAR,,POSTO SEJA - PETROBRAS BR,BAIRRO DO RECIFE,,CIDADE,ABALROAMENTO LONGITUDINAL,ONIX X VOYAGE,2,,,,,,,,,0,,Longo da via,Bom,Não existe,Perfeito estado,Seca,Perfeito estado,Não existe,Outras,,Dupla,Canteiro central,,
2019-11-07,18:12:00,SEM VÍTIMA,FINALIZADA,ARRUDA,RUA PROFESSOR JERONIMO GUEIROS,423,RUA PROFESSOR JOSE CARNEIRO,,RUA PROFESSOR JERONIMO GUEIROS,423,,ARRUDA,,,ABALROAMENTO TRANSVERSAL,ENTRE 2 AUTOS. S/V,2,,,,,,,,,0,,,Bom,Não existe,Não existente,Seca,Perfeito estado,Não existe,Não há placas,,Dupla,Não existe,,
2019-11-07,18:40:00,SEM VÍTIMA,FINALIZADA,,RUA VALE DO SIRIJI,45,,EM FRENTE A OFICINA RAMOS,RUA VALE DO SIRIJI,45,EM FRENTE A OFICINA RAMOS,,,,COLISÃO TRASEIRA,ENTRE 2 AUTOS. S/V,2,,,,,,,,,0,,Longo da via,Bom,Não existe,Perfeito estado,Seca,Perfeito estado,Não existe,Não há placas,40 km/h,Dupla,Não existe,,
2019-11-07,18:44:00,SEM VÍTIMA,FINALIZADA,BOMBA DO HEMETÉRIO,RUA CHA DE ALEGRIA,343,,,RUA CHA DE ALEGRIA,343,,BOMBA DO HEMETÉRIO,,SUBURBIO,ABALROAMENTO LONGITUDINAL,ONIBUS CAXANGA X AUTO,1,,,,,1,,,,0,,Longo da via,Bom,Não existe,Incompleta,Seca,Mal conservada,Não existe,R-6a,,Dupla,Faixa seccionada,,
2019-11-07,18:47:00,SEM VÍTIMA,FINALIZADA,ILHA DO RETIRO,RUA BENFICA,,RUA SPORT CLUBE DO RECIFE,PRÓXIMO A PRAÇA DA BANDEIRA,RUA BENFICA,,PRÓXIMO A PRAÇA DA BANDEIRA,ILHA DO RETIRO,,SUBURBIO,ABALROAMENTO LONGITUDINAL,ENTRE AUTO E CAMINHÃO. S/V,1,,,,,,1,,,0,,,Bom,Não existe,Perfeito estado,Seca,Perfeito estado,,,,Única,,,
2019-11-07,18:58:00,SEM VÍTIMA,FINALIZADA,AFOGADOS,AV SUL,709,,POSTE B 073627,AV SUL,709,POSTE B 073627,AFOGADOS,,CIDADE,ABALROAMENTO LONGITUDINAL,ENTRE 2 AUTOS. S/V,2,,,,,,,,,0,,Longo da via,Bom,Não existe,Perfeito estado,Seca,Perfeito estado,Não existe,Outras,60 km/h,Única,Faixa contínua,,
2019-11-07,19:02:00,SEM VÍTIMA,CANCELADA,ÁGUA FRIA,RUA RAUL POMPEIA,433,RUA SAO BENTO,E/F AO PONTO DE CULTURA BACNARÉ / PRÓX AO POSTO DA BOMBA,RUA RAUL POMPEIA,433,E/F AO PONTO DE CULTURA BACNARÉ / PRÓX AO POSTO DA BOMBA,ÁGUA FRIA,,,COLISÃO,ENTRE 2 AUTOS. S/V,2,,,,,,,,,0,,,,,,,,,,,,,,
2019-11-07,20:42:00,COM VÍTIMA,FINALIZADA,MADALENA,RUA REAL DA TORRE,,RUA JOSE OSORIO,EM FRENTE AO MERCADO DA MADALENA,RUA REAL DA TORRE,,EM FRENTE AO MERCADO DA MADALENA,MADALENA,179,,ABALROAMENTO TRANSVERSAL,MOTO X MOTO,,2,,,,,,,,3,,Cruzamento,Bom,Sem defeito,Perfeito estado,Seca,Perfeito estado,Faixa de pedestre,Outras,,Única,,,
2019-11-07,21:31:00,VÍTIMA FATAL,FINALIZADA,CORDEIRO,AV CAXANGA,1783,RUA PAES CABRAL,PRÓXIMO A FÁCIL PNEUS.,AV CAXANGA,1783,PRÓXIMO A FÁCIL PNEUS.,CORDEIRO,,CIDADE,COLISÃO COM CICLISTA,COLISÃO CICLISTA E AUTO,1,,,1,,,,,,,1,Longo da via,Bom,Não existe,,Seca,Perfeito estado,Não existe,Não há placas,,Dupla,Canteiro central,,
2019-11-07,22:45:00,SEM VÍTIMA,FINALIZADA,TEJIPIÓ,RUA FALCAO DE LACERDA,,,,RUA FALCAO DE LACERDA,,,TEJIPIÓ,434,SUBURBIO,ABALROAMENTO LONGITUDINAL,ENTRE 2 AUTOS. S/V,2,,,,,,,,,0,,Longo da via,Bom,Desligado,Incompleta,Seca,Mal iluminada,Faixa de pedestre,R-6a,,Dupla,Faixa seccionada,,
2019-11-08,00:24:00,SEM VÍTIMA,FINALIZADA,,RUA JOAO CARDOSO AIRES,,AV MARECHAL JUAREZ TAVORA,,RUA JOAO CARDOSO AIRES,,,,478,SUBURBIO,COLISÃO TRASEIRA,COLISÃO ENTRE DOIS AUTOS S/V,2,,,,,,,,,0,,Cruzamento,Bom,Sem defeito,Perfeito estado,Seca,Perfeito estado,Outros,Outras,,,,,
2019-11-08,04:56:00,COM VÍTIMA,FINALIZADA,BOA VIAGEM,RUA DEZ DE JULHO,,RUA WALDEMAR NERY CARNEIRO MONTEIRO,EM FRENTE A VL PAPELARIA  PROX DE MAILSON CHRISTAL RECEPÇÕES,RUA DEZ DE JULHO,,EM FRENTE A VL PAPELARIA  PROX DE MAILSON CHRISTAL RECEPÇÕES,BOA VIAGEM,573,CIDADE,ABALROAMENTO TRANSVERSAL,COLISÃO ENTRE DOIS AUTOS C/V,2,,,,,,,,,1,,Cruzamento,Bom,Sem defeito,Perfeito estado,Seca,Perfeito estado,Faixa de pedestre,R-4a,,Única,Faixa contínua,Faixa seccionada,
2019-11-08,06:33:00,SEM VÍTIMA,FINALIZADA,DERBY,AV GOVERNADOR AGAMENON MAGALHAES,,RUA AMAURI DE MEDEIROS,,AV GOVERNADOR AGAMENON MAGALHAES,,,DERBY,,SUBURBIO,ABALROAMENTO LONGITUDINAL,COLISAO S/ VITIMA,1,,,,,1,,,,0,,,Bom,Não existe,Perfeito estado,Seca,Perfeito estado,Não existe,Outras,60 km/h,Dupla,Canteiro central,,
2019-11-08,06:41:00,COM VÍTIMA,FINALIZADA,BOA VIAGEM,RUA COSMORAMA,580,AV ARMINDO MOURA,,RUA COSMORAMA,580,,BOA VIAGEM,441,CIDADE,ABALROAMENTO TRANSVERSAL,COLISÃO ENTRE AUTO E MOTO. MOTOCICLETA EVADIU-SE DO LOCAL DO ACIDENTE.,1,1,,,,,,,,1,,Cruzamento,Bom,Sem defeito,Perfeito estado,Seca,Perfeito estado,Faixa de pedestre,Não há placas,,Dupla,Faixa,,
2019-11-08,07:23:00,COM VÍTIMA,FINALIZADA,PARNAMIRIM,AV DEZESSETE DE AGOSTO,,,EM FRENTE RESTAURANTE RECANTO DO PARAIBANO,AV DEZESSETE DE AGOSTO,,EM FRENTE RESTAURANTE RECANTO DO PARAIBANO,PARNAMIRIM,415,,COLISÃO COM CICLISTA,COLISAO COM VITIMA.,,,,1,,,,,,1,,,,,,,,,,,,,,
2019-11-08,07:56:00,SEM VÍTIMA,FINALIZADA,,AV CRUZ CABUGA,68,,HOSPITAL DO EXÉRCITO,AV CRUZ CABUGA,68,HOSPITAL DO EXÉRCITO,,,CIDADE,ABALROAMENTO LONGITUDINAL,SEM VITIMAS,1,1,,,,,,,,0,,Longo da via,Bom,Sem defeito,Perfeito estado,Seca,Perfeito estado,Agente,Não há placas,,Dupla,Faixa seccionada,Canteiro central,
2019-11-08,08:23:00,COM VÍTIMA,FINALIZADA,IMBIRIBEIRA,AV MARECHAL MASCARENHAS DE MORAES,2455,RUA ANTONIO EDUARDO AMORIM,PROXIMO A TAMBAI,AV MARECHAL MASCARENHAS DE MORAES,2455,PROXIMO A TAMBAI,IMBIRIBEIRA,439,CIDADE,ABALROAMENTO LONGITUDINAL,COLISAO COM VITIMA,1,1,,,,,,,,1,,Longo da via,Bom,Sem defeito,Perfeito estado,Seca,Perfeito estado,Faixa de pedestre,Não há placas,60 km/h,Dupla,Faixa contínua,Canteiro central,