data,hora,natureza_acidente,situacao,bairro,endereco,numero,detalhe_endereco_acidente,complemento,endereco_cruzamento,numero_cruzamento,referencia_cruzamento,bairro_cruzamento,num_semaforo,sentido_via,tipo,descricao,auto,moto,ciclom,ciclista,pedestre,onibus,caminhao,viatura,outros,vitimas,vitimasfatais,acidente_verificado,tempo_clima,situacao_semaforo,sinalizacao,condicao_via,conservacao_via,ponto_controle,situacao_placa,velocidade_max_via,mao_direcao,divisao_via1,divisao_via2,divisao_via3
2019-11-11,08:55:00,SEM VÍTIMA,FINALIZADA,GRAÇAS,RUA JOAQUIM NABUCO,,,EM FRENTE A UNIDADE DE ONCOLOGIA DO HOSPITAL SANTA JOANA,RUA JOAQUIM NABUCO,,EM FRENTE A UNIDADE DE ONCOLOGIA DO HOSPITAL SANTA JOANA,GRAÇAS,,SUBURBIO,ABALROAMENTO LONGITUDINAL,SEM VITIMAS,1,1,,,,,,,,0,,Longo da via,Bom,Não existe,Perfeito estado,Seca,Perfeito estado,Não existe,Outras,,Única,Faixa seccionada,,
2019-11-11,08:59:00,SEM VÍTIMA,FINALIZADA,ESTÂNCIA,RUA ERNESTO NAZARETH,57A,,,RUA ERNESTO NAZARETH,57A,,ESTÂNCIA,,,ABALROAMENTO LONGITUDINAL,DOIS AUTOS,2,,,,,,,,,0,,Longo da via,Bom,Não existe,Não existente,Seca,Perfeito estado,Não existe,Não há placas,,Dupla,Não existe,,
2019-11-11,09:31:00,SEM VÍTIMA,FINALIZADA,BOA VIAGEM,RUA CAPITAO ZUZINHA,22,RUA VISCONDE DE JEQUITINHONHA,AO LADO DO SETUBAL CENTER,RUA CAPITAO ZUZINHA,22,AO LADO DO SETUBAL CENTER,BOA VIAGEM,433,,ABALROAMENTO LONGITUDINAL,SEM VITIMAS/CTTU NO LOCAL  GM VAI FAZER O B.O,1,,,,,1,,,,0,,Cruzamento,Bom,Sem defeito,Perfeito estado,Seca,Perfeito estado,Agente,,,Única,Não existe,,
2019-11-11,09:46:00,SEM VÍTIMA,FINALIZADA,IBURA,RUA TUCUMA,199,RUA RIO UNA,,RUA TUCUMA,199,,IBURA,,SUBURBIO,COLISÃO TRASEIRA,VT DA PM OFICIAL E AUTO,1,,,,,,,1,,0,,Longo da via,Bom,Não existe,Não existente,Seca,Mal conservada,Não existe,Não há placas,,Dupla,Não existe,,
2019-11-11,10:10:00,COM VÍTIMA,FINALIZADA,ENGENHO DO MEIO,RUA ANTONIO CURADO,183,,E/F AO ARMAZÉM SÃO LUIS (E/F A PRAÇA DO ENGENHO DO MEIO),RUA ANTONIO CURADO,183,E/F AO ARMAZÉM SÃO LUIS (E/F A PRAÇA DO ENGENHO DO MEIO),ENGENHO DO MEIO,,,ABALROAMENTO LONGITUDINAL,COLISÃO C/VITIMA,1,1,,,,,,,,1,,Longo da via,Bom,Não existe,Perfeito estado,Seca,Perfeito estado,Não existe,Não há placas,,Dupla,Faixa seccionada,,
2019-11-08,10:30:00,SEM VÍTIMA,EM ABERTO,CASA FORTE,AV DEZESSETE DE AGOSTO,630,,SOB O SEMÁFORO Nº 346,AV DEZESSETE DE AGOSTO,630,SOB O SEMÁFORO Nº 346,CASA FORTE,346,CIDADE,ABALROAMENTO LONGITUDINAL,,1,,,,,1,,,,0,,Cruzamento,Bom,Sem defeito,Perfeito estado,Seca,Perfeito estado,Agente,Não há placas,,Dupla,Faixa contínua,,
2019-11-11,11:02:00,SEM VÍTIMA,FINALIZADA,BOA VIAGEM,RUA RIBEIRO DE BRITO,1326,RUA AMALIA BERNARDINO DE SOUZA,,RUA RIBEIRO DE BRITO,1326,,BOA VIAGEM,,SUBURBIO,ABALROAMENTO TRANSVERSAL,DOIS AUTOS,2,,,,,,,,,0,,Cruzamento,Bom,Não existe,Não existente,Seca,Perfeito estado,Não existe,Não há placas,,Única,Faixa seccionada,,
2019-11-11,11:14:00,SEM VÍTIMA,FINALIZADA,IPSEP,AV DOM HELDER CAMARA,,,AO LADO DO NÚCLEO DA POLÍCIA MILITAR,AV DOM HELDER CAMARA,,AO LADO DO NÚCLEO DA POLÍCIA MILITAR,IPSEP,55,CIDADE,ABALROAMENTO LONGITUDINAL,COLISÃO S/VITIMAS ENTRE UM ONIBUS E UM CAMINHÃO,,,,,,1,1,,,0,,Longo da via,Bom,Sem defeito,Ilegível,Seca,Perfeito estado,Não existe,Não há placas,,Única,Não existe,,
2019-11-11,12:05:00,SEM VÍTIMA,FINALIZADA,TORRE,AV VISCONDE DE ALBUQUERQUE,506,,FRUTIVERDE,AV VISCONDE DE ALBUQUERQUE,506,FRUTIVERDE,TORRE,,SUBURBIO,ABALROAMENTO TRANSVERSAL,COLISAO SEM VITIMAS,1,1,,,,,,,,0,,Longo da via,Bom,,Perfeito estado,Seca,Perfeito estado,,,,Única,Faixa seccionada,,
2019-11-11,12:16:00,COM VÍTIMA,FINALIZADA,PARNAMIRIM,RUA TITO ROSAS,,,SEMAFORO 010,RUA TITO ROSAS,,SEMAFORO 010,PARNAMIRIM,10,SUBURBIO,ATROPELAMENTO,COLISÃO COM VITIMA A ESPERA DO SAMU,1,,,,1,,,,,1,,Longo da via,Bom,Sem defeito,Perfeito estado,Seca,Perfeito estado,Agente,Outras,40 km/h,Única,Não existe,,
2019-11-11,12:24:00,SEM VÍTIMA,FINALIZADA,CORDEIRO,AV PROFESSOR ESTEVAO FRANCISCO DA COSTA,121,,ESQUINA COM MERCFRUTI NOSSA SENHORA DAS GRAÇAS,AV PROFESSOR ESTEVAO FRANCISCO DA COSTA,121,ESQUINA COM MERCFRUTI NOSSA SENHORA DAS GRAÇAS,CORDEIRO,280,SUBURBIO,ABALROAMENTO LONGITUDINAL,COLISÃO SEM VITIMAS,2,,,,,,,,,0,,Ponte,Bom,Sem defeito,Perfeito estado,Seca,Perfeito estado,,Não há placas,,Dupla,Canal,,
2019-11-11,12:35:00,SEM VÍTIMA,FINALIZADA,IBURA,AV RIO LARGO,195,,EM FRENTE AO SEMÁFORO Nº 512,AV RIO LARGO,195,EM FRENTE AO SEMÁFORO Nº 512,IBURA,512,CIDADE,ABALROAMENTO LONGITUDINAL,COLISAO ENTRE AUTO E CAMINHAO S/V,1,,,,,,1,,,0,,Longo da via,Bom,Sem defeito,Incompleta,Seca,Perfeito estado,,Não há placas,40 km/h,Dupla,Não existe,,
2019-11-11,13:04:00,SEM VÍTIMA,FINALIZADA,ILHA DO LEITE,RUA ESTADO DE ISRAEL,228,,LADO OPOSTO AO 228,RUA ESTADO DE ISRAEL,228,LADO OPOSTO AO 228,ILHA DO LEITE,,,ABALROAMENTO LONGITUDINAL,COLISAO ENTRE 2 AUTOS S/V,2,,,,,,,,,0,,Longo da via,Bom,Sem defeito,Perfeito estado,Seca,Perfeito estado,Não existe,Não há placas,,Dupla,Faixa seccionada,,
2019-11-11,13:25:00,SEM VÍTIMA,FINALIZADA,IMBIRIBEIRA,AV ENGENHEIRO ALVES DE SOUZA,356,,LADO OPOSTO AO POSTE Nº B 080272,AV ENGENHEIRO ALVES DE SOUZA,356,LADO OPOSTO AO POSTE Nº B 080272,IMBIRIBEIRA,,,COLISÃO TRASEIRA,COLISAO ENTRE 3 VEICULOS S/V,3,,,,,,,,,0,,Longo da via,Bom,Não existe,Não existente,Seca,Perfeito estado,Não existe,Não há placas,,Dupla,Não existe,,
2019-11-11,13:52:00,SEM VÍTIMA,FINALIZADA,,RUA COSMORAMA,,RUA JOSE HIPOLITO CARDOSO,,RUA COSMORAMA,,,,,SUBURBIO,ABALROAMENTO TRANSVERSAL,COLISÃO SEM VITIMAS,1,,,,,1,,,,0,,Cruzamento,Bom,Não existe,Perfeito estado,Seca,Perfeito estado,,Não há placas,40 km/h,Dupla,Faixa seccionada,,
2019-11-11,13:57:00,SEM VÍTIMA,FINALIZADA,IPSEP,AV RECIFE,2751,,PRÓXIMO A FARMÁCIA PAGUE MENOS,AV RECIFE,2751,PRÓXIMO A FARMÁCIA PAGUE MENOS,IPSEP,,CIDADE,ABALROAMENTO LONGITUDINAL,COLISAO ENTRE AUTO E ONIBUS,1,,,,,1,,,,0,,Longo da via,Bom,Não existe,Perfeito estado,Seca,Perfeito estado,Agente,Não há placas,,Dupla,Canteiro central,,
2019-11-11,13:59:00,SEM VÍTIMA,CANCELADA,BOA VIAGEM,AV ENGENHEIRO DOMINGOS FERREIRA,,,EM FRENTE A DELEGACIA DE BOA VIAGEM,AV ENGENHEIRO DOMINGOS FERREIRA,,EM FRENTE A DELEGACIA DE BOA VIAGEM,BOA VIAGEM,,,COLISÃO,COLISÃO SEM VITIMAS,2,,,,,,,,,0,,,,,,,,,,,,,,
2019-11-11,14:30:00,SEM VÍTIMA,DUPLICIDADE,ESPINHEIRO,RUA DR CARLOS ALVES,,,ENTRE O BANCO ITAU E A FARMACIA PAGUE MENOS,RUA DR CARLOS ALVES,,ENTRE O BANCO ITAU E A FARMACIA PAGUE MENOS,ESPINHEIRO,,,COLISÃO,COLISAO ENTRE ONIBUS E AUTOS S/V,1,,,,,1,,,,0,,,,,,,,,,,,,,
2019-11-11,14:32:00,SEM VÍTIMA,CANCELADA,ENCRUZILHADA,RUA CASTRO ALVES,,EST DE BELEM,EM FRENTE A FARMACIA PAGUE MENOS,RUA CASTRO ALVES,,EM FRENTE A FARMACIA PAGUE MENOS,ENCRUZILHADA,,,COLISÃO,COLISÃO SEM VITIMAS,1,,,,,1,,,,0,,,,,,,,,,,,,,
2019-11-11,14:42:00,SEM VÍTIMA,FINALIZADA,ESTÂNCIA,AV DR JOSE RUFINO,548,,,AV DR JOSE RUFINO,548,,ESTÂNCIA,,SUBURBIO,ABALROAMENTO TRANSVERSAL,COLISÃO SEM VITIMAS,2,,,,,,,,,0,,Longo da via,Bom,Não existe,Perfeito estado,Seca,Perfeito estado,Não existe,Outras,,Dupla,Faixa contínua,,
2019-11-11,15:06:00,SEM VÍTIMA,FINALIZADA,ILHA DO LEITE,RUA SENADOR JOSE HENRIQUE,80,,EM FRENTE A GASTROCLINICA,RUA SENADOR JOSE HENRIQUE,80,EM FRENTE A GASTROCLINICA,ILHA DO LEITE,,SUBURBIO,ABALROAMENTO TRANSVERSAL,COLISAO ENTRE DOIS AUTOS S/V,2,,,,,,,,,0,,Longo da via,Bom,Não existe,Perfeito estado,Seca,Perfeito estado,Outros,Outras,30 km/h,Dupla,Faixa seccionada,,
2019-11-11,15:43:00,SEM VÍTIMA,FINALIZADA,MADALENA,RUA LOPES DE CARVALHO,,AV VISCONDE DE ALBUQUERQUE,AO LADO DO MADALENA CENTER,RUA LOPES DE CARVALHO,,AO LADO DO MADALENA CENTER,MADALENA,,SUBURBIO,ABALROAMENTO LONGITUDINAL,COLISAO ENTRE DOIS AUTOS S/V,2,,,,,,,,,0,,Cruzamento,Bom,Não existe,Perfeito estado,Seca,Perfeito estado,Não existe,R-4a,,Dupla,Faixa seccionada,,
2019-11-11,15:53:00,SEM VÍTIMA,FINALIZADA,BOA VIAGEM,AV FERNANDO SIMOES BARBOSA,,,SOB O SEMÁFORO Nº 335,AV FERNANDO SIMOES BARBOSA,,SOB O SEMÁFORO Nº 335,BOA VIAGEM,335,SUBURBIO,ABALROAMENTO LONGITUDINAL,COLISAO ENTRE DOIS AUTOS S/V,2,,,,,,,,,0,,Longo da via,Bom,Sem defeito,Perfeito estado,Seca,Perfeito estado,Faixa de pedestre,Outras,60 km/h,Única,Faixa seccionada,,
2019-11-11,16:08:00,SEM VÍTIMA,FINALIZADA,IPSEP,RUA JEAN EMILE FAVRE,1612,,PROX AO SUPERMERCADO QUALIPREÇO,RUA JEAN EMILE FAVRE,1612,PROX AO SUPERMERCADO QUALIPREÇO,IPSEP,,,COLISÃO,COLISAO ENTRE MICRO ONIBUS E AUTOS S/V,1,,,,,1,,,,0,,,,,,,,,,,,,,
2019-11-11,16:27:00,SEM VÍTIMA,FINALIZADA,ESTÂNCIA,AV DR JOSE RUFINO,,,OPOSTO AO Nº 366,AV DR JOSE RUFINO,,OPOSTO AO Nº 366,ESTÂNCIA,,CIDADE,ABALROAMENTO LONGITUDINAL,COLISAO ENTRE ONIBUS E AUTOS S/V,1,,,,,1,,,,0,,Longo da via,Bom,Não existe,Incompleta,Seca,Mal conservada,Não existe,Não há placas,40 km/h,Dupla,Não existe,,
2019-11-11,16:31:00,COM VÍTIMA,FINALIZADA,ENCRUZILHADA,RUA AMARO COUTINHO,475,,EM FRENTE AO BAR DO TONHÃO,RUA AMARO COUTINHO,475,EM FRENTE AO BAR DO TONHÃO,ENCRUZILHADA,,SUBURBIO,CHOQUE VEÍCULO PARADO,COLISÃO COM VITIMA,1,1,,,,,,,,1,,Longo da via,Bom,Não existe,Perfeito estado,Seca,Perfeito estado,Agente,R-34,,Dupla,Não existe,,
2019-11-11,16:36:00,COM VÍTIMA,FINALIZADA,ILHA JOANA BEZERRA,AV ADVOGADO JOSE PAULO CAVALCANTI,,,EM FRENTE AO FORUM NA RUA LATERAL/AACD,AV ADVOGADO JOSE PAULO CAVALCANTI,,EM FRENTE AO FORUM NA RUA LATERAL/AACD,ILHA JOANA BEZERRA,,CIDADE,ATROPELAMENTO,VITIMA A ESPERA DO SAMU,1,,,,1,,,,,1,,Longo da via,Bom,Não existe,Perfeito estado,Seca,Perfeito estado,Não existe,Não há placas,40 km/h,Dupla,Canteiro central,,
2019-11-11,17:13:00,SEM VÍTIMA,CANCELADA,CAMPO GRANDE,AV CORREIA DE BRITO,20,,EM FRENTE A COPECAR E A REDE CONSTRUIR,AV CORREIA DE BRITO,20,EM FRENTE A COPECAR E A REDE CONSTRUIR,CAMPO GRANDE,,,COLISÃO,COLISAO ENTRE 2 AUTOS S/V,1,1,,,,,,,,0,,,,,,,,,,,,,,
2019-11-11,17:26:00,SEM VÍTIMA,FINALIZADA,BOA VISTA,AV MANOEL BORBA,1000,,BASE DO SAMU,AV MANOEL BORBA,1000,BASE DO SAMU,BOA VISTA,28,SUBURBIO,ABALROAMENTO LONGITUDINAL,COLISÃO SEM VITIMAS,1,,,,,,1,,,0,,Longo da via,Bom,Sem defeito,Perfeito estado,Seca,Perfeito estado,Faixa de pedestre,Não há placas,,Única,Faixa seccionada,,
2019-11-11,17:34:00,SEM VÍTIMA,FINALIZADA,BONGI,RUA ISAAC MARKMAN,432,RUA PERICLES SANTOS,CELPE,RUA ISAAC MARKMAN,432,CELPE,BONGI,,CIDADE,ABALROAMENTO TRANSVERSAL,COLISAO ENTRE DOIS AUTOS S/V,2,,,,,,,,,0,,Longo da via,Bom,Não existe,Perfeito estado,Seca,Perfeito estado,Não existe,Outras,,Dupla,Faixa contínua,Faixa seccionada,
2019-11-11,17:55:00,SEM VÍTIMA,CANCELADA,ALTO JOSÉ BONIFÁCIO,RUA ARLINDO CISNEIRO,175,,PRÓX A RODINHA / E/F A ÓTICA KARPUS,RUA ARLINDO CISNEIRO,175,PRÓX A RODINHA / E/F A ÓTICA KARPUS,ALTO JOSÉ BONIFÁCIO,,,COLISÃO,ENTRE 2 AUTOS. S/V,2,,,,,,,,,0,,,,,,,,,,,,,,
2019-11-11,18:01:00,COM VÍTIMA,FINALIZADA,IPUTINGA,RUA SAO MATEUS,182,,E/F AO DEPOSITO DOS CORREIOS E EDF IPUTINGA RESIDENCE,RUA SAO MATEUS,182,E/F AO DEPOSITO DOS CORREIOS E EDF IPUTINGA RESIDENCE,IPUTINGA,,SUBURBIO,ABALROAMENTO TRANSVERSAL,ENTRE AUTO E MOTO. C/V,1,1,,,,,,,,1,,Longo da via,Bom,Não existe,Perfeito estado,Seca,Perfeito estado,Não existe,Não há placas,,Dupla,Não existe,,
2019-11-11,18:10:00,SEM VÍTIMA,FINALIZADA,SAN MARTIN,AV GENERAL SAN MARTIN,1449,,FACULDADE ESTÁCIO,AV GENERAL SAN MARTIN,1449,FACULDADE ESTÁCIO,SAN MARTIN,,CIDADE,ABALROAMENTO LONGITUDINAL,ENTRE AUTO E MOTO. S/V,1,1,,,,,,,,0,,Longo da via,Bom,Não existe,Perfeito estado,Seca,Perfeito estado,Não existe,Não há placas,,Dupla,Faixa contínua,,
2019-11-11,18:11:00,SEM VÍTIMA,FINALIZADA,TAMARINEIRA,RUA GOMES COUTINHO,420,,,RUA GOMES COUTINHO,420,,TAMARINEIRA,,,ABALROAMENTO LONGITUDINAL,MOTO X AUDI Q3,1,1,,,,,,,,0,,Longo da via,Bom,Não existe,Perfeito estado,Seca,Perfeito estado,Não existe,R-6a,,Única,Não existe,,
2019-11-11,18:19:00,SEM VÍTIMA,FINALIZADA,CAJUEIRO,AV BEBERIBE,3205,,,AV BEBERIBE,3205,,CAJUEIRO,,SUBURBIO,COLISÃO TRASEIRA,SIENA X TOYOTA ETIOS,2,,,,,,,,,0,,Longo da via,Bom,Não existe,Perfeito estado,Seca,Perfeito estado,Não existe,Outras,60 km/h,Dupla,Canteiro central,,
2019-11-11,18:22:00,SEM VÍTIMA,FINALIZADA,IPSEP,RUA ITACARI,130,RUA CACHOEIRA,,RUA ITACARI,130,,IPSEP,,SUBURBIO,ABALROAMENTO TRANSVERSAL,ENTRE 2 AUTOS. S/V,2,,,,,,,,,0,,Cruzamento,Bom,Não existe,Não existente,Seca,Perfeito estado,Não existe,Não há placas,,Única,Faixa seccionada,,
2019-11-11,18:41:00,SEM VÍTIMA,CANCELADA,ZUMBI,RUA FIDELIS MOLITERNO,215,RUA GUAPE,PROX A O RH ADMINISTRA CONSULTORIA EM RECURSO HUMANO,RUA FIDELIS MOLITERNO,215,PROX A O RH ADMINISTRA CONSULTORIA EM RECURSO HUMANO,ZUMBI,,,COLISÃO,KOMBI X CLIO,2,,,,,,,,,0,,,,,,,,,,,,,,
2019-11-11,18:59:00,SEM VÍTIMA,FINALIZADA,BOA VIAGEM,AV ENGENHEIRO DOMINGOS FERREIRA,1967,,LADO OPOSTO AO PRÉDIO DA SUDENE,AV ENGENHEIRO DOMINGOS FERREIRA,1967,LADO OPOSTO AO PRÉDIO DA SUDENE,BOA VIAGEM,,SUBURBIO,COLISÃO TRASEIRA,ENTRE 2 AUTOS. S/V,2,,,,,,,,,0,,Longo da via,Bom,Não existe,Perfeito estado,Seca,Perfeito estado,Não existe,Outras,,Única,Faixa seccionada,Canteiro central,
2019-11-11,19:26:00,SEM VÍTIMA,FINALIZADA,IPSEP,RUA ITAQUICE,,,,RUA ITAQUICE,,,IPSEP,,SUBURBIO,ABALROAMENTO LONGITUDINAL,ENTRE 2 AUTOS S/V,2,,,,,,,,,0,,Longo da via,Bom,Não existe,Incompleta,Seca,Mal conservada,Não existe,Não há placas,,Única,Não existe,,
2019-11-11,22:34:00,SEM VÍTIMA,FINALIZADA,JARDIM SÃO PAULO,,,,PRAÇA PRINCIPAL DE JARDIM SÃO PAULO,,,PRAÇA PRINCIPAL DE JARDIM SÃO PAULO,JARDIM SÃO PAULO,,,ABALROAMENTO LONGITUDINAL,CORSA X SANDERO,2,,,,,,,,,0,,,Bom,Não existe,Incompleta,Seca,Perfeito estado,Não existe,Outras,,Única,Não existe,,
2019-11-12,06:09:00,SEM VÍTIMA,FINALIZADA,IMBIRIBEIRA,RUA JOSE DA SILVA LUCENA,273,,,RUA JOSE DA SILVA LUCENA,273,,IMBIRIBEIRA,,SUBURBIO,COLISÃO TRASEIRA,DOIS AUTOS,2,,,,,,,,,0,,Longo da via,Bom,Não existe,Perfeito estado,Seca,Perfeito estado,Outros,Outras,,Dupla,Faixa contínua,,
2019-11-12,06:56:00,SEM VÍTIMA,CANCELADA,BOA VIAGEM,RUA ALAMEDA DAS HORTENCIAS,32,,AO LADO DO COLEGIO MOTIVO,RUA ALAMEDA DAS HORTENCIAS,32,AO LADO DO COLEGIO MOTIVO,BOA VIAGEM,,,COLISÃO,SEM VITIMAS,2,,,,,,,,,0,,,,,,,,,,,,,,
2019-11-12,07:10:00,SEM VÍTIMA,EQUIPE EM DESLOCAMENTO,PARNAMIRIM,RUA SEBASTIAO MALTA ARCOVERDE,50,,EM FRENTE AO Nº 50 ( LIVRARIA RECIFE ),RUA SEBASTIAO MALTA ARCOVERDE,50,EM FRENTE AO Nº 50 ( LIVRARIA RECIFE ),PARNAMIRIM,,CIDADE,COLISÃO FRONTAL,TRES AUTOS,3,,,,,,,,,0,,Longo da via,Bom,Não existe,Perfeito estado,Seca,Perfeito estado,Agente,Outras,40 km/h,Única,Não existe,,
2019-11-12,07:33:00,SEM VÍTIMA,FINALIZADA,DERBY,AV GOVERNADOR AGAMENON MAGALHAES,,,EM FRENTE AO Nº 41,AV GOVERNADOR AGAMENON MAGALHAES,,EM FRENTE AO Nº 41,DERBY,,,COLISÃO TRASEIRA,TRES AUTOS,3,,,,,,,,,0,,Longo da via,Bom,Não existe,Perfeito estado,Seca,Perfeito estado,Não existe,Outras,60 km/h,Dupla,Canteiro central,,
2019-11-12,07:52:00,SEM VÍTIMA,FINALIZADA,PRADO,RUA DR ALFREDO NADER,,RUA PROFESSOR FRANCISCO FIGUEIREDO,POR TRAS DA ENGEFRIO,RUA DR ALFREDO NADER,,POR TRAS DA ENGEFRIO,PRADO,,CIDADE,COLISÃO FRONTAL,DOIS AUTOS,2,,,,,,,,,0,,,Bom,Não existe,Perfeito estado,Seca,Perfeito estado,Não existe,Não há placas,,Dupla,Não existe,,
2019-11-12,07:59:00,SEM VÍTIMA,FINALIZADA,VÁRZEA,RUA GENERAL POLIDORO,93,,CONSULTÓRIO ODONTOLÓGICO,RUA GENERAL POLIDORO,93,CONSULTÓRIO ODONTOLÓGICO,VÁRZEA,,,ABALROAMENTO LONGITUDINAL,COLISÃO S/ VITIMA,2,,,,,,,,,0,,Longo da via,Bom,Não existe,Ilegível,Seca,Perfeito estado,Não existe,Não há placas,,Única,Faixa seccionada,,
2019-11-12,08:07:00,SEM VÍTIMA,FINALIZADA,DERBY,RUA FELICIANO GOMES,177,,CASA DA PRAÇA - COMEDORIA Nº 162,RUA FELICIANO GOMES,177,CASA DA PRAÇA - COMEDORIA Nº 162,DERBY,,,ABALROAMENTO LONGITUDINAL,COLISÃO S/ VITIMA,2,,,,,,,,,0,,Longo da via,Bom,Não existe,Perfeito estado,Seca,Perfeito estado,,Outras,30 km/h,Dupla,Faixa seccionada,,
2019-11-12,08:41:00,SEM VÍTIMA,FINALIZADA,DOIS UNIDOS,AV HILDEBRANDO DE VASCONCELOS,,,PROXIMO A ANTIGA MINERVA,AV HILDEBRANDO DE VASCONCELOS,,PROXIMO A ANTIGA MINERVA,DOIS UNIDOS,,SUBURBIO,ABALROAMENTO LONGITUDINAL,COLISÃO S/ VITIMA. ENTRE ONIBUS E VEICULO PARTICULA ,1,,,,,1,,,,0,,Longo da via,Bom,Não existe,Não existente,Seca,Perfeito estado,Não existe,R-6a,,Dupla,Não existe,,
2019-11-12,09:29:00,SEM VÍTIMA,FINALIZADA,DERBY,AV GOVERNADOR AGAMENON MAGALHAES,2125,,EM FRENTE A MEDICAL,AV GOVERNADOR AGAMENON MAGALHAES,2125,EM FRENTE A MEDICAL,DERBY,,,COLISÃO,COLISÃO S/ VITIMA,1,,,,,1,,,,0,,,,,,,,,,,,,,
2019-11-12,10:04:00,SEM VÍTIMA,FINALIZADA,PINA,AV ENCANTA MOCA,260,,MERCADINHO ECONÔNICO,AV ENCANTA MOCA,260,MERCADINHO ECONÔNICO,PINA,,SUBURBIO,CHOQUE VEÍCULO PARADO,DOIS AUTOS E MOTO,2,1,,,,,,,,0,,Longo da via,Bom,Não existe,Não existente,Seca,Perfeito estado,Não existe,Não há placas,30 km/h,Dupla,Não existe,,
2019-11-12,10:10:00,SEM VÍTIMA,FINALIZADA,JARDIM SÃO PAULO,AV RECIFE,5697,,BT AUTO MECÂNICA,AV RECIFE,5697,BT AUTO MECÂNICA,JARDIM SÃO PAULO,259,,COLISÃO TRASEIRA,SEM VITIMAS/CTTU NO LOCAL VT13,1,,,,,,1,,,0,,Longo da via,Bom,Sem defeito,Perfeito estado,Seca,Perfeito estado,Agente,Outras,,Dupla,Canteiro central,,
2019-11-12,10:36:00,SEM VÍTIMA,FINALIZADA,CURADO,AV PREFEITO ANTONIO PEREIRA,,RUA MINISTRO MARIO ANDREAZZA,,AV PREFEITO ANTONIO PEREIRA,,,CURADO,,,ABALROAMENTO LONGITUDINAL,ONIBUS E AUTO,1,,,,,1,,,,0,,Cruzamento,Bom,Não existe,Não existente,Seca,Perfeito estado,Não existe,Não há placas,60 km/h,Dupla,Canteiro central,,
2019-11-12,10:45:00,SEM VÍTIMA,FINALIZADA,BOA VIAGEM,AV BOA VIAGEM,2234,RUA HENRIQUE CAPITULINO,EDIFÍCIO VILA AZUL,AV BOA VIAGEM,2234,EDIFÍCIO VILA AZUL,BOA VIAGEM,663,,ABALROAMENTO LONGITUDINAL,DOIS AUTOS,2,,,,,,,,,0,,Cruzamento,Bom,Sem defeito,Perfeito estado,Seca,Perfeito estado,Faixa de pedestre,Não há placas,60 km/h,Única,Faixa contínua,,
2019-11-12,11:04:00,SEM VÍTIMA,FINALIZADA,VASCO DA GAMA,RUA DOIS DE FEVEREIRO,,RUA NORDESTE,,RUA DOIS DE FEVEREIRO,,,VASCO DA GAMA,,SUBURBIO,ABALROAMENTO TRANSVERSAL,CAMINHAO E AUTO,1,,,,,,1,,,0,,Longo da via,Bom,Não existe,Perfeito estado,Seca,Perfeito estado,,,,Dupla,,,
2019-11-12,11:05:00,SEM VÍTIMA,FINALIZADA,VÁRZEA,RUA MARECHAL MANOEL LUIS OSORIO,,RUA ZEZITO COSTA REGO,PRÓXIMO AO HAPVIDA,RUA MARECHAL MANOEL LUIS OSORIO,,PRÓXIMO AO HAPVIDA,VÁRZEA,,CIDADE,ABALROAMENTO TRANSVERSAL,SEM VITIMAS,2,,,,,,,,,0,,Cruzamento,Bom,Não existe,Perfeito estado,Seca,Perfeito estado,Faixa de retenção,Placas Pare,,Dupla,Não existe,,
2019-11-12,11:13:00,SEM VÍTIMA,FINALIZADA,SANTO AMARO,AV GOVERNADOR AGAMENON MAGALHAES,,,SOBRE O VIADUTO ENGENHEIRO ROBERTO PEREIRA DE CARVALHO,AV GOVERNADOR AGAMENON MAGALHAES,,SOBRE O VIADUTO ENGENHEIRO ROBERTO PEREIRA DE CARVALHO,SANTO AMARO,,SUBURBIO,COLISÃO TRASEIRA,COLISÃO S/ VITIMA,1,1,,,,,,,,0,,Viaduto,Bom,Não existe,Incompleta,Seca,Perfeito estado,Não existe,Não há placas,,Dupla,Não existe,,
2019-11-12,11:36:00,SEM VÍTIMA,FINALIZADA,DERBY,AV GOVERNADOR AGAMENON MAGALHAES,,,EM FRENTE O SEMÁFORO Nº 174,AV GOVERNADOR AGAMENON MAGALHAES,,EM FRENTE O SEMÁFORO Nº 174,DERBY,174,CIDADE,COLISÃO TRASEIRA,COLISÃO S/ VITIMA. VEICULO OFICIAL E UM VEICULO PARTICULA,1,,,,,1,,,,0,,Longo da via,Bom,Sem defeito,Perfeito estado,Seca,Perfeito estado,Agente,,60 km/h,Dupla,Canteiro central,,
2019-11-12,11:36:00,SEM VÍTIMA,FINALIZADA,IPSEP,AV RECIFE,2739,,EM FRENTE AO Nº 2739,AV RECIFE,2739,EM FRENTE AO Nº 2739,IPSEP,,SUBURBIO,COLISÃO TRASEIRA,SEM VITIMAS/CTTU NO LOCAL  BATEDORES  MOTOS 07 13,3,,,,,,,,,0,,Longo da via,Bom,Não existe,Perfeito estado,Seca,Perfeito estado,Não existe,Não há placas,60 km/h,Única,Faixa seccionada,,
2019-11-12,12:09:00,SEM VÍTIMA,FINALIZADA,AFOGADOS,RUA NICOLAU PEREIRA,,RUA DA PAZ,CAIXA ECONÔMICA FEDERAL,RUA NICOLAU PEREIRA,,CAIXA ECONÔMICA FEDERAL,AFOGADOS,73,SUBURBIO,ABALROAMENTO LONGITUDINAL,COLISAO ENTRE ONIBUS E AUTOS S/V,1,,,,,1,,,,0,,Cruzamento,Bom,Sem defeito,Perfeito estado,Seca,Perfeito estado,Agente,R-6a,40 km/h,Única,Faixa seccionada,,