data,hora,natureza_acidente,situacao,bairro,endereco,numero,detalhe_endereco_acidente,complemento,endereco_cruzamento,numero_cruzamento,referencia_cruzamento,bairro_cruzamento,num_semaforo,sentido_via,tipo,descricao,auto,moto,ciclom,ciclista,pedestre,onibus,caminhao,viatura,outros,vitimas,vitimasfatais,acidente_verificado,tempo_clima,situacao_semaforo,sinalizacao,condicao_via,conservacao_via,ponto_controle,situacao_placa,velocidade_max_via,mao_direcao,divisao_via1,divisao_via2,divisao_via3
2019-11-12,12:19:00,COM VÍTIMA,FINALIZADA,CAXANGÁ,RUA JOSE OSORIO,803,,EM FRENTE A ZEUS MULTIMARCAS,RUA JOSE OSORIO,803,EM FRENTE A ZEUS MULTIMARCAS,CAXANGÁ,,SUBURBIO,ABALROAMENTO TRANSVERSAL,ENTRE CARRO/MOTO SAMU JA ESTA NO LOCAL,1,1,,,,,,,,1,,Cruzamento,Bom,,Perfeito estado,Seca,Perfeito estado,,,40 km/h,Dupla,Faixa contínua,Faixa seccionada,
2019-11-12,12:31:00,SEM VÍTIMA,FINALIZADA,TORRÕES,RUA QUINZE DE MARCO,,RUA DELMIRO GOUVEIA,PRAÇA DA CHESF,RUA QUINZE DE MARCO,,PRAÇA DA CHESF,TORRÕES,,,ABALROAMENTO LONGITUDINAL,COLISAO ENTRE 2 AUTOS,2,,,,,,,,,0,,Cruzamento,Bom,Não existe,Incompleta,Seca,Perfeito estado,Não existe,Não há placas,,Única,Não existe,,
2019-11-12,13:06:00,SEM VÍTIMA,FINALIZADA,IMBIRIBEIRA,AV MARECHAL MASCARENHAS DE MORAES,4223,,EM FRENTE A UPA DA IMBIRIBEIRA,AV MARECHAL MASCARENHAS DE MORAES,4223,EM FRENTE A UPA DA IMBIRIBEIRA,IMBIRIBEIRA,310,CIDADE,ABALROAMENTO LONGITUDINAL,COLISAO ENTRE DOIS AUTOS S/V,2,,,,,,,,,0,,Longo da via,Bom,Sem defeito,Perfeito estado,Seca,Perfeito estado,Faixa de pedestre,Outras,60 km/h,Dupla,Faixa seccionada,Canteiro central,
2019-11-12,13:16:00,SEM VÍTIMA,FINALIZADA,DERBY,,,RUA JENER DE SOUZA,LADO OPOSTO AO QUARTEL DA POLÍCIA MILITAR DO DERBY,,,LADO OPOSTO AO QUARTEL DA POLÍCIA MILITAR DO DERBY,DERBY,418,CIDADE,ABALROAMENTO LONGITUDINAL,COLISÃO SEM VITIMAS,2,,,,,,,,,0,,Longo da via,Bom,Sem defeito,Perfeito estado,Seca,Perfeito estado,,R-6a,50 km/h,Única,Canteiro central,,
2019-11-12,14:18:00,SEM VÍTIMA,FINALIZADA,BOA VIAGEM,RUA ANTONIO FALCAO,,AVENIDA CELSO FURTADO (VIA MANGUE),,RUA ANTONIO FALCAO,,,BOA VIAGEM,648,SUBURBIO,ABALROAMENTO TRANSVERSAL,COLISÃO SEM VITIMAS,2,,,,,,,,,0,,Longo da via,Bom,Sem defeito,Perfeito estado,Seca,Perfeito estado,Faixa de pedestre,Outras,,Única,Faixa contínua,,
2019-11-12,14:56:00,SEM VÍTIMA,CANCELADA,TEJIPIÓ,RUA GENERAL MANUEL RABELO,,,E/F AO ARMAZEM CORAL,RUA GENERAL MANUEL RABELO,,E/F AO ARMAZEM CORAL,TEJIPIÓ,,,COLISÃO,COLIAO ENTRE AUTO E MOTO S/V,1,1,,,,,,,,0,,,,,,,,,,,,,,
2019-11-12,15:03:00,COM VÍTIMA,FINALIZADA,BOA VIAGEM,RUA ERNESTO DE PAULA SANTOS,1365,,AO LADO DA UNINASSAU,RUA ERNESTO DE PAULA SANTOS,1365,AO LADO DA UNINASSAU,BOA VIAGEM,,CIDADE,ABALROAMENTO LONGITUDINAL,COLISAO ENTRE AUTO E MOTO S/V,1,1,,,,,,,,2,,Cruzamento,Bom,Não existe,Incompleta,Seca,Perfeito estado,Não existe,Não há placas,60 km/h,Única,Faixa seccionada,,
2019-11-12,15:46:00,SEM VÍTIMA,FINALIZADA,TAMARINEIRA,EST DO ARRAIAL,2405,,,EST DO ARRAIAL,2405,,TAMARINEIRA,,SUBURBIO,ABALROAMENTO LONGITUDINAL,COLISÃO SEM VITIMAS,1,,,,,1,,,,0,,Longo da via,Bom,Não existe,Perfeito estado,Seca,Perfeito estado,Não existe,R-6a,60 km/h,Única,Faixa seccionada,,
2019-11-12,16:11:00,SEM VÍTIMA,FINALIZADA,CASA AMARELA,RUA REVERENDO ANTONIO GUEIROS,,,EM FRENTE AO Nº 78,RUA REVERENDO ANTONIO GUEIROS,,EM FRENTE AO Nº 78,CASA AMARELA,,SUBURBIO,ABALROAMENTO LONGITUDINAL,COLISÃO SEM VITIMAS,2,,,,,,,,,0,,Longo da via,Bom,Não existe,Não existente,Seca,Perfeito estado,Não existe,Não há placas,,Dupla,Não existe,,
2019-11-12,16:46:00,COM VÍTIMA,FINALIZADA,IBURA,AV DOIS RIOS,,,EM BAIXO DO VIADUTO DA BR 101.,AV DOIS RIOS,,EM BAIXO DO VIADUTO DA BR 101.,IBURA,,CIDADE,ABALROAMENTO LONGITUDINAL,AUTO E MOTO - BATEDOR NO LOCAL,1,1,,,,,,,,1,,Longo da via,Bom,Não existe,Perfeito estado,Seca,Perfeito estado,Não existe,Não há placas,,Dupla,Faixa contínua,,
2019-11-12,16:56:00,SEM VÍTIMA,CANCELADA,IMBIRIBEIRA,AV SUL,,,EM BAIXO DO VIADUTO TANCREDO NEVES,AV SUL,,EM BAIXO DO VIADUTO TANCREDO NEVES,IMBIRIBEIRA,,AEROPORTO,COLISÃO,COLISÃO SEM VITIMAS,2,,,,,,,,,0,,,,,,,,,,,,,,
2019-11-12,17:50:00,SEM VÍTIMA,FINALIZADA,BREJO DE BEBERIBE,AV VEREADOR OTACILIO AZEVEDO,,,,AV VEREADOR OTACILIO AZEVEDO,,,BREJO DE BEBERIBE,,,COLISÃO COM CICLISTA,COLISAO S/V,1,,,1,,,,,,0,,Longo da via,Bom,Não existe,Perfeito estado,Seca,Perfeito estado,Não existe,Não há placas,40 km/h,Dupla,Faixa seccionada,,
2019-11-12,18:06:00,SEM VÍTIMA,CANCELADA,AFOGADOS,RUA SAO MIGUEL,,RUA SANTOS ARAUJO,E/F AO BANCO DO BRASIL  SNT AREIAS / SEMÁFORO 333,RUA SAO MIGUEL,,E/F AO BANCO DO BRASIL  SNT AREIAS / SEMÁFORO 333,AFOGADOS,,,COLISÃO,ENTRE 2 AUTOS. S/V,2,,,,,,,,,0,,,,,,,,,,,,,,
2019-11-12,18:06:00,SEM VÍTIMA,FINALIZADA,ROSARINHO,AV NORTE,3109,,AO LADO DA PADARIA ROSARINHO,AV NORTE,3109,AO LADO DA PADARIA ROSARINHO,ROSARINHO,81,CIDADE,ABALROAMENTO LONGITUDINAL,ONIBUS GLOBO X PICAPE ROBUSTA,1,,,,,1,,,,0,,Longo da via,Bom,Sem defeito,Perfeito estado,Seca,Perfeito estado,Faixa de pedestre,Outras,,Dupla,Canteiro central,,
2019-11-12,18:31:00,SEM VÍTIMA,FINALIZADA,SÃO JOSÉ,VIADUTO CAPITAO TEMUDO,,,,VIADUTO CAPITAO TEMUDO,,,SÃO JOSÉ,,SUBURBIO,COLISÃO TRASEIRA,FAIT STRADA X GOL X JETTA,3,,,,,,,,,0,,Viaduto,Bom,Não existe,Perfeito estado,Seca,Perfeito estado,Não existe,Não há placas,,Dupla,,,
2019-11-12,18:49:00,SEM VÍTIMA,FINALIZADA,BOA VIAGEM,RUA ANTONIO FALCAO,,,SOB O VIADUTO DA VIA MANGUE,RUA ANTONIO FALCAO,,SOB O VIADUTO DA VIA MANGUE,BOA VIAGEM,,SUBURBIO,ABALROAMENTO LONGITUDINAL,ENTRE CAMINHÃO E AUTO PASSEIO. S/V,1,,,,,,,,1,0,,Longo da via,Bom,Não existe,Perfeito estado,Seca,Perfeito estado,Agente,Não há placas,,Única,Faixa seccionada,,
2019-11-12,18:51:00,SEM VÍTIMA,FINALIZADA,TORRE,RUA MARCOS ANDRE,200,RUA ANA NERY,,RUA MARCOS ANDRE,200,,TORRE,,SUBURBIO,COLISÃO TRASEIRA,RENAULT KWID 2 X TUCSON,2,,,,,,,,,0,,Longo da via,Bom,Não existe,Perfeito estado,Seca,Perfeito estado,Não existe,Não há placas,30 km/h,Única,Faixa seccionada,,
2019-11-12,20:01:00,SEM VÍTIMA,FINALIZADA,TAMARINEIRA,RUA GOMES COUTINHO,2646,EST DO ARRAIAL,LATERAL HOSPITAL AGAMENON MAGALHÃES,RUA GOMES COUTINHO,2646,LATERAL HOSPITAL AGAMENON MAGALHÃES,TAMARINEIRA,,SUBURBIO,ABALROAMENTO LONGITUDINAL,CITROEN X FAIT MOB,2,,,,,,,,,0,,Cruzamento,Bom,Não existe,Perfeito estado,Seca,Perfeito estado,Não existe,Não há placas,,Única,Faixa seccionada,,
2019-11-12,20:29:00,COM VÍTIMA,FINALIZADA,BOA VIAGEM,RUA AMALIA BERNARDINO DE SOUZA,286,RUA ERNESTO DE PAULA SANTOS,AO LADO DO POSTO PETROBRAS,RUA AMALIA BERNARDINO DE SOUZA,286,AO LADO DO POSTO PETROBRAS,BOA VIAGEM,,SUBURBIO,ABALROAMENTO TRANSVERSAL,AUTO E MOTO.,1,1,,,,,,,,1,,Longo da via,Bom,Não existe,Perfeito estado,Seca,Perfeito estado,Não existe,Outras,,Dupla,Não existe,,
2019-11-12,20:49:00,SEM VÍTIMA,FINALIZADA,CASA AMARELA,EST DO ARRAIAL,,RUA PADRE LEMOS,,EST DO ARRAIAL,,,CASA AMARELA,404,SUBURBIO,COLISÃO TRASEIRA,ONIBUS PEDROSA X PALIO,1,,,,,1,,,,0,,Cruzamento,Bom,Sem defeito,Perfeito estado,Seca,Perfeito estado,Faixa de pedestre,,,Única,Não existe,,
2019-11-12,21:57:00,SEM VÍTIMA,FINALIZADA,TEJIPIÓ,AV DR JOSE RUFINO,,RUA DO SANCHO,OPOSTO AO POSTO IPIRANGA,AV DR JOSE RUFINO,,OPOSTO AO POSTO IPIRANGA,TEJIPIÓ,434,SUBURBIO,ABALROAMENTO LONGITUDINAL,CAMINHAO X UNO,1,,,,,,1,,,0,,Longo da via,Bom,Sem defeito,Perfeito estado,Seca,Perfeito estado,,Não há placas,,Dupla,Faixa contínua,,
2019-11-12,22:34:00,SEM VÍTIMA,FINALIZADA,TORRE,RUA REAL DA TORRE,778,,LOJA DO CONDOMINIO,RUA REAL DA TORRE,778,LOJA DO CONDOMINIO,TORRE,,SUBURBIO,COLISÃO TRASEIRA,ENTRE CAMINHÃO E AUTO PASSEIO. S/V,1,,,,,,1,,,0,,Longo da via,Bom,Não existe,Perfeito estado,Seca,Perfeito estado,Não existe,R-6a,50 km/h,Única,Faixa seccionada,,
2019-11-13,07:28:00,SEM VÍTIMA,FINALIZADA,ENCRUZILHADA,AV NORTE,2443,AV JOAO DE BARROS,EM FRENTE AO BANCO SANTANDER,AV NORTE,2443,EM FRENTE AO BANCO SANTANDER,ENCRUZILHADA,43,CIDADE,COLISÃO TRASEIRA,SEM VITIMAS/CTTU NO LOCAL,1,,,,,,1,,,0,,Cruzamento,Bom,Sem defeito,Perfeito estado,Seca,Perfeito estado,Agente,Outras,,Dupla,Canteiro central,,
2019-11-13,07:31:00,COM VÍTIMA,FINALIZADA,DERBY,AV GOVERNADOR AGAMENON MAGALHAES,,,AO LADO DA PRAÇA DO DERBY. EM FRENTE AO BRADESCO.,AV GOVERNADOR AGAMENON MAGALHAES,,AO LADO DA PRAÇA DO DERBY. EM FRENTE AO BRADESCO.,DERBY,,BOA VIAGEM,ATROPELAMENTO,MOTO E PEDESTRE.,,,1,,1,,,,,2,,Longo da via,Bom,Sem defeito,Perfeito estado,Seca,Perfeito estado,,,60 km/h,,,,
2019-11-13,07:44:00,COM VÍTIMA,FINALIZADA,GUABIRABA,EST DOS MACACOS,60,,300 METROS APÓS O USF /SÍTIO DOS MACACOS (SENT. RECIFE),EST DOS MACACOS,60,300 METROS APÓS O USF /SÍTIO DOS MACACOS (SENT. RECIFE),GUABIRABA,,CIDADE,COLISÃO FRONTAL,COLISÃO C/ VITIMA ENTRE DOIS AUTOS,2,,,,,,,,,1,,Longo da via,Bom,Não existe,Perfeito estado,Seca,Perfeito estado,Não existe,Não há placas,40 km/h,Dupla,Faixa seccionada,,
2019-11-13,07:53:00,SEM VÍTIMA,FINALIZADA,CAXANGÁ,AV CAXANGA,,EST DO BARBALHO,EM FRENTE AO BIG BOMPREÇO,AV CAXANGA,,EM FRENTE AO BIG BOMPREÇO,CAXANGÁ,,,COLISÃO TRASEIRA,COLISÃO S/ VITIMA DOIS AUTOS,2,,,,,,,,,0,,Cruzamento,Bom,Sem defeito,Perfeito estado,Seca,Perfeito estado,Faixa de pedestre,Não há placas,60 km/h,,Canteiro central,,
2019-11-13,07:57:00,SEM VÍTIMA,CANCELADA,CORDEIRO,RUA FRANCISCO DE PAULA MACHADO,141,,NA RUA DA FABRICA RECIFE BOLO DE ROLO,RUA FRANCISCO DE PAULA MACHADO,141,NA RUA DA FABRICA RECIFE BOLO DE ROLO,CORDEIRO,,,COLISÃO,DOIS AUTOS,2,,,,,,,,,0,,,,,,,,,,,,,,
2019-11-13,08:20:00,SEM VÍTIMA,FINALIZADA,ESPINHEIRO,RUA CONS PORTELA,531,,EM FRENTE A PROCURADORIA REGIONAL DO TRABALHO 6º REGIÃO,RUA CONS PORTELA,531,EM FRENTE A PROCURADORIA REGIONAL DO TRABALHO 6º REGIÃO,ESPINHEIRO,,CIDADE,ABALROAMENTO LONGITUDINAL,COLISÃO S/VITIMAS ENTRE DOIS AUTOS,2,,,,,,,,,0,,Longo da via,Bom,Sem defeito,Perfeito estado,Seca,Perfeito estado,Agente,Outras,,Única,Faixa seccionada,,
2019-11-13,08:38:00,SEM VÍTIMA,FINALIZADA,ESPINHEIRO,RUA CONS PORTELA,,RUA BARAO DE ITAMARACA,,RUA CONS PORTELA,,,ESPINHEIRO,464,SUBURBIO,ABALROAMENTO LONGITUDINAL,DOIS AUTOS,2,,,,,,,,,0,,Longo da via,Bom,Sem defeito,Perfeito estado,Seca,Perfeito estado,Faixa de pedestre,Outras,30 km/h,Única,Não existe,,
2019-11-13,08:38:00,COM VÍTIMA,FINALIZADA,BOA VISTA,RUA DO HOSPICIO,751,,E/F A SECRETARIA DE RESSOCIALIZAÇÃO - SERES,RUA DO HOSPICIO,751,E/F A SECRETARIA DE RESSOCIALIZAÇÃO - SERES,BOA VISTA,,CIDADE,ABALROAMENTO LONGITUDINAL,COLISÃO C/VITIMAS ENTRE UMA MOTO E UM AUTO,1,1,,,,,,,,2,,Longo da via,Bom,Não existe,Perfeito estado,Seca,Perfeito estado,Faixa de pedestre,R-6a,,Dupla,Faixa contínua,Canteiro central,Blocos
2019-11-13,08:42:00,SEM VÍTIMA,FINALIZADA,DERBY,PRC DO DERBY,237,RUA JENER DE SOUZA,ANTIGO RESTAURANTE RECANTO DO PICUI,PRC DO DERBY,237,ANTIGO RESTAURANTE RECANTO DO PICUI,DERBY,418,CIDADE,ABALROAMENTO LONGITUDINAL,SEM VITIMAS/CTTU NO LOCAL,1,,,,,,1,,,0,,Cruzamento,Bom,Sem defeito,Perfeito estado,Seca,Perfeito estado,Agente,Outras,,Dupla,Faixa seccionada,,
2019-11-13,08:49:00,SEM VÍTIMA,FINALIZADA,JARDIM SÃO PAULO,RUA LEANDRO BARRETO,,RUA LORENA,VIADUTO DA BR 101,RUA LEANDRO BARRETO,,VIADUTO DA BR 101,JARDIM SÃO PAULO,,CIDADE,ABALROAMENTO TRANSVERSAL,SEM VITIMAS,2,,,,,,,,,0,,Cruzamento,Bom,Não existe,Perfeito estado,Seca,Perfeito estado,Não existe,Outras,,Dupla,Não existe,,
2019-11-13,08:54:00,SEM VÍTIMA,CANCELADA,IMBIRIBEIRA,RUA ARQUITETO LUIZ NUNES,354,,POR TRÁS DO SUPERMECARDO AÇÁI,RUA ARQUITETO LUIZ NUNES,354,POR TRÁS DO SUPERMECARDO AÇÁI,IMBIRIBEIRA,,,COLISÃO,COLISÃO S/ VITIMA DOIS AUTOS,2,,,,,,,,,0,,,,,,,,,,,,,,
2019-11-13,09:02:00,SEM VÍTIMA,FINALIZADA,IPSEP,AV RECIFE,2996,,EM FRENTE A EXATA COR,AV RECIFE,2996,EM FRENTE A EXATA COR,IPSEP,212,,COLISÃO TRASEIRA,COLISÃO S/VITIMAS ENTRE TRÊS AUTOS,3,,,,,,,,,0,,Longo da via,Bom,Sem defeito,Perfeito estado,Seca,Perfeito estado,Não existe,R-6a,,Dupla,Faixa seccionada,Canteiro central,
2019-11-13,09:04:00,COM VÍTIMA,FINALIZADA,AFOGADOS,RUA DA PAZ,,RUA NICOLAU PEREIRA,EM FRENTE A CAIXA ECONOMICA,RUA DA PAZ,,EM FRENTE A CAIXA ECONOMICA,AFOGADOS,73,SUBURBIO,ABALROAMENTO TRANSVERSAL,VEICULO OFICIAL EXERCITO E MOTO,1,1,,,,,,,,1,,Cruzamento,Bom,Sem defeito,Perfeito estado,Seca,Perfeito estado,Agente,R-6a,,Única,Faixa seccionada,,
2019-11-13,09:05:00,COM VÍTIMA,FINALIZADA,CORDEIRO,EST DO FORTE DO ARRAIAL N. DO B. JESUS,1499,RUA URUBA,EM FRENTE AO ARMAZEM DONA CECILIA,EST DO FORTE DO ARRAIAL N. DO B. JESUS,1499,EM FRENTE AO ARMAZEM DONA CECILIA,CORDEIRO,,SUBURBIO,ABALROAMENTO LONGITUDINAL,COLISÃO COM VITIMA AUTO E MOTO.,1,1,,,,,,,,1,,Longo da via,Bom,Não existe,Ilegível,Seca,Perfeito estado,Não existe,Não há placas,,Dupla,Faixa,,
2019-11-13,09:33:00,SEM VÍTIMA,FINALIZADA,AFOGADOS,RUA SAO MIGUEL,1080,,POSTO FEDERAL,RUA SAO MIGUEL,1080,POSTO FEDERAL,AFOGADOS,,CIDADE,COLISÃO TRASEIRA,DOIS AUTOS,2,,,,,,,,,0,,Longo da via,Bom,,,Seca,Perfeito estado,,,,Dupla,Faixa contínua,,
2019-11-13,09:38:00,SEM VÍTIMA,CANCELADA,SANTO AMARO,RUA DOS PALMARES,,,EM FRENTE AO INSS. SENTIDO RUA DA AURORA,RUA DOS PALMARES,,EM FRENTE AO INSS. SENTIDO RUA DA AURORA,SANTO AMARO,,,COLISÃO,SEM VÍTIMA,2,,,,,,,,,0,,,,,,,,,,,,,,
2019-11-13,10:10:00,SEM VÍTIMA,FINALIZADA,CAMPO GRANDE,EST DE BELEM,836,RUA PAULO DE ARRUDA,,EST DE BELEM,836,,CAMPO GRANDE,94,CIDADE,ABALROAMENTO TRANSVERSAL,VEICULOS S/ VITIMA UM AUTO E UMA MOTO,1,1,,,,,,,,0,,Cruzamento,Bom,Sem defeito,Perfeito estado,Seca,Perfeito estado,Faixa de pedestre,Outras,,Dupla,Faixa contínua,,
2019-11-13,10:30:00,SEM VÍTIMA,FINALIZADA,BOA VIAGEM,AV ARMINDO MOURA,581,,VILA DOS SARGENTOS DA AERONÁUTICA,AV ARMINDO MOURA,581,VILA DOS SARGENTOS DA AERONÁUTICA,BOA VIAGEM,529,SUBURBIO,COLISÃO TRASEIRA,4 AUTOS,2,,,,,,,,,0,,Longo da via,Bom,Sem defeito,Perfeito estado,Seca,Perfeito estado,Faixa de retenção,Não há placas,30 km/h,Dupla,Faixa contínua,,
2019-11-13,10:29:00,SEM VÍTIMA,FINALIZADA,IPUTINGA,AV CAXANGA,,RUA MANOEL JOAQUIM DE ALMEIDA,CRUZAMENTO EST. DO BARBALHO / MANUEL J. ALMEIDA,AV CAXANGA,,CRUZAMENTO EST. DO BARBALHO / MANUEL J. ALMEIDA,IPUTINGA,533,,ABALROAMENTO TRANSVERSAL,SEM VITIMAS/CTTU NO LOCAL,1,1,,,,,,,,0,,Cruzamento,Bom,Sem defeito,Perfeito estado,Seca,Perfeito estado,,Não há placas,60 km/h,Dupla,Canteiro central,,
2019-11-13,10:42:00,SEM VÍTIMA,FINALIZADA,ILHA DO RETIRO,RUA SPORT CLUBE DO RECIFE,,,OPOSTO A ILHA DO RETIRO,RUA SPORT CLUBE DO RECIFE,,OPOSTO A ILHA DO RETIRO,ILHA DO RETIRO,,SUBURBIO,COLISÃO TRASEIRA,,2,,,,,,,,,0,,Longo da via,Bom,Sem defeito,Perfeito estado,Seca,Perfeito estado,Agente,Outras,,Dupla,Canteiro central,,
2019-11-13,11:01:00,SEM VÍTIMA,FINALIZADA,IMBIRIBEIRA,AV MARECHAL MASCARENHAS DE MORAES,,,,AV MARECHAL MASCARENHAS DE MORAES,,,IMBIRIBEIRA,316,CIDADE,ABALROAMENTO LONGITUDINAL,AUTO E CAMINHÃO,1,,,,,,1,,,0,,Longo da via,Bom,Não existe,Perfeito estado,Seca,Perfeito estado,Não existe,Não há placas,,Dupla,Canteiro central,,
2019-11-13,11:14:00,COM VÍTIMA,FINALIZADA,IMBIRIBEIRA,AV MARECHAL MASCARENHAS DE MORAES,291,PTE DO MOTOCOLOMBO,EM FRENTE A FLOR ARTE. APÓS A MORELATE DISTRIBUIDORA DE PEÇAS.,AV MARECHAL MASCARENHAS DE MORAES,291,EM FRENTE A FLOR ARTE. APÓS A MORELATE DISTRIBUIDORA DE PEÇAS.,IMBIRIBEIRA,,CIDADE,COLISÃO TRASEIRA,AUTO E MOTO.,1,1,,,,,,,,1,,Longo da via,Bom,Não existe,Não existente,Seca,Perfeito estado,Não existe,Não há placas,,Dupla,Faixa seccionada,Canteiro central,
2019-11-13,11:24:00,SEM VÍTIMA,FINALIZADA,ENCRUZILHADA,AV NORTE,2270,,EM FRENTE AO Nº 2270,AV NORTE,2270,EM FRENTE AO Nº 2270,ENCRUZILHADA,,SUBURBIO,COLISÃO TRASEIRA,SEM VITIMAS,3,,,,,,,,,0,,Longo da via,Bom,Não existe,Incompleta,Seca,Perfeito estado,Não existe,Outras,,Dupla,Canteiro central,,
2019-11-13,11:39:00,SEM VÍTIMA,FINALIZADA,SANTO ANTÔNIO,RUA IMPERADOR PEDRO SEGUNDO,,AV N S DO CARMO,SOB O SEMÁFORO 203,RUA IMPERADOR PEDRO SEGUNDO,,SOB O SEMÁFORO 203,SANTO ANTÔNIO,203,,ABALROAMENTO TRANSVERSAL,COLISÃO S/VITIMAS ENTRE DOIS AUTOS,2,,,,,,,,,0,,Cruzamento,Bom,Sem defeito,Perfeito estado,Seca,Perfeito estado,Faixa de pedestre,R-26,60 km/h,,Faixa contínua,,
2019-11-13,11:53:00,SEM VÍTIMA,FINALIZADA,BOA VIAGEM,AV CONSELHEIRO AGUIAR,1555,,EM FRENTE A MAC DONALDS,AV CONSELHEIRO AGUIAR,1555,EM FRENTE A MAC DONALDS,BOA VIAGEM,,,COLISÃO,SEM VITIMAS,2,1,,,,,,,,0,,,,,,,,,,,,,,
2019-11-13,12:03:00,COM VÍTIMA,FINALIZADA,AFOGADOS,RUA GENERAL SOUZA DOCA,,,PROX A ESTACAO IPIRANGA EM FRENTE A ESCOLA CARMELA DUTRA,RUA GENERAL SOUZA DOCA,,PROX A ESTACAO IPIRANGA EM FRENTE A ESCOLA CARMELA DUTRA,AFOGADOS,,,ATROPELAMENTO,AUTO PASSEIO X PEDESTRE,1,,,,1,,,,,1,,Longo da via,Bom,Não existe,Não existente,Seca,Perfeito estado,Não existe,Não há placas,30 km/h,Dupla,Não existe,,
2019-11-13,12:03:00,COM VÍTIMA,FINALIZADA,TAMARINEIRA,RUA PADRE ROMA,,AV CONS ROSA E SILVA,EM BAIXO DO SEMAFORO 061,RUA PADRE ROMA,,EM BAIXO DO SEMAFORO 061,TAMARINEIRA,61,SUBURBIO,COLISÃO TRASEIRA,COLISÃO ENTRE UMA MOTOCICLETA E UM VEÍCULO NÃO IDENTIFICADO  VEÍCULO ESTE QUE SE EVADIU DO LOCAL.,,1,,,,,,,,1,,Cruzamento,Bom,Sem defeito,Perfeito estado,Seca,Perfeito estado,Faixa de pedestre,Outras,,Dupla,Canteiro central,,
2019-11-13,12:26:00,SEM VÍTIMA,FINALIZADA,DERBY,RUA JENER DE SOUZA,,,CAMPO DO QUARTEL DO DERBY,RUA JENER DE SOUZA,,CAMPO DO QUARTEL DO DERBY,DERBY,40,SUBURBIO,ABALROAMENTO LONGITUDINAL,COLISÃO SEM VITIMAS,2,,,,,,,,,0,,Longo da via,Bom,Sem defeito,Perfeito estado,Seca,Perfeito estado,Faixa de pedestre,Outras,,Dupla,Faixa seccionada,Canteiro central,
2019-11-13,12:48:00,SEM VÍTIMA,FINALIZADA,MANGABEIRA,AV NORTE,4544,RUA DA MANGABEIRA,LADO OPOSTO AO MUNDO DAS BATERIAS,AV NORTE,4544,LADO OPOSTO AO MUNDO DAS BATERIAS,MANGABEIRA,96,SUBURBIO,COLISÃO TRASEIRA,COLISAO ENTRE AUTO E MOTO S/V,1,1,,,,,,,,0,,Longo da via,Bom,Sem defeito,Perfeito estado,Seca,Perfeito estado,Faixa de pedestre,Outras,,Dupla,Canteiro central,,
2019-11-13,13:03:00,COM VÍTIMA,DUPLICIDADE,AFOGADOS,RUA GENERAL SOUZA DOCA,,,EM FRENTE A ESCOLA CARMELA DUTRA,RUA GENERAL SOUZA DOCA,,EM FRENTE A ESCOLA CARMELA DUTRA,AFOGADOS,,,ATROPELAMENTO,VITIMA SOCORRIDA PELO SAMU,1,,,,1,,,,,1,,,,,,,,,,,,,,
2019-11-13,13:07:00,SEM VÍTIMA,FINALIZADA,SANTO AMARO,RUA DO POMBAL,,RUA PEDRO AFONSO,EM FRENTE AO POSTE NºB 021602,RUA DO POMBAL,,EM FRENTE AO POSTE NºB 021602,SANTO AMARO,,,ABALROAMENTO TRANSVERSAL,COLISÃO SEM VITIMAS,2,,,,,,,,,0,,Cruzamento,Bom,Não existe,Perfeito estado,Seca,Perfeito estado,Outros,Placas Pare,40 km/h,Dupla,Faixa contínua,Faixa seccionada,
2019-11-13,13:12:00,SEM VÍTIMA,FINALIZADA,BARRO,RUA MAJOR CHAGAS DE OLIVEIRA,,AV DR JOSE RUFINO,PRÓXIMO AO HOTEL OLIMPIKUS,RUA MAJOR CHAGAS DE OLIVEIRA,,PRÓXIMO AO HOTEL OLIMPIKUS,BARRO,,SUBURBIO,COLISÃO TRASEIRA,COLISÃO SEM VITIMAS,2,,,,,,1,,,0,,Cruzamento,Bom,Não existe,Perfeito estado,Seca,Perfeito estado,Não existe,Não há placas,,Única,Não existe,,
2019-11-13,14:19:00,SEM VÍTIMA,FINALIZADA,CIDADE UNIVERSITÁRIA,AV PROFESSOR LUIZ FREIRE,,,7º REGIÃO MILITAR DO EXÉRCITO,AV PROFESSOR LUIZ FREIRE,,7º REGIÃO MILITAR DO EXÉRCITO,CIDADE UNIVERSITÁRIA,,,COLISÃO TRASEIRA,ENTRE DOIS AUTOS S/V,2,,,,,,,,,0,,Longo da via,Bom,Não existe,Incompleta,Seca,Perfeito estado,,,,Dupla,Não existe,,
2019-11-13,15:18:00,SEM VÍTIMA,FINALIZADA,ILHA DO RETIRO,TUNEL CHICO SCIENCE,,,AO LADO DO ESTÁDIO ADELMAR DE COSTA CARVALHO,TUNEL CHICO SCIENCE,,AO LADO DO ESTÁDIO ADELMAR DE COSTA CARVALHO,ILHA DO RETIRO,,CIDADE,COLISÃO TRASEIRA,ENTRE DOIS AUTOS S/V,2,,,,,,,,,0,,,Bom,Não existe,Perfeito estado,Seca,Perfeito estado,Não existe,Não há placas,,Única,Não existe,,