data,hora,natureza_acidente,situacao,bairro,endereco,numero,detalhe_endereco_acidente,complemento,endereco_cruzamento,numero_cruzamento,referencia_cruzamento,bairro_cruzamento,num_semaforo,sentido_via,tipo,descricao,auto,moto,ciclom,ciclista,pedestre,onibus,caminhao,viatura,outros,vitimas,vitimasfatais,acidente_verificado,tempo_clima,situacao_semaforo,sinalizacao,condicao_via,conservacao_via,ponto_controle,situacao_placa,velocidade_max_via,mao_direcao,divisao_via1,divisao_via2,divisao_via3
2019-11-13,15:32:00,SEM VÍTIMA,CANCELADA,COELHOS,RUA DR JOSE MARIANO,595,,MADEREIRA VANDER CENTER,RUA DR JOSE MARIANO,595,MADEREIRA VANDER CENTER,COELHOS,,,COLISÃO,CAMINHÃO X AUTO,1,,,,,,1,,,0,,,,,,,,,,,,,,
2019-11-13,16:53:00,COM VÍTIMA,FINALIZADA,SANTO AMARO,RUA DO POMBAL,,RUA DOS PALMARES,,RUA DO POMBAL,,,SANTO AMARO,,CIDADE,ABALROAMENTO TRANSVERSAL,DOIS AUTOS,2,,,,,,,,,2,,Cruzamento,Bom,Não existe,Perfeito estado,Seca,Perfeito estado,Faixa de pedestre,Outras,,Dupla,Canteiro central,,
2019-11-13,17:05:00,SEM VÍTIMA,FINALIZADA,IMBIRIBEIRA,AV MARECHAL MASCARENHAS DE MORAES,,EST DO FRIGORIFICO,,AV MARECHAL MASCARENHAS DE MORAES,,,IMBIRIBEIRA,,CIDADE,ABALROAMENTO TRANSVERSAL,ONIBUS X AUTO PASSEIO S/V,1,,,,,1,,,,0,,,Bom,Não existe,Ilegível,Seca,Mal conservada,Não existe,Outras,60 km/h,Dupla,Canteiro central,,
2019-11-13,18:38:00,SEM VÍTIMA,FINALIZADA,MADALENA,RUA REAL DA TORRE,1309,,DROGARIA SÃO PAULO,RUA REAL DA TORRE,1309,DROGARIA SÃO PAULO,MADALENA,,,ABALROAMENTO LONGITUDINAL,ENTRE 2 AUTOS. S/V,2,,,,,,,,,0,,Longo da via,Bom,Sem defeito,Perfeito estado,Seca,Perfeito estado,Não existe,Não há placas,,Única,Não existe,,
2019-11-13,48:00:00,COM VÍTIMA,CANCELADA,ILHA DO RETIRO,AV BEIRA RIO,360,RUA HISBELO CAMPOS,ENF AO EDF MARIA AMELIA,AV BEIRA RIO,360,ENF AO EDF MARIA AMELIA,ILHA DO RETIRO,,,COLISÃO,MOTO X PALIO,1,1,,,,,,,,1,,,,,,,,,,,,,,
2019-11-13,19:08:00,SEM VÍTIMA,FINALIZADA,PINA,PTE GOVERNADOR PAULO GUERRA,,,PRÓXIMO AO ATACADO DOS PRESENTES,PTE GOVERNADOR PAULO GUERRA,,PRÓXIMO AO ATACADO DOS PRESENTES,PINA,,SUBURBIO,ABALROAMENTO LONGITUDINAL,ENTRE 2 AUTOS. S/V,2,,,,,,,,,0,,Longo da via,Bom,Não existe,Perfeito estado,Seca,Perfeito estado,Não existe,Não há placas,,Única,Faixa seccionada,,
2019-11-13,19:29:00,SEM VÍTIMA,FINALIZADA,MADALENA,EST DOS REMEDIOS,,,SOB O SEMÁFORO 051 DA BENFICA,EST DOS REMEDIOS,,SOB O SEMÁFORO 051 DA BENFICA,MADALENA,51,SUBURBIO,ABALROAMENTO LONGITUDINAL,CAMINHAO X HB 20 OBS: AG DA CTTU ALBERTO SILVA NO LOC AL,1,,,,,,1,,,0,,Cruzamento,Bom,Sem defeito,Perfeito estado,Seca,Perfeito estado,Faixa de pedestre,R-6a,,Única,Faixa seccionada,,
2019-11-13,19:33:00,COM VÍTIMA,FINALIZADA,CORDEIRO,AV MAURICIO DE NASSAU,,,,AV MAURICIO DE NASSAU,,,CORDEIRO,,SUBURBIO,ATROPELAMENTO ANIMAL,CAMINHÃO ACABOU COLIDINDO CONTRA O ANIMAL NA VIA,,,,,,,1,,,1,,Longo da via,Bom,Não existe,Perfeito estado,Seca,Mal conservada,Não existe,R-6a,,Dupla,Faixa contínua,,
2019-11-13,19:40:00,COM VÍTIMA,FINALIZADA,PINA,PTE GOVERNADOR PAULO GUERRA,,,ALÇA DE ACESSO AO SHOPPING RIO MAR.,PTE GOVERNADOR PAULO GUERRA,,ALÇA DE ACESSO AO SHOPPING RIO MAR.,PINA,,SUBURBIO,COLISÃO COM CICLISTA,AUTO E BICICLETA.,1,,,1,,,,,,1,,Ponte,Bom,Não existe,Perfeito estado,Seca,Perfeito estado,,Não há placas,60 km/h,Única,,,
2019-11-13,19:43:00,COM VÍTIMA,FINALIZADA,BOA VIAGEM,AV CONSELHEIRO AGUIAR,242,,E/F AO COLÉGIO DELMIRO GOUVEIA,AV CONSELHEIRO AGUIAR,242,E/F AO COLÉGIO DELMIRO GOUVEIA,BOA VIAGEM,,CIDADE,COLISÃO TRASEIRA,ENTRE AUTO E MOTO. C/V. SEGUNDO INFORMAÇÕES DO BOLETIM FÍSICO  A CONDUTORA DO VEÍCULO DE NÃO QUIS PERMANECER NO LOCAL DO ACIDENTE E REGISTRAR A OCORRÊNCIA.,1,1,,,,,,,,2,,Longo da via,Bom,Não existe,Perfeito estado,Seca,Perfeito estado,Não existe,Outras,,Única,Faixa seccionada,,
2019-11-13,20:08:00,SEM VÍTIMA,FINALIZADA,MADALENA,AV JOSE GONCALVES DE MEDEIROS,118,,EM FRENTE AO EDIFÍCIO DE Nº 118,AV JOSE GONCALVES DE MEDEIROS,118,EM FRENTE AO EDIFÍCIO DE Nº 118,MADALENA,,SUBURBIO,ABALROAMENTO LONGITUDINAL,ENTRE AUTO E MOTO. S/V,1,1,,,,,,,,0,,Cruzamento,Bom,Não existe,Perfeito estado,Seca,Perfeito estado,,Não há placas,,Dupla,Faixa contínua,,
2019-11-13,20:44:00,SEM VÍTIMA,FINALIZADA,IMBIRIBEIRA,RUA ALAMEDA DAS HORTENCIAS,,,CONDOMÍNIO SHOPPING PARK SPECIAL,RUA ALAMEDA DAS HORTENCIAS,,CONDOMÍNIO SHOPPING PARK SPECIAL,IMBIRIBEIRA,,SUBURBIO,ABALROAMENTO LONGITUDINAL,ENTRE 2 AUTOS. S/V,1,,,,,,1,,,0,,Longo da via,Bom,Não existe,Não existente,Seca,Perfeito estado,,Não há placas,30 km/h,Dupla,Não existe,,
2019-11-13,21:21:00,COM VÍTIMA,FINALIZADA,CASA AMARELA,RUA RAIMUNDO FREIXEIRA,251,RUA IRMA LUCIA,NA RUA DO SUPERMERCADO BOM DEMAIS,RUA RAIMUNDO FREIXEIRA,251,NA RUA DO SUPERMERCADO BOM DEMAIS,CASA AMARELA,,SUBURBIO,COLISÃO COM CICLISTA,ENTRE AUTO E CICLISTA. C/V,1,,,1,,,,,,1,,Esquina,Bom,Não existe,Incompleta,Seca,Perfeito estado,Não existe,,,Única,Não existe,,
2019-11-13,21:47:00,SEM VÍTIMA,FINALIZADA,BOA VIAGEM,AV ENGENHEIRO DOMINGOS FERREIRA,2755,,,AV ENGENHEIRO DOMINGOS FERREIRA,2755,,BOA VIAGEM,,SUBURBIO,COLISÃO TRASEIRA,PALIO X PRISMA,2,,,,,,,,,0,,Longo da via,Bom,Não existe,Incompleta,Seca,Mal iluminada,Não existe,Não há placas,,Única,Canteiro central,,
2019-11-13,22:11:00,COM VÍTIMA,FINALIZADA,BOA VIAGEM,RUA VISCONDE DE JEQUITINHONHA,396,RUA ERNESTO DE PAULA SANTOS,ENF. AO SUPERMERCADO SOBERANO,RUA VISCONDE DE JEQUITINHONHA,396,ENF. AO SUPERMERCADO SOBERANO,BOA VIAGEM,,CIDADE,ABALROAMENTO LONGITUDINAL,POLO X MOTO,1,1,,,,,,,,1,,Longo da via,Bom,Sem defeito,Perfeito estado,Seca,Perfeito estado,,R-6a,30 km/h,Única,,,
2019-11-14,00:10:00,SEM VÍTIMA,CANCELADA,BOA VIAGEM,AV MARECHAL JUAREZ TAVORA,,,POR TRÁS DA ESCOLA AMERICANA DO RECIFE  PROX DA RUA DEZ DE JULHO,AV MARECHAL JUAREZ TAVORA,,POR TRÁS DA ESCOLA AMERICANA DO RECIFE  PROX DA RUA DEZ DE JULHO,BOA VIAGEM,,,COLISÃO,COLISÃO ENTRE DOIS AUTOS S/V,2,,,,,,,,,0,,,,,,,,,,,,,,
2019-11-14,07:04:00,SEM VÍTIMA,FINALIZADA,CASA AMARELA,AV NORTE,,,EM FRENTE A MATERNIDADE BARROS LIMA,AV NORTE,,EM FRENTE A MATERNIDADE BARROS LIMA,CASA AMARELA,256,SUBURBIO,COLISÃO TRASEIRA,DOIS AUTOS,2,,,,,,,,,0,,Longo da via,Bom,Sem defeito,Perfeito estado,Seca,Perfeito estado,Faixa de pedestre,R-6a,,Dupla,Canteiro central,,
2019-11-14,07:50:00,SEM VÍTIMA,FINALIZADA,CORDEIRO,AV GENERAL SAN MARTIN,,RUA GOMES TABORDA,EM FRENTE AO POSTO PETRONAL,AV GENERAL SAN MARTIN,,EM FRENTE AO POSTO PETRONAL,CORDEIRO,67,,COLISÃO TRASEIRA,DOIS AUTOS,2,,,,,,,,,0,,Cruzamento,Bom,Sem defeito,Perfeito estado,Seca,Perfeito estado,Agente,Não há placas,,Dupla,Faixa contínua,,
2019-11-14,08:38:00,SEM VÍTIMA,FINALIZADA,SANTO AMARO,AV GOVERNADOR AGAMENON MAGALHAES,,,UNIVERSIDADE DE PERNAMBUCO UPE,AV GOVERNADOR AGAMENON MAGALHAES,,UNIVERSIDADE DE PERNAMBUCO UPE,SANTO AMARO,,SUBURBIO,ABALROAMENTO LONGITUDINAL,DOIS AUTOS,2,,,,,,,,,0,,Longo da via,Bom,Não existe,Perfeito estado,Seca,Perfeito estado,Não existe,Não há placas,,Dupla,Canal,,
2019-11-14,08:44:00,SEM VÍTIMA,FINALIZADA,ESPINHEIRO,RUA CONS PORTELA,,RUA QUARENTA E OITO,SOB O SEMF. Nº 11 AO LADO DDA FARMÁCIA PAGUE MENOS,RUA CONS PORTELA,,SOB O SEMF. Nº 11 AO LADO DDA FARMÁCIA PAGUE MENOS,ESPINHEIRO,11,CIDADE,ABALROAMENTO LONGITUDINAL,COLISÃO S/ VITIMA ONIBUS E UM AUTO,1,,,,,1,,,,0,,Cruzamento,Bom,Sem defeito,Perfeito estado,Seca,Perfeito estado,Agente,Não há placas,40 km/h,Única,Faixa seccionada,,
2019-11-14,08:55:00,SEM VÍTIMA,FINALIZADA,CURADO,RUA JUNDIAI,438,,PROX A EMPRESA PAGU  NO ULTIMO PORTÃO DA CEASA,RUA JUNDIAI,438,PROX A EMPRESA PAGU  NO ULTIMO PORTÃO DA CEASA,CURADO,,SUBURBIO,COLISÃO,COLISÃO S/VITIMA DOIS AUTOS,2,,,,,,,,,0,,,,,,,,,,,,,,
2019-11-14,09:04:00,SEM VÍTIMA,FINALIZADA,CORDEIRO,AV CAXANGA,,RUA PACIFICO DA LUZ,TOP CAR VEÍCULOS,AV CAXANGA,,TOP CAR VEÍCULOS,CORDEIRO,,,COLISÃO TRASEIRA,DOIS AUTOS,2,,,,,,,,,0,,Longo da via,Bom,Sem defeito,Perfeito estado,Seca,Perfeito estado,Faixa de pedestre,Não há placas,,Dupla,Canteiro central,,
2019-11-14,09:05:00,SEM VÍTIMA,FINALIZADA,ESPINHEIRO,RUA JOSE LUIZ DA SILVEIRA BARROS,71,,MENTHEL APARELHOS AUDITIVOS,RUA JOSE LUIZ DA SILVEIRA BARROS,71,MENTHEL APARELHOS AUDITIVOS,ESPINHEIRO,,,ABALROAMENTO LONGITUDINAL,COLISÃO S/ VITIMA DOIS AUTOS,2,,,,,,,,,0,,Longo da via,Bom,Não existe,Perfeito estado,Seca,Perfeito estado,Não existe,R-6b,40 km/h,Única,Não existe,,
2019-11-14,09:19:00,SEM VÍTIMA,CANCELADA,APIPUCOS,RUA DE APIPUCOS,,,PROX. AO 11° BATALHÃO NO SEMAFORO 248,RUA DE APIPUCOS,,PROX. AO 11° BATALHÃO NO SEMAFORO 248,APIPUCOS,,,COLISÃO,ONIBUS E AUTO,1,,,,,1,,,,0,,,,,,,,,,,,,,
2019-11-14,09:22:00,SEM VÍTIMA,FINALIZADA,ESTÂNCIA,AV RECIFE,,,EM FRENTE AO SUPERMERCADO MAKRO,AV RECIFE,,EM FRENTE AO SUPERMERCADO MAKRO,ESTÂNCIA,,SUBURBIO,COLISÃO TRASEIRA,SEM VITIMAS/O VEÍCULO STRADA ESTÁ COM O RADIADOR ESTOURADO,2,,,,,,,,,0,,Longo da via,Bom,Sem defeito,Perfeito estado,Seca,Perfeito estado,Faixa de pedestre,Não há placas,,Dupla,Canteiro central,,
2019-11-14,09:23:00,SEM VÍTIMA,FINALIZADA,AFOGADOS,AV SUL,,,ESTAÇÃO LARGO DA PAZ,AV SUL,,ESTAÇÃO LARGO DA PAZ,AFOGADOS,,CIDADE,ABALROAMENTO LONGITUDINAL,CAMINHÃO E AUTO,1,,,,,,1,,,0,,Longo da via,Bom,Não existe,Perfeito estado,Seca,Perfeito estado,Não existe,R-6a,40 km/h,Única,Faixa seccionada,,
2019-11-14,09:41:00,SEM VÍTIMA,FINALIZADA,CORDEIRO,AV MAURICIO DE NASSAU,,,POR TRÁS DA EXPOSIÇÃO DE ANIMAIS / PRÓXIMO AO POSTE H 027761,AV MAURICIO DE NASSAU,,POR TRÁS DA EXPOSIÇÃO DE ANIMAIS / PRÓXIMO AO POSTE H 027761,CORDEIRO,,CIDADE,COLISÃO TRASEIRA,SEM VITIMAS.,2,,,,,,,,,0,,Longo da via,Bom,Não existe,Perfeito estado,Seca,Perfeito estado,Não existe,Não há placas,40 km/h,Dupla,Faixa contínua,,
2019-11-14,10:01:00,SEM VÍTIMA,FINALIZADA,ESTÂNCIA,AV RECIFE,5630,AV JOAO CABRAL DE MELO NETO,SOB O SEMÁFORO,AV RECIFE,5630,SOB O SEMÁFORO,ESTÂNCIA,259,,ABALROAMENTO TRANSVERSAL,SEM VITIMAS,2,,,,,,,,,0,,Cruzamento,Bom,Sem defeito,Perfeito estado,Seca,Perfeito estado,Não existe,Não há placas,60 km/h,Única,Não existe,,
2019-11-14,10:04:00,SEM VÍTIMA,CANCELADA,CAXANGÁ,AV CAXANGA,345,,PROX AO BRANCO SANTANDER,AV CAXANGA,345,PROX AO BRANCO SANTANDER,CAXANGÁ,,CIDADE,COLISÃO,COLISÃO S/ VITIMA UM AUTO E UM ONIBUS,1,,,,,1,,,,0,,,,,,,,,,,,,,
2019-11-14,10:41:00,SEM VÍTIMA,FINALIZADA,DERBY,AV GOVERNADOR AGAMENON MAGALHAES,,,EM FRENTE AO SEMÁFORO 417 - SENTIDO BOA VIAGEM,AV GOVERNADOR AGAMENON MAGALHAES,,EM FRENTE AO SEMÁFORO 417 - SENTIDO BOA VIAGEM,DERBY,417,,COLISÃO FRONTAL,VT PM E AUTO PASSEIO,2,,,,,,,,,0,,Longo da via,Bom,Sem defeito,Perfeito estado,Seca,Perfeito estado,Faixa de pedestre,,60 km/h,Dupla,Canal,,
2019-11-14,10:47:00,SEM VÍTIMA,FINALIZADA,AREIAS,AV RECIFE,936,,EM FRENTE AO 936,AV RECIFE,936,EM FRENTE AO 936,AREIAS,,,ABALROAMENTO LONGITUDINAL,,1,1,,,,,,,,0,,Longo da via,Bom,Sem defeito,Perfeito estado,Seca,Perfeito estado,,Não há placas,60 km/h,,Faixa seccionada,,
2019-11-14,11:07:00,SEM VÍTIMA,FINALIZADA,BOA VISTA,AV MONTEVIDEU,220,RUA TABIRA,,AV MONTEVIDEU,220,,BOA VISTA,,CIDADE,ABALROAMENTO LONGITUDINAL,DOIS AUTO,2,,,,,,,,,0,,Cruzamento,Bom,Não existe,Perfeito estado,Seca,Perfeito estado,Não existe,R-6a,30 km/h,Única,Faixa seccionada,,
2019-11-14,11:31:00,SEM VÍTIMA,FINALIZADA,APIPUCOS,RUA CAETES,404,,,RUA CAETES,404,,APIPUCOS,,SUBURBIO,CHOQUE VEÍCULO PARADO,DOIS AUTOS,2,,,,,,,,,0,,Longo da via,Bom,Não existe,,Seca,,,,,Dupla,,,
2019-11-14,11:42:00,SEM VÍTIMA,FINALIZADA,DERBY,AV RUI BARBOSA,,,EM FRENTE AO TRE,AV RUI BARBOSA,,EM FRENTE AO TRE,DERBY,,CIDADE,ABALROAMENTO LONGITUDINAL,SEM VITIMAS/VIATURA OFICIAL DESCARACTERIZADA,1,1,,,,,,,,0,,Longo da via,Bom,Não existe,Perfeito estado,Seca,Perfeito estado,Não existe,Não há placas,,Única,,,
2019-11-14,11:48:00,SEM VÍTIMA,FINALIZADA,CORDEIRO,RUA GOMES TABORDA,1085,RUA GREGORIO JUNIOR,JUNIOR BATERIA,RUA GOMES TABORDA,1085,JUNIOR BATERIA,CORDEIRO,,CIDADE,COLISÃO TRASEIRA,COLISÃO S/ VITIMA ENTRE DOIS AUTOS.,2,,,,,,,,,0,,Longo da via,Bom,Não existe,Perfeito estado,Seca,Perfeito estado,Não existe,Não há placas,,Dupla,Faixa seccionada,,
2019-11-14,11:56:00,SEM VÍTIMA,FINALIZADA,AFOGADOS,RUA DA PAZ,125,,EMPRESA ASA,RUA DA PAZ,125,EMPRESA ASA,AFOGADOS,,SUBURBIO,ABALROAMENTO LONGITUDINAL,COLISÃO S/ VITIMA AUTO E CAMINHÃO,1,,,,,,1,,1,0,,Longo da via,Bom,Sem defeito,Perfeito estado,Seca,Perfeito estado,Não existe,Não há placas,40 km/h,Única,Faixa seccionada,,
2019-11-14,12:03:00,SEM VÍTIMA,FINALIZADA,PINA,PTE GOVERNADOR PAULO GUERRA,,AV ANTONIO DE GOES,POSTE Nº P 010434,PTE GOVERNADOR PAULO GUERRA,,POSTE Nº P 010434,PINA,,,COLISÃO,COLISÃO S/ VITIMA,1,,,,,,1,,,0,,Ponte,Bom,Não existe,Perfeito estado,Seca,Perfeito estado,Não existe,Não há placas,60 km/h,Única,Faixa seccionada,,
2019-11-14,12:10:00,COM VÍTIMA,FINALIZADA,BOA VIAGEM,AVENIDA CELSO FURTADO (VIA MANGUE),,AV FERNANDO SIMOES BARBOSA,,AVENIDA CELSO FURTADO (VIA MANGUE),,,BOA VIAGEM,,SUBURBIO,COLISÃO,SEGUNDO INFORMAÇÕES DO BOLETIM FÍSICO CONFECCIONADO PELO INSPETOR FORAM FEITAS VÁRIAS VARREDURAS NAS REDONDEZAS DO LOCAL DO ACIDENTE SEM ÊXITO AO SE TENTAR ENCONTRAR OS VEÍCULOS ENVOLVIDOS  SENDO A VÍTIMA RESGATADA PELO CORPO DE BOMBEIROS DE DENTRO DO MANGUE QUE FICA SOB O VIADUTO.,,,,,,,,,,1,,Viaduto,Bom,Não existe,Perfeito estado,Seca,Perfeito estado,,,,Única,,,
2019-11-14,12:23:00,SEM VÍTIMA,CANCELADA,BOA VISTA,RUA DA UNIAO,349,RUA MAMEDE SIMOES,EM FRENTE AO BAR BOI NEON,RUA DA UNIAO,349,EM FRENTE AO BAR BOI NEON,BOA VISTA,,,COLISÃO,COLISAO ENTRE AUTO/MOTO,1,1,,,,,,,,0,,,,,,,,,,,,,,
2019-11-14,12:55:00,SEM VÍTIMA,FINALIZADA,GRAÇAS,RUA DAS CREOULAS,251,AV RUI BARBOSA,EM FRENTE AO BANCO ITAÚ,RUA DAS CREOULAS,251,EM FRENTE AO BANCO ITAÚ,GRAÇAS,102,CIDADE,ABALROAMENTO LONGITUDINAL,COLISÃO SEM VITIMAS,2,,,,,,,,,0,,Longo da via,Bom,Sem defeito,Perfeito estado,Seca,Perfeito estado,Agente,,,Única,Faixa contínua,,
2019-11-14,12:56:00,SEM VÍTIMA,CANCELADA,TAMARINEIRA,RUA CONEGO BARATA,2224,,E/F A CASA JOSÉ ARAÚJO,RUA CONEGO BARATA,2224,E/F A CASA JOSÉ ARAÚJO,TAMARINEIRA,61,,COLISÃO,COLISÃO S/VITIMAS ENTRE DOIS AUTOS,2,,,,,,,,,0,,,,,,,,,,,,,,
2019-11-14,12:58:00,SEM VÍTIMA,FINALIZADA,JARDIM SÃO PAULO,RUA LORENA,,RUA LEANDRO BARRETO,ACADEMIA WM,RUA LORENA,,ACADEMIA WM,JARDIM SÃO PAULO,,,ABALROAMENTO LONGITUDINAL,COLISAO ENTRE 2 AUTOS,2,,,,,,,,,0,,Cruzamento,Bom,Não existe,Não existente,Seca,Perfeito estado,Não existe,Não há placas,,Dupla,Não existe,,
2019-11-14,13:09:00,SEM VÍTIMA,FINALIZADA,GRAÇAS,RUA ALBERTO PAIVA,,RUA ANTONIO NOVAIS,,RUA ALBERTO PAIVA,,,GRAÇAS,360,SUBURBIO,COLISÃO TRASEIRA,COLISAO ENTRE QUATRO AUTOS S/V,4,,,,,,,,,0,,Longo da via,Bom,Sem defeito,Perfeito estado,Seca,Perfeito estado,Faixa de pedestre,Não há placas,,Única,Faixa seccionada,,
2019-11-14,13:19:00,SEM VÍTIMA,FINALIZADA,BOA VISTA,RUA DO HOSPICIO,563,RUA PRINCESA IZABEL,HOSPITAL GERAL DO RECIFE,RUA DO HOSPICIO,563,HOSPITAL GERAL DO RECIFE,BOA VISTA,31,CIDADE,COLISÃO TRASEIRA,COLISAO ENTRE DOIS AUTOS S/V,2,,,,,,,,1,0,,Longo da via,Bom,Sem defeito,Perfeito estado,Seca,Perfeito estado,Agente,Não há placas,,Única,Não existe,,
2019-11-14,13:22:00,SEM VÍTIMA,FINALIZADA,BOA VISTA,RUA DO HOSPICIO,737,,BRT ESTAÇÃO TREZE DE MAIO,RUA DO HOSPICIO,737,BRT ESTAÇÃO TREZE DE MAIO,BOA VISTA,,CIDADE,ABALROAMENTO LONGITUDINAL,COLISÃO SEM VITIMAS,1,,,,,1,,,,0,,Longo da via,Bom,Não existe,Perfeito estado,Seca,Perfeito estado,Não existe,R-6a,,Única,Não existe,,
2019-11-14,13:35:00,SEM VÍTIMA,FINALIZADA,BARRO,AV CENTRAL,,,TERMINAL INTEGRADO DO BARRO,AV CENTRAL,,TERMINAL INTEGRADO DO BARRO,BARRO,,SUBURBIO,ABALROAMENTO TRANSVERSAL,COLISÃO S/VITIMAS ENTRE UM ONIBUS E UM AUTO,1,,,,,,,,1,0,,,Bom,Não existe,Perfeito estado,Seca,Perfeito estado,,Não há placas,40 km/h,Dupla,Faixa seccionada,,
2019-11-14,13:39:00,SEM VÍTIMA,DUPLICIDADE,JARDIM SÃO PAULO,AV CENTRAL,,,NA SAIDA DA INTEGRAÇÃO DO BARRO,AV CENTRAL,,NA SAIDA DA INTEGRAÇÃO DO BARRO,JARDIM SÃO PAULO,,,COLISÃO,COLISÃO SEM VITIMAS,1,,,,,1,,,,0,,,,,,,,,,,,,,
2019-11-14,14:04:00,SEM VÍTIMA,FINALIZADA,SAN MARTIN,AV GENERAL SAN MARTIN,,RUA GOMES TABORDA,,AV GENERAL SAN MARTIN,,,SAN MARTIN,67,SUBURBIO,ABALROAMENTO LONGITUDINAL,COLISÃO SEM VITIMAS,1,,,,,1,,,,0,,Cruzamento,Bom,Sem defeito,Perfeito estado,Seca,Perfeito estado,Agente,Não há placas,,Dupla,Não existe,,
2019-11-14,14:17:00,SEM VÍTIMA,FINALIZADA,IBURA,AV DOIS RIOS,,RUA RIO XINGU,PRÓXIMO AO POSTO BR,AV DOIS RIOS,,PRÓXIMO AO POSTO BR,IBURA,351,,COLISÃO TRASEIRA,COLISÃO SEM VITIMAS,1,,,,,1,,,,0,,Longo da via,Bom,Sem defeito,Perfeito estado,Seca,Perfeito estado,Agente,Não há placas,40 km/h,Dupla,Faixa contínua,,
2019-11-14,14:28:00,SEM VÍTIMA,CANCELADA,TORRE,RUA DR SAMUEL LINS,182,,EM FRENTE AO EDIFICIO RIO DA PRATA,RUA DR SAMUEL LINS,182,EM FRENTE AO EDIFICIO RIO DA PRATA,TORRE,,,COLISÃO,COLISÃO SEM VITIMAS,2,,,,,,,,,0,,,,,,,,,,,,,,
2019-11-14,14:31:00,SEM VÍTIMA,CANCELADA,PARNAMIRIM,AV FLOR DE SANTANA,,,FINAL DA RUA DO BURGER KING,AV FLOR DE SANTANA,,FINAL DA RUA DO BURGER KING,PARNAMIRIM,,,COLISÃO,COLISÃO SEM VITIMAS,2,,,,,,,,,0,,,,,,,,,,,,,,
2019-11-14,14:37:00,SEM VÍTIMA,FINALIZADA,BAIRRO DO RECIFE,RUA MADRE DEUS,,,EM FRENTE AO POSTE B 015701,RUA MADRE DEUS,,EM FRENTE AO POSTE B 015701,BAIRRO DO RECIFE,,CIDADE,ABALROAMENTO LONGITUDINAL,COLISÃO/SEM VÍTIMA,1,1,,,,,,,,0,,Longo da via,Bom,Não existe,Incompleta,Seca,Perfeito estado,,Outras,,Única,Não existe,,
2019-11-14,14:45:00,SEM VÍTIMA,FINALIZADA,SANTO AMARO,RUA FREI CASSIMIRO,,RUA DO POMBAL,CRUZAMENTO,RUA FREI CASSIMIRO,,CRUZAMENTO,SANTO AMARO,,,ABALROAMENTO LONGITUDINAL,COLISÃO S/VITIMAS ENTRE DOIS AUTOS,2,,,,,,,,,0,,Cruzamento,Bom,Não existe,Perfeito estado,Seca,Perfeito estado,Faixa de retenção,Placas Pare,,Dupla,Canteiro central,,
2019-11-14,14:44:00,COM VÍTIMA,FINALIZADA,IMBIRIBEIRA,AV MARECHAL MASCARENHAS DE MORAES,,,EM FRENTE AO JUIZADO ESPECIAL /AO LADO DA FACULDADE UNIVERSO,AV MARECHAL MASCARENHAS DE MORAES,,EM FRENTE AO JUIZADO ESPECIAL /AO LADO DA FACULDADE UNIVERSO,IMBIRIBEIRA,,CIDADE,ABALROAMENTO LONGITUDINAL,ACIDENTE COM VÍTIMA. SEGUNDO INFORMAÇÕES DO BOLETIM FÍSICO  O CONDUTOR DO VEÍCULO DE PLACA - APÓS A COLISÃO  INFORMOU QUE IRIA BUSCAR ÁGUA E EVADIU-SE DO LOCAL.,1,1,,,,,,,,1,,Longo da via,Bom,Sem defeito,Perfeito estado,Seca,Perfeito estado,Não existe,Não há placas,60 km/h,Dupla,Faixa contínua,Faixa seccionada,Canteiro central
2019-11-14,14:55:00,SEM VÍTIMA,FINALIZADA,LINHA DO TIRO,RUA URIEL DE HOLANDA,829,,PARADA DE ÔNIBUS Nº 120160,RUA URIEL DE HOLANDA,829,PARADA DE ÔNIBUS Nº 120160,LINHA DO TIRO,,SUBURBIO,COLISÃO TRASEIRA,COLISAO ENTRE AUTO/ONIBUS,1,,,,,1,,,,0,,Longo da via,Bom,Não existe,Perfeito estado,Seca,Perfeito estado,,,,Dupla,,,
2019-11-14,15:08:00,SEM VÍTIMA,DUPLICIDADE,SANTO AMARO,RUA FREI CASSIMIRO,,RUA DO POMBAL,AO LADO DA OFICINA ADELMO SUSPENSÃO,RUA FREI CASSIMIRO,,AO LADO DA OFICINA ADELMO SUSPENSÃO,SANTO AMARO,,,COLISÃO,COLISÃO SEM VITIMAS,2,,,,,,,,,0,,,,,,,,,,,,,,
2019-11-14,15:19:00,SEM VÍTIMA,FINALIZADA,CORDEIRO,AV CAXANGA,670,,TINTEL VEÍCULOS,AV CAXANGA,670,TINTEL VEÍCULOS,CORDEIRO,,SUBURBIO,ABALROAMENTO LONGITUDINAL,COLISAO ENTRE AUTO E MOTO S/V,1,1,,,,,,,,0,,Longo da via,Bom,Não existe,Perfeito estado,Seca,Perfeito estado,Não existe,Não há placas,,Dupla,Canteiro central,,
2019-11-14,15:22:00,SEM VÍTIMA,CANCELADA,BREJO DA GUABIRABA,AV VEREADOR OTACILIO AZEVEDO,,,PRÓXIMO AO TERMINAL DO BREJO DA GUABIRABA  LADO OPOSTO AO N. 756   GÁS BRASIL,AV VEREADOR OTACILIO AZEVEDO,,PRÓXIMO AO TERMINAL DO BREJO DA GUABIRABA  LADO OPOSTO AO N. 756   GÁS BRASIL,BREJO DA GUABIRABA,,,COLISÃO,,,2,,,,,,,,0,,,,,,,,,,,,,,