data,hora,natureza_acidente,situacao,bairro,endereco,numero,detalhe_endereco_acidente,complemento,endereco_cruzamento,numero_cruzamento,referencia_cruzamento,bairro_cruzamento,num_semaforo,sentido_via,tipo,descricao,auto,moto,ciclom,ciclista,pedestre,onibus,caminhao,viatura,outros,vitimas,vitimasfatais,acidente_verificado,tempo_clima,situacao_semaforo,sinalizacao,condicao_via,conservacao_via,ponto_controle,situacao_placa,velocidade_max_via,mao_direcao,divisao_via1,divisao_via2,divisao_via3
2019-11-17,08:15:00,SEM VÍTIMA,FINALIZADA,MADALENA,RUA REAL DA TORRE,918,,AO LADO DO POSTO SETTA,RUA REAL DA TORRE,918,AO LADO DO POSTO SETTA,MADALENA,,CIDADE,COLISÃO TRASEIRA,COLISÃO S/VITIMAS ENTRE DOIS AUTOS,2,,,,,,,,,0,,Longo da via,Bom,Não existe,Não existente,Seca,,Não existe,R-6a,,Única,Não existe,,
2019-11-17,08:35:00,SEM VÍTIMA,FINALIZADA,BOA VIAGEM,AV ENGENHEIRO DOMINGOS FERREIRA,,,AO LADO DA DELEGACIA DE BOA VIAGEM,AV ENGENHEIRO DOMINGOS FERREIRA,,AO LADO DA DELEGACIA DE BOA VIAGEM,BOA VIAGEM,,SUBURBIO,ABALROAMENTO LONGITUDINAL,ONIBUS E AUTO,1,,,,,1,,,,0,,Longo da via,Bom,Não existe,Perfeito estado,Seca,Perfeito estado,Não existe,R-6a,,Única,Faixa seccionada,,
2019-11-17,10:17:00,SEM VÍTIMA,FINALIZADA,GRAÇAS,AV RUI BARBOSA,,,EM FRENTE AO PARQUE DA JAQUEIRA,AV RUI BARBOSA,,EM FRENTE AO PARQUE DA JAQUEIRA,GRAÇAS,,CIDADE,CHOQUE VEÍCULO PARADO,DOIS AUTOS,2,,,,,,,,,0,,Longo da via,Bom,Não existe,Perfeito estado,Seca,Perfeito estado,Não existe,,,Única,Faixa seccionada,,
2019-11-17,10:44:00,SEM VÍTIMA,FINALIZADA,ÁGUA FRIA,RUA JAPARANDUBA,77,,,RUA JAPARANDUBA,77,,ÁGUA FRIA,,CIDADE,ABALROAMENTO LONGITUDINAL,,2,,,,,,,,,0,,Longo da via,Bom,Não existe,Perfeito estado,Seca,Perfeito estado,Não existe,Não há placas,40 km/h,Única,Faixa seccionada,,
2019-11-17,10:54:00,COM VÍTIMA,FINALIZADA,ARRUDA,RUA DAS MOCAS,32,,EM FRENTE AO ARMAZEM SÃO JOÃO,RUA DAS MOCAS,32,EM FRENTE AO ARMAZEM SÃO JOÃO,ARRUDA,,,COLISÃO COM CICLISTA,COM UMA VITIMA AGUARDANDO SAMU/,,1,,1,,,,,,1,,,,,,,,,,,,,,
2019-11-17,10:58:00,SEM VÍTIMA,CANCELADA,COQUEIRAL,RUA GUANABARA,403,,EM FRENTE A PANIFICADORA NOVA ESPERANÇA,RUA GUANABARA,403,EM FRENTE A PANIFICADORA NOVA ESPERANÇA,COQUEIRAL,,,COLISÃO,DOIS AUTOS,2,,,,,,,,,0,,,,,,,,,,,,,,
2019-11-17,11:39:00,SEM VÍTIMA,FINALIZADA,VÁRZEA,AV CAXANGA,,,SOB A PONTE DA VÁRZEA,AV CAXANGA,,SOB A PONTE DA VÁRZEA,VÁRZEA,588,CIDADE,COLISÃO TRASEIRA,DOIS AUTOS,2,,,,,,,,,0,,Ponte,Bom,Sem defeito,Perfeito estado,Seca,Perfeito estado,,,,Dupla,Canteiro central,,
2019-11-17,11:59:00,SEM VÍTIMA,FINALIZADA,TAMARINEIRA,RUA CONEGO BARATA,,,FERREIRA COSTA,RUA CONEGO BARATA,,FERREIRA COSTA,TAMARINEIRA,,,ABALROAMENTO LONGITUDINAL,COLISÃO SEM VITIMA,2,,,,,,,,,0,,Longo da via,Bom,Não existe,,Seca,Perfeito estado,Agente,Não há placas,,Única,,,
2019-11-17,12:10:00,SEM VÍTIMA,CANCELADA,PARNAMIRIM,AV PARNAMIRIM,327,,ANTES DO SERPRO,AV PARNAMIRIM,327,ANTES DO SERPRO,PARNAMIRIM,,,COLISÃO,COLISÃO SEM VITIMA,2,,,,,,,,,0,,,,,,,,,,,,,,
2019-11-17,12:26:00,COM VÍTIMA,FINALIZADA,TORRE,RUA DOM MANOEL DA COSTA,321,RUA PADRE LANDIM,PROX A IGREJA DA TORRE,RUA DOM MANOEL DA COSTA,321,PROX A IGREJA DA TORRE,TORRE,,CIDADE,COLISÃO TRASEIRA,COLISAO ENTRE AUTO/MOTO,1,1,,,,,,,,1,,Longo da via,Bom,Não existe,Perfeito estado,Seca,Perfeito estado,Não existe,Não há placas,40 km/h,Única,Faixa seccionada,,
2019-11-17,12:57:00,SEM VÍTIMA,FINALIZADA,DERBY,AV GOVERNADOR AGAMENON MAGALHAES,,RUA PAISSANDU,SOBRE A PONTE / SENT CIDADE,AV GOVERNADOR AGAMENON MAGALHAES,,SOBRE A PONTE / SENT CIDADE,DERBY,69,SUBURBIO,COLISÃO FRONTAL,,2,,,,,1,,,,0,,Cruzamento,Bom,Sem defeito,Perfeito estado,Seca,Perfeito estado,Faixa de pedestre,Outras,40 km/h,Única,Canteiro central,,
2019-11-17,13:18:00,SEM VÍTIMA,FINALIZADA,MACAXEIRA,RUA CARLOS MARIGHELLA,567,RUA CORREGO DA AREIA,EM FRENTE AO SALÃO VITÓRIA,RUA CARLOS MARIGHELLA,567,EM FRENTE AO SALÃO VITÓRIA,MACAXEIRA,,,COLISÃO FRONTAL,COLISÃO SEM VITIMA,2,,,,,,,,,0,,Cruzamento,Bom,Não existe,Perfeito estado,Seca,Perfeito estado,Não existe,Não há placas,,Dupla,Não existe,,
2019-11-17,13:31:00,SEM VÍTIMA,FINALIZADA,SANTO ANTÔNIO,AV MARTINS DE BARROS,,,SECRETARIA DA FAZENDA DO ESTADO DE PERNAMBUCO,AV MARTINS DE BARROS,,SECRETARIA DA FAZENDA DO ESTADO DE PERNAMBUCO,SANTO ANTÔNIO,164,CIDADE,ABALROAMENTO LONGITUDINAL,COLISAO ENTRE AUTO/ONIBUS BRT,1,,,,,1,,,,0,,Longo da via,Bom,Sem defeito,Perfeito estado,Seca,Perfeito estado,Faixa de pedestre,Outras,,Única,Faixa seccionada,,
2019-11-17,14:59:00,COM VÍTIMA,FINALIZADA,BOA VIAGEM,AV BOA VIAGEM,2530,,EDIF. MARIA EDUARDA,AV BOA VIAGEM,2530,EDIF. MARIA EDUARDA,BOA VIAGEM,,CIDADE,ABALROAMENTO LONGITUDINAL,COLISÃO COM VITIMA ENTRE DOIS AUTOS E UMA MOTO,2,1,,,,,,,,1,,Longo da via,Bom,,Perfeito estado,Seca,Perfeito estado,Não existe,Não há placas,,Única,Faixa seccionada,,
2019-11-17,16:02:00,SEM VÍTIMA,CANCELADA,CORDEIRO,AV MAURICIO DE NASSAU,11,,EM FRENTE A CRECHE LUTANDO QUE SE CONQUISTA,AV MAURICIO DE NASSAU,11,EM FRENTE A CRECHE LUTANDO QUE SE CONQUISTA,CORDEIRO,,,COLISÃO,COLISAO ENTRE 2 AUTOS,2,,,,,,,,,0,,,,,,,,,,,,,,
2019-11-17,17:21:00,SEM VÍTIMA,FINALIZADA,BOA VIAGEM,RUA JOAO CARDOSO AIRES,,RUA JOSE HIPOLITO CARDOSO,,RUA JOAO CARDOSO AIRES,,,BOA VIAGEM,,SUBURBIO,ABALROAMENTO LONGITUDINAL,COLISAO ENTRE 2 AUTOS S/V,2,,,,,,,,,0,,Cruzamento,Bom,Não existe,Perfeito estado,Seca,Perfeito estado,Não existe,R-6a,,,Faixa seccionada,,
2019-11-17,17:45:00,SEM VÍTIMA,FINALIZADA,NOVA DESCOBERTA,RUA DA PAZ,,,AO LADO DA TUPA DE NOVA DESCOBERTA,RUA DA PAZ,,AO LADO DA TUPA DE NOVA DESCOBERTA,NOVA DESCOBERTA,,SUBURBIO,ABALROAMENTO LONGITUDINAL,COLISÃO SEM VITIMA,1,,,,,1,,,,0,,,Bom,Não existe,Perfeito estado,Seca,Perfeito estado,Outros,Não há placas,,Dupla,,,
2019-11-17,18:49:00,SEM VÍTIMA,CANCELADA,IMBIRIBEIRA,AV MARECHAL MASCARENHAS DE MORAES,,RUA JOAO FONTES,ENF AO HOTEL AEROPORTO E JUSTIÇA DO TRABALHO,AV MARECHAL MASCARENHAS DE MORAES,,ENF AO HOTEL AEROPORTO E JUSTIÇA DO TRABALHO,IMBIRIBEIRA,471,CIDADE,COLISÃO,JEEP X FOX OBS : SUSPEITA DE EMBRIAGUEZ CONDUTOR DO JEEP,2,,,,,,,,,0,,,,,,,,,,,,,,
2019-11-17,19:11:00,SEM VÍTIMA,FINALIZADA,BOA VIAGEM,AV DOM JOAO VI,,RUA PEDRO PAES MENDONCA,SEMÁFORO 543,AV DOM JOAO VI,,SEMÁFORO 543,BOA VIAGEM,,CIDADE,ABALROAMENTO LONGITUDINAL,ENTRE 2 AUTOS. S/V,2,,,,,,,,,0,,Cruzamento,Bom,Sem defeito,Perfeito estado,Seca,Perfeito estado,Faixa de pedestre,Não há placas,50 km/h,Única,,,
2019-11-17,19:12:00,SEM VÍTIMA,FINALIZADA,CASA AMARELA,RUA PAULA BATISTA,,EST DO ARRAIAL,AGENCIA NACIONAL DE MINERAÇAO,RUA PAULA BATISTA,,AGENCIA NACIONAL DE MINERAÇAO,CASA AMARELA,283,SUBURBIO,ABALROAMENTO LONGITUDINAL,GOL X ONIBUS PEDROSA,1,,,,,1,,,,0,,Cruzamento,Bom,Sem defeito,,Seca,Perfeito estado,Faixa de pedestre,Outras,,Única,,,
2019-11-17,19:19:00,COM VÍTIMA,FINALIZADA,SAN MARTIN,RUA ARSENIO CALACA,3010,RUA VINTE E UM DE ABRIL,PRÓX AO BPTRAN,RUA ARSENIO CALACA,3010,PRÓX AO BPTRAN,SAN MARTIN,,SUBURBIO,ABALROAMENTO TRANSVERSAL,AUTO E MOTO,1,1,,,,,,,,1,,Cruzamento,Bom,Não existe,Não existente,Seca,Perfeito estado,Não existe,Não há placas,,Dupla,Faixa seccionada,,
2019-11-17,19:51:00,COM VÍTIMA,FINALIZADA,JOANA BEZERRA,VIADUTO CAPITAO TEMUDO,,,SOBRE O VIADUTO  NO LADO OPOSTO AO FÓRUM JOANA BEZERRA.,VIADUTO CAPITAO TEMUDO,,SOBRE O VIADUTO  NO LADO OPOSTO AO FÓRUM JOANA BEZERRA.,JOANA BEZERRA,,SUBURBIO,COLISÃO COM CICLISTA,AUTO E BICICLETA.,1,,,1,,,,,,1,,Longo da via,Bom,Não existe,Perfeito estado,Seca,Perfeito estado,Não existe,Não há placas,,Dupla,Faixa seccionada,,
2019-11-17,20:26:00,SEM VÍTIMA,CANCELADA,AREIAS,AV DR JOSE RUFINO,,,E/F AO COLÉGIO VISÃO,AV DR JOSE RUFINO,,E/F AO COLÉGIO VISÃO,AREIAS,,,COLISÃO,ENTRE 2 AUTOS. S/V,2,,,,,,,,,0,,,,,,,,,,,,,,
2019-11-17,21:34:00,SEM VÍTIMA,FINALIZADA,IMBIRIBEIRA,RUA ALEMANHA,,,IGREJA SARA NOSSA TERRA,RUA ALEMANHA,,IGREJA SARA NOSSA TERRA,IMBIRIBEIRA,,SUBURBIO,ABALROAMENTO TRANSVERSAL,GOL X NISSAN VERSA,2,,,,,,,,,0,,Longo da via,Bom,Não existe,Incompleta,Seca,Perfeito estado,,,40 km/h,Dupla,Não existe,,
2019-11-17,22:05:00,SEM VÍTIMA,CANCELADA,COHAB,AV QUEIXARAMOBIM,,,E/F AO TERMINAL DA UR-2,AV QUEIXARAMOBIM,,E/F AO TERMINAL DA UR-2,COHAB,,,COLISÃO,ENTRE 2 AUTOS. S/V,2,,,,,,,,,0,,,,,,,,,,,,,,
2019-11-18,00:27:00,COM VÍTIMA,FINALIZADA,SAN MARTIN,RUA SANTO ANGELO,461,RUA TENENTE MINDELO,NA RUA DO ANTIGO CIOE,RUA SANTO ANGELO,461,NA RUA DO ANTIGO CIOE,SAN MARTIN,,SUBURBIO,CHOQUE OBJETO FIXO,DURANTE UMA PERSEGUIÇÃO POLICIAL  A VT DA PM ACABOU SE CHOCANDO CONTRA O MURO DA RESIDÊNCIA. C/V,1,,,,,,,1,,1,,Longo da via,Bom,Não existe,Não existente,Seca,Mal conservada,,Não há placas,20 km/h,Dupla,Não existe,,
2019-11-18,06:31:00,SEM VÍTIMA,FINALIZADA,GRAÇAS,RUA DAS CREOULAS,58,,EM FRENTE AO BANCO ITAU,RUA DAS CREOULAS,58,EM FRENTE AO BANCO ITAU,GRAÇAS,,,COLISÃO,ONIBUS E AUTO,1,,,,,1,,,,0,,,,,,,,,,,,,,
2019-11-18,06:49:00,SEM VÍTIMA,FINALIZADA,TAMARINEIRA,EST VELHA DE AGUA FRIA,,AV PROFESSOR JOSE DOS ANJOS,,EST VELHA DE AGUA FRIA,,,TAMARINEIRA,306,SUBURBIO,ABALROAMENTO LONGITUDINAL,SEM VITIMAS,1,,,,,1,,,,0,,Cruzamento,Bom,Sem defeito,Perfeito estado,Seca,Perfeito estado,Faixa de pedestre,R-6a,60 km/h,Única,,,
2019-11-18,07:02:00,SEM VÍTIMA,FINALIZADA,PARNAMIRIM,EST DO ENCANAMENTO,429,,POR TRÁS DO SÍTIO DA TRINDADE,EST DO ENCANAMENTO,429,POR TRÁS DO SÍTIO DA TRINDADE,PARNAMIRIM,,CIDADE,ABALROAMENTO LONGITUDINAL,SEM VITIMAS,1,1,,,,,,,,0,,Longo da via,Bom,Não existe,Perfeito estado,Seca,Perfeito estado,Não existe,R-6a,40 km/h,Única,Faixa seccionada,,
2019-11-18,07:10:00,COM VÍTIMA,DUPLICIDADE,DOIS IRMÃOS,RUA MANUEL DE MEDEIROS,,,EM FRENTE AO PREDIO DA ZOOTECNIA UFRP,RUA MANUEL DE MEDEIROS,,EM FRENTE AO PREDIO DA ZOOTECNIA UFRP,DOIS IRMÃOS,,CAMARAGIBE,COLISÃO,COM UMA VITIMA AGUARDANDO SAMU,,1,,,,1,,,,1,,,,,,,,,,,,,,
2019-11-18,07:18:00,SEM VÍTIMA,FINALIZADA,JARDIM SÃO PAULO,RUA LEANDRO BARRETO,271,RUA LORENA,CALDINHO DO JUBA,RUA LEANDRO BARRETO,271,CALDINHO DO JUBA,JARDIM SÃO PAULO,,SUBURBIO,ABALROAMENTO TRANSVERSAL,MOTO E AUTO,1,1,,,,,,,,0,,Cruzamento,Bom,Não existe,Não existente,Seca,Perfeito estado,Não existe,Não há placas,,Dupla,Não existe,,
2019-11-18,07:31:00,SEM VÍTIMA,CANCELADA,IMBIRIBEIRA,VIADUTO TANCREDO NEVES,,,SOBRE O VIADUTO TANCREDO NEVES,VIADUTO TANCREDO NEVES,,SOBRE O VIADUTO TANCREDO NEVES,IMBIRIBEIRA,,BOA VIAGEM,COLISÃO,SEM VITIMAS,1,,,,,1,,,,0,,,,,,,,,,,,,,
2019-11-18,08:09:00,COM VÍTIMA,FINALIZADA,PINA,AV ENGENHEIRO DOMINGOS FERREIRA,,AV HERCULANO BANDEIRA,EM FRENTE AO ARMAZEM BEIRA MAR / LADO ESQUERDO DA VIA,AV ENGENHEIRO DOMINGOS FERREIRA,,EM FRENTE AO ARMAZEM BEIRA MAR / LADO ESQUERDO DA VIA,PINA,,SUBURBIO,ATROPELAMENTO,AUTO E PEDESTRE.,1,,,,1,,,,,1,,Longo da via,Bom,Não existe,Perfeito estado,Seca,Perfeito estado,Não existe,Não há placas,60 km/h,Única,Faixa contínua,,
2019-11-18,08:19:00,COM VÍTIMA,FINALIZADA,DOIS IRMÃOS,RUA MANUEL DE MEDEIROS,,,PRÓXIMO AO DEPARTAMENTO DE ZOOTECNIA DA UFRPE.,RUA MANUEL DE MEDEIROS,,PRÓXIMO AO DEPARTAMENTO DE ZOOTECNIA DA UFRPE.,DOIS IRMÃOS,,CAMARAGIBE,COLISÃO FRONTAL,ÔNIBUS E MOTO.,,1,,,,1,,,,1,,Longo da via,Bom,Não existe,Ilegível,Molhada,Mal conservada,Não existe,R-6a,,Dupla,Faixa seccionada,,
2019-11-18,08:41:00,SEM VÍTIMA,FINALIZADA,DERBY,AV GOVERNADOR AGAMENON MAGALHAES,,,SOB O SEMÁFORO Nº 174,AV GOVERNADOR AGAMENON MAGALHAES,,SOB O SEMÁFORO Nº 174,DERBY,174,,COLISÃO TRASEIRA,,2,,,,,,,,,0,,Longo da via,Bom,Sem defeito,Perfeito estado,Seca,Perfeito estado,Faixa de pedestre,,60 km/h,Dupla,Canteiro central,,
2019-11-18,09:02:00,SEM VÍTIMA,CANCELADA,SANTO AMARO,AV NORTE,,RUA VINTE E QUATRO DE AGOSTO,,AV NORTE,,,SANTO AMARO,,,COLISÃO,DOIS AUTOS,2,,,,,,,,,0,,,,,,,,,,,,,,
2019-11-18,09:07:00,SEM VÍTIMA,FINALIZADA,ÁGUA FRIA,EST VELHA DE AGUA FRIA,1253,,EM FRENTE AO POSTO NORTE BRAS / EM FRENTE A IGREJA PENTECOSTAL,EST VELHA DE AGUA FRIA,1253,EM FRENTE AO POSTO NORTE BRAS / EM FRENTE A IGREJA PENTECOSTAL,ÁGUA FRIA,,,COLISÃO,DOIS AUTOS,2,,,,,,,,,0,,,,,,,,,,,,,,
2019-11-18,10:08:00,SEM VÍTIMA,FINALIZADA,MACAXEIRA,AV NORTE,7750,,,AV NORTE,7750,,MACAXEIRA,,SUBURBIO,COLISÃO TRASEIRA,COLISÃO SEM VITIMAS CTTU NO LOCAL,3,,,,,,,,,0,,Longo da via,Bom,Sem defeito,Perfeito estado,Seca,Perfeito estado,Faixa de pedestre,,,Dupla,Faixa seccionada,Canteiro central,
2019-11-18,10:40:00,SEM VÍTIMA,FINALIZADA,MADALENA,RUA REAL DA TORRE,430,,EM FRENTE AO SEMÁFORO 179,RUA REAL DA TORRE,430,EM FRENTE AO SEMÁFORO 179,MADALENA,179,,COLISÃO TRASEIRA,SEM VITIMAS,2,,,,,,,,,0,,Longo da via,Bom,Sem defeito,Perfeito estado,Seca,Perfeito estado,Faixa de pedestre,R-6a,,Única,Faixa contínua,,
2019-11-18,10:44:00,SEM VÍTIMA,FINALIZADA,,AV BOA VIAGEM,5152,,,AV BOA VIAGEM,5152,,,,CIDADE,ABALROAMENTO LONGITUDINAL,ONIBUS E AUTO,1,,,,,1,,,,0,,Longo da via,Bom,Não existe,Perfeito estado,Seca,Perfeito estado,Agente,Não há placas,60 km/h,Única,Faixa seccionada,,
2019-11-18,11:09:00,SEM VÍTIMA,CANCELADA,BOA VISTA,AV GOVERNADOR AGAMENON MAGALHAES,,RUA JOAO FERNANDES VIEIRA,AO LADO DO BIG BOMPREÇO  SENT. OLINDA SEMAFORO 173,AV GOVERNADOR AGAMENON MAGALHAES,,AO LADO DO BIG BOMPREÇO  SENT. OLINDA SEMAFORO 173,BOA VISTA,173,,COLISÃO,DOIS AUTOS,2,,,,,,,,,0,,,,,,,,,,,,,,
2019-11-18,11:12:00,SEM VÍTIMA,FINALIZADA,BREJO DE BEBERIBE,RUA SANTA TEREZA,20,,LADO OPOSTO MERCADINHO SANTA TEREZA,RUA SANTA TEREZA,20,LADO OPOSTO MERCADINHO SANTA TEREZA,BREJO DE BEBERIBE,,SUBURBIO,CHOQUE VEÍCULO PARADO,ONIBUS E MOTO,,1,,,,1,,,,0,,Longo da via,Bom,Não existe,Não existente,Seca,Perfeito estado,Não existe,Não há placas,,Dupla,Não existe,,
2019-11-18,11:30:00,COM VÍTIMA,FINALIZADA,DERBY,AV GOVERNADOR AGAMENON MAGALHAES,241A,AV GOVERNADOR CARLOS DE LIMA CAVALCANTI,EM FRENTE A PRAÇA DO DERBY  PRÓXIMO AO CRUZAMENTO CITADO ANTERIORMENTE.,AV GOVERNADOR AGAMENON MAGALHAES,241A,EM FRENTE A PRAÇA DO DERBY  PRÓXIMO AO CRUZAMENTO CITADO ANTERIORMENTE.,DERBY,,SUBURBIO,COLISÃO TRASEIRA,DUAS MOTOS,,2,,,,,,,,2,,Longo da via,Bom,Sem defeito,Perfeito estado,Seca,Perfeito estado,Agente,Outras,60 km/h,Dupla,Faixa,,
2019-11-18,11:39:00,SEM VÍTIMA,FINALIZADA,ARRUDA,AV PROFESSOR JOSE DOS ANJOS,,,EM FRENTE AO SEMÁFORO Nº 131,AV PROFESSOR JOSE DOS ANJOS,,EM FRENTE AO SEMÁFORO Nº 131,ARRUDA,,SUBURBIO,ABALROAMENTO LONGITUDINAL,COLISÃO SEM VITIMAS,1,,,,,,1,,,0,,Longo da via,Bom,Sem defeito,Perfeito estado,Seca,Perfeito estado,Faixa de pedestre,R-4a,,Dupla,Faixa contínua,Faixa seccionada,Canal
2019-11-18,12:09:00,SEM VÍTIMA,FINALIZADA,ILHA DO LEITE,PTE JOSE DE BARROS LIMA,,,SOBRE A PONTE JOSÉ DE BARROS LIMA,PTE JOSE DE BARROS LIMA,,SOBRE A PONTE JOSÉ DE BARROS LIMA,ILHA DO LEITE,,SUBURBIO,CHOQUE OBJETO FIXO,COM O PRISMA,1,,,,,,,,,0,,Ponte,Bom,Não existe,Perfeito estado,Seca,Perfeito estado,Outros,Outras,,Dupla,Canteiro central,,
2019-11-18,12:14:00,SEM VÍTIMA,FINALIZADA,BOA VIAGEM,RUA DOS NAVEGANTES,,RUA CORONEL BENEDITO CHAVES,,RUA DOS NAVEGANTES,,,BOA VIAGEM,,SUBURBIO,ABALROAMENTO TRANSVERSAL,COLISAO ENTRE VT DA POLICIA E AUTO S/V,2,,,,,,,,,0,,,Bom,Não existe,Perfeito estado,Seca,Perfeito estado,Não existe,,,Única,Não existe,,
2019-11-18,12:51:00,SEM VÍTIMA,FINALIZADA,AFOGADOS,AV SUL,1950,,ATACADO E VAREJO,AV SUL,1950,ATACADO E VAREJO,AFOGADOS,320,CIDADE,ABALROAMENTO LONGITUDINAL,,1,,,,,,,,1,0,,Longo da via,Bom,Sem defeito,Perfeito estado,Seca,Perfeito estado,Faixa de retenção,,,Única,Faixa contínua,Faixa seccionada,
2019-11-18,13:09:00,SEM VÍTIMA,FINALIZADA,IBURA,AV DOIS RIOS,2,,MADESHOP,AV DOIS RIOS,2,MADESHOP,IBURA,581,SUBURBIO,ABALROAMENTO LONGITUDINAL,COLISÃO S/ VITIMA,1,,,,,,1,,,0,,Longo da via,Bom,Não existe,Não existente,Seca,Perfeito estado,Não existe,Não há placas,,Dupla,Não existe,,
2019-11-18,13:15:00,SEM VÍTIMA,FINALIZADA,BOA VISTA,AV CONDE DA BOA VISTA,,,SOB O SEMÁFORO Nº 023,AV CONDE DA BOA VISTA,,SOB O SEMÁFORO Nº 023,BOA VISTA,23,CIDADE,ABALROAMENTO LONGITUDINAL,COLISÃO S/ VITIMA,,1,,,,1,,,,0,,Longo da via,Bom,Sem defeito,Incompleta,Seca,Outros,Agente,Outras,,Dupla,Outros,,
2019-11-18,13:28:00,SEM VÍTIMA,FINALIZADA,BAIRRO DO RECIFE,AV ALFREDO LISBOA,173,,POSTO PETROCAL,AV ALFREDO LISBOA,173,POSTO PETROCAL,BAIRRO DO RECIFE,,,ABALROAMENTO LONGITUDINAL,COLISÃO SEM VITIMA,2,,,,,,,,,0,,Longo da via,Bom,Não existe,Perfeito estado,Seca,Perfeito estado,Faixa de pedestre,R-6a,30 km/h,Única,Faixa seccionada,,
2019-11-18,13:33:00,SEM VÍTIMA,FINALIZADA,CASA FORTE,RUA FLAMENGO,,RUA ALFREDO FERNANDES,POR TRÁS DO PARQUE REGIONAL DE MANUTENÇAO / 7 CMNE/ 7 REG MILITAR,RUA FLAMENGO,,POR TRÁS DO PARQUE REGIONAL DE MANUTENÇAO / 7 CMNE/ 7 REG MILITAR,CASA FORTE,,SUBURBIO,ABALROAMENTO LONGITUDINAL,COLISÃO S/ VITIMA,2,,,,,,,,,0,,,Bom,Não existe,Não existente,Seca,Mal conservada,Não existe,Não há placas,30 km/h,Dupla,Não existe,,
2019-11-18,14:41:00,SEM VÍTIMA,FINALIZADA,NOVA DESCOBERTA,AV VEREADOR OTACILIO AZEVEDO,2609,,ESCOLA ESTADUAL COMTE LUIZ GOMES,AV VEREADOR OTACILIO AZEVEDO,2609,ESCOLA ESTADUAL COMTE LUIZ GOMES,NOVA DESCOBERTA,,SUBURBIO,COLISÃO TRASEIRA,COLISAO ENTRE DOIS AUTOS S/V,2,,,,,,,,,0,,Longo da via,Bom,Não existe,Perfeito estado,Seca,Perfeito estado,Não existe,Outras,,Dupla,Faixa contínua,,
2019-11-18,14:54:00,SEM VÍTIMA,FINALIZADA,BOA VIAGEM,AV GENERAL MAC ARTHUR,100,,PISTA LOCAL DE ACESSO AO CONDOMÍNIO LE PARC,AV GENERAL MAC ARTHUR,100,PISTA LOCAL DE ACESSO AO CONDOMÍNIO LE PARC,BOA VIAGEM,,SUBURBIO,ABALROAMENTO TRANSVERSAL,COLISAO ENTRE DOIS AUTOS S/V,2,,,,,,,,,0,,Longo da via,Bom,Não existe,Perfeito estado,Seca,Perfeito estado,Faixa de pedestre,Outras,30 km/h,Dupla,,,
2019-11-18,15:48:00,COM VÍTIMA,FINALIZADA,AFOGADOS,EST DOS REMEDIOS,,,EM FRENTE DO TODO DIA,EST DOS REMEDIOS,,EM FRENTE DO TODO DIA,AFOGADOS,,CIDADE,COLISÃO FRONTAL,AUTO E MOTO,1,1,,,,,,,,1,,Longo da via,Bom,Não existe,Ilegível,Seca,Perfeito estado,Faixa de pedestre,Não há placas,40 km/h,Dupla,Faixa contínua,,
2019-11-18,16:19:00,COM VÍTIMA,FINALIZADA,SAN MARTIN,AV GENERAL SAN MARTIN,801,RUA PEREIRA DE MORAES,EDIF. SANTA BARBARA,AV GENERAL SAN MARTIN,801,EDIF. SANTA BARBARA,SAN MARTIN,,,ABALROAMENTO TRANSVERSAL,COLISÃO COM VITIMA,1,1,,,,,,,,1,,Cruzamento,Bom,Não existe,Perfeito estado,Seca,Perfeito estado,Agente,R-6a,,Dupla,Faixa contínua,Faixa seccionada,
2019-11-18,16:27:00,SEM VÍTIMA,FINALIZADA,COELHOS,RUA DOS COELHOS,,,EM FRENTE DO IMIP,RUA DOS COELHOS,,EM FRENTE DO IMIP,COELHOS,,,COLISÃO,COLISÃO SEM VITIMA,2,,,,,,,,,0,,,,,,,,,,,,,,
2019-11-18,16:27:00,SEM VÍTIMA,FINALIZADA,IMBIRIBEIRA,RUA PAMPULHA,,,EUROVIA,RUA PAMPULHA,,EUROVIA,IMBIRIBEIRA,534,CIDADE,COLISÃO TRASEIRA,COLISÃO S/ VITIMA,2,,,,,,,,,0,,Longo da via,Bom,Sem defeito,Perfeito estado,Seca,Perfeito estado,Faixa de pedestre,,,Única,Faixa seccionada,,
2019-11-18,16:29:00,SEM VÍTIMA,FINALIZADA,ESTÂNCIA,AV DR JOSE RUFINO,,,LADO OPOSTO COLÉGIO VISÃO,AV DR JOSE RUFINO,,LADO OPOSTO COLÉGIO VISÃO,ESTÂNCIA,82,SUBURBIO,ABALROAMENTO LONGITUDINAL,COLISAO ENTRE CAMINHAO E AUTOS S/V,1,,,,,,1,,,0,,Longo da via,Bom,Intermitente,Incompleta,Seca,Mal conservada,Agente,Não há placas,,Dupla,Não existe,,
2019-11-18,16:39:00,SEM VÍTIMA,FINALIZADA,BOA VISTA,RUA BARAO DE SAO BORJA,116,RUA JOSE DE ALENCAR,ATRAS DO SHOPPING BOA VISTA,RUA BARAO DE SAO BORJA,116,ATRAS DO SHOPPING BOA VISTA,BOA VISTA,,,COLISÃO,COLISÃO S/ VITIMA,2,,,,,,,,,0,,,,,,,,,,,,,,
2019-11-18,16:45:00,SEM VÍTIMA,CANCELADA,ESPINHEIRO,AV CONS ROSA E SILVA,4635,,EM FRENTE A FARMACIA PAGUE MENOS,AV CONS ROSA E SILVA,4635,EM FRENTE A FARMACIA PAGUE MENOS,ESPINHEIRO,,,COLISÃO,COLISÃO SEM VITIMA,1,0,,,,1,,,,0,,,,,,,,,,,,,,