data,hora,natureza_acidente,situacao,bairro,endereco,numero,detalhe_endereco_acidente,complemento,endereco_cruzamento,numero_cruzamento,referencia_cruzamento,bairro_cruzamento,num_semaforo,sentido_via,tipo,descricao,auto,moto,ciclom,ciclista,pedestre,onibus,caminhao,viatura,outros,vitimas,vitimasfatais,acidente_verificado,tempo_clima,situacao_semaforo,sinalizacao,condicao_via,conservacao_via,ponto_controle,situacao_placa,velocidade_max_via,mao_direcao,divisao_via1,divisao_via2,divisao_via3
2019-11-18,16:47:00,SEM VÍTIMA,FINALIZADA,BOA VIAGEM,RUA DOS NAVEGANTES,3056,RUA ANTONIO FALCAO,,RUA DOS NAVEGANTES,3056,,BOA VIAGEM,,SUBURBIO,ABALROAMENTO LONGITUDINAL,COLISÃO S/VITIMA,2,,,,,,,,,0,,Cruzamento,Bom,Não existe,Ilegível,Seca,Perfeito estado,Não existe,Placas Pare,,Dupla,Não existe,,
2019-11-18,17:35:00,SEM VÍTIMA,FINALIZADA,SANTO AMARO,AV CRUZ CABUGA,644,,EM FRENTE AO MARTELINHO DE OURO,AV CRUZ CABUGA,644,EM FRENTE AO MARTELINHO DE OURO,SANTO AMARO,627,SUBURBIO,ABALROAMENTO LONGITUDINAL,COLISÃO S/ VITIMA,1,,,,,1,,,,0,,Longo da via,Bom,Sem defeito,Perfeito estado,Seca,Perfeito estado,Faixa de pedestre,Outras,,Dupla,Faixa contínua,,
2019-11-18,17:43:00,SEM VÍTIMA,FINALIZADA,TAMARINEIRA,AV CONS ROSA E SILVA,1829,,EDF. TABOCAS,AV CONS ROSA E SILVA,1829,EDF. TABOCAS,TAMARINEIRA,,SUBURBIO,ABALROAMENTO LONGITUDINAL,COLISÃO S/ VITIMA,1,,,,,1,,,,0,,Longo da via,Bom,Não existe,Perfeito estado,Seca,Perfeito estado,Não existe,Outras,,Única,Faixa seccionada,,
2019-11-18,17:48:00,SEM VÍTIMA,FINALIZADA,SÃO JOSÉ,VIADUTO CAPITAO TEMUDO,,,,VIADUTO CAPITAO TEMUDO,,,SÃO JOSÉ,,SUBURBIO,COLISÃO TRASEIRA,COLISÃO S/ VITIMA,2,,,,,,,,,0,,Viaduto,Bom,Não existe,Incompleta,Seca,Perfeito estado,Não existe,Não há placas,,Dupla,,,
2019-11-18,17:52:00,SEM VÍTIMA,FINALIZADA,IBURA,RUA RIO TAPADO,55,,E/F A BORRACHARIA NO SEMAFORO 351,RUA RIO TAPADO,55,E/F A BORRACHARIA NO SEMAFORO 351,IBURA,,,COLISÃO,COLISAO ENTRE AUTO E CINQUENTINHA S/V,1,,1,,,,,,,0,,,,,,,,,,,,,,
2019-11-18,18:04:00,SEM VÍTIMA,FINALIZADA,BOA VIAGEM,RUA PROFESSOR JOAO MEDEIROS,,RUA PEDRO BERGAMO,,RUA PROFESSOR JOAO MEDEIROS,,,BOA VIAGEM,,CIDADE,COLISÃO TRASEIRA,CLASSIC X RENAULT CAPTUR,2,,,,,,,,,0,,Longo da via,Bom,Sem defeito,Perfeito estado,Seca,Perfeito estado,Não existe,R-34,40 km/h,Dupla,Canal,,
2019-11-18,18:05:00,SEM VÍTIMA,FINALIZADA,BAIRRO DO RECIFE,AV MILITAR,550,,EM FRENTE AO POSTO SHELL,AV MILITAR,550,EM FRENTE AO POSTO SHELL,BAIRRO DO RECIFE,,SUBURBIO,ABALROAMENTO LONGITUDINAL,COLISAO SEM VITIMAS,1,,,,,1,,,,0,,Longo da via,Bom,Não existe,Perfeito estado,Seca,Perfeito estado,Não existe,Não há placas,,Dupla,Canteiro central,,
2019-11-18,18:24:00,SEM VÍTIMA,FINALIZADA,PINA,AV ANTONIO DE GOES,170,,JCPM,AV ANTONIO DE GOES,170,JCPM,PINA,226,CIDADE,ABALROAMENTO LONGITUDINAL,COLISAO SEM VITIMAS,1,1,,,,,,,,0,,Longo da via,Bom,Sem defeito,Perfeito estado,Seca,Perfeito estado,Faixa de pedestre,R-6a,,Única,Faixa contínua,,
2019-11-18,18:28:00,SEM VÍTIMA,FINALIZADA,ILHA DO LEITE,PTE JOSE DE BARROS LIMA,,,CAPITÃO TEMUDO/EM FRENTE A ENTRADA PARA RUA IMPERIAL,PTE JOSE DE BARROS LIMA,,CAPITÃO TEMUDO/EM FRENTE A ENTRADA PARA RUA IMPERIAL,ILHA DO LEITE,,,COLISÃO,COLISÃO SEM VÍTIMAS,3,,,,,,,,,0,,,,,,,,,,,,,,
2019-11-18,18:43:00,SEM VÍTIMA,FINALIZADA,,RUA JOAO CARDOSO AIRES,,RUA CAMBOIM,,RUA JOAO CARDOSO AIRES,,,,,SUBURBIO,ABALROAMENTO TRANSVERSAL,CAMINHAO DE CONCRETO X SIENA,1,,,,,,,,1,0,,Cruzamento,Bom,Não existe,Perfeito estado,Seca,Perfeito estado,Faixa de retenção,Placas Pare,,Dupla,Faixa seccionada,,
2019-11-18,19:05:00,SEM VÍTIMA,FINALIZADA,SANTO AMARO,RUA BARROS BARRETO,297,,,RUA BARROS BARRETO,297,,SANTO AMARO,,SUBURBIO,ABALROAMENTO LONGITUDINAL,MOTO X AUTO,,1,,,,,,,2,0,,Longo da via,Bom,Não existe,Incompleta,Seca,,Não existe,Outras,20 km/h,Dupla,Não existe,,
2019-11-18,19:53:00,SEM VÍTIMA,FINALIZADA,CASA AMARELA,EST DO ENCANAMENTO,,RUA MARECHAL RONDON,,EST DO ENCANAMENTO,,,CASA AMARELA,,CIDADE,ABALROAMENTO TRANSVERSAL,COLISAO SEM VITIMAS,2,,,,,,,,,0,,Cruzamento,Bom,Não existe,Perfeito estado,Seca,Perfeito estado,Não existe,Placas Pare,40 km/h,Única,Faixa seccionada,,
2019-11-18,22:16:00,SEM VÍTIMA,FINALIZADA,AFOGADOS,AV SUL,,,A ESTAÇÃO DO METRÔ DE AFOGADOS,AV SUL,,A ESTAÇÃO DO METRÔ DE AFOGADOS,AFOGADOS,,CIDADE,ABALROAMENTO LONGITUDINAL,FORD KA X PRISMA,2,,,,,,,,,0,,Outros,Bom,Não existe,,Seca,Perfeito estado,Não existe,Não há placas,,Única,Faixa seccionada,,
2019-11-18,22:50:00,SEM VÍTIMA,FINALIZADA,IMBIRIBEIRA,AV MARECHAL MASCARENHAS DE MORAES,,AV LUXEMBURGO,ITALIANA VEÍCULOS,AV MARECHAL MASCARENHAS DE MORAES,,ITALIANA VEÍCULOS,IMBIRIBEIRA,,SUBURBIO,ABALROAMENTO LONGITUDINAL,ONIBUS VERA CRUZ X SANDERO,1,,,,,1,,,,0,,,Bom,Não existe,Perfeito estado,Seca,Perfeito estado,Não existe,Não há placas,,Dupla,Canteiro central,,
2019-11-19,04:13:00,COM VÍTIMA,FINALIZADA,SÃO JOSÉ,RUA IMPERIAL,694,TRV DO RAPOSO,ANTES DA PONTE DE AFOGADOS/PROXIMO AO COLEGIO JOAQUIM NABUCO,RUA IMPERIAL,694,ANTES DA PONTE DE AFOGADOS/PROXIMO AO COLEGIO JOAQUIM NABUCO,SÃO JOSÉ,510,,ABALROAMENTO TRANSVERSAL,VIATURA E ÔNIBUS,,,,,,1,,1,,2,,Cruzamento,Bom,Sem defeito,Perfeito estado,Seca,Perfeito estado,Faixa de pedestre,Outras,,Única,Faixa seccionada,,
2019-11-18,06:59:00,SEM VÍTIMA,EM ABERTO,ÁGUA FRIA,EST VELHA DE AGUA FRIA,1253,RUA BOMBA DO HEMETERIO,POSTO NORTE BRAZ,EST VELHA DE AGUA FRIA,1253,POSTO NORTE BRAZ,ÁGUA FRIA,,,ABALROAMENTO TRANSVERSAL,,2,,,,,,,,,0,,Cruzamento,Bom,Não existe,Perfeito estado,Seca,Perfeito estado,Não existe,,,Única,Faixa seccionada,,
2019-11-19,07:11:00,SEM VÍTIMA,FINALIZADA,AFOGADOS,RUA ANTONIO MACARIO,,,IGREJA UNIVERSAL,RUA ANTONIO MACARIO,,IGREJA UNIVERSAL,AFOGADOS,,SUBURBIO,ABALROAMENTO LONGITUDINAL,DOIS AUTOS,2,,,,,,,,,0,,Cruzamento,Bom,Sem defeito,Perfeito estado,Seca,Perfeito estado,Agente,R-6a,,Única,Faixa seccionada,,
2019-11-19,07:16:00,COM VÍTIMA,FINALIZADA,SANCHO,AV LIBERDADE,824,AV PADRE IBIAPINA,EM FRENTE A FARMACIA TRIUNFO,AV LIBERDADE,824,EM FRENTE A FARMACIA TRIUNFO,SANCHO,,SUBURBIO,COLISÃO TRASEIRA,AUTO E MOTO,1,1,,,,,,,,1,,Cruzamento,Bom,Não existe,Perfeito estado,Seca,Perfeito estado,Não existe,R-6a,,Dupla,Não existe,,
2019-11-19,07:38:00,SEM VÍTIMA,FINALIZADA,BARRO,AV DR JOSE RUFINO,,RUA DOROTHEA VIEIRA,IGREJA CATOLICA DO BARRO,AV DR JOSE RUFINO,,IGREJA CATOLICA DO BARRO,BARRO,539,CIDADE,ABALROAMENTO LONGITUDINAL,COLISÃO S/VITIMAS ENTRE UMA MOTO E UM AUTO,1,1,,,,,,,,0,,,Bom,Sem defeito,Perfeito estado,Seca,Perfeito estado,Faixa de pedestre,Outras,40 km/h,Dupla,Faixa contínua,,
2019-11-19,08:16:00,COM VÍTIMA,FINALIZADA,BOA VISTA,RUA MIGUEL COUTO,158,RUA HENRIQUE DIAS,EM FRENTE AO LABORATORIO ROBERTO FLORENCIO,RUA MIGUEL COUTO,158,EM FRENTE AO LABORATORIO ROBERTO FLORENCIO,BOA VISTA,,SENTIDO SUL,CHOQUE OBJETO FIXO,VEICULO CHOCOU-SE COM MURO,1,,,,,,,,,2,,Longo da via,Bom,Não existe,Não existente,Seca,Perfeito estado,Não existe,Não há placas,,Dupla,Não existe,,
2019-11-19,08:17:00,SEM VÍTIMA,FINALIZADA,TAMARINEIRA,RUA CAPITAO SAMPAIO XAVIER,392,RUA RICARDO HARDMAN,ATELIER GILSON BRAGA,RUA CAPITAO SAMPAIO XAVIER,392,ATELIER GILSON BRAGA,TAMARINEIRA,,,ABALROAMENTO TRANSVERSAL,DOIS AUTOS,2,,,,,,,,,0,,Cruzamento,Bom,Não existe,Perfeito estado,Seca,Perfeito estado,Faixa de pedestre,Placas Pare,,Dupla,Faixa contínua,,
2019-11-19,08:34:00,SEM VÍTIMA,CANCELADA,MANGABEIRA,RUA DA MANGABEIRA,103,,APOS O SESC DE CASA AMARELA  NA RUA DA BOLO BOM MANGABEIRA,RUA DA MANGABEIRA,103,APOS O SESC DE CASA AMARELA  NA RUA DA BOLO BOM MANGABEIRA,MANGABEIRA,,,COLISÃO,MOTO E AUTO,1,1,,,,,,,,0,,,,,,,,,,,,,,
2019-11-19,09:00:00,SEM VÍTIMA,FINALIZADA,DERBY,RUA CLEMENTE PEREIRA,,,EM FRENTE AO PORTAL DO DERBY,RUA CLEMENTE PEREIRA,,EM FRENTE AO PORTAL DO DERBY,DERBY,,CIDADE,COLISÃO TRASEIRA,COLISÃO S/VITIMAS ENTRE DOIS AUTOS,2,,,,,,,,,0,,Longo da via,Bom,Não existe,Perfeito estado,Seca,Perfeito estado,Não existe,Não há placas,,Única,Faixa seccionada,,
2019-11-19,09:46:00,SEM VÍTIMA,FINALIZADA,MADALENA,RUA JOSE OSORIO,,AV BEIRA RIO,,RUA JOSE OSORIO,,,MADALENA,287,SUBURBIO,ABALROAMENTO LONGITUDINAL,COLISÃO S/VITIMAS ENTRE UM AUTO E UM CAMINHÃO,1,,,,,,1,,,0,,Cruzamento,Bom,Sem defeito,Perfeito estado,Seca,Perfeito estado,Outros,Outras,50 km/h,Única,Faixa contínua,,
2019-11-19,10:09:00,SEM VÍTIMA,FINALIZADA,BOA VISTA,RUA DA AURORA,,AV CONDE DA BOA VISTA,CRUZAMENTO DO CINEMA SÃO L UIZ,RUA DA AURORA,,CRUZAMENTO DO CINEMA SÃO L UIZ,BOA VISTA,162,SUBURBIO,COLISÃO TRASEIRA,DOIS AUTOS,2,,,,,,,,,0,,Cruzamento,Bom,Sem defeito,Perfeito estado,Seca,Perfeito estado,Faixa de pedestre,R-6a,40 km/h,Única,Faixa seccionada,,
2019-11-19,11:14:00,SEM VÍTIMA,FINALIZADA,ESTÂNCIA,RUA PROFESSOR CALDAS FILHO,69,,EM FRENTE A ESCOLA VISÃO,RUA PROFESSOR CALDAS FILHO,69,EM FRENTE A ESCOLA VISÃO,ESTÂNCIA,,SUBURBIO,COLISÃO TRASEIRA,SEM VITIMAS,,,,,,1,1,,,0,,Longo da via,Bom,,Incompleta,Seca,Perfeito estado,,Outras,,Dupla,Não existe,,
2019-11-19,11:48:00,COM VÍTIMA,FINALIZADA,CASA AMARELA,RUA ANTONIO DE CASTRO,27,EST DO ARRAIAL,EM FRENTE AO EDF ESMERALDA,RUA ANTONIO DE CASTRO,27,EM FRENTE AO EDF ESMERALDA,CASA AMARELA,,,COLISÃO FRONTAL,AUTO E MOTO,1,1,,,,,,,,1,,Longo da via,Bom,Não existe,Perfeito estado,Seca,Perfeito estado,Não existe,,,Única,Não existe,,
2019-11-19,12:55:00,SEM VÍTIMA,FINALIZADA,BOA VISTA,AV JOAO DE BARROS,,,EM FRENTE A CELPE,AV JOAO DE BARROS,,EM FRENTE A CELPE,BOA VISTA,,CIDADE,COLISÃO TRASEIRA,COLISÃO SEM VITIMA,1,1,,,,,,,,0,,Longo da via,Bom,Não existe,Perfeito estado,Seca,Perfeito estado,Não existe,R-6a,,Única,Faixa seccionada,,
2019-11-19,13:41:00,SEM VÍTIMA,FINALIZADA,BOA VIAGEM,AV BOA VIAGEM,,,EDF. PORTO RAVENA,AV BOA VIAGEM,,EDF. PORTO RAVENA,BOA VIAGEM,149,CIDADE,COLISÃO TRASEIRA,COLISÃO SEM VITIMA,2,,,,,,,,,0,,Longo da via,Bom,Sem defeito,Perfeito estado,Seca,Perfeito estado,Faixa de pedestre,Não há placas,60 km/h,Única,Faixa contínua,,
2019-11-19,13:48:00,SEM VÍTIMA,FINALIZADA,MADALENA,AV BEIRA RIO,701,,PONTE DA CAPUNGA,AV BEIRA RIO,701,PONTE DA CAPUNGA,MADALENA,,SUBURBIO,COLISÃO TRASEIRA,COLISAO ENTRE DOIS AUTOS S/V GM NO LOCAL,2,,,,,,,,,0,,Longo da via,Bom,Sem defeito,Perfeito estado,Seca,Perfeito estado,Faixa de pedestre,Não há placas,40 km/h,Dupla,Faixa seccionada,,
2019-11-19,15:24:00,SEM VÍTIMA,FINALIZADA,MADALENA,RUA GALVAO RAPOSO,413,RUA ERNANI BRAGA,ESQUINA COM VENEZA JATO,RUA GALVAO RAPOSO,413,ESQUINA COM VENEZA JATO,MADALENA,,CIDADE,ABALROAMENTO TRANSVERSAL,COLISÃO SEM VITIMA,2,,,,,,,,,0,,Cruzamento,Bom,Não existe,Perfeito estado,Seca,Perfeito estado,Faixa de retenção,Placas Pare,,Dupla,Faixa contínua,,
2019-11-19,15:28:00,SEM VÍTIMA,FINALIZADA,BOA VISTA,RUA DO HOSPICIO,563,RUA PRINCESA IZABEL,PRÓXIMO AO HOSPITAL GERAL DO RECIFE,RUA DO HOSPICIO,563,PRÓXIMO AO HOSPITAL GERAL DO RECIFE,BOA VISTA,31,CIDADE,COLISÃO TRASEIRA,COLISAO ENTRE DOIS AUTOS S/V GM NO LOCAL,2,,,,,,,,,0,,Longo da via,Bom,Sem defeito,Perfeito estado,Seca,Perfeito estado,Agente,Não há placas,,Única,Não existe,,
2019-11-19,15:32:00,SEM VÍTIMA,FINALIZADA,AFOGADOS,RUA NICOLAU PEREIRA,,RUA DA PAZ,,RUA NICOLAU PEREIRA,,,AFOGADOS,73,SUBURBIO,ABALROAMENTO LONGITUDINAL,APOIO AO AGENTE- COLISÃO NO LOCAL,1,,,,,1,,,,0,,Cruzamento,Bom,Sem defeito,Perfeito estado,Seca,Perfeito estado,Agente,R-6a,40 km/h,Única,Faixa seccionada,,
2019-11-19,15:35:00,SEM VÍTIMA,FINALIZADA,CAXANGÁ,AV CAXANGA,,RUA GENERAL POLIDORO,EM FRENTE A ACADEMIA REEF,AV CAXANGA,,EM FRENTE A ACADEMIA REEF,CAXANGÁ,231,SUBURBIO,COLISÃO TRASEIRA,COLISÃO SEM VITIMA,1,,,,,1,,,,0,,Cruzamento,Bom,Sem defeito,Perfeito estado,Seca,Perfeito estado,Faixa de pedestre,Outras,,Dupla,Faixa contínua,Canteiro central,
2019-11-19,16:08:00,SEM VÍTIMA,FINALIZADA,IPUTINGA,AV JOAQUIM RIBEIRO,,,AO LADO DA UPA DA CAXANGÁ,AV JOAQUIM RIBEIRO,,AO LADO DA UPA DA CAXANGÁ,IPUTINGA,,SUBURBIO,COLISÃO TRASEIRA,COLISÃO SEM VITIMA,2,,,,,,,,,0,,Longo da via,Bom,Sem defeito,Incompleta,Seca,Perfeito estado,,R-6a,,Dupla,Faixa seccionada,,
2019-11-19,16:17:00,SEM VÍTIMA,CANCELADA,IPSEP,RUA LANDELINO CAMARA,154,,NA RUA E/F A DELEGACIA,RUA LANDELINO CAMARA,154,NA RUA E/F A DELEGACIA,IPSEP,,,COLISÃO,COLISAO ENTRE AUTO E MOTO S/V,1,1,,,,,,,,0,,,,,,,,,,,,,,
2019-11-19,16:28:00,SEM VÍTIMA,FINALIZADA,BAIRRO DO RECIFE,AV MARQUES DE OLINDA,,RUA DONA MARIA CESAR,,AV MARQUES DE OLINDA,,,BAIRRO DO RECIFE,,SUBURBIO,ABALROAMENTO LONGITUDINAL,COLISÃO SEM VITIMA,2,,,,,,,,,0,,Cruzamento,Bom,Não existe,Perfeito estado,Seca,Perfeito estado,,,,,,,
2019-11-19,16:29:00,SEM VÍTIMA,FINALIZADA,BOA VISTA,RUA AURORA,,PTE DUARTE COELHO,SOB O SEMÁFORO 162,RUA AURORA,,SOB O SEMÁFORO 162,BOA VISTA,162,CIDADE,ABALROAMENTO LONGITUDINAL,ONIBUS X AUTO PASSEIO S/V,1,,,,,,,,1,0,,,Bom,Sem defeito,Perfeito estado,Seca,Perfeito estado,Agente,,,Única,Faixa seccionada,,
2019-11-19,17:38:00,SEM VÍTIMA,FINALIZADA,ILHA DO RETIRO,AV ENGENHEIRO ABDIAS DE CARVALHO,,,EM FRENTE AO POSTO IPIRANGA /EXTRA,AV ENGENHEIRO ABDIAS DE CARVALHO,,EM FRENTE AO POSTO IPIRANGA /EXTRA,ILHA DO RETIRO,,SUBURBIO,ABALROAMENTO TRANSVERSAL,COLISÃO SEM VITIMA,2,,,,,,,,,0,,Longo da via,Bom,Sem defeito,Perfeito estado,Seca,Perfeito estado,Outros,Outras,60 km/h,Dupla,Canteiro central,,
2019-11-19,18:07:00,COM VÍTIMA,FINALIZADA,AFOGADOS,RUA DA PAZ,,RUA NICOLAU PEREIRA,BANCO BRADESCO,RUA DA PAZ,,BANCO BRADESCO,AFOGADOS,73,SUBURBIO,ABALROAMENTO LONGITUDINAL,COLISAO SEM VITIMAS,1,,,,,1,,,,,,Longo da via,Bom,Sem defeito,Perfeito estado,Seca,Perfeito estado,,,,Única,,,
2019-11-19,18:31:00,SEM VÍTIMA,FINALIZADA,CASA AMARELA,AV NORTE,6472,,IDEAL FARMA,AV NORTE,6472,IDEAL FARMA,CASA AMARELA,,SUBURBIO,COLISÃO TRASEIRA,ONIBUS X SIENA X FIAT ARGO,2,,,,,1,,,,0,,Longo da via,Bom,Não existe,Perfeito estado,Seca,Perfeito estado,Não existe,Outras,60 km/h,Dupla,Canteiro central,,
2019-11-19,19:16:00,SEM VÍTIMA,CANCELADA,SÃO JOSÉ,PRC DAS CINCO PONTAS,,,E/F AO TRE,PRC DAS CINCO PONTAS,,E/F AO TRE,SÃO JOSÉ,,BOA VIAGEM,COLISÃO,COLISAO SEM VITIMAS,1,,,,,1,,,,0,,,,,,,,,,,,,,
2019-11-19,20:03:00,SEM VÍTIMA,CANCELADA,VÁRZEA,AV AFONSO OLINDENSE,5671,RUA RODRIGUES FERREIRA,ENF AO EDF PARQUE CAXANGA,AV AFONSO OLINDENSE,5671,ENF AO EDF PARQUE CAXANGA,VÁRZEA,,,COLISÃO,UNO X ONIX,2,,,,,,,,,0,,,,,,,,,,,,,,
2019-11-19,21:47:00,COM VÍTIMA,FINALIZADA,TORRÕES,AV ENGENHEIRO ABDIAS DE CARVALHO,617,,E/F A DLP,AV ENGENHEIRO ABDIAS DE CARVALHO,617,E/F A DLP,TORRÕES,,CIDADE,COLISÃO COM CICLISTA,COM VITIMAS,1,,,1,,,,,,1,,Longo da via,Bom,Não existe,Perfeito estado,Seca,Mal iluminada,Não existe,,,Dupla,Faixa seccionada,Canteiro central,
2019-11-20,06:25:00,SEM VÍTIMA,FINALIZADA,IBURA,AV DOIS RIOS,,RUA PINTOR AGENOR DE ALBUQUERQUE CESAR,SOB O SEMÁFORO,AV DOIS RIOS,,SOB O SEMÁFORO,IBURA,561,SUBURBIO,ABALROAMENTO TRANSVERSAL,SEM VITIMAS,1,,,,,1,,,,0,,Longo da via,Bom,Sem defeito,Perfeito estado,Seca,Perfeito estado,Agente,Não há placas,40 km/h,Dupla,Faixa contínua,,
2019-11-20,07:06:00,SEM VÍTIMA,FINALIZADA,,RUA BENFICA,,RUA EUCLIDES DA CUNHA,EM FRENTE AO CLUBE INTERNACIONAL DO RECIFE,RUA BENFICA,,EM FRENTE AO CLUBE INTERNACIONAL DO RECIFE,,515,SUBURBIO,ABALROAMENTO TRANSVERSAL,GM SADRACK PONTO FIXO DOIS AUTOS,2,,,,,,,,,0,,Cruzamento,Bom,Sem defeito,Perfeito estado,Seca,Perfeito estado,,Outras,,Única,Faixa seccionada,,
2019-11-20,07:40:00,COM VÍTIMA,FINALIZADA,ARRUDA,AV BEBERIBE,896,,AO LADO DA CORRETORA UNIAO. LOJÃO DO PETRÓLEO,AV BEBERIBE,896,AO LADO DA CORRETORA UNIAO. LOJÃO DO PETRÓLEO,ARRUDA,,CIDADE,ABALROAMENTO LONGITUDINAL,MOTO E AUTO,1,1,,,,,,,,1,,Longo da via,Bom,Não existe,Perfeito estado,Seca,Perfeito estado,Não existe,Não há placas,60 km/h,Dupla,Faixa seccionada,,
2019-11-20,07:47:00,SEM VÍTIMA,FINALIZADA,CAXANGÁ,AV CAXANGA,,,EM FRENTE AO GOLF CLUBE,AV CAXANGA,,EM FRENTE AO GOLF CLUBE,CAXANGÁ,,CIDADE,COLISÃO,COLISÃO SEM VITIMAS,1,,,,,,1,,,0,,,,,,,,,,,,,,
2019-11-20,07:56:00,SEM VÍTIMA,FINALIZADA,BOA VIAGEM,RUA VISCONDE DE JEQUITINHONHA,316,RUA ERNESTO DE PAULA SANTOS,MERCADINHO SOBERANO,RUA VISCONDE DE JEQUITINHONHA,316,MERCADINHO SOBERANO,BOA VIAGEM,304,CIDADE,ABALROAMENTO LONGITUDINAL,ONIBUS E AUTO,1,,,,,1,,,,0,,Cruzamento,Bom,Sem defeito,Perfeito estado,Seca,Perfeito estado,,Outras,,Única,,,
2019-11-20,08:24:00,SEM VÍTIMA,CANCELADA,ILHA DO LEITE,RUA FRANCISCO ALVES,352,,EM FRENTE A CLINICA MULT MED,RUA FRANCISCO ALVES,352,EM FRENTE A CLINICA MULT MED,ILHA DO LEITE,,,COLISÃO,COLISÃO SEM VITIMAS,2,,,,,,,,,0,,,,,,,,,,,,,,
2019-11-20,09:03:00,SEM VÍTIMA,CANCELADA,VASCO DA GAMA,RUA ALTO DO EUCALIPTO,128,,APOS O SUPERMERCADO RENDE MAIS A PRIMEIRA A DIREITA,RUA ALTO DO EUCALIPTO,128,APOS O SUPERMERCADO RENDE MAIS A PRIMEIRA A DIREITA,VASCO DA GAMA,,,COLISÃO,DOIS AUTOS,2,,,,,,,,,0,,,,,,,,,,,,,,
2019-11-20,09:43:00,SEM VÍTIMA,FINALIZADA,BOA VISTA,RUA JOAO FERNANDES VIEIRA,405,,EDF. OSCAR PEREIRA,RUA JOAO FERNANDES VIEIRA,405,EDF. OSCAR PEREIRA,BOA VISTA,,CIDADE,ABALROAMENTO LONGITUDINAL,AUTO E MOTO,1,1,,,,,,,,0,,Longo da via,Bom,Não existe,Perfeito estado,Seca,Perfeito estado,Faixa de pedestre,Outras,,Única,Faixa seccionada,,
2019-11-20,10:07:00,SEM VÍTIMA,FINALIZADA,IMBIRIBEIRA,AV MARECHAL MASCARENHAS DE MORAES,4631,RUA CAPITAO JOAO PONTES,,AV MARECHAL MASCARENHAS DE MORAES,4631,,IMBIRIBEIRA,471,CIDADE,COLISÃO TRASEIRA,DOIS AUTOS,2,,,,,,,,,0,,Longo da via,Bom,Sem defeito,Perfeito estado,Seca,Perfeito estado,Faixa de pedestre,Não há placas,,Dupla,Blocos,,
2019-11-20,10:11:00,COM VÍTIMA,FINALIZADA,GRAÇAS,RUA ALBERTO PAIVA,1105,,EM FRENTE A TOYOLEX. POR TRAZ DA PEDRAGON,RUA ALBERTO PAIVA,1105,EM FRENTE A TOYOLEX. POR TRAZ DA PEDRAGON,GRAÇAS,,SUBURBIO,COLISÃO COM CICLISTA,COM UMA VITIMA AGUARDANDO SAMU LOCAL DESCARACTERIZADO,1,,,1,,,,,,1,,Longo da via,Bom,Não existe,Perfeito estado,Seca,Perfeito estado,,,,Única,,,
2019-11-20,10:38:00,COM VÍTIMA,FINALIZADA,CASA AMARELA,EST DO ARRAIAL,3585,,EM FRENTE AO EDIFICIO BARÃO DE VERA CRUZ . CONJUNTO ARRIAL,EST DO ARRAIAL,3585,EM FRENTE AO EDIFICIO BARÃO DE VERA CRUZ . CONJUNTO ARRIAL,CASA AMARELA,,SUBURBIO,ABALROAMENTO LONGITUDINAL,COLISÃO COM VITIMA,1,1,,,,,,,,1,,Longo da via,Bom,Não existe,Perfeito estado,Seca,Perfeito estado,Não existe,R-6a,40 km/h,Única,Faixa seccionada,,
2019-11-20,10:57:00,SEM VÍTIMA,FINALIZADA,IPUTINGA,AV LUIZ DE LACERDA,69,,,AV LUIZ DE LACERDA,69,,IPUTINGA,,SUBURBIO,ABALROAMENTO LONGITUDINAL,SEM VITIMAS,2,,,,,,,,,0,,Longo da via,Bom,Não existe,,Seca,Perfeito estado,Não existe,,,Única,Faixa seccionada,,
2019-11-20,10:57:00,SEM VÍTIMA,FINALIZADA,IPUTINGA,RUA EMILIANO BRAGA,510,RUA PROFESSOR CHAVES BATISTA,ESQUINA COM O CONDOMÍNIO ED. PRAÇA DEOLINDO MOURA,RUA EMILIANO BRAGA,510,ESQUINA COM O CONDOMÍNIO ED. PRAÇA DEOLINDO MOURA,IPUTINGA,,,ABALROAMENTO LONGITUDINAL,COLISÃO SEM VITIMAS,1,,,,,1,,,,0,,Cruzamento,Bom,Não existe,Perfeito estado,Seca,Perfeito estado,Faixa de pedestre,Placas Pare,30 km/h,Única,Faixa seccionada,,
2019-11-20,11:02:00,SEM VÍTIMA,CANCELADA,DERBY,RUA JORNALISTA PAULO BITTENCOURT,,,AO LADO DO HOSPITAL DA RESTAURAÇÃO,RUA JORNALISTA PAULO BITTENCOURT,,AO LADO DO HOSPITAL DA RESTAURAÇÃO,DERBY,,BOA VIAGEM,COLISÃO,COLISÃO SEM VITIMAS,2,,,,,,,,,0,,,,,,,,,,,,,,
2019-11-20,11:05:00,SEM VÍTIMA,FINALIZADA,IMBIRIBEIRA,RUA JOAQUIM BANDEIRA,149,RUA ITAJUBA,,RUA JOAQUIM BANDEIRA,149,,IMBIRIBEIRA,,CIDADE,ABALROAMENTO LONGITUDINAL,SEM VITIMAS,1,,,,,,1,,,0,,Longo da via,Bom,Não existe,Incompleta,Seca,Perfeito estado,Não existe,Não há placas,40 km/h,Única,Faixa seccionada,,