data,hora,natureza_acidente,situacao,bairro,endereco,numero,detalhe_endereco_acidente,complemento,endereco_cruzamento,numero_cruzamento,referencia_cruzamento,bairro_cruzamento,num_semaforo,sentido_via,tipo,descricao,auto,moto,ciclom,ciclista,pedestre,onibus,caminhao,viatura,outros,vitimas,vitimasfatais,acidente_verificado,tempo_clima,situacao_semaforo,sinalizacao,condicao_via,conservacao_via,ponto_controle,situacao_placa,velocidade_max_via,mao_direcao,divisao_via1,divisao_via2,divisao_via3
2019-11-20,11:27:00,SEM VÍTIMA,FINALIZADA,SANTO AMARO,AV CRUZ CABUGA,,,PRAÇA GENERAL CARLOS PINTO,AV CRUZ CABUGA,,PRAÇA GENERAL CARLOS PINTO,SANTO AMARO,202,CIDADE,COLISÃO TRASEIRA,DOIS AUTOS,2,,,,,,,,,0,,Longo da via,Bom,Sem defeito,Perfeito estado,Seca,Perfeito estado,Agente,Não há placas,60 km/h,Dupla,Faixa contínua,,
2019-11-20,11:54:00,SEM VÍTIMA,FINALIZADA,MADALENA,RUA REVERENDO SAMUEL FALCAO,174,,,RUA REVERENDO SAMUEL FALCAO,174,,MADALENA,,CIDADE,CHOQUE VEÍCULO PARADO,COLISÃO SEM VITIMAS,1,,,,,,,,,0,,Longo da via,Bom,Não existe,Perfeito estado,Seca,Perfeito estado,,,,Única,,,
2019-11-20,11:52:00,SEM VÍTIMA,FINALIZADA,SANTO AMARO,AV NORTE,245,,EM FRENTE AO QUARTEL DO EXÉRCITO 7º RM,AV NORTE,245,EM FRENTE AO QUARTEL DO EXÉRCITO 7º RM,SANTO AMARO,587,CIDADE,COLISÃO,SEM VITIMAS/CTTU NO LOCAL,1,1,,,,,,,,0,,Longo da via,Bom,Sem defeito,Perfeito estado,Seca,Perfeito estado,Agente,,60 km/h,Dupla,Faixa seccionada,,
2019-11-20,12:14:00,COM VÍTIMA,FINALIZADA,VASCO DA GAMA,RUA VASCO DA GAMA,399,,EM FRENTE A ESCOLA PROF. ADERBAU GALVÃO,RUA VASCO DA GAMA,399,EM FRENTE A ESCOLA PROF. ADERBAU GALVÃO,VASCO DA GAMA,,CIDADE,ATROPELAMENTO,AUTO E PEDESTRE( CRIANÇA)  SAMU JA NO LOCAL,1,,,,1,,,,,1,,Longo da via,Bom,Não existe,Perfeito estado,Seca,Perfeito estado,Outros,Outras,,Dupla,Não existe,,
2019-11-20,12:19:00,SEM VÍTIMA,CANCELADA,ÁGUA FRIA,AV BEBERIBE,2037,,E/F A BOTICÁRIO,AV BEBERIBE,2037,E/F A BOTICÁRIO,ÁGUA FRIA,405,,COLISÃO,COLISÃO S/VITIMAS ENTRE DOIS AUTOS,2,,,,,,,,,0,,,,,,,,,,,,,,
2019-11-20,12:28:00,SEM VÍTIMA,FINALIZADA,IMBIRIBEIRA,AV MARECHAL MASCARENHAS DE MORAES,2931,,,AV MARECHAL MASCARENHAS DE MORAES,2931,,IMBIRIBEIRA,631,CIDADE,COLISÃO TRASEIRA,COLISÃO S/VITIMAS ENTRE DOIS AUTOS,2,,,,,,,,,0,,Longo da via,Bom,Sem defeito,Perfeito estado,Seca,Perfeito estado,,Não há placas,60 km/h,Dupla,Canteiro central,,
2019-11-20,12:32:00,SEM VÍTIMA,FINALIZADA,BOA VIAGEM,RUA PROFESSOR JOAO MEDEIROS,233,,EM FRENTE AO POSTO DE COMBUSTÍVEL IPIRANGA,RUA PROFESSOR JOAO MEDEIROS,233,EM FRENTE AO POSTO DE COMBUSTÍVEL IPIRANGA,BOA VIAGEM,183,CIDADE,COLISÃO TRASEIRA,COLISÃO SEM VITIMAS,3,,,,,,,,,0,,Longo da via,Bom,Sem defeito,Perfeito estado,Seca,Perfeito estado,Faixa de pedestre,Outras,40 km/h,Única,Faixa contínua,Faixa seccionada,
2019-11-20,12:35:00,COM VÍTIMA,FINALIZADA,TORRE,AV BEIRA RIO,51,,ANTES DA PONTE DA TORRE... EM AO EDIF. EQUIPAGEM,AV BEIRA RIO,51,ANTES DA PONTE DA TORRE... EM AO EDIF. EQUIPAGEM,TORRE,,,ABALROAMENTO LONGITUDINAL,COM VITIMA  AGUARDANDO O SAMU NO LOCAL,1,1,,,,,,,,1,,Longo da via,Bom,Não existe,Perfeito estado,Seca,Perfeito estado,Não existe,Não há placas,,Dupla,,,
2019-11-20,12:41:00,SEM VÍTIMA,FINALIZADA,SANTO ANTÔNIO,AV MARTINS DE BARROS,,PTE BUARQUE DE MACEDO,PRAÇA DA REPÚBLICA,AV MARTINS DE BARROS,,PRAÇA DA REPÚBLICA,SANTO ANTÔNIO,164,,ABALROAMENTO LONGITUDINAL,COLISÃO S/ VITIMA,1,,,,,1,,,,0,,Cruzamento,Bom,Sem defeito,Perfeito estado,Seca,Perfeito estado,Faixa de pedestre,R-6a,40 km/h,Única,Faixa contínua,,
2019-11-20,13:14:00,SEM VÍTIMA,CANCELADA,ESTÂNCIA,AV DR JOSE RUFINO,,,PROX: IGREJA SANTA LUZIA/ SE ENCONTRAM A BAIXO DO VIADUTO,AV DR JOSE RUFINO,,PROX: IGREJA SANTA LUZIA/ SE ENCONTRAM A BAIXO DO VIADUTO,ESTÂNCIA,,,COLISÃO,COLISÃO S/ VITIMA,,,,,,2,,,,0,,,,,,,,,,,,,,
2019-11-20,13:16:00,SEM VÍTIMA,FINALIZADA,MADALENA,RUA DEMOSTENES DE OLINDA,,,POSTO BRASIL,RUA DEMOSTENES DE OLINDA,,POSTO BRASIL,MADALENA,,CIDADE,ABALROAMENTO TRANSVERSAL,COLISÃO S/VITIMAS ENTRE DOIS AUTOS,2,,,,,,,,,0,,Longo da via,Bom,Não existe,Não existente,Seca,Perfeito estado,Não existe,Não há placas,,Única,,,
2019-11-20,13:41:00,SEM VÍTIMA,FINALIZADA,DERBY,RUA FELICIANO GOMES,,RUA DA BAIXA VERDE,AO LADO DO BORIS BERENSTEIN,RUA FELICIANO GOMES,,AO LADO DO BORIS BERENSTEIN,DERBY,,,ABALROAMENTO LONGITUDINAL,COLISÃO S/ VITIMA,2,,,,,,,,,0,,Cruzamento,Bom,Não existe,Perfeito estado,Seca,Perfeito estado,Faixa de pedestre,Placas Pare,,Dupla,Faixa seccionada,,
2019-11-20,13:50:00,COM VÍTIMA,FINALIZADA,DERBY,PRC DO DERBY,85,,AO LADO DO ESTACIONAMENTO DO BRADESCO,PRC DO DERBY,85,AO LADO DO ESTACIONAMENTO DO BRADESCO,DERBY,,SUBURBIO,ATROPELAMENTO,ATROPELAMENTO,1,,,,1,,,,,1,,Longo da via,Bom,Não existe,Perfeito estado,Seca,Perfeito estado,Não existe,,,Dupla,,Faixa seccionada,
2019-11-20,13:56:00,SEM VÍTIMA,CANCELADA,JAQUEIRA,AV CONS ROSA E SILVA,,RUA SIMAO MENDES,NO SEMAFORO 253,AV CONS ROSA E SILVA,,NO SEMAFORO 253,JAQUEIRA,,,COLISÃO,COLISAO ENTRE AUTO E MOTO S/V,1,1,,,,,,,,0,,,,,,,,,,,,,,
2019-11-20,14:40:00,COM VÍTIMA,FINALIZADA,BOA VIAGEM,AV CONSELHEIRO AGUIAR,,RUA CORONEL BENEDITO CHAVES,ANTES DO BANCO ITAÚ  EM FRENTE AO PONTO DO AÇAI,AV CONSELHEIRO AGUIAR,,ANTES DO BANCO ITAÚ  EM FRENTE AO PONTO DO AÇAI,BOA VIAGEM,114,CIDADE,COLISÃO TRASEIRA,COLISÃO COM VITIMA,1,1,,,,,,,,1,,Cruzamento,Bom,Sem defeito,Perfeito estado,Seca,Perfeito estado,Faixa de pedestre,R-6a,,Única,Faixa contínua,,
2019-11-20,15:09:00,SEM VÍTIMA,FINALIZADA,ROSARINHO,RUA GENERAL ABREU E LIMA,65,,,RUA GENERAL ABREU E LIMA,65,,ROSARINHO,,SUBURBIO,ABALROAMENTO LONGITUDINAL,COLISAO ENTRE DOIS AUTOS S/V,2,,,,,,,,,0,,Longo da via,Bom,Não existe,Perfeito estado,Seca,Perfeito estado,Não existe,R-6a,40 km/h,Dupla,Não existe,,
2019-11-20,15:39:00,SEM VÍTIMA,FINALIZADA,,RUA WALDEMAR NERY CARNEIRO MONTEIRO,415,RUA CRUZEIRO DO FORTE,EDIFÍCIO SANTA ONOFRIA,RUA WALDEMAR NERY CARNEIRO MONTEIRO,415,EDIFÍCIO SANTA ONOFRIA,,,SUBURBIO,ABALROAMENTO TRANSVERSAL,COLISÃO S/VITIMAS ENTRE UM ONIBUS E UM AUTO,1,,,,,1,,,,0,,,Bom,Não existe,Perfeito estado,Seca,Perfeito estado,Faixa de retenção,Placas Dê a preferência,,Dupla,Faixa seccionada,,
2019-11-20,17:43:00,SEM VÍTIMA,FINALIZADA,BAIRRO DO RECIFE,CAIS DO APOLO,,,E/F AO TRIBUNAL REGIONAL FEDERAL,CAIS DO APOLO,,E/F AO TRIBUNAL REGIONAL FEDERAL,BAIRRO DO RECIFE,453,CIDADE,COLISÃO TRASEIRA,COLISÃO S/VITIMAS ENTRE TRÊS AUTOS,3,,,,,,,,,0,,Longo da via,Bom,Sem defeito,Ilegível,Seca,Perfeito estado,Faixa de pedestre,R-6a,,,,,
2019-11-20,18:21:00,SEM VÍTIMA,FINALIZADA,ESPINHEIRO,AV GOVERNADOR AGAMENON MAGALHAES,3158,,EM FRENTE A MEDICAL,AV GOVERNADOR AGAMENON MAGALHAES,3158,EM FRENTE A MEDICAL,ESPINHEIRO,,,ABALROAMENTO LONGITUDINAL,ENTRE DOIS AUTOS S/V,2,,,,,,,,,0,,Longo da via,Bom,Sem defeito,Perfeito estado,Seca,Perfeito estado,Não existe,Não há placas,60 km/h,Dupla,Faixa seccionada,,
2019-11-20,18:42:00,SEM VÍTIMA,CANCELADA,SAN MARTIN,RUA JOSE VELOSO,,RUA APULCRO DE ASSUNCAO,E/F A PRC DA CAVALARIA/ PROX A CAVALARIA,RUA JOSE VELOSO,,E/F A PRC DA CAVALARIA/ PROX A CAVALARIA,SAN MARTIN,,,COLISÃO,ENTRE DUAS MOTOS S/V,,2,,,,,,,,0,,,,,,,,,,,,,,
2019-11-20,19:15:00,SEM VÍTIMA,FINALIZADA,DERBY,RUA DOM BOSCO,,,EM FRENTE AO COLÉGIO AMERICANO BATISTA,RUA DOM BOSCO,,EM FRENTE AO COLÉGIO AMERICANO BATISTA,DERBY,174,SUBURBIO,ABALROAMENTO LONGITUDINAL,COLISAO SEM VITIMAS,1,,,,,1,,,,0,,Cruzamento,Bom,Sem defeito,Perfeito estado,Seca,Perfeito estado,,Outras,40 km/h,Única,Outros,,
2019-11-20,19:45:00,SEM VÍTIMA,FINALIZADA,AFOGADOS,RUA COSME VIANA,139,,OFICINA CENTRAL DA CAMBAGEM,RUA COSME VIANA,139,OFICINA CENTRAL DA CAMBAGEM,AFOGADOS,,SUBURBIO,ABALROAMENTO LONGITUDINAL,COLISAO SEM VITIMAS,,,,,,1,,,1,0,,Longo da via,Bom,Não existe,Perfeito estado,Seca,Perfeito estado,Não existe,Outras,,Única,Faixa seccionada,,
2019-11-20,19:57:00,COM VÍTIMA,FINALIZADA,TAMARINEIRA,RUA CONEGO BARATA,,,E/F A FERREIRA COSTA,RUA CONEGO BARATA,,E/F A FERREIRA COSTA,TAMARINEIRA,,SUBURBIO,ABALROAMENTO LONGITUDINAL,AUTO PASSEIO X MOTO COM VÍTIMA,1,1,,,,,,,,1,,Longo da via,Bom,Não existe,Não existente,Seca,Perfeito estado,Não existe,Não há placas,,Única,Faixa seccionada,,
2019-11-20,20:22:00,SEM VÍTIMA,CANCELADA,BOA VIAGEM,RUA VISCONDE DE JEQUITINHONHA,2690,,E/F AO EDF ILHA MAJOARA,RUA VISCONDE DE JEQUITINHONHA,2690,E/F AO EDF ILHA MAJOARA,BOA VIAGEM,,,COLISÃO,ENTRE DOIS AUTOS S/V,2,,,,,,,,,0,,,,,,,,,,,,,,
2019-11-20,21:05:00,SEM VÍTIMA,FINALIZADA,TORRÕES,AV INACIO MONTEIRO,751,,EM FRENTE AO NUNES BOX,AV INACIO MONTEIRO,751,EM FRENTE AO NUNES BOX,TORRÕES,,SUBURBIO,CHOQUE OBJETO FIXO,VEICULO ESTACIONADO SOBRE CICLO FAIXA/ VEICULO TAMBEM DESTRUIO PARTE DA REDE ELETRICA DA VIA,,,,,,,,,1,0,,Longo da via,Bom,Não existe,Perfeito estado,Seca,Perfeito estado,Não existe,Não há placas,30 km/h,Dupla,Faixa contínua,,
2019-11-20,21:47:00,COM VÍTIMA,CANCELADA,CASA AMARELA,RUA DONA ANA XAVIER,,EST DO ARRAIAL,E/F AO MERCADO PUBLICO DE CASA AMARELA,RUA DONA ANA XAVIER,,E/F AO MERCADO PUBLICO DE CASA AMARELA,CASA AMARELA,,,COLISÃO,ENTRE DUAS MOTOS COM VÍTIMA,,2,,,,,,,,1,,,,,,,,,,,,,,
2019-11-20,22:09:00,SEM VÍTIMA,CANCELADA,DERBY,RUA DR SEVERINO PINHEIRO,,,E/F AO QUARTEL DO DERBY,RUA DR SEVERINO PINHEIRO,,E/F AO QUARTEL DO DERBY,DERBY,,,COLISÃO,ENTRE AUTO PASSEIO X CAMINHÃO S/V,1,,,,,,1,,,0,,,,,,,,,,,,,,
2019-11-20,22:19:00,COM VÍTIMA,FINALIZADA,ILHA DO RETIRO,RUA PROFESSOR BENEDITO MONTEIRO,,,JURANDI PIRES,RUA PROFESSOR BENEDITO MONTEIRO,,JURANDI PIRES,ILHA DO RETIRO,,SUBURBIO,COLISÃO TRASEIRA,COLISAO COM VITIMAS,1,1,,,,,,,,1,,Longo da via,Bom,Não existe,Incompleta,Seca,,Não existe,R-6a,,Única,Faixa contínua,,
2019-11-20,23:56:00,SEM VÍTIMA,CANCELADA,PARNAMIRIM,RUA JOAO TUDE DE MELO,,,EM FRENTE AO SHOPPING PARNAMIRIM,RUA JOAO TUDE DE MELO,,EM FRENTE AO SHOPPING PARNAMIRIM,PARNAMIRIM,,,COLISÃO,COLISAO ENTRE AUTO/ONIBUS S/V,1,,,,,1,,,,0,,,,,,,,,,,,,,
2019-11-21,01:41:00,SEM VÍTIMA,FINALIZADA,BOA VIAGEM,RUA VISCONDE DE JEQUITINHONHA,2522,,,RUA VISCONDE DE JEQUITINHONHA,2522,,BOA VIAGEM,,SUBURBIO,COLISÃO TRASEIRA,COLISÃO ENTRE DOIS AUTOS E UM CAMINHÃO DE COLETA DE LIXO S/V,2,,,,,,1,,,0,,Longo da via,Bom,Não existe,Perfeito estado,Seca,Perfeito estado,Não existe,Outras,,Dupla,Canteiro central,,
2019-11-21,06:36:00,SEM VÍTIMA,FINALIZADA,CASA AMARELA,AV NORTE,,,EM FRENTE AO POSTE B 040340,AV NORTE,,EM FRENTE AO POSTE B 040340,CASA AMARELA,,CIDADE,COLISÃO TRASEIRA,COLISÃO SEM VITIMAS,1,,,,,1,,,,0,,Longo da via,Bom,Não existe,Perfeito estado,Seca,Perfeito estado,Não existe,Outras,,Única,Faixa seccionada,,
2019-11-21,06:44:00,SEM VÍTIMA,CANCELADA,AFOGADOS,EST DO BONGI,,EST DOS REMEDIOS,EM FRENTE AO POSTO BR,EST DO BONGI,,EM FRENTE AO POSTO BR,AFOGADOS,394,,COLISÃO,SEM VITIMAS,2,,,,,,,,,0,,,,,,,,,,,,,,
2019-11-21,06:47:00,SEM VÍTIMA,FINALIZADA,SANTO AMARO,AV GOVERNADOR AGAMENON MAGALHAES,3351,,SOB O VIADUTO DA AVENIDA NORTE SENTIDO BOA VIAGEM,AV GOVERNADOR AGAMENON MAGALHAES,3351,SOB O VIADUTO DA AVENIDA NORTE SENTIDO BOA VIAGEM,SANTO AMARO,,,COLISÃO TRASEIRA,COLISÃO S/VITIMAS ENTRE QUARTRO AUTOS,4,,,,,,,,,0,,Longo da via,Bom,Sem defeito,Perfeito estado,Seca,Perfeito estado,Não existe,Outras,60 km/h,Dupla,Canteiro central,,
2019-11-21,07:00:00,SEM VÍTIMA,FINALIZADA,VÁRZEA,AV AFONSO OLINDENSE,,,AO LADO DA PRAÇA DA VÁRZEA,AV AFONSO OLINDENSE,,AO LADO DA PRAÇA DA VÁRZEA,VÁRZEA,,CIDADE,ABALROAMENTO LONGITUDINAL,COLISÃO S/VITIMAS ENTRE UM AUTO E UM MICROONIBUS,1,,,,,1,,,,0,,Longo da via,Bom,Não existe,Perfeito estado,Seca,Perfeito estado,,Outras,,Única,,,
2019-11-21,07:09:00,SEM VÍTIMA,FINALIZADA,IMBIRIBEIRA,AV MARECHAL MASCARENHAS DE MORAES,2135,AV MARECHAL MASCARENHAS DE MORAES,EM FRENTE AO POSTIO IPIRANGA,AV MARECHAL MASCARENHAS DE MORAES,2135,EM FRENTE AO POSTIO IPIRANGA,IMBIRIBEIRA,225,CIDADE,ABALROAMENTO LONGITUDINAL,CAMINHAO E AUTOS,1,,,,,,1,,,0,,Longo da via,Bom,Sem defeito,Perfeito estado,Seca,Perfeito estado,Agente,Não há placas,40 km/h,Única,Faixa contínua,,
2019-11-21,07:20:00,SEM VÍTIMA,FINALIZADA,DOIS IRMÃOS,RUA DOIS IRMAOS,,,EM FRENTE AO MOTEL SENZALA,RUA DOIS IRMAOS,,EM FRENTE AO MOTEL SENZALA,DOIS IRMÃOS,,,ABALROAMENTO LONGITUDINAL,,2,,,,,,,,,0,,Longo da via,Bom,Não existe,Perfeito estado,Seca,Perfeito estado,Não existe,,,Dupla,Faixa contínua,,
2019-11-21,08:08:00,SEM VÍTIMA,FINALIZADA,CORDEIRO,EST DO FORTE DO ARRAIAL N. DO B. JESUS,,RUA AUREO XAVIER,RESTAURANTE E CHURRASCARIA PESCADOR,EST DO FORTE DO ARRAIAL N. DO B. JESUS,,RESTAURANTE E CHURRASCARIA PESCADOR,CORDEIRO,,,ABALROAMENTO LONGITUDINAL,DUAS MOTOS ,,2,,,,,,,,0,,Longo da via,Bom,Não existe,,Seca,Perfeito estado,,,,Dupla,,,
2019-11-21,08:17:00,SEM VÍTIMA,FINALIZADA,MADALENA,RUA BENFICA,715,,PRÓXIMO AO SEMÁFORO 515,RUA BENFICA,715,PRÓXIMO AO SEMÁFORO 515,MADALENA,,CIDADE,ABALROAMENTO LONGITUDINAL,ONIBUS E AUTO,1,,,,,1,,,,0,,Longo da via,Bom,Não existe,Perfeito estado,Seca,Perfeito estado,Não existe,Não há placas,,Única,Faixa contínua,,
2019-11-21,08:36:00,SEM VÍTIMA,FINALIZADA,BOA VIAGEM,RUA DOM JOSE LOPES,,RUA DR GASPAR REGUEIRA COSTA,RESTAURANTE TOCA DO BODE,RUA DOM JOSE LOPES,,RESTAURANTE TOCA DO BODE,BOA VIAGEM,,SUBURBIO,ABALROAMENTO LONGITUDINAL,COLISÃO SEM VITIMAS,2,,,,,,,,,0,,Cruzamento,Bom,Não existe,Perfeito estado,Seca,Perfeito estado,Faixa de retenção,Placas Pare,30 km/h,Única,Não existe,,
2019-11-21,08:40:00,SEM VÍTIMA,DUPLICIDADE,CORDEIRO,EST DO FORTE DO ARRAIAL N. DO B. JESUS,,,EM FRENTE AO RESTAURANTE O PESCADOR,EST DO FORTE DO ARRAIAL N. DO B. JESUS,,EM FRENTE AO RESTAURANTE O PESCADOR,CORDEIRO,,,COLISÃO,SEM VITIMAS,,2,,,,,,,,0,,,,,,,,,,,,,,
2019-11-21,08:53:00,SEM VÍTIMA,FINALIZADA,ESPINHEIRO,RUA CONS PORTELA,559,RUA QUARENTA E OITO,AO LADO DA FARMACIA PAGUE MENOS,RUA CONS PORTELA,559,AO LADO DA FARMACIA PAGUE MENOS,ESPINHEIRO,11,CIDADE,COLISÃO TRASEIRA,DOIS AUTOS ,2,,,,,,,,,0,,Cruzamento,Bom,Sem defeito,Perfeito estado,Seca,Perfeito estado,Agente,Não há placas,40 km/h,Única,Faixa seccionada,,
2019-11-21,09:21:00,SEM VÍTIMA,FINALIZADA,CASA AMARELA,AV PEDRO ALLAIN,,,A FIGUEIRAS CALÇADOS,AV PEDRO ALLAIN,,A FIGUEIRAS CALÇADOS,CASA AMARELA,,CIDADE,ABALROAMENTO LONGITUDINAL,COLISÃO S/VITIMAS ENTRE DOIS AUTOS,2,,,,,,,,,0,,Longo da via,Bom,,Perfeito estado,Seca,Perfeito estado,Faixa de pedestre,,,Dupla,Faixa contínua,Faixa seccionada,
2019-11-21,09:27:00,SEM VÍTIMA,FINALIZADA,SANTO AMARO,AV JOAO DE BARROS,,,E/F AO POSTO DE GASOLINA SHELL,AV JOAO DE BARROS,,E/F AO POSTO DE GASOLINA SHELL,SANTO AMARO,656,,COLISÃO,COLISÃO S/VITIMAS ENTRE UM AUTO E UM ONIBUS,1,,,,,1,,,,0,,,,,,,,,,,,,,
2019-11-21,09:46:00,COM VÍTIMA,FINALIZADA,IPSEP,AV PRESIDENTE DUTRA,600,RUA GONCALVES DE MAGALHAES,E/F AO POSTO PETROBRAS (SENT. BR 101),AV PRESIDENTE DUTRA,600,E/F AO POSTO PETROBRAS (SENT. BR 101),IPSEP,393,BR 101,COLISÃO TRASEIRA,COLISÃO C/VITIMA ENTRE UM ATUO E UMA MOTO,1,1,,,,,,,,1,,Longo da via,Bom,Não existe,Perfeito estado,Seca,Perfeito estado,Não existe,Não há placas,60 km/h,Dupla,Canteiro central,,
2019-11-21,09:49:00,COM VÍTIMA,FINALIZADA,MADALENA,RUA BENFICA,107,RUA SENADOR FABIO DE BARROS,EM FRENTE AO SUPERMERCADO EXTRA,RUA BENFICA,107,EM FRENTE AO SUPERMERCADO EXTRA,MADALENA,,SUBURBIO,ABALROAMENTO TRANSVERSAL,COLISÃO COM VITIMAS A ESPERA DO SAMU,1,1,,,,,,,,1,,Esquina,Bom,Não existe,Perfeito estado,Seca,Perfeito estado,,Não há placas,,Dupla,Faixa,,
2019-11-21,10:02:00,SEM VÍTIMA,FINALIZADA,MADALENA,AV BEIRA MAR,,RUA JANUARIO BARBOSA,,AV BEIRA MAR,,,MADALENA,,SUBURBIO,ABALROAMENTO LONGITUDINAL,,2,,,,,,,,,0,,Longo da via,Bom,Não existe,Incompleta,Seca,Perfeito estado,Não existe,R-6a,,Dupla,Faixa seccionada,,
2019-11-21,10:29:00,SEM VÍTIMA,FINALIZADA,ÁGUA FRIA,RUA ALEGRE,,,MAGO MOTOS,RUA ALEGRE,,MAGO MOTOS,ÁGUA FRIA,,,ABALROAMENTO TRANSVERSAL,COLISÃO S/VITIMAS ENTRE DUAS MOTOS,,2,,,,,,,,0,,Longo da via,Bom,Não existe,Incompleta,Seca,Perfeito estado,Não existe,Outras,30 km/h,Única,Não existe,,
2019-11-21,10:36:00,SEM VÍTIMA,CANCELADA,GRAÇAS,RUA JOAO RAMOS,220,RUA DONA ANUNCIADA,E/F AO EDF. VILA DE PÁDUA,RUA JOAO RAMOS,220,E/F AO EDF. VILA DE PÁDUA,GRAÇAS,,,COLISÃO,COLISÃO S/VITIMAS ENTRE DOIS AUTOS,2,,,,,,,,,0,,,,,,,,,,,,,,
2019-11-21,10:37:00,SEM VÍTIMA,CANCELADA,IMBIRIBEIRA,AV MARECHAL MASCARENHAS DE MORAES,2183,,EM FRENTE AO BANCO DO BRASIL / SENT CIDADE,AV MARECHAL MASCARENHAS DE MORAES,2183,EM FRENTE AO BANCO DO BRASIL / SENT CIDADE,IMBIRIBEIRA,,CIDADE,COLISÃO,DOIS AUTOS,2,,,,,,,,,0,,,,,,,,,,,,,,
2019-11-21,11:27:00,SEM VÍTIMA,FINALIZADA,PINA,AV ANTONIO DE GOES,,,EM FRENTE A ARENA DBV,AV ANTONIO DE GOES,,EM FRENTE A ARENA DBV,PINA,538,CIDADE,COLISÃO TRASEIRA,COLISÃO S/VITIMAS ENTRE DOIS AUTOS,2,,,,,,,,,0,,Longo da via,Bom,Sem defeito,Perfeito estado,Seca,Perfeito estado,Agente,Outras,60 km/h,Única,Faixa contínua,Faixa seccionada,
2019-11-21,12:15:00,SEM VÍTIMA,FINALIZADA,SANTO AMARO,AV NORTE,,,SOB O SEMÁFORO 097,AV NORTE,,SOB O SEMÁFORO 097,SANTO AMARO,97,CIDADE,ABALROAMENTO LONGITUDINAL,COLISÃO S/ VITIMA,,,,,,,,,,0,,Longo da via,Bom,Sem defeito,Perfeito estado,Seca,Perfeito estado,Faixa de pedestre,Não há placas,40 km/h,Dupla,Canteiro central,,
2019-11-21,13:25:00,SEM VÍTIMA,CANCELADA,BOA VIAGEM,AV DES JOSE NEVES,7,,LADO CONTRARIO DO ATACADÃO,AV DES JOSE NEVES,7,LADO CONTRARIO DO ATACADÃO,BOA VIAGEM,,CIDADE,COLISÃO,COLISÃO S/ VITIMA TRES AUTOS,3,,,,,,,,,0,,,,,,,,,,,,,,
2019-11-21,13:35:00,SEM VÍTIMA,CANCELADA,DERBY,RUA JENER DE SOUZA,,,E/F AO QUARTEL DO DERBY PROX A PARADA DO BRT,RUA JENER DE SOUZA,,E/F AO QUARTEL DO DERBY PROX A PARADA DO BRT,DERBY,,,COLISÃO,COLISAO ENTRE MOTO E AUTOS S/V,1,1,,,,,,,,0,,,,,,,,,,,,,,
2019-11-21,14:12:00,SEM VÍTIMA,FINALIZADA,IMBIRIBEIRA,RUA ZEFERINO PINHO,,,,RUA ZEFERINO PINHO,,,IMBIRIBEIRA,,,CHOQUE OBJETO FIXO,CAMINHAO CEGONHA CHOCOU COM UM POSTE,,,,,,,1,,,0,,Longo da via,Bom,Não existe,Perfeito estado,Seca,Perfeito estado,,Não há placas,30 km/h,Dupla,Não existe,,
2019-11-21,14:17:00,COM VÍTIMA,FINALIZADA,BREJO DA GUABIRABA,AV VEREADOR OTACILIO AZEVEDO,3018,,EM FRENTE A TORNADO MOTOS,AV VEREADOR OTACILIO AZEVEDO,3018,EM FRENTE A TORNADO MOTOS,BREJO DA GUABIRABA,,SUBURBIO,ATROPELAMENTO,OCORRÊNCIA GERADA PELA VT QUE SE DEPAROU COM O FATO,,1,,,1,,,,,1,,Longo da via,Bom,Não existe,Não existente,Seca,Perfeito estado,Não existe,Não há placas,,Dupla,Não existe,,
2019-11-21,14:36:00,SEM VÍTIMA,FINALIZADA,IMBIRIBEIRA,AV MARECHAL MASCARENHAS DE MORAES,4657,,EM FRENTE A IMBIRIBEIRA DIESEL,AV MARECHAL MASCARENHAS DE MORAES,4657,EM FRENTE A IMBIRIBEIRA DIESEL,IMBIRIBEIRA,,SUBURBIO,ABALROAMENTO LONGITUDINAL,COLISÃO S/ VITIMA,1,,,,,1,,,,0,,Longo da via,Bom,Não existe,Perfeito estado,Seca,Perfeito estado,Não existe,R-6a,,Dupla,Faixa contínua,Faixa seccionada,
2019-11-21,14:54:00,SEM VÍTIMA,FINALIZADA,IPUTINGA,AV CAXANGA,,RUA PROFESSOR ANTONIO COELHO,CHURRASCARIA BRAZZETTUS,AV CAXANGA,,CHURRASCARIA BRAZZETTUS,IPUTINGA,,,COLISÃO TRASEIRA,COLISÃO S/VITIMA ENTRE TRES VEICULOS. VT 21 NO LOCAL,3,,,,,,,,,0,,,Bom,Não existe,Perfeito estado,Seca,Perfeito estado,Faixa de pedestre,R-6a,,Dupla,Canteiro central,,
2019-11-21,14:56:00,SEM VÍTIMA,FINALIZADA,TORRE,PRC PROFESSOR BARRETO CAMPELLO,,,E/F A IGREJA DA TORRE,PRC PROFESSOR BARRETO CAMPELLO,,E/F A IGREJA DA TORRE,TORRE,,,COLISÃO,COLISAO ENTRE DOIS AUTOS S/V,2,,,,,,,,,0,,,,,,,,,,,,,,
2019-11-21,15:35:00,SEM VÍTIMA,FINALIZADA,BOA VIAGEM,AV CONSELHEIRO AGUIAR,1998,,EM FRENTE A LOJA CIOCCOLATTE GELATERIA,AV CONSELHEIRO AGUIAR,1998,EM FRENTE A LOJA CIOCCOLATTE GELATERIA,BOA VIAGEM,,CIDADE,ABALROAMENTO LONGITUDINAL,COLISÃO S/ VITIMA,2,,,,,,,,,0,,Longo da via,Bom,Não existe,Perfeito estado,Seca,Perfeito estado,Não existe,Outras,60 km/h,Única,Faixa seccionada,,