data,hora,natureza_acidente,situacao,bairro,endereco,numero,detalhe_endereco_acidente,complemento,endereco_cruzamento,numero_cruzamento,referencia_cruzamento,bairro_cruzamento,num_semaforo,sentido_via,tipo,descricao,auto,moto,ciclom,ciclista,pedestre,onibus,caminhao,viatura,outros,vitimas,vitimasfatais,acidente_verificado,tempo_clima,situacao_semaforo,sinalizacao,condicao_via,conservacao_via,ponto_controle,situacao_placa,velocidade_max_via,mao_direcao,divisao_via1,divisao_via2,divisao_via3
2019-11-21,16:05:00,SEM VÍTIMA,FINALIZADA,ILHA DO LEITE,RUA JOSE DE ALENCAR,15,RUA JORNALISTA EDMUNDO BITENCOURT,,RUA JOSE DE ALENCAR,15,,ILHA DO LEITE,,SUBURBIO,ABALROAMENTO TRANSVERSAL,COLISAO ENTRE DOIS AUTOS S/V,2,,,,,,,,,0,,Cruzamento,Bom,Não existe,Ilegível,Seca,Mal iluminada,Não existe,Placas Pare,,Dupla,Não existe,,
2019-11-21,16:08:00,SEM VÍTIMA,FINALIZADA,PRADO,AV ENGENHEIRO ABDIAS DE CARVALHO,365,,EM FRENTE AO POSTO IPIRANGA,AV ENGENHEIRO ABDIAS DE CARVALHO,365,EM FRENTE AO POSTO IPIRANGA,PRADO,,SUBURBIO,COLISÃO TRASEIRA,COLISÃO S/ VITIMA.,2,,,,,,,,,0,,Longo da via,Bom,Não existe,Perfeito estado,Seca,Perfeito estado,Não existe,Outras,,Dupla,Faixa contínua,Faixa seccionada,Canteiro central
2019-11-21,16:41:00,COM VÍTIMA,FINALIZADA,IPSEP,RUA BLUMENAU,,,E/F A ODONTOCLIN,RUA BLUMENAU,,E/F A ODONTOCLIN,IPSEP,111,SUBURBIO,ABALROAMENTO TRANSVERSAL,MOTO X AUTO PASSEIO COM VÍTIMA,1,1,,,,,,,,1,,Cruzamento,Bom,Sem defeito,Perfeito estado,Seca,Perfeito estado,Não existe,Não há placas,40 km/h,,Não existe,,
2019-11-21,17:56:00,SEM VÍTIMA,CANCELADA,DERBY,AV GOVERNADOR AGAMENON MAGALHAES,,,NA SUBIDA DO VIADUTO JOANA BEZERRA S/T BOA VIAGEM,AV GOVERNADOR AGAMENON MAGALHAES,,NA SUBIDA DO VIADUTO JOANA BEZERRA S/T BOA VIAGEM,DERBY,,,COLISÃO,COLISAO ENTRE ONIBUS E AUTOS S/V,1,,,,,1,,,,0,,,,,,,,,,,,,,
2019-11-21,18:12:00,SEM VÍTIMA,FINALIZADA,,RUA DOM BOSCO,,,CRUZAMENTO COM AV GOV AGAMENON MAGALHÃES SOB SEMÁFORO 174,RUA DOM BOSCO,,CRUZAMENTO COM AV GOV AGAMENON MAGALHÃES SOB SEMÁFORO 174,,174,SUBURBIO,ABALROAMENTO LONGITUDINAL,BMW X FOX,2,,,,,,,,,0,,Cruzamento,Bom,Sem defeito,Perfeito estado,Seca,Perfeito estado,,Não há placas,60 km/h,Única,Não existe,,
2019-11-21,18:23:00,SEM VÍTIMA,CANCELADA,PRADO,AV ENGENHEIRO ABDIAS DE CARVALHO,,,E/F A HABIB´S,AV ENGENHEIRO ABDIAS DE CARVALHO,,E/F A HABIB´S,PRADO,,SUBURBIO,COLISÃO,ONIBUS X AUTO PASSEIO S/V,1,,,,,1,,,,0,,,,,,,,,,,,,,
2019-11-21,19:44:00,SEM VÍTIMA,FINALIZADA,APIPUCOS,RUA CAETES,600,,CRECHE NOSSA SENHORA DAS DORES,RUA CAETES,600,CRECHE NOSSA SENHORA DAS DORES,APIPUCOS,,SUBURBIO,ABALROAMENTO LONGITUDINAL,VT DA PM X AUTO,2,,,,,,,,,0,,Longo da via,Bom,Não existe,Não existente,Seca,Mal iluminada,Não existe,Não há placas,,Dupla,Não existe,,
2019-11-21,19:58:00,SEM VÍTIMA,FINALIZADA,BOA VISTA,RUA JOSE DE ALENCAR,,RUA BARAO DE SAO BORJA,,RUA JOSE DE ALENCAR,,,BOA VISTA,,CIDADE,ABALROAMENTO LONGITUDINAL,FOX X CITROEN,2,,,,,,,,,0,,Cruzamento,Bom,Não existe,Perfeito estado,Seca,Perfeito estado,Não existe,Placas Pare,,Única,Não existe,,
2019-11-21,19:59:00,SEM VÍTIMA,CANCELADA,BOA VIAGEM,RUA CAPITAO ZUZINHA,,RUA SA E SOUZA,,RUA CAPITAO ZUZINHA,,,BOA VIAGEM,420,,COLISÃO,ENTRE DOIS AUTOS S/V,2,,,,,,,,,0,,,,,,,,,,,,,,
2019-11-21,20:02:00,SEM VÍTIMA,FINALIZADA,IBURA,,,,ESQUINA RIO TAPADO C/ RIO XINGU/ ALÇA DE DESCIDA DA BR,,,ESQUINA RIO TAPADO C/ RIO XINGU/ ALÇA DE DESCIDA DA BR,IBURA,,,COLISÃO TRASEIRA,ENTRE DOIS AUTOS S/V,2,,,,,,,,,0,,Longo da via,Bom,Não existe,Incompleta,Seca,Mal iluminada,Não existe,Não há placas,,Única,Não existe,,
2019-11-21,21:44:00,SEM VÍTIMA,FINALIZADA,MANGABEIRA,AV NORTE,,,EM FRENTE AO SESC,AV NORTE,,EM FRENTE AO SESC,MANGABEIRA,,,ABALROAMENTO LONGITUDINAL,FORD KA X CLIO OBS: SEGUNDO MOTORISTA  OS VEICULOS ESTA SEM CONDIÇOES DE SAIR DO LOCAL,2,,,,,,,,,0,,Cruzamento,Bom,Sem defeito,Ilegível,Seca,Mal iluminada,Não existe,Não há placas,,Dupla,Canteiro central,,
2019-11-21,22:11:00,COM VÍTIMA,FINALIZADA,BOMBA DO HEMETÉRIO,RUA BOMBA DO HEMETERIO,138,RUA DAS CRIANCAS,PROX AO GIGANTE DO SAMBA,RUA BOMBA DO HEMETERIO,138,PROX AO GIGANTE DO SAMBA,BOMBA DO HEMETÉRIO,,SUBURBIO,ABALROAMENTO TRANSVERSAL,JAC X MOTO,1,1,,,,,,,,1,,Cruzamento,Bom,Não existe,Ilegível,Seca,Mal conservada,Não existe,R-6a,,Dupla,Faixa seccionada,,
2019-11-21,22:20:00,COM VÍTIMA,FINALIZADA,SANTO AMARO,AV DR JAYME DA FONTE,88,AV CRUZ CABUGA,SENTIDO AGAMENON,AV DR JAYME DA FONTE,88,SENTIDO AGAMENON,SANTO AMARO,,SUBURBIO,ATROPELAMENTO,PRISMA X PEDESTRE,1,,,,1,,,,,1,,Longo da via,Bom,Não existe,Perfeito estado,Seca,Perfeito estado,Não existe,Não há placas,,Dupla,Canteiro central,,
2019-11-21,22:32:00,SEM VÍTIMA,FINALIZADA,TAMARINEIRA,EST VELHA DE AGUA FRIA,858,,DNOCS,EST VELHA DE AGUA FRIA,858,DNOCS,TAMARINEIRA,,SUBURBIO,COLISÃO TRASEIRA,3 AUTOS X OBS: VEICULO VOYAGE CAPOTOU,3,,,,,,,,,0,,Longo da via,Bom,Não existe,Perfeito estado,Seca,Perfeito estado,Não existe,Não há placas,,Dupla,Faixa contínua,,
2019-11-22,04:33:00,COM VÍTIMA,FINALIZADA,SÃO JOSÉ,RUA IMPERIAL,476,TRV DO GUSMAO,DEPOIS DO POSTO BR/DEPOIS DA SEDE DO GALO,RUA IMPERIAL,476,DEPOIS DO POSTO BR/DEPOIS DA SEDE DO GALO,SÃO JOSÉ,,SUBURBIO,CHOQUE OBJETO FIXO,CHOQUE ENTRE ONIBUS / POSTE   VITIMAS JA SOCORRIDAS,,,,,,1,,,,3,,Longo da via,Bom,Não existe,Perfeito estado,Seca,Perfeito estado,,R-6a,40 km/h,Única,,,
2019-11-22,06:39:00,SEM VÍTIMA,FINALIZADA,APIPUCOS,RUA CORONEL JOAO BATISTA DO REGO BARROS,195,,AO LADO DO PARQUE DA MACAXEIRA,RUA CORONEL JOAO BATISTA DO REGO BARROS,195,AO LADO DO PARQUE DA MACAXEIRA,APIPUCOS,,SUBURBIO,COLISÃO FRONTAL,COLISÃO S/VITIMAS ENTRE UM ONIBUS E UM AUTO,1,,,,,1,,,,0,,Longo da via,Bom,Não existe,Perfeito estado,Seca,Perfeito estado,Não existe,Não há placas,,Dupla,Não existe,,
2019-11-22,06:48:00,COM VÍTIMA,FINALIZADA,IMBIRIBEIRA,AV MARECHAL MASCARENHAS DE MORAES,5089,,EM FRENTE AO PALACIO DOS RADIADORES  APÓS O VIADUTO DO AEROPORTO.,AV MARECHAL MASCARENHAS DE MORAES,5089,EM FRENTE AO PALACIO DOS RADIADORES  APÓS O VIADUTO DO AEROPORTO.,IMBIRIBEIRA,,CIDADE,COLISÃO TRASEIRA,DOIS AUTOS.,2,,,,,,,,,4,,Longo da via,Bom,Não existe,Perfeito estado,Seca,Perfeito estado,Não existe,R-6a,60 km/h,Única,Faixa seccionada,,
2019-11-22,07:10:00,SEM VÍTIMA,FINALIZADA,SANTO ANTÔNIO,RUA DO SOL,,,APOS O TEATRO SANTA ISABEL AO LADO DOS CORREIOS,RUA DO SOL,,APOS O TEATRO SANTA ISABEL AO LADO DOS CORREIOS,SANTO ANTÔNIO,,,COLISÃO,COLISÃO SEM VITIMAS,2,,,,,,,,,0,,,,,,,,,,,,,,
2019-11-22,07:20:00,SEM VÍTIMA,FINALIZADA,CORDEIRO,RUA ODETE MONTEIRO,350,RUA JOAQUIM ALHEIROS,,RUA ODETE MONTEIRO,350,,CORDEIRO,,CIDADE,COLISÃO TRASEIRA,COLISÃO S/VITIMAS ENTRE TRÊS AUTOS,3,,,,,,,,,0,,Longo da via,Bom,Sem defeito,Não existente,Seca,Perfeito estado,Não existe,Não há placas,,Dupla,Não existe,,
2019-11-22,07:23:00,SEM VÍTIMA,FINALIZADA,SÃO JOSÉ,RUA PRIMEIRO DE MARCO,,AV DANTAS BARRETO,AO LADO DA PRAÇA DO DIÁRIO,RUA PRIMEIRO DE MARCO,,AO LADO DA PRAÇA DO DIÁRIO,SÃO JOSÉ,15,,ABALROAMENTO LONGITUDINAL,OMIBUS E MOTO,,1,,,,1,,,,0,,Cruzamento,Bom,Sem defeito,Perfeito estado,Seca,Perfeito estado,Faixa de pedestre,Outras,,Única,Faixa seccionada,,
2019-11-22,07:30:00,SEM VÍTIMA,FINALIZADA,PINA,RUA TOME GIBSON,146,,EDIFÍCIO ADÁ MELO,RUA TOME GIBSON,146,EDIFÍCIO ADÁ MELO,PINA,,CIDADE,CHOQUE VEÍCULO PARADO,,2,,,,,,,,,0,,Longo da via,Bom,Não existe,Perfeito estado,Seca,Perfeito estado,Não existe,Não há placas,30 km/h,Dupla,Não existe,,
2019-11-22,07:36:00,SEM VÍTIMA,FINALIZADA,BARRO,AV DR JOSE RUFINO,2993,,EM FRENTE A ESCOLA ESTADUAL ALBERTO TORRES,AV DR JOSE RUFINO,2993,EM FRENTE A ESCOLA ESTADUAL ALBERTO TORRES,BARRO,156,CIDADE,ABALROAMENTO LONGITUDINAL,COLISÃO S/VITIMAS ENTRE DOIS AUTOS,2,,,,,,,,,0,,Longo da via,Bom,Sem defeito,Perfeito estado,Seca,Perfeito estado,Faixa de pedestre,Não há placas,40 km/h,Dupla,Faixa contínua,,
2019-11-22,07:49:00,SEM VÍTIMA,FINALIZADA,BOA VIAGEM,AV BOA VIAGEM,6306,,,AV BOA VIAGEM,6306,,BOA VIAGEM,149,CIDADE,COLISÃO TRASEIRA,QUATRO VEICULOS,4,,,,,,,,,0,,Longo da via,Bom,Sem defeito,Perfeito estado,Seca,Perfeito estado,Faixa de pedestre,Não há placas,,Única,Faixa seccionada,,
2019-11-22,08:08:00,SEM VÍTIMA,FINALIZADA,ILHA DO LEITE,AV GOVERNADOR AGAMENON MAGALHAES,4775,RUA DR JOAO ASFORA,EMPRESARIAL THOMAS EDISON,AV GOVERNADOR AGAMENON MAGALHAES,4775,EMPRESARIAL THOMAS EDISON,ILHA DO LEITE,,CIDADE,ABALROAMENTO LONGITUDINAL,COLISÃO S/VITIMAS ENTRE DOIS AUTOS,2,,,,,,,,,0,,Longo da via,Bom,Sem defeito,Perfeito estado,Seca,Perfeito estado,Faixa de pedestre,,60 km/h,Dupla,Canal,,
2019-11-22,08:26:00,SEM VÍTIMA,FINALIZADA,IPSEP,RUA BLUMENAU,303,,CRUZAMENTO COM RUA IRAPUÃ,RUA BLUMENAU,303,CRUZAMENTO COM RUA IRAPUÃ,IPSEP,,CIDADE,ABALROAMENTO LONGITUDINAL,MOTO E AUTO,1,1,,,,,,,,0,,Cruzamento,Bom,Não existe,Perfeito estado,Seca,Perfeito estado,Não existe,Placas Pare,,Única,Não existe,,
2019-11-22,08:29:00,SEM VÍTIMA,FINALIZADA,IMBIRIBEIRA,AV MARECHAL MASCARENHAS DE MORAES,4455,,FARMÁCIA PHARMAPELE,AV MARECHAL MASCARENHAS DE MORAES,4455,FARMÁCIA PHARMAPELE,IMBIRIBEIRA,,CIDADE,CHOQUE VEÍCULO PARADO,COLISÃO SEM VITIMAS,2,,,,,,,,,0,,Longo da via,Bom,Não existe,Perfeito estado,Seca,Perfeito estado,Não existe,Não há placas,60 km/h,Dupla,Canteiro central,,
2019-11-22,09:16:00,SEM VÍTIMA,FINALIZADA,JARDIM SÃO PAULO,AV RECIFE,5425,,EM FRENTE AO HOTEL ESTORIL,AV RECIFE,5425,EM FRENTE AO HOTEL ESTORIL,JARDIM SÃO PAULO,,CIDADE,ABALROAMENTO LONGITUDINAL,DOIS AUTOS,2,,,,,,,,,0,,Longo da via,Bom,Não existe,Perfeito estado,Seca,Perfeito estado,Não existe,R-6a,,Dupla,Canteiro central,,
2019-11-22,09:19:00,SEM VÍTIMA,FINALIZADA,BOA VIAGEM,RUA DOS NAVEGANTES,,RUA BRUNO VELOSO,PRÓXIMO AO INTERNACIONAL PALACE HOTEL,RUA DOS NAVEGANTES,,PRÓXIMO AO INTERNACIONAL PALACE HOTEL,BOA VIAGEM,,,ABALROAMENTO LONGITUDINAL,COLISÃO SEM VITIMAS,2,,,,,,,,,0,,Cruzamento,Bom,Sem defeito,Perfeito estado,Seca,Perfeito estado,Faixa de pedestre,Não há placas,,Única,,,
2019-11-22,09:20:00,COM VÍTIMA,FINALIZADA,MADALENA,RUA JOSE OSORIO,568,,EM FRENTE A MURAIS MULTIMARCAS.,RUA JOSE OSORIO,568,EM FRENTE A MURAIS MULTIMARCAS.,MADALENA,,SUBURBIO,COLISÃO COM CICLISTA,AUTO E BICICLETA.,1,,,1,,,,,,1,,Longo da via,Bom,Não existe,Perfeito estado,Seca,Perfeito estado,Não existe,Não há placas,40 km/h,Dupla,Faixa contínua,Faixa seccionada,
2019-11-22,10:20:00,COM VÍTIMA,FINALIZADA,BOA VIAGEM,RUA VISCONDE DE JEQUITINHONHA,82,RUA DR VICENTE GOMES,AO LADO DA LOCALIZA,RUA VISCONDE DE JEQUITINHONHA,82,AO LADO DA LOCALIZA,BOA VIAGEM,433,SUBURBIO,ATROPELAMENTO,PEDESTRE E ONIBUS,,,,,1,1,,,,1,,Longo da via,Bom,Sem defeito,Perfeito estado,Seca,Perfeito estado,Agente,Não há placas,,Única,Faixa seccionada,,
2019-11-22,10:20:00,SEM VÍTIMA,FINALIZADA,PARNAMIRIM,AV DEZESSETE DE AGOSTO,675,,EM FRENTE AO BANCO ITAÚ,AV DEZESSETE DE AGOSTO,675,EM FRENTE AO BANCO ITAÚ,PARNAMIRIM,,CIDADE,ABALROAMENTO LONGITUDINAL,DOIS AUTOS,2,,,,,,,,,0,,Longo da via,Bom,Não existe,Perfeito estado,Seca,Perfeito estado,Não existe,Não há placas,,Dupla,Faixa contínua,,
2019-11-22,10:28:00,SEM VÍTIMA,FINALIZADA,TAMARINEIRA,EST VELHA DE AGUA FRIA,554,,APÓS O Nº 554,EST VELHA DE AGUA FRIA,554,APÓS O Nº 554,TAMARINEIRA,,SUBURBIO,ABALROAMENTO TRANSVERSAL,MOTO E AUTO,1,1,,,,,,,,0,,Longo da via,Bom,Não existe,Perfeito estado,Seca,Perfeito estado,Não existe,R-6a,60 km/h,Dupla,Faixa seccionada,,
2019-11-22,10:29:00,SEM VÍTIMA,CANCELADA,CASA AMARELA,RUA CROMINIA,50,,E/F AO RESIDENCIAL NILO COLEHO,RUA CROMINIA,50,E/F AO RESIDENCIAL NILO COLEHO,CASA AMARELA,,,COLISÃO,COLISÃO S/VITIMAS ENTRE UMA MOTO E UM AUTO,1,1,,,,,,,,0,,,,,,,,,,,,,,
2019-11-22,10:59:00,COM VÍTIMA,FINALIZADA,IPSEP,AV RECIFE,2677,,E/F AO RESTAURANTE ATLANTICO (SENT. BR 101),AV RECIFE,2677,E/F AO RESTAURANTE ATLANTICO (SENT. BR 101),IPSEP,,CIDADE,COLISÃO TRASEIRA,COLISÃO C/VITIMA ENTRE UMA MOTO E UM AUTO,1,1,,,,,,,,1,,Longo da via,Bom,Não existe,Perfeito estado,Seca,Perfeito estado,Não existe,Não há placas,,Dupla,Faixa seccionada,,
2019-11-22,11:21:00,SEM VÍTIMA,FINALIZADA,BOA VISTA,AV CONDE DA BOA VISTA,1317,,PRÓXIMO AO POSTO DE COMBUSTÍVEL BR,AV CONDE DA BOA VISTA,1317,PRÓXIMO AO POSTO DE COMBUSTÍVEL BR,BOA VISTA,299,SUBURBIO,COLISÃO TRASEIRA,COLISÃO SEM VITIMAS,1,,,,,1,,,,0,,Longo da via,Bom,Sem defeito,Perfeito estado,Seca,Perfeito estado,,Não há placas,,Dupla,,,
2019-11-22,11:24:00,SEM VÍTIMA,FINALIZADA,CORDEIRO,EST DO FORTE DO ARRAIAL N. DO B. JESUS,,RUA GOMES TABORDA,,EST DO FORTE DO ARRAIAL N. DO B. JESUS,,,CORDEIRO,249,,COLISÃO TRASEIRA,DOIS AUTOS,2,,,,,,,,,0,,Cruzamento,Bom,Sem defeito,,Seca,Perfeito estado,Faixa de pedestre,R-6c,40 km/h,Dupla,Faixa contínua,,
2019-11-22,11:30:00,COM VÍTIMA,CANCELADA,CAXANGÁ,AV CAXANGA,,,EM FRENTE A JEEP,AV CAXANGA,,EM FRENTE A JEEP,CAXANGÁ,,CIDADE,COLISÃO,,,,,,,,,,,1,,,,,,,,,,,,,,
2019-11-22,11:44:00,SEM VÍTIMA,FINALIZADA,IBURA,RUA CASSIANO LEITE,204,RUA DERMEVAL LOBAO,POSTO MÉDICO ALTO DA BELA VISTA,RUA CASSIANO LEITE,204,POSTO MÉDICO ALTO DA BELA VISTA,IBURA,,,CHOQUE VEÍCULO PARADO,CAMINHÃO E AUTO,,,,,,1,1,,,0,,Cruzamento,Bom,Não existe,Incompleta,Seca,Perfeito estado,Não existe,Não há placas,30 km/h,Dupla,Não existe,,
2019-11-22,11:52:00,COM VÍTIMA,CANCELADA,CASA AMARELA,RUA BELA VISTA,212,,RESIDENCIA EM FRENTE AO EDIFICIO PAULO FERREIRA,RUA BELA VISTA,212,RESIDENCIA EM FRENTE AO EDIFICIO PAULO FERREIRA,CASA AMARELA,,,COLISÃO,COLISÃO COM VITIMA A ESPERA DO SAMU,1,1,,,,,,,,1,,,,,,,,,,,,,,
2019-11-22,12:27:00,COM VÍTIMA,FINALIZADA,MACAXEIRA,AV NORTE,7750,RUA TIJUCAL,EM FRENTE AO MEGA ÓLEO,AV NORTE,7750,EM FRENTE AO MEGA ÓLEO,MACAXEIRA,451,SUBURBIO,ABALROAMENTO TRANSVERSAL,AUTO E CAMINHÃO,1,,,,,,1,,,2,,Cruzamento,Bom,Sem defeito,Perfeito estado,Seca,Perfeito estado,Não existe,Outras,,Dupla,Canteiro central,,
2019-11-22,13:12:00,COM VÍTIMA,FINALIZADA,BOA VISTA,AV MANOEL BORBA,738,,EM FRENTE AO EDIFICIO VILA LOBOS,AV MANOEL BORBA,738,EM FRENTE AO EDIFICIO VILA LOBOS,BOA VISTA,,,COLISÃO TRASEIRA,COLISÃO COM VITIMA. ENTRE AUTO E MOTO,1,1,,,,,,,,1,,Longo da via,Bom,Não existe,Perfeito estado,Seca,Perfeito estado,Não existe,R-6a,40 km/h,Única,Não existe,,
2019-11-22,13:38:00,SEM VÍTIMA,FINALIZADA,IMBIRIBEIRA,AV MARECHAL MASCARENHAS DE MORAES,417,,FLOR E ARTE,AV MARECHAL MASCARENHAS DE MORAES,417,FLOR E ARTE,IMBIRIBEIRA,316,CIDADE,COLISÃO TRASEIRA,COLISAO ENTRE DOIS AUTOS S/V,2,,,,,,,,,0,,Longo da via,Bom,Sem defeito,Perfeito estado,Seca,Perfeito estado,Faixa de retenção,Não há placas,60 km/h,Dupla,Canteiro central,,
2019-11-22,13:46:00,SEM VÍTIMA,FINALIZADA,AFOGADOS,RUA SANTOS ARAUJO,,,AO LADO DA FAREC,RUA SANTOS ARAUJO,,AO LADO DA FAREC,AFOGADOS,333,,COLISÃO TRASEIRA,COLISÃOS/VITIMA,3,,,,,,,,,0,,Longo da via,Bom,Sem defeito,Perfeito estado,Seca,Perfeito estado,Não existe,Outras,,Única,Faixa seccionada,,
2019-11-22,13:57:00,SEM VÍTIMA,FINALIZADA,BOA VIAGEM,AV ENGENHEIRO DOMINGOS FERREIRA,2222,,HIPER PADARIA AZUL MAR,AV ENGENHEIRO DOMINGOS FERREIRA,2222,HIPER PADARIA AZUL MAR,BOA VIAGEM,,SUBURBIO,COLISÃO TRASEIRA,COLISÃO SEM VITIMA,1,,,,,1,,,,0,,Longo da via,Bom,Não existe,Perfeito estado,Seca,Perfeito estado,Não existe,Não há placas,,Dupla,Canteiro central,,
2019-11-22,14:03:00,COM VÍTIMA,FINALIZADA,ROSARINHO,AV NORTE,3015,,APOS A PADARIA ROSARINHO S/T CID,AV NORTE,3015,APOS A PADARIA ROSARINHO S/T CID,ROSARINHO,,CIDADE,ABALROAMENTO LONGITUDINAL,AUTO E MOTO,1,1,,,,,,,,1,,Longo da via,Bom,Sem defeito,Perfeito estado,Seca,Perfeito estado,Outros,Outras,,Dupla,Canteiro central,,
2019-11-22,14:12:00,SEM VÍTIMA,FINALIZADA,BAIRRO DO RECIFE,TRV DO AMORIM,80,,ESTACIONAMENTO PAÇO ALFÂNDEGA,TRV DO AMORIM,80,ESTACIONAMENTO PAÇO ALFÂNDEGA,BAIRRO DO RECIFE,,,ABALROAMENTO LONGITUDINAL,COLISÃO S/ VITIMA,3,,,,,,,,,0,,Longo da via,Bom,Não existe,Perfeito estado,Seca,Perfeito estado,Não existe,R-6a,,Dupla,Não existe,,
2019-11-22,14:18:00,COM VÍTIMA,FINALIZADA,CAMPO GRANDE,EST DE BELEM,564,RUA LARGA DO FEITOZA,EM FRENTE A ACADEMIA HI,EST DE BELEM,564,EM FRENTE A ACADEMIA HI,CAMPO GRANDE,,SUBURBIO,COLISÃO FRONTAL,AUTO E MOTO,1,1,,,,,,,,1,,Cruzamento,Bom,Não existe,Perfeito estado,Seca,Perfeito estado,Não existe,Não há placas,60 km/h,Dupla,Faixa seccionada,,
2019-11-22,14:35:00,SEM VÍTIMA,FINALIZADA,SANTO AMARO,AV CRUZ CABUGA,,,MERCADO DE SANTO AMARO,AV CRUZ CABUGA,,MERCADO DE SANTO AMARO,SANTO AMARO,455,CIDADE,ABALROAMENTO LONGITUDINAL,COLISÃO S/ VITIMA VT DA MARINHA OFICIAL.,2,,,,,,,,,0,,Longo da via,Bom,Sem defeito,Perfeito estado,Seca,Perfeito estado,Faixa de pedestre,Não há placas,,Dupla,Faixa seccionada,,
2019-11-22,15:35:00,SEM VÍTIMA,FINALIZADA,BOA VISTA,RUA DOS COELHOS,,RUA DOS PRAZERES,AO LADO DO IMIP,RUA DOS COELHOS,,AO LADO DO IMIP,BOA VISTA,,,COLISÃO,COLISÃO S/ VITIMA EM ONIBUS (TRASPORTE DE PACIENTE DO INTERIO) E CARRO PASSEIO,1,,,,,1,,,,0,,,,,,,,,,,,,,
2019-11-22,15:44:00,SEM VÍTIMA,FINALIZADA,AREIAS,AV CAPITAO GREGORIO DE CALDAS,26,,AO LADO DO BIG BOMPREÇO,AV CAPITAO GREGORIO DE CALDAS,26,AO LADO DO BIG BOMPREÇO,AREIAS,,,ABALROAMENTO LONGITUDINAL,COLISÃO S/ VITIMA. ENTRE DOIS,2,,,,,,,,,0,,Longo da via,Bom,Não existe,Não existente,Seca,Perfeito estado,Não existe,Não há placas,30 km/h,Única,Canteiro central,,
2019-11-22,15:55:00,SEM VÍTIMA,FINALIZADA,SANTO ANTÔNIO,AV DANTAS BARRETO,,AV N S DO CARMO,,AV DANTAS BARRETO,,,SANTO ANTÔNIO,284,SUBURBIO,ABALROAMENTO TRANSVERSAL,COLISAO ENTRE ONIBUS E AUTO S/V,1,,,,,1,,,,0,,Cruzamento,Bom,Sem defeito,Perfeito estado,Seca,Perfeito estado,Faixa de pedestre,Não há placas,,Dupla,Faixa seccionada,,
2019-11-22,15:59:00,SEM VÍTIMA,FINALIZADA,CABANGA,RUA DILERMANO REIS,93,RUA COMANDANTE ANTONIO MANHAES DE MATTOS,,RUA DILERMANO REIS,93,,CABANGA,,SUBURBIO,ABALROAMENTO LONGITUDINAL,COLISÃO S/ VITIMA ONIBUS E CARRO PASSEIO,1,,,,,1,,,,0,,Cruzamento,Bom,Não existe,Perfeito estado,Seca,Perfeito estado,Não existe,Não há placas,,Dupla,Não existe,,
2019-11-22,16:08:00,SEM VÍTIMA,FINALIZADA,BARRO,AV DR JOSE RUFINO,2342,,LADO OP. PANIFICADORA TONY ALBUQUERQUE,AV DR JOSE RUFINO,2342,LADO OP. PANIFICADORA TONY ALBUQUERQUE,BARRO,539,SUBURBIO,COLISÃO TRASEIRA,COLISÃO SEM VITIMA,2,,,,,,1,,,0,,Longo da via,Bom,Sem defeito,Perfeito estado,Seca,,Faixa de pedestre,R-6a,,Dupla,Faixa seccionada,,
2019-11-22,16:41:00,SEM VÍTIMA,FINALIZADA,COHAB,AV RIO SAO FRANCISCO,181,,,AV RIO SAO FRANCISCO,181,,COHAB,,SUBURBIO,ABALROAMENTO LONGITUDINAL,COLISÃO S/ VITIMA. AUTO PASSEIO E UM ONIBUS,1,,,,,1,,,,0,,Longo da via,Bom,Não existe,Perfeito estado,Seca,Perfeito estado,Agente,Não há placas,30 km/h,Dupla,Faixa seccionada,,
2019-11-22,17:23:00,SEM VÍTIMA,FINALIZADA,SANTO AMARO,AV JOAO DE BARROS,2778,,EM FRENTE AO Nº 2778,AV JOAO DE BARROS,2778,EM FRENTE AO Nº 2778,SANTO AMARO,,CIDADE,ABALROAMENTO LONGITUDINAL,COLISÃO SEM VITIMA. ENTRE DOIS VEICULOS,2,,,,,,,,,0,,Longo da via,Bom,Não existe,Incompleta,Seca,Mal conservada,Não existe,Outras,,Dupla,Canteiro central,,
2019-11-22,17:23:00,SEM VÍTIMA,FINALIZADA,IPSEP,RUA SAO NICOLAU,,,HONDA MARAVILHA MOTOS AO LADO,RUA SAO NICOLAU,,HONDA MARAVILHA MOTOS AO LADO,IPSEP,,SUBURBIO,ABALROAMENTO LONGITUDINAL,COLISÃO SEM VITIMA,1,,,,,,1,,,0,,Longo da via,Bom,Não existe,Não existente,Seca,Perfeito estado,Não existe,Não há placas,,Única,,,