data,hora,natureza_acidente,situacao,bairro,endereco,numero,detalhe_endereco_acidente,complemento,endereco_cruzamento,numero_cruzamento,referencia_cruzamento,bairro_cruzamento,num_semaforo,sentido_via,tipo,descricao,auto,moto,ciclom,ciclista,pedestre,onibus,caminhao,viatura,outros,vitimas,vitimasfatais,acidente_verificado,tempo_clima,situacao_semaforo,sinalizacao,condicao_via,conservacao_via,ponto_controle,situacao_placa,velocidade_max_via,mao_direcao,divisao_via1,divisao_via2,divisao_via3
2019-11-22,17:48:00,COM VÍTIMA,FINALIZADA,IMBIRIBEIRA,AV MARECHAL MASCARENHAS DE MORAES,,RUA NORUEGA,EM FRENTE A MARAVILHA MOTOS ...BRADESCO,AV MARECHAL MASCARENHAS DE MORAES,,EM FRENTE A MARAVILHA MOTOS ...BRADESCO,IMBIRIBEIRA,631,SUBURBIO,ABALROAMENTO LONGITUDINAL,COLISÃO COM VITIMA  UMA SENHORA FOI ATENDIDA NO LOCAL PELO SAMU.,1,,,,,1,,,,1,,Cruzamento,Bom,Sem defeito,Perfeito estado,Seca,Perfeito estado,Faixa de retenção,R-4b,,Dupla,Faixa seccionada,,
2019-11-22,18:15:00,COM VÍTIMA,FINALIZADA,MADALENA,AV ENGENHEIRO ABDIAS DE CARVALHO,30,,ENF AO POSTO IPIRANGA E CLASSE A MAX BENEFÍCIOS. PROX A BOBS.,AV ENGENHEIRO ABDIAS DE CARVALHO,30,ENF AO POSTO IPIRANGA E CLASSE A MAX BENEFÍCIOS. PROX A BOBS.,MADALENA,,CIDADE,ABALROAMENTO LONGITUDINAL,MOTO E AUTO,1,1,,,,,,,,1,,Longo da via,Bom,Não existe,Perfeito estado,Seca,Mal conservada,,Não há placas,60 km/h,Única,Faixa,Canteiro central,
2019-11-22,18:28:00,SEM VÍTIMA,CANCELADA,PINA,AV ANTONIO DE GOES,,AV ENGENHEIRO JOSE ESTELITA,NA LOMBADA ELETRONICA AO LADO CABANGA IATE CLUBE,AV ANTONIO DE GOES,,NA LOMBADA ELETRONICA AO LADO CABANGA IATE CLUBE,PINA,,,COLISÃO,DOIS PALIOS,2,,,,,,,,,0,,,,,,,,,,,,,,
2019-11-22,18:33:00,SEM VÍTIMA,FINALIZADA,,AV ARMINDO MOURA,3594,,,AV ARMINDO MOURA,3594,,,,SUBURBIO,ABALROAMENTO LONGITUDINAL,ONIBUS X AUTO PASSEIO S/V,1,,,,,1,,,,0,,Longo da via,Bom,Não existe,Incompleta,Seca,Perfeito estado,Não existe,R-6a,,Dupla,Faixa seccionada,,
2019-11-22,18:40:00,COM VÍTIMA,FINALIZADA,VASCO DA GAMA,RUA VASCO DA GAMA,208,RUA JAPARATUBA,E/F AO SESI DO VASCO,RUA VASCO DA GAMA,208,E/F AO SESI DO VASCO,VASCO DA GAMA,,SUBURBIO,ABALROAMENTO LONGITUDINAL,AUTO E MOTO,1,1,,,,,,,,1,,Cruzamento,Bom,Não existe,,Seca,Perfeito estado,Outros,Outras,,Dupla,Não existe,,
2019-11-22,19:08:00,COM VÍTIMA,CANCELADA,ENGENHO DO MEIO,RUA LINDOLFO COLOR,,RUA ANTONIO CURADO,AO LADO DO CLUBE SERVIDORES DA SUDENE,RUA LINDOLFO COLOR,,AO LADO DO CLUBE SERVIDORES DA SUDENE,ENGENHO DO MEIO,395,,COLISÃO,TAXI X MOTO OBS. VARIOS MOTOQUEIROS ESTAO AMEAÇANDO O TAXISTA O MESMO FOI INFORMADO PARA ACIONAR O 190,1,1,,,,,,,,1,,,,,,,,,,,,,,
2019-11-22,19:35:00,SEM VÍTIMA,CANCELADA,BOA VIAGEM,AV ENGENHEIRO DOMINGOS FERREIRA,2030,,E/F A FRIGELAR/ DROGASIL,AV ENGENHEIRO DOMINGOS FERREIRA,2030,E/F A FRIGELAR/ DROGASIL,BOA VIAGEM,,,COLISÃO,ENTRE DOIS AUTOS S/V,2,,,,,,,,,0,,,,,,,,,,,,,,
2019-11-22,19:31:00,SEM VÍTIMA,FINALIZADA,ILHA JOANA BEZERRA,VIADUTO CAPITAO TEMUDO,,,FÓRUM DESEMBARGADOR RODOLFO AURELIANO,VIADUTO CAPITAO TEMUDO,,FÓRUM DESEMBARGADOR RODOLFO AURELIANO,ILHA JOANA BEZERRA,,CIDADE,COLISÃO TRASEIRA,ENTRE AUTO PASSEIO (VEICULO OFICIAL) X MOTO S/V,1,1,,,,,,,,0,,Viaduto,Bom,Não existe,Perfeito estado,Seca,Perfeito estado,Não existe,Não há placas,,Dupla,Faixa seccionada,,
2019-11-22,20:22:00,SEM VÍTIMA,FINALIZADA,BOA VIAGEM,AV CONSELHEIRO AGUIAR,2333,,EMPRESARIAL JOÃO ROMA  EM FRENTE,AV CONSELHEIRO AGUIAR,2333,EMPRESARIAL JOÃO ROMA  EM FRENTE,BOA VIAGEM,,CIDADE,ABALROAMENTO LONGITUDINAL,ONIBUS BORBOREMA X TAXI,1,,,,,1,,,,0,,Longo da via,Bom,Não existe,Perfeito estado,Seca,Perfeito estado,Não existe,R-6a,,Única,Faixa seccionada,,
2019-11-22,20:56:00,SEM VÍTIMA,CANCELADA,NOVA DESCOBERTA,RUA ALTO DO REFUGIO,,,LADEIRA PROX AO MERCADINHO TODO DIA,RUA ALTO DO REFUGIO,,LADEIRA PROX AO MERCADINHO TODO DIA,NOVA DESCOBERTA,,,COLISÃO,ONIBUS X AUTO PASSEIO S/V (MOTORISTA EMBREAGADO),1,,,,,1,,,,0,,,,,,,,,,,,,,
2019-11-22,21:35:00,SEM VÍTIMA,FINALIZADA,SANTO AMARO,AV GOVERNADOR AGAMENON MAGALHAES,,,SEMÁFORO Nº 108,AV GOVERNADOR AGAMENON MAGALHAES,,SEMÁFORO Nº 108,SANTO AMARO,108,SUBURBIO,COLISÃO TRASEIRA,PRISMA X CORSA X NISSAN MARCH,3,,,,,,,,,0,,Longo da via,Bom,Sem defeito,Perfeito estado,Seca,Perfeito estado,Faixa de pedestre,Não há placas,,Dupla,Canal,,
2019-11-23,05:07:00,SEM VÍTIMA,FINALIZADA,DERBY,AV GOVERNADOR AGAMENON MAGALHAES,,RUA DOM BOSCO,EM FRENTA A DROGASIL,AV GOVERNADOR AGAMENON MAGALHAES,,EM FRENTA A DROGASIL,DERBY,,,CAPOTAMENTO,CAPOTAMENTO,1,,,,,,,,,0,,,,,,,,,,,,,,
2019-11-23,07:38:00,SEM VÍTIMA,FINALIZADA,BOA VIAGEM,RUA MARQUES DE VALENCA,592,,EM FRENTE ED. CATARINA ARCURI,RUA MARQUES DE VALENCA,592,EM FRENTE ED. CATARINA ARCURI,BOA VIAGEM,,SUBURBIO,ABALROAMENTO LONGITUDINAL,DOIS AUTOS,2,,,,,,,,,0,,Longo da via,Bom,Não existe,Perfeito estado,Seca,Perfeito estado,Não existe,R-6a,,Dupla,Faixa seccionada,,
2019-11-23,08:15:00,SEM VÍTIMA,FINALIZADA,CAÇOTE,,,AV RECIFE,EM FRENTE AO GALETO BRONZEADO,,,EM FRENTE AO GALETO BRONZEADO,CAÇOTE,,,COLISÃO TRASEIRA,DOIS AUTOS,2,,,,,,,,,0,,,Bom,Não existe,Perfeito estado,Seca,Perfeito estado,Não existe,Outras,,Dupla,Não existe,,
2019-11-23,09:24:00,COM VÍTIMA,FINALIZADA,IMBIRIBEIRA,AV MARECHAL MASCARENHAS DE MORAES,2931,,EM FRENTE A HONDA E NEO BLINDADOS  SENT. CIDADE.,AV MARECHAL MASCARENHAS DE MORAES,2931,EM FRENTE A HONDA E NEO BLINDADOS  SENT. CIDADE.,IMBIRIBEIRA,631,CIDADE,COLISÃO TRASEIRA,AUTO E MOTO/ COM DUAS VITIMAS SAMU ACIONADO,1,1,,,,,,,,2,,Longo da via,Bom,Sem defeito,Perfeito estado,Seca,Perfeito estado,Faixa de pedestre,,,Dupla,Faixa contínua,Faixa seccionada,Canteiro central
2019-11-23,10:28:00,SEM VÍTIMA,FINALIZADA,BOA VISTA,AV CONDE DA BOA VISTA,,,EM FRENTE A FACULDADE FAFIRE,AV CONDE DA BOA VISTA,,EM FRENTE A FACULDADE FAFIRE,BOA VISTA,,CIDADE,ABALROAMENTO LONGITUDINAL,COLISÃO SEM VITIMAS,1,,,,,,1,,,0,,Longo da via,Bom,Não existe,Perfeito estado,Seca,Perfeito estado,Faixa de pedestre,Outras,40 km/h,Dupla,Faixa contínua,,
2019-11-23,10:33:00,SEM VÍTIMA,FINALIZADA,AFOGADOS,RUA SAO MIGUEL,,,,RUA SAO MIGUEL,,,AFOGADOS,53,SUBURBIO,COLISÃO TRASEIRA,SEM VITIMAS/,3,,,,,,,,,0,,Longo da via,Bom,Sem defeito,Perfeito estado,Seca,Perfeito estado,Faixa de pedestre,Não há placas,,Dupla,Faixa contínua,,
2019-11-23,10:42:00,SEM VÍTIMA,CANCELADA,IMBIRIBEIRA,RUA MADRID,444,,EM FRENTE A JH ALUMINIO,RUA MADRID,444,EM FRENTE A JH ALUMINIO,IMBIRIBEIRA,,,COLISÃO,CAMINHÃO E AUTO,1,,,,,,1,,,0,,,,,,,,,,,,,,
2019-11-23,10:44:00,SEM VÍTIMA,FINALIZADA,BOA VISTA,RUA DOM BOSCO,,,MERCADO EXTRA,RUA DOM BOSCO,,MERCADO EXTRA,BOA VISTA,,CIDADE,CHOQUE VEÍCULO PARADO,SEM VITIMAS,2,,,,,,,,,0,,,Bom,Não existe,Perfeito estado,Seca,Perfeito estado,Não existe,Não há placas,,Única,Faixa seccionada,,
2019-11-23,11:15:00,SEM VÍTIMA,FINALIZADA,AFOGADOS,RUA SAO MIGUEL,1347,,,RUA SAO MIGUEL,1347,,AFOGADOS,,SUBURBIO,ABALROAMENTO LONGITUDINAL,DOIS AUTOS,2,,,,,,,,,0,,Longo da via,Bom,Não existe,Perfeito estado,Seca,Perfeito estado,Não existe,Não há placas,60 km/h,Dupla,Faixa seccionada,,
2019-11-23,11:15:00,SEM VÍTIMA,FINALIZADA,MADALENA,AV VISCONDE DE ALBUQUERQUE,81,,,AV VISCONDE DE ALBUQUERQUE,81,,MADALENA,,SUBURBIO,CHOQUE VEÍCULO PARADO,COLISÃO SEM VITIMAS,2,,,,,,,,1,0,,Longo da via,Bom,Não existe,Perfeito estado,Seca,Perfeito estado,Não existe,Outras,40 km/h,Única,Não existe,,
2019-11-23,11:17:00,SEM VÍTIMA,PENDENTE,ESTÂNCIA,AV DR JOSE RUFINO,535,,AO LADO DO CENTRO COMERCIAL GALERIA MARGARIDA,AV DR JOSE RUFINO,535,AO LADO DO CENTRO COMERCIAL GALERIA MARGARIDA,ESTÂNCIA,,,COLISÃO,COLISÃO S/VITIMAS ENTRE DOIS AUTOS,2,,,,,,,,,0,,,,,,,,,,,,,,
2019-11-23,11:28:00,SEM VÍTIMA,FINALIZADA,,AV LIBERDADE,772,,EM FRENTE AO Nº 772,AV LIBERDADE,772,EM FRENTE AO Nº 772,,,SUBURBIO,COLISÃO TRASEIRA,COLISÃO S/VITIMAS ENTRE DOIS AUTOS,3,,,,,,,,,0,,Longo da via,Bom,Não existe,Perfeito estado,Seca,Perfeito estado,Não existe,Não há placas,,Dupla,Faixa contínua,,
2019-11-23,11:39:00,SEM VÍTIMA,FINALIZADA,AREIAS,AV RECIFE,,,BIG BOMPREÇO,AV RECIFE,,BIG BOMPREÇO,AREIAS,599,SUBURBIO,COLISÃO TRASEIRA,SEM VITIMAS,1,1,,,,,,,,0,,Longo da via,Bom,Sem defeito,Perfeito estado,Seca,Perfeito estado,Faixa de pedestre,,,Dupla,Canteiro central,,
2019-11-23,12:50:00,SEM VÍTIMA,DUPLICIDADE,TORRE,AV BEIRA RIO,1219,,PROX: A PONTE DA TORRE,AV BEIRA RIO,1219,PROX: A PONTE DA TORRE,TORRE,,,COLISÃO,COLISÃO COM VITIMA. ENTRE CARRO E MOTO,1,1,,,,,,,,0,,,,,,,,,,,,,,
2019-11-23,13:01:00,COM VÍTIMA,FINALIZADA,TORRE,AV BEIRA RIO,1219,,PROX: A PONTE DA TORRE E A ACADEMIA DA CIDADE.,AV BEIRA RIO,1219,PROX: A PONTE DA TORRE E A ACADEMIA DA CIDADE.,TORRE,,SUBURBIO,ABALROAMENTO LONGITUDINAL,AUTO E MOTO,1,1,,,,,,,,1,,Longo da via,Bom,Não existe,Perfeito estado,Seca,Perfeito estado,Outros,Outras,,Dupla,Faixa seccionada,,
2019-11-23,13:35:00,SEM VÍTIMA,FINALIZADA,ROSARINHO,RUA DR JOSE MARIA,512,RUA GENERAL ARTUR OSCAR,,RUA DR JOSE MARIA,512,,ROSARINHO,,SUBURBIO,ABALROAMENTO LONGITUDINAL,COLISÃO ENTRE ONIBUS E CARRO PASSEIO,1,,,,,1,,,,0,,Cruzamento,Bom,Não existe,Perfeito estado,Seca,Perfeito estado,Faixa de pedestre,Placas Pare,,Dupla,Faixa seccionada,,
2019-11-23,14:22:00,SEM VÍTIMA,FINALIZADA,SÃO JOSÉ,RUA IMPERIAL,,RUA DO SA LEITAO,SOB O SEMÁFORO 510,RUA IMPERIAL,,SOB O SEMÁFORO 510,SÃO JOSÉ,510,SUBURBIO,ABALROAMENTO LONGITUDINAL,COLISÃO SEM VITIMA,1,1,,,,,,,,0,,Cruzamento,Bom,Sem defeito,Perfeito estado,Seca,Perfeito estado,,Não há placas,,Única,Não existe,,
2019-11-23,14:35:00,SEM VÍTIMA,FINALIZADA,BOA VIAGEM,,655,RUA DES JOAO PAES,EM FRENTE AO EDF. VILLAS BOAS,,655,EM FRENTE AO EDF. VILLAS BOAS,BOA VIAGEM,,SUBURBIO,ABALROAMENTO TRANSVERSAL,COLISÃO SEM VITIMA,2,,,,,,,,,0,,Cruzamento,Bom,Não existe,Perfeito estado,Seca,Perfeito estado,Não existe,Placas Pare,,Única,Não existe,,
2019-11-23,14:38:00,SEM VÍTIMA,FINALIZADA,ROSARINHO,RUA CAIO PEREIRA,275,AV SANTOS DUMONT,,RUA CAIO PEREIRA,275,,ROSARINHO,,,ABALROAMENTO LONGITUDINAL,COLISÃO SEM VITIMA,2,,,,,,,,,0,,Cruzamento,Bom,Não existe,Perfeito estado,Seca,Perfeito estado,Não existe,Placas Pare,,Dupla,Não existe,,
2019-11-23,14:48:00,SEM VÍTIMA,FINALIZADA,TEJIPIÓ,AV DR JOSE RUFINO,3579,,ARMAZÉM CORAL,AV DR JOSE RUFINO,3579,ARMAZÉM CORAL,TEJIPIÓ,,CIDADE,CHOQUE OBJETO FIXO,COLISÃO ENTRE CARRO DE EMPRESA E UM MURO,1,,,,,,,,,0,,Longo da via,Bom,,,Seca,Perfeito estado,,Não há placas,,Dupla,Faixa contínua,,
2019-11-23,15:45:00,SEM VÍTIMA,FINALIZADA,ENCRUZILHADA,RUA PROFESSOR JERONIMO GUEIROS,,RUA MEM DE SA,SEMÁFORO 495,RUA PROFESSOR JERONIMO GUEIROS,,SEMÁFORO 495,ENCRUZILHADA,495,SUBURBIO,ABALROAMENTO TRANSVERSAL,COLISÃO SEM VITIMAS,2,,,,,,,,,0,,Cruzamento,Bom,Sem defeito,Perfeito estado,,,Não existe,Não há placas,,Dupla,Não existe,,
2019-11-23,16:14:00,SEM VÍTIMA,FINALIZADA,DERBY,RUA BETANIA,40,,PÓS GRADUAÇÃO UNINASSAU,RUA BETANIA,40,PÓS GRADUAÇÃO UNINASSAU,DERBY,,SUBURBIO,ABALROAMENTO LONGITUDINAL,COLISÃO SEM VITIMA,2,,,,,,,,,0,,Longo da via,Bom,Não existe,Perfeito estado,Seca,Perfeito estado,Não existe,Placas Pare,,Única,Não existe,,
2019-11-23,16:43:00,SEM VÍTIMA,FINALIZADA,BOA VIAGEM,AV BOA VIAGEM,,RUA BARAO DE SOUZA LEAO,PRAÇA DE BOA VIAGEM,AV BOA VIAGEM,,PRAÇA DE BOA VIAGEM,BOA VIAGEM,,CIDADE,COLISÃO TRASEIRA,COLISÃO SEM VITIMA,1,1,,,,,,,,0,,,Bom,Não existe,Perfeito estado,Seca,Perfeito estado,Não existe,Outras,,Única,Faixa seccionada,,
2019-11-23,17:21:00,SEM VÍTIMA,FINALIZADA,MADALENA,RUA REAL DA TORRE,889,RUA MANOEL BERNARDES,CURSO DE INGLÊS WIZARD,RUA REAL DA TORRE,889,CURSO DE INGLÊS WIZARD,MADALENA,,CIDADE,ABALROAMENTO LONGITUDINAL,COLISÃO SEM VITIMA,1,,,,,1,,,,0,,Longo da via,Bom,Sem defeito,Perfeito estado,,,Agente,Não há placas,40 km/h,Única,,,
2019-11-23,19:00:00,SEM VÍTIMA,FINALIZADA,DERBY,RUA DOM BOSCO,1329,,,RUA DOM BOSCO,1329,,DERBY,174,SUBURBIO,ABALROAMENTO LONGITUDINAL,ONIBUS PEDROSA X VOYAGE,1,,,,,1,,,,0,,Longo da via,Bom,Sem defeito,Perfeito estado,Seca,Perfeito estado,Outros,Outras,,Única,Faixa seccionada,,
2019-11-23,20:20:00,SEM VÍTIMA,FINALIZADA,TORRE,RUA CONDE DE IRAJA,,,EM FRENTE AO IMÓVEL Nº 214,RUA CONDE DE IRAJA,,EM FRENTE AO IMÓVEL Nº 214,TORRE,,,ABALROAMENTO LONGITUDINAL,COBALT X RENAULT CLIO,2,,,,,,,,,0,,Longo da via,Bom,Sem defeito,Perfeito estado,Seca,Perfeito estado,,R-6a,40 km/h,Única,,,
2019-11-23,20:49:00,SEM VÍTIMA,FINALIZADA,SOLEDADE,RUA JOAQUIM FELIPE,,AV JOAO DE BARROS,,RUA JOAQUIM FELIPE,,,SOLEDADE,365,CIDADE,COLISÃO TRASEIRA,COLISAO SEM VITIMAS,2,,,,,,,,,0,,Cruzamento,Bom,Sem defeito,Perfeito estado,Seca,Perfeito estado,Outros,Outras,,Única,Não existe,,
2019-11-23,21:56:00,SEM VÍTIMA,FINALIZADA,BOA VIAGEM,RUA FELIX DE BRITO E MELO,,RUA FRANCISCO DA CUNHA,,RUA FELIX DE BRITO E MELO,,,BOA VIAGEM,551,CIDADE,COLISÃO TRASEIRA,FOX X SANDERO X MICRO-ONIBUS,2,,,,,1,,,,0,,Cruzamento,Bom,Sem defeito,Perfeito estado,Seca,Perfeito estado,Faixa de pedestre,Outras,,Única,Faixa seccionada,,
2019-11-23,23:25:00,COM VÍTIMA,FINALIZADA,PRADO,RUA PANDIA CALOGERAS,,RUA RODRIGUES DE MENDONCA,NO CRUZAMENTO DAS DUAS RUAS,RUA PANDIA CALOGERAS,,NO CRUZAMENTO DAS DUAS RUAS,PRADO,,SUBURBIO,COLISÃO COM CICLISTA,UM AUTO E UMA BICICLETA,1,,,1,,,,,,1,,Cruzamento,Bom,Não existe,Perfeito estado,Seca,Perfeito estado,Não existe,Não há placas,,Dupla,Não existe,,
2019-11-24,00:43:00,COM VÍTIMA,FINALIZADA,IMBIRIBEIRA,AV MARECHAL MASCARENHAS DE MORAES,,AV GENERAL MAC ARTHUR,NO CRUZAMENTO MESMO,AV MARECHAL MASCARENHAS DE MORAES,,NO CRUZAMENTO MESMO,IMBIRIBEIRA,225,SUBURBIO,ABALROAMENTO TRANSVERSAL,AUTO E CAMINHÃO.,1,,,,,1,,,,1,,Cruzamento,Bom,Sem defeito,Perfeito estado,Seca,Perfeito estado,Faixa de pedestre,Não há placas,,Única,Faixa contínua,,
2019-11-24,07:04:00,SEM VÍTIMA,FINALIZADA,AFOGADOS,RUA VINTE E UM DE ABRIL,75,,,RUA VINTE E UM DE ABRIL,75,,AFOGADOS,,CIDADE,CHOQUE VEÍCULO PARADO,COLISÃO DOIS AUTOS,2,,,,,,,,,0,,Longo da via,Bom,Não existe,Perfeito estado,Seca,Perfeito estado,Outros,Outras,,Única,Não existe,,
2019-11-24,07:39:00,SEM VÍTIMA,FINALIZADA,CORDEIRO,RUA NISSIN BENSOUSSAN,50,,AO LADO DO EST. MERCADO LEÃO,RUA NISSIN BENSOUSSAN,50,AO LADO DO EST. MERCADO LEÃO,CORDEIRO,,SUBURBIO,CHOQUE OBJETO FIXO,SEM VITIMAS,1,,,,,,,,,0,,Longo da via,Bom,Não existe,Não existente,Seca,Perfeito estado,Não existe,Não há placas,,Dupla,Não existe,,
2019-11-24,08:27:00,COM VÍTIMA,FINALIZADA,SÃO JOSÉ,RUA SAO JOAO,504,,EM FRENTE DO EDF DA GUARDA PATRIMONIAL,RUA SAO JOAO,504,EM FRENTE DO EDF DA GUARDA PATRIMONIAL,SÃO JOSÉ,,CIDADE,TOMBAMENTO,AUTO E MOTO,1,1,,,,,,,,1,,Longo da via,Bom,Não existe,Não existente,Seca,Perfeito estado,Não existe,Não há placas,,Única,Não existe,,
2019-11-24,10:42:00,COM VÍTIMA,FINALIZADA,IBURA,AV DOIS RIOS,550,,IBURA DE BAIXO EM FRENTE AO POSTO DE GASOLINA PETRONAC. IGREJA EL SHADAY.,AV DOIS RIOS,550,IBURA DE BAIXO EM FRENTE AO POSTO DE GASOLINA PETRONAC. IGREJA EL SHADAY.,IBURA,,SUBURBIO,ABALROAMENTO TRANSVERSAL,AUTO E MOTO,1,1,,,,,,,,1,,Longo da via,Bom,,Perfeito estado,Seca,Perfeito estado,Não existe,Não há placas,,Dupla,Faixa contínua,,
2019-11-24,11:44:00,SEM VÍTIMA,CANCELADA,CAXANGÁ,AV CAXANGA,5735,,EM FRENTE A G-MAC ESTOFADOS/ TERMINAL DA INTEGRAÇÃO NA CAXANGÁ,AV CAXANGA,5735,EM FRENTE A G-MAC ESTOFADOS/ TERMINAL DA INTEGRAÇÃO NA CAXANGÁ,CAXANGÁ,,,COLISÃO,COLISÃO SEM VITIMA,2,,,,,,,,,0,,,,,,,,,,,,,,
2019-11-24,12:24:00,SEM VÍTIMA,FINALIZADA,,AV RECIFE,,,AUTOSPORT VEÍCULOS,AV RECIFE,,AUTOSPORT VEÍCULOS,,212,,COLISÃO TRASEIRA,COLISÃO SEM VITIMA,2,,,,,,,,,0,,Longo da via,Bom,Sem defeito,Perfeito estado,Seca,Perfeito estado,Não existe,,,Dupla,Faixa seccionada,Canteiro central,
2019-11-24,12:32:00,SEM VÍTIMA,FINALIZADA,BOMBA DO HEMETÉRIO,RUA CORREGO JOSE GRANDE,135,,CAPELA NOSSA SENHORA DE FÁTIMA,RUA CORREGO JOSE GRANDE,135,CAPELA NOSSA SENHORA DE FÁTIMA,BOMBA DO HEMETÉRIO,,SUBURBIO,ABALROAMENTO LONGITUDINAL,COLISÃO SEM VITIMA,2,,,,,,,,,0,,Longo da via,Bom,Não existe,Não existente,Seca,Perfeito estado,Não existe,Não há placas,,Dupla,Não existe,,
2019-11-24,13:37:00,COM VÍTIMA,FINALIZADA,IMBIRIBEIRA,AV MARECHAL MASCARENHAS DE MORAES,7935D,,PRÓX. DO TÚNEL FELIPE CAMARÃO/SENT. JABOATÃO,AV MARECHAL MASCARENHAS DE MORAES,7935D,PRÓX. DO TÚNEL FELIPE CAMARÃO/SENT. JABOATÃO,IMBIRIBEIRA,,SUBURBIO,COLISÃO COM CICLISTA,MOTO E BICICLETA,,1,,1,,,,,,2,,Longo da via,Bom,Não existe,Não existente,Seca,Perfeito estado,Não existe,Não há placas,60 km/h,Única,Canteiro central,,
2019-11-24,14:04:00,SEM VÍTIMA,FINALIZADA,IMBIRIBEIRA,AV MARECHAL MASCARENHAS DE MORAES,2931,,A NEO BLINDAGEM,AV MARECHAL MASCARENHAS DE MORAES,2931,A NEO BLINDAGEM,IMBIRIBEIRA,631,SUBURBIO,COLISÃO TRASEIRA,COLISÃO SEM VITIMA,2,,,,,,,,,0,,Longo da via,Bom,Sem defeito,Perfeito estado,Seca,Perfeito estado,Agente,Não há placas,60 km/h,Dupla,Faixa contínua,,
2019-11-24,14:50:00,SEM VÍTIMA,FINALIZADA,PRADO,AV ENGENHEIRO ABDIAS DE CARVALHO,1813,,LADO OPOSTO AO Nº 1813,AV ENGENHEIRO ABDIAS DE CARVALHO,1813,LADO OPOSTO AO Nº 1813,PRADO,,SUBURBIO,ABALROAMENTO LONGITUDINAL,~COLISÃO S/ VITIMA. DOIS CARRO PASSEIOS,2,,,,,,,,,0,,Longo da via,Bom,Não existe,Perfeito estado,Seca,Perfeito estado,Não existe,Não há placas,60 km/h,Dupla,Canteiro central,,
2019-11-24,16:00:00,COM VÍTIMA,FINALIZADA,SÃO JOSÉ,RUA IMPERIAL,1217,RUA BOM SUCESSO,PROX: AO VIADUTO DA AGAMENOM. PADARIA PÃO PÃO.,RUA IMPERIAL,1217,PROX: AO VIADUTO DA AGAMENOM. PADARIA PÃO PÃO.,SÃO JOSÉ,,SUBURBIO,ABALROAMENTO TRANSVERSAL,COLISÃO COM VITIMA ENTRE DOIS AUTOS,2,,,,,,,,,2,,Cruzamento,Bom,Sem defeito,Perfeito estado,Seca,Perfeito estado,Não existe,Outras,,Única,Faixa seccionada,,
2019-11-24,16:12:00,SEM VÍTIMA,FINALIZADA,IMBIRIBEIRA,RUA MOISES CORREA DA SILVA,181,RUA MENDES JUNIOR,,RUA MOISES CORREA DA SILVA,181,,IMBIRIBEIRA,,SUBURBIO,ABALROAMENTO LONGITUDINAL,COLISÃO SEM VITIMA,3,,,,,,,,,0,,Cruzamento,Bom,Não existe,Não existente,Seca,Perfeito estado,Não existe,Não há placas,,Dupla,Não existe,,
2019-11-24,16:33:00,COM VÍTIMA,FINALIZADA,CORDEIRO,RUA DR JOAO LACERDA,82,RUA 10 DE NOVEMBRO,EM FRENTE AO REI DA CHARQUE,RUA DR JOAO LACERDA,82,EM FRENTE AO REI DA CHARQUE,CORDEIRO,,,ABALROAMENTO LONGITUDINAL,AUTO E MOTO.,1,1,,,,,,,,1,,Longo da via,Bom,Não existe,Perfeito estado,Seca,Perfeito estado,Faixa de pedestre,Não há placas,,Dupla,Faixa seccionada,,
2019-11-24,19:26:00,COM VÍTIMA,FINALIZADA,ÁGUA FRIA,EST VELHA DE AGUA FRIA,739,,PROX AO DENOCS,EST VELHA DE AGUA FRIA,739,PROX AO DENOCS,ÁGUA FRIA,,SUBURBIO,ATROPELAMENTO,ATROPELAMENTO COM VITIMA ENTRE AUTO E PEDESTRE.,1,,,,1,,,,,1,,Longo da via,Bom,Não existe,Perfeito estado,Seca,Perfeito estado,Não existe,R-6a,,Dupla,Faixa contínua,,
2019-11-24,20:20:00,COM VÍTIMA,FINALIZADA,ÁGUA FRIA,AV BEBERIBE,2446,RUA FERNANDO DA VEIGA PESSOA,E/F AO PAGODE DA PRESSAO,AV BEBERIBE,2446,E/F AO PAGODE DA PRESSAO,ÁGUA FRIA,,SUBURBIO,ABALROAMENTO TRANSVERSAL,AUTO E MOTO.,1,1,,,,,,,,1,,Longo da via,Bom,Não existe,Perfeito estado,Seca,Perfeito estado,Não existe,Não há placas,,Dupla,Faixa contínua,,
2019-11-24,20:46:00,SEM VÍTIMA,CANCELADA,AREIAS,RUA AURORA CACOTE,177,RUA DO CANO,PROX A CLIMATIZAÇAO SASSA SERVIÇOS,RUA AURORA CACOTE,177,PROX A CLIMATIZAÇAO SASSA SERVIÇOS,AREIAS,,,COLISÃO,HB 20 X FIAT OBS. MOTORISTA DO FIAT ESTAVA ALCOOLIZADO DEIXOU O VEICULO E SE EVADIU DO LOCAL,2,,,,,,,,,0,,,,,,,,,,,,,,
2019-11-24,22:48:00,COM VÍTIMA,FINALIZADA,AFLITOS,AV SANTOS DUMONT,490,RUA TELES JUNIOR,FARMÁCIA EXTRAFARMA,AV SANTOS DUMONT,490,FARMÁCIA EXTRAFARMA,AFLITOS,,SUBURBIO,ABALROAMENTO TRANSVERSAL,AUTO E MOTO.,1,1,,,,,,,,1,,Cruzamento,Bom,Não existe,Incompleta,Seca,Mal iluminada,Não existe,Não há placas,,Única,Não existe,,