data,hora,natureza_acidente,situacao,bairro,endereco,numero,detalhe_endereco_acidente,complemento,endereco_cruzamento,numero_cruzamento,referencia_cruzamento,bairro_cruzamento,num_semaforo,sentido_via,tipo,descricao,auto,moto,ciclom,ciclista,pedestre,onibus,caminhao,viatura,outros,vitimas,vitimasfatais,acidente_verificado,tempo_clima,situacao_semaforo,sinalizacao,condicao_via,conservacao_via,ponto_controle,situacao_placa,velocidade_max_via,mao_direcao,divisao_via1,divisao_via2,divisao_via3
2019-11-25,04:51:00,SEM VÍTIMA,FINALIZADA,ESTÂNCIA,AV RECIFE,508,RUA MARQUES DE ITANHAEM,,AV RECIFE,508,,ESTÂNCIA,261,SUBURBIO,COLISÃO TRASEIRA,COLISAO ENTRE 2 AUTOS S/V,2,,,,,,,,,0,,Cruzamento,Bom,Sem defeito,Perfeito estado,Seca,Perfeito estado,Faixa de pedestre,Não há placas,,Dupla,Canteiro central,,
2019-11-25,06:24:00,SEM VÍTIMA,FINALIZADA,DOIS IRMÃOS,RUA MANUEL DE MEDEIROS,,,EM FRENTE AO CEGOE,RUA MANUEL DE MEDEIROS,,EM FRENTE AO CEGOE,DOIS IRMÃOS,224,CIDADE,ABALROAMENTO LONGITUDINAL,COLISÃO S/VITIMAS ENTRE UMA MOTO E UM AUTO,1,1,,,,,,,,0,,Longo da via,Bom,Sem defeito,Perfeito estado,Seca,Perfeito estado,Não existe,Outras,,Dupla,Faixa contínua,,
2019-11-25,06:30:00,SEM VÍTIMA,FINALIZADA,VÁRZEA,AV CAXANGA,,,LADO OPOSTO A UPA DA CAXANGÁ,AV CAXANGA,,LADO OPOSTO A UPA DA CAXANGÁ,VÁRZEA,,CIDADE,ABALROAMENTO LONGITUDINAL,CAMINHÃO E AUTO,1,,,,,,1,,,0,,Longo da via,Bom,Não existe,Perfeito estado,Seca,Perfeito estado,Não existe,R-6a,,Dupla,Faixa contínua,Faixa seccionada,
2019-11-25,06:50:00,SEM VÍTIMA,FINALIZADA,AFOGADOS,AV SUL,,,ESTAÇÃO LARGO DA PAZ,AV SUL,,ESTAÇÃO LARGO DA PAZ,AFOGADOS,,CIDADE,COLISÃO COM CICLISTA,COM UMA VITIMA /AGUARDANDO SAMU,,1,,1,,,,,,0,,Longo da via,Bom,Não existe,Perfeito estado,Seca,Perfeito estado,Não existe,Não há placas,60 km/h,Única,Faixa seccionada,,
2019-11-25,07:26:00,SEM VÍTIMA,CANCELADA,TORRÕES,AV ENGENHEIRO ABDIAS DE CARVALHO,170,,EM FRENTE A DISQUE PEDRAS  LADO OPOSTO A UPA  SENT. CIDADE,AV ENGENHEIRO ABDIAS DE CARVALHO,170,EM FRENTE A DISQUE PEDRAS  LADO OPOSTO A UPA  SENT. CIDADE,TORRÕES,,,COLISÃO,DOIS AUTOS,2,,,,,,,,,0,,,,,,,,,,,,,,
2019-11-25,08:38:00,SEM VÍTIMA,FINALIZADA,SANTO AMARO,AV GOVERNADOR AGAMENON MAGALHAES,,,SOB O VIADUTO DA AV NORTE MIGUEL ARRAES DE ALENCAR,AV GOVERNADOR AGAMENON MAGALHAES,,SOB O VIADUTO DA AV NORTE MIGUEL ARRAES DE ALENCAR,SANTO AMARO,,CIDADE,COLISÃO TRASEIRA,DOIS AUTOS,2,,,,,,,,,0,,Longo da via,Bom,Não existe,Perfeito estado,Seca,Perfeito estado,Não existe,Não há placas,60 km/h,Dupla,Faixa contínua,Canteiro central,
2019-11-25,08:40:00,COM VÍTIMA,FINALIZADA,CORDEIRO,AV CAXANGA,,,E/F A ESTAÇÃO DO BRT GETÚLIO VARGAS.,AV CAXANGA,,E/F A ESTAÇÃO DO BRT GETÚLIO VARGAS.,CORDEIRO,266,CIDADE,COLISÃO TRASEIRA,COLISÃO C/VITIMA ENTRE UMA MOTO E AUTO,1,1,,,,,,,,1,,Longo da via,Bom,Sem defeito,Perfeito estado,Seca,Perfeito estado,Faixa de pedestre,,,Dupla,Canteiro central,,
2019-11-25,09:17:00,COM VÍTIMA,FINALIZADA,IMBIRIBEIRA,AV MARECHAL MASCARENHAS DE MORAES,,,APÓS A JACAÚNA DECORAÇÕES.,AV MARECHAL MASCARENHAS DE MORAES,,APÓS A JACAÚNA DECORAÇÕES.,IMBIRIBEIRA,,SUBURBIO,ATROPELAMENTO,MOTO E PEDESTRE.,,1,,,1,,,,,2,,Longo da via,Bom,Não existe,Perfeito estado,Seca,Perfeito estado,Não existe,R-6a,,Dupla,Faixa seccionada,Canteiro central,
2019-11-25,09:24:00,SEM VÍTIMA,FINALIZADA,BOA VIAGEM,RUA SETUBAL,228,RUA DR VICENTE GOMES,PRÓX AO SEMÁFORO 060,RUA SETUBAL,228,PRÓX AO SEMÁFORO 060,BOA VIAGEM,60,CIDADE,ABALROAMENTO LONGITUDINAL,COLISÃO ENTRE ÔNIBUS E AUTO SEM VÍTIMA,1,,,,,1,,,,0,,Cruzamento,Bom,Sem defeito,Perfeito estado,Seca,Perfeito estado,Agente,Não há placas,,Única,Não existe,,
2019-11-25,10:06:00,SEM VÍTIMA,FINALIZADA,DERBY,RUA HENRIQUE DIAS,,,EM FRENTE AO COLEGIO DA POLICIA MILITAR,RUA HENRIQUE DIAS,,EM FRENTE AO COLEGIO DA POLICIA MILITAR,DERBY,,CIDADE,ABALROAMENTO TRANSVERSAL,MOTO E AUTO,1,1,,,,,,,,0,,Longo da via,Bom,Não existe,Perfeito estado,Seca,Perfeito estado,Outros,Outras,,Única,Faixa seccionada,,
2019-11-25,10:16:00,SEM VÍTIMA,FINALIZADA,BOA VIAGEM,RUA BARAO DE SOUZA LEAO,1301,RUA ELADIO RAMOS,ASSISTÊNCIA TÉCNICA LG,RUA BARAO DE SOUZA LEAO,1301,ASSISTÊNCIA TÉCNICA LG,BOA VIAGEM,,,ABALROAMENTO LONGITUDINAL,DOIS AUTOS,1,,,,,,1,,,0,,Longo da via,Bom,Não existe,Perfeito estado,Seca,Perfeito estado,Não existe,Não há placas,40 km/h,Única,Faixa seccionada,,
2019-11-25,10:25:00,SEM VÍTIMA,FINALIZADA,DOIS UNIDOS,AV HILDEBRANDO DE VASCONCELOS,255,,EM FRENTE AO Nº 255,AV HILDEBRANDO DE VASCONCELOS,255,EM FRENTE AO Nº 255,DOIS UNIDOS,,SUBURBIO,COLISÃO TRASEIRA,,1,,,,,1,,,,0,,Longo da via,Bom,Não existe,Incompleta,Seca,Perfeito estado,Não existe,Não há placas,,Dupla,Não existe,,
2019-11-25,10:30:00,SEM VÍTIMA,FINALIZADA,CORDEIRO,EST DO FORTE DO ARRAIAL N. DO B. JESUS,122,,CTI IMOBILIÁRIA,EST DO FORTE DO ARRAIAL N. DO B. JESUS,122,CTI IMOBILIÁRIA,CORDEIRO,,SUBURBIO,ABALROAMENTO LONGITUDINAL,COLISÃO S/VITIMAS ENTRE DOIS AUTOS,2,,,,,,,,,0,,Longo da via,Bom,Não existe,Perfeito estado,Seca,Perfeito estado,Não existe,Outras,,Dupla,Faixa contínua,Faixa seccionada,
2019-11-25,10:41:00,SEM VÍTIMA,FINALIZADA,BOA VIAGEM,RUA ANTONIO FALCAO,,RUA DOS NAVEGANTES,ILHA CAMARÕES,RUA ANTONIO FALCAO,,ILHA CAMARÕES,BOA VIAGEM,,SUBURBIO,ABALROAMENTO LONGITUDINAL,SEM VITIMAS,2,,,,,,,,,0,,Cruzamento,Bom,Não existe,Incompleta,Seca,Mal conservada,Não existe,Placas Pare,,Única,Não existe,,
2019-11-25,10:44:00,SEM VÍTIMA,FINALIZADA,TAMARINEIRA,AV NORTE,,RUA CONEGO BARATA,,AV NORTE,,,TAMARINEIRA,62,,COLISÃO TRASEIRA,COLISÃO S/VITIMAS ENTRE DOIS AUTOS,2,,,,,,,,,0,,Cruzamento,Bom,Sem defeito,Perfeito estado,Seca,Perfeito estado,Faixa de pedestre,Outras,60 km/h,Dupla,Blocos,,
2019-11-25,11:00:00,SEM VÍTIMA,FINALIZADA,BOA VIAGEM,RUA PROFESSOR JOAO MEDEIROS,,,LADO OPOSTO Nº 348,RUA PROFESSOR JOAO MEDEIROS,,LADO OPOSTO Nº 348,BOA VIAGEM,,SUBURBIO,COLISÃO TRASEIRA,DOIS AUTOS,2,,,,,,,,,0,,Longo da via,Bom,,Perfeito estado,Seca,Perfeito estado,Outros,Outras,,Dupla,Faixa seccionada,,
2019-11-25,11:15:00,SEM VÍTIMA,FINALIZADA,VÁRZEA,RUA EMILIANO BRAGA,,RUA PROFESSOR CHAVES BATISTA,,RUA EMILIANO BRAGA,,,VÁRZEA,,CIDADE,ABALROAMENTO LONGITUDINAL,COLISÃO SEM VITIMAS,2,,,,,,,,,0,,,Bom,Não existe,Perfeito estado,Seca,Perfeito estado,,Outras,,Única,,,
2019-11-25,11:24:00,SEM VÍTIMA,FINALIZADA,AREIAS,AV DR JOSE RUFINO,955,,EM FRENTE A HONDA,AV DR JOSE RUFINO,955,EM FRENTE A HONDA,AREIAS,,CIDADE,COLISÃO TRASEIRA,COLISÃO S/VITIMAS ENTRE DOIS AUTOS,2,,,,,,,,,0,,Longo da via,Bom,Não existe,,Seca,Perfeito estado,Outros,Outras,50 km/h,Dupla,Faixa contínua,,
2019-11-25,11:51:00,SEM VÍTIMA,FINALIZADA,AFOGADOS,EST DOS REMEDIOS,1461,,DEPÓSITO DA TUPAN,EST DOS REMEDIOS,1461,DEPÓSITO DA TUPAN,AFOGADOS,,,COLISÃO TRASEIRA,DOIS AUTOS,2,,,,,,,,,0,,Longo da via,Bom,,Perfeito estado,Seca,Perfeito estado,,,,Única,Faixa seccionada,,
2019-11-25,12:29:00,SEM VÍTIMA,FINALIZADA,IPUTINGA,RUA LAGOA VERMELHA,466,,,RUA LAGOA VERMELHA,466,,IPUTINGA,,CIDADE,CHOQUE VEÍCULO PARADO,COLISÃO SEM VITIMAS,2,,,,,,,,,0,,Longo da via,Bom,Não existe,Não existente,Seca,Perfeito estado,Não existe,Não há placas,,Dupla,Não existe,,
2019-11-25,12:37:00,SEM VÍTIMA,FINALIZADA,SANTO AMARO,AV NORTE,1048,,EM FRENTE A QUALITY IMPORT ( Nº 1048),AV NORTE,1048,EM FRENTE A QUALITY IMPORT ( Nº 1048),SANTO AMARO,,SUBURBIO,ABALROAMENTO LONGITUDINAL,SEM VITIMAS,3,1,,,,,,,,0,,Longo da via,Bom,Sem defeito,Perfeito estado,Seca,Perfeito estado,Não existe,Não há placas,40 km/h,Dupla,Canteiro central,,
2019-11-25,13:03:00,SEM VÍTIMA,FINALIZADA,TEJIPIÓ,AV LIBERDADE,53,,DELEGACIA DE POLÍCIA DO MEIO AMBIENTE,AV LIBERDADE,53,DELEGACIA DE POLÍCIA DO MEIO AMBIENTE,TEJIPIÓ,,SUBURBIO,ABALROAMENTO LONGITUDINAL,COLISÃO SEM VITIMAS,,,,,,1,1,,,0,,Longo da via,Bom,Não existe,Perfeito estado,Seca,Perfeito estado,Não existe,Outras,,Dupla,Faixa contínua,,
2019-11-25,14:15:00,SEM VÍTIMA,FINALIZADA,BOA VIAGEM,AV BOA VIAGEM,4988,,EM FRENTE A PRACINHA DE BOA VIAGEM,AV BOA VIAGEM,4988,EM FRENTE A PRACINHA DE BOA VIAGEM,BOA VIAGEM,,SUBURBIO,ABALROAMENTO LONGITUDINAL,SEM VITIMAS,1,,,,,1,,,,0,,Longo da via,Bom,Não existe,Não existente,Seca,Perfeito estado,Não existe,Não há placas,,Única,,,
2019-11-25,14:25:00,SEM VÍTIMA,FINALIZADA,JIQUIÁ,AV DR JOSE RUFINO,,RUA MORAIS E SILVA,AO LADO DA GALERIA MARGARIDA,AV DR JOSE RUFINO,,AO LADO DA GALERIA MARGARIDA,JIQUIÁ,,SUBURBIO,ABALROAMENTO TRANSVERSAL,SEM VITIMAS,2,,,,,,,,,0,,Cruzamento,Bom,Não existe,Ilegível,Seca,Mal conservada,Não existe,R-6a,,Dupla,Faixa contínua,,
2019-11-25,14:55:00,SEM VÍTIMA,FINALIZADA,IMBIRIBEIRA,RUA DR TAVARES CORREIA,105,,,RUA DR TAVARES CORREIA,105,,IMBIRIBEIRA,,,CHOQUE VEÍCULO PARADO,COLISÃO SEM VITIMAS,1,,,,,,1,,,0,,Longo da via,Bom,Não existe,Não existente,Seca,Perfeito estado,Não existe,Não há placas,,Única,Não existe,,
2019-11-25,15:19:00,SEM VÍTIMA,FINALIZADA,BOA VIAGEM,RUA DR RAUL LAFAYETTE,152,,EDIFÍCIO SANTIAGO DE COMPOSTELA,RUA DR RAUL LAFAYETTE,152,EDIFÍCIO SANTIAGO DE COMPOSTELA,BOA VIAGEM,,,ABALROAMENTO LONGITUDINAL,COLISÃO SEM VITIMAS,2,,,,,,,,,0,,Longo da via,Bom,Não existe,Perfeito estado,Seca,Perfeito estado,Não existe,Outras,,Única,Não existe,,
2019-11-25,15:30:00,SEM VÍTIMA,FINALIZADA,JARDIM SÃO PAULO,AV RECIFE,,AV JOAO CABRAL DE MELO NETO,,AV RECIFE,,,JARDIM SÃO PAULO,259,,COLISÃO TRASEIRA,ENTRE AUTO PASSEIO X CAMINHÃO S/V,1,,,,,,1,,,0,,Longo da via,Bom,Sem defeito,Perfeito estado,Seca,Perfeito estado,Faixa de pedestre,,,Dupla,Canteiro central,,
2019-11-25,15:50:00,SEM VÍTIMA,CANCELADA,ESPINHEIRO,RUA AFONSO BATISTA,,,E/F A FARMACIA PAGUE MENOS,RUA AFONSO BATISTA,,E/F A FARMACIA PAGUE MENOS,ESPINHEIRO,,,COLISÃO,COLISAO ENTRE AUTO E VT DA POLICIA,1,,,,,,,1,,0,,,,,,,,,,,,,,
2019-11-25,16:39:00,COM VÍTIMA,FINALIZADA,AFOGADOS,RUA SAO MIGUEL,1545,RUA MANOEL DE ALBUQUERQUE FERNANDES,E/F AO BODE DO NÔ. LADO OPOSTO A DROGARIA BONGI.,RUA SAO MIGUEL,1545,E/F AO BODE DO NÔ. LADO OPOSTO A DROGARIA BONGI.,AFOGADOS,,CIDADE,ABALROAMENTO TRANSVERSAL,AUTO E MOTONETA,1,1,,,,,,,,1,,Esquina,Bom,Não existe,Perfeito estado,Seca,Perfeito estado,Não existe,Não há placas,,Dupla,Faixa seccionada,,
2019-11-25,16:43:00,SEM VÍTIMA,FINALIZADA,IPUTINGA,RUA PROFESSOR JULIO OLIVEIRA,67,,,RUA PROFESSOR JULIO OLIVEIRA,67,,IPUTINGA,,,COLISÃO TRASEIRA,ENTRE DOIS AUTOS S/V,2,,,,,,,,,0,,Longo da via,Bom,Não existe,,Seca,Perfeito estado,Não existe,Outras,,Única,Não existe,,
2019-11-25,17:39:00,COM VÍTIMA,CANCELADA,MANGUEIRA,RUA JOAO LEITE,10,,EM FRENTE DA ESTAÇÃO / ESTAÇAO DO GUARANÁ DO AMAZONAS,RUA JOAO LEITE,10,EM FRENTE DA ESTAÇÃO / ESTAÇAO DO GUARANÁ DO AMAZONAS,MANGUEIRA,,,COLISÃO,COLISÃO COM VITIMA/ SAMU NO LOCAL,1,1,,,,,,,,1,,,,,,,,,,,,,,
2019-11-25,18:32:00,SEM VÍTIMA,FINALIZADA,ESTÂNCIA,AV DR JOSE RUFINO,535,,,AV DR JOSE RUFINO,535,,ESTÂNCIA,,SUBURBIO,ABALROAMENTO LONGITUDINAL,COLISAO SEM VITIMAS,1,,,,,1,,,,0,,Longo da via,Bom,Não existe,Perfeito estado,Seca,Perfeito estado,,Não há placas,40 km/h,Dupla,Faixa seccionada,,
2019-11-25,18:43:00,SEM VÍTIMA,FINALIZADA,,RUA VINTE E QUATRO DE MAIO,,RUA BARAO DE SOUZA LEAO,SOB O SEMÁFORO 644,RUA VINTE E QUATRO DE MAIO,,SOB O SEMÁFORO 644,,644,,ABALROAMENTO LONGITUDINAL,COLISAO SEM VITIMAS,1,,,,,1,,,,0,,,Bom,Sem defeito,Perfeito estado,Seca,Perfeito estado,Faixa de pedestre,Outras,,Única,Faixa contínua,,
2019-11-25,18:54:00,SEM VÍTIMA,FINALIZADA,DERBY,AV GOVERNADOR AGAMENON MAGALHAES,287,,PISTA LATERAL AO LADO EDF SKORPIOS,AV GOVERNADOR AGAMENON MAGALHAES,287,PISTA LATERAL AO LADO EDF SKORPIOS,DERBY,,SUBURBIO,ABALROAMENTO LONGITUDINAL,SIENA X ONIBUS DA PEDROSA,1,,,,,1,,,,0,,Longo da via,Bom,Sem defeito,Perfeito estado,Seca,Perfeito estado,Não existe,Outras,,Única,Faixa seccionada,,
2019-11-25,19:02:00,SEM VÍTIMA,FINALIZADA,PARNAMIRIM,AV PARNAMIRIM,9,,EM FRENTE AO Nº 9,AV PARNAMIRIM,9,EM FRENTE AO Nº 9,PARNAMIRIM,,CIDADE,COLISÃO TRASEIRA,DOIS AUTOS,2,,,,,,,,,0,,Longo da via,Bom,Não existe,Incompleta,Seca,Perfeito estado,,,,Única,,,
2019-11-25,19:21:00,SEM VÍTIMA,FINALIZADA,SAN MARTIN,RUA DR GOMES PORTO,625,RUA DR TELESPHORO FRAGOSO,,RUA DR GOMES PORTO,625,,SAN MARTIN,,CIDADE,ABALROAMENTO TRANSVERSAL,MOTO X VAN,,1,,,,1,,,,0,,Cruzamento,Bom,Não existe,Não existente,Seca,,Não existe,Não há placas,,Dupla,Não existe,,
2019-11-25,19:51:00,SEM VÍTIMA,FINALIZADA,BOA VIAGEM,AV BOA VIAGEM,5090,,SEMÁFORO Nº 483,AV BOA VIAGEM,5090,SEMÁFORO Nº 483,BOA VIAGEM,483,CIDADE,ABALROAMENTO LONGITUDINAL,COLISAO SEM VITIMAS,1,,,,,1,,,,0,,Longo da via,Bom,Sem defeito,Perfeito estado,Seca,Perfeito estado,Faixa de pedestre,Não há placas,60 km/h,Única,Faixa contínua,,
2019-11-25,19:52:00,COM VÍTIMA,FINALIZADA,IMBIRIBEIRA,AV MARECHAL MASCARENHAS DE MORAES,4223,,EM FRENTE A UPA DA IMBIRIBEIRA,AV MARECHAL MASCARENHAS DE MORAES,4223,EM FRENTE A UPA DA IMBIRIBEIRA,IMBIRIBEIRA,310,CIDADE,ABALROAMENTO LONGITUDINAL,HONDA CRV X MOTO,1,1,,,,,,,,1,,Longo da via,Bom,Sem defeito,Perfeito estado,Seca,Perfeito estado,Não existe,Outras,,Única,Faixa seccionada,,
2019-11-25,19:56:00,SEM VÍTIMA,CANCELADA,ESPINHEIRO,AV JOAO DE BARROS,1622,RUA ALFREDO DE CASTRO,PROX AO BANCO ITAU // ENF A FEDERAÇAO ESPIRITA DE PE.,AV JOAO DE BARROS,1622,PROX AO BANCO ITAU // ENF A FEDERAÇAO ESPIRITA DE PE.,ESPINHEIRO,,,COLISÃO,CITROEN X FIAT,2,,,,,,,,,0,,,,,,,,,,,,,,
2019-11-25,20:08:00,SEM VÍTIMA,FINALIZADA,MADALENA,AV BEIRA RIO,1059,,EM FRENTE AO ED. IARUGA,AV BEIRA RIO,1059,EM FRENTE AO ED. IARUGA,MADALENA,,,COLISÃO TRASEIRA,HILUX X ONIX,2,,,,,,,,,0,,Longo da via,Bom,Não existe,Perfeito estado,Seca,Perfeito estado,Não existe,R-6c,,Dupla,Faixa seccionada,,
2019-11-25,20:42:00,SEM VÍTIMA,CANCELADA,ALTO SANTA TERESINHA,TRV TAMBOARA,540,,E/F A ANTENA DA TIM,TRV TAMBOARA,540,E/F A ANTENA DA TIM,ALTO SANTA TERESINHA,,,COLISÃO,COLISAO SEM VITIMAS,1,2,,,,,,,,0,,,,,,,,,,,,,,
2019-11-25,21:43:00,SEM VÍTIMA,FINALIZADA,MADALENA,RUA BENFICA,715,,EM FRENTE AO EXTRA DA BENFICA,RUA BENFICA,715,EM FRENTE AO EXTRA DA BENFICA,MADALENA,628,,ABALROAMENTO LONGITUDINAL,MOTO X HB 20,1,1,,,,,,,,0,,Longo da via,Bom,Sem defeito,Perfeito estado,Seca,Perfeito estado,Não existe,Outras,,Única,Faixa seccionada,,
2019-11-25,22:03:00,SEM VÍTIMA,FINALIZADA,IPUTINGA,EST DO BARBALHO,1135,RUA SILVANOPOLIS,,EST DO BARBALHO,1135,,IPUTINGA,,SUBURBIO,CHOQUE VEÍCULO PARADO,COLISAO SEM VITIMAS,2,,,,,,,,,0,,,Bom,Não existe,Incompleta,Seca,Perfeito estado,Não existe,Não há placas,40 km/h,Dupla,Não existe,,
2019-11-25,22:08:00,SEM VÍTIMA,CANCELADA,CÓRREGO DO JENIPAPO,RUA FRANCISCO CAMPOS,90,RUA DAS FLORES,PROX A INTEGRAÇAO DA MACAXEIRA,RUA FRANCISCO CAMPOS,90,PROX A INTEGRAÇAO DA MACAXEIRA,CÓRREGO DO JENIPAPO,,,COLISÃO,FORD KA X ONIX,2,,,,,,,,,0,,,,,,,,,,,,,,
2019-11-26,06:39:00,SEM VÍTIMA,FINALIZADA,JIQUIÁ,AV DR JOSE RUFINO,170,,EM FRENTE AO Nº 170,AV DR JOSE RUFINO,170,EM FRENTE AO Nº 170,JIQUIÁ,,CIDADE,ABALROAMENTO LONGITUDINAL,SEM VITIMAS/VT 22 CTTU NO LOCAL,2,1,,,,,,,,0,,Cruzamento,Bom,Não existe,Perfeito estado,Seca,Mal conservada,,R-6a,60 km/h,Dupla,Não existe,,
2019-11-26,07:48:00,SEM VÍTIMA,FINALIZADA,SÃO JOSÉ,C SANTA RITA,,,LADO OPOSTO A EMPRESA AGEMAR,C SANTA RITA,,LADO OPOSTO A EMPRESA AGEMAR,SÃO JOSÉ,,CIDADE,ABALROAMENTO LONGITUDINAL,COLISÃO SEM VITIMAS,2,,,,,,,,,0,,Longo da via,Bom,Sem defeito,Perfeito estado,Seca,Perfeito estado,Não existe,Outras,60 km/h,Dupla,Canteiro central,,
2019-11-26,07:59:00,COM VÍTIMA,FINALIZADA,BAIRRO DO RECIFE,AV MARQUES DE OLINDA,1817,RUA MARIZ E BARROS,AO LADO LOTERICA. EM FRENTE AO CAFÉ LIBERAL,AV MARQUES DE OLINDA,1817,AO LADO LOTERICA. EM FRENTE AO CAFÉ LIBERAL,BAIRRO DO RECIFE,,SUBURBIO,ABALROAMENTO TRANSVERSAL,AUTO E MOTO.,1,1,,,,,,,,1,,Cruzamento,Bom,Não existe,Incompleta,Seca,Perfeito estado,Não existe,Placas Pare,,,,,
2019-11-26,08:13:00,SEM VÍTIMA,FINALIZADA,AFOGADOS,RUA DA PAZ,143,,EMPRESA ASA,RUA DA PAZ,143,EMPRESA ASA,AFOGADOS,73,SUBURBIO,COLISÃO TRASEIRA,,1,1,,,,,,,,0,,Longo da via,Bom,Sem defeito,Perfeito estado,Seca,Perfeito estado,Agente,Não há placas,,Única,Não existe,,
2019-11-26,08:25:00,SEM VÍTIMA,FINALIZADA,BOA VIAGEM,RUA JOSE DOMINGUES DA SILVA,116,RUA BELMONTE,EDIFÍCIO VIA SPAZIO,RUA JOSE DOMINGUES DA SILVA,116,EDIFÍCIO VIA SPAZIO,BOA VIAGEM,,,ABALROAMENTO TRANSVERSAL,DOIS AUTOS,2,,,,,,,,,0,,Cruzamento,Bom,Não existe,Perfeito estado,Seca,Perfeito estado,Não existe,Placas Pare,30 km/h,Dupla,Faixa seccionada,,
2019-11-26,08:52:00,SEM VÍTIMA,FINALIZADA,AFOGADOS,AV SUL,,,APÓS A NICOLAU PEREIRA,AV SUL,,APÓS A NICOLAU PEREIRA,AFOGADOS,,CIDADE,ABALROAMENTO LONGITUDINAL,DOIS AUTOS,2,,,,,,,,,0,,Longo da via,Bom,Sem defeito,Perfeito estado,Seca,Perfeito estado,Outros,Outras,60 km/h,Única,Faixa seccionada,,
2019-11-26,08:53:00,SEM VÍTIMA,FINALIZADA,ESPINHEIRO,RUA CONS PORTELA,,RUA QUARENTA E OITO,PRÓXIMO A FARMÁCIA PAGUE MENOS,RUA CONS PORTELA,,PRÓXIMO A FARMÁCIA PAGUE MENOS,ESPINHEIRO,11,CIDADE,ABALROAMENTO LONGITUDINAL,COLISÃO SEM VITIMAS,1,,,,,1,,,,0,,Cruzamento,Bom,Sem defeito,Perfeito estado,Seca,Perfeito estado,Agente,Não há placas,40 km/h,Única,Faixa seccionada,,
2019-11-26,08:55:00,SEM VÍTIMA,FINALIZADA,ILHA JOANA BEZERRA,VIADUTO CAPITAO TEMUDO,,,SOBRE O VIADUTO,VIADUTO CAPITAO TEMUDO,,SOBRE O VIADUTO,ILHA JOANA BEZERRA,,SUBURBIO,ABALROAMENTO LONGITUDINAL,CAMINHAO CAÇAMBA E TAXI,1,,,,,,1,,,0,,Viaduto,Bom,Não existe,Não existente,Seca,Perfeito estado,Não existe,Não há placas,60 km/h,Dupla,,,
2019-11-26,09:04:00,SEM VÍTIMA,FINALIZADA,GRAÇAS,AV GOVERNADOR AGAMENON MAGALHAES,,,APÓS O SEMÁFORO Nº 174,AV GOVERNADOR AGAMENON MAGALHAES,,APÓS O SEMÁFORO Nº 174,GRAÇAS,174,,COLISÃO TRASEIRA,DOIS AUTOS,2,,,,,,,,,0,,Longo da via,Bom,Sem defeito,Perfeito estado,Seca,Perfeito estado,Agente,Outras,60 km/h,Dupla,Canteiro central,Canal,
2019-11-26,09:21:00,SEM VÍTIMA,FINALIZADA,ESTÂNCIA,AV RECIFE,26,,PRÓXIMO AO POSTO SHOPPING SHELL,AV RECIFE,26,PRÓXIMO AO POSTO SHOPPING SHELL,ESTÂNCIA,,CIDADE,COLISÃO TRASEIRA,4 AUTOS,4,,,,,,,,,0,,Longo da via,Bom,Sem defeito,Perfeito estado,Seca,Perfeito estado,Não existe,Não há placas,,Dupla,Canteiro central,,
2019-11-26,09:51:00,SEM VÍTIMA,FINALIZADA,AFOGADOS,EST DOS REMEDIOS,1918,,FITNESS,EST DOS REMEDIOS,1918,FITNESS,AFOGADOS,,,ABALROAMENTO LONGITUDINAL,SEM VITIMAS,2,,,,,,,,,0,,Longo da via,Bom,Não existe,Perfeito estado,Seca,Perfeito estado,Não existe,,,Única,Faixa contínua,Faixa seccionada,
2019-11-26,09:53:00,SEM VÍTIMA,FINALIZADA,IBURA,RUA EXP FRANCISCO VITORIANO,280,,,RUA EXP FRANCISCO VITORIANO,280,,IBURA,,SUBURBIO,COLISÃO TRASEIRA,COLISÃO SEM VITIMAS,,1,,,,1,,,,0,,Longo da via,Bom,Não existe,Perfeito estado,Seca,Perfeito estado,Não existe,R-6a,,Dupla,Faixa seccionada,,
2019-11-26,09:59:00,COM VÍTIMA,FINALIZADA,AREIAS,AV DR JOSE RUFINO,1099,RUA ENGENHEIRO ARNALDO LIMA,EM FRENTE AO SENAI,AV DR JOSE RUFINO,1099,EM FRENTE AO SENAI,AREIAS,,SUBURBIO,ABALROAMENTO TRANSVERSAL,AUTO E MOTO,1,1,,,,,,,,1,,Longo da via,Bom,Sem defeito,Perfeito estado,Seca,Perfeito estado,Faixa de pedestre,Não há placas,,Dupla,Faixa contínua,,
2019-11-26,10:42:00,SEM VÍTIMA,FINALIZADA,ESTÂNCIA,AV RECIFE,495,,,AV RECIFE,495,,ESTÂNCIA,261,,COLISÃO TRASEIRA,TRES AUTOS / UM DOS VEICULOS CAPOTOU / POREM O MOTORISTA NAO ACIONOU O SAMU,3,,,,,,,,,0,,Longo da via,Bom,Sem defeito,Perfeito estado,Seca,Perfeito estado,Faixa de pedestre,Não há placas,60 km/h,Dupla,Canteiro central,,
2019-11-26,11:21:00,SEM VÍTIMA,FINALIZADA,AFOGADOS,RUA NICOLAU PEREIRA,57,,AO LADO DO Nº 57,RUA NICOLAU PEREIRA,57,AO LADO DO Nº 57,AFOGADOS,,,ABALROAMENTO LONGITUDINAL,CAMINHAO E AUTO PASSEIO,1,,,,,,1,,,0,,Longo da via,Bom,Não existe,Incompleta,Seca,Perfeito estado,Não existe,R-6a,,Única,Faixa seccionada,,