data,hora,natureza_acidente,situacao,bairro,endereco,numero,detalhe_endereco_acidente,complemento,endereco_cruzamento,numero_cruzamento,referencia_cruzamento,bairro_cruzamento,num_semaforo,sentido_via,tipo,descricao,auto,moto,ciclom,ciclista,pedestre,onibus,caminhao,viatura,outros,vitimas,vitimasfatais,acidente_verificado,tempo_clima,situacao_semaforo,sinalizacao,condicao_via,conservacao_via,ponto_controle,situacao_placa,velocidade_max_via,mao_direcao,divisao_via1,divisao_via2,divisao_via3
2019-11-26,11:59:00,SEM VÍTIMA,FINALIZADA,JARDIM SÃO PAULO,RUA LEANDRO BARRETO,,RUA LORENA,RESTAURANTE PÉ DE PORCO,RUA LEANDRO BARRETO,,RESTAURANTE PÉ DE PORCO,JARDIM SÃO PAULO,,CIDADE,ABALROAMENTO TRANSVERSAL,SEM VITIMAS,2,,,,,,,,,0,,Cruzamento,Bom,Não existe,Não existente,Seca,Perfeito estado,Não existe,Não há placas,,Dupla,,,
2019-11-26,12:26:00,COM VÍTIMA,FINALIZADA,IMBIRIBEIRA,RUA ITACARI,162,RUA ITAJAI,POR TRAS DO BANCO ITAU DA IMBIRIBEIRA. INOVE,RUA ITACARI,162,POR TRAS DO BANCO ITAU DA IMBIRIBEIRA. INOVE,IMBIRIBEIRA,,SUBURBIO,ABALROAMENTO TRANSVERSAL,COLISÃO COM VITIMA. ENTRE CARRO E MOTO,1,1,,,,,,,,1,,Cruzamento,Bom,Não existe,Perfeito estado,Seca,Perfeito estado,Faixa de pedestre,Placas Pare,,Única,Faixa contínua,,
2019-11-26,12:30:00,SEM VÍTIMA,FINALIZADA,AFOGADOS,RUA OLIMPIO CHACON,569 A,RUA SAO MIGUEL,AO LADO DA IGREJA DA FÉ DO BRASIL,RUA OLIMPIO CHACON,569 A,AO LADO DA IGREJA DA FÉ DO BRASIL,AFOGADOS,,SUBURBIO,ABALROAMENTO LONGITUDINAL,COLISAO ENTRE AUTO E CAMINAO S/V,1,,,,,,1,,,0,,Longo da via,Bom,Não existe,Incompleta,Seca,,Não existe,Outras,40 km/h,Dupla,Não existe,,
2019-11-26,12:36:00,SEM VÍTIMA,FINALIZADA,DERBY,RUA BENFICA,480,,,RUA BENFICA,480,,DERBY,,SUBURBIO,ABALROAMENTO LONGITUDINAL,COLISÃO ENTRE CARRO E ONIBUS,1,,,,,1,,,,0,,Longo da via,Bom,Não existe,Perfeito estado,Seca,Perfeito estado,Não existe,R-6a,,Dupla,,,
2019-11-26,12:49:00,SEM VÍTIMA,FINALIZADA,BOA VIAGEM,AV DOM JOAO VI,,,LADO OPOSTO Nº 214,AV DOM JOAO VI,,LADO OPOSTO Nº 214,BOA VIAGEM,,CIDADE,ABALROAMENTO LONGITUDINAL,COLISÃO S/VITIMAS ENTRE DOIS AUTOS,2,,,,,,,,,0,,Longo da via,Bom,Não existe,Incompleta,Seca,Mal conservada,Não existe,Não há placas,,Dupla,Não existe,,
2019-11-26,12:54:00,SEM VÍTIMA,FINALIZADA,ESTÂNCIA,AV DR JOSE RUFINO,,,OPOSTO AO Nº 354,AV DR JOSE RUFINO,,OPOSTO AO Nº 354,ESTÂNCIA,,CIDADE,ABALROAMENTO LONGITUDINAL,COLISÃO S/ VITIMA ENTRE CARRO E CAMINHÃO,1,,,,,,1,,,0,,Longo da via,Bom,Intermitente,Incompleta,Seca,Mal conservada,Não existe,Não há placas,,Dupla,Não existe,,
2019-11-26,13:02:00,COM VÍTIMA,FINALIZADA,PINA,AV ANTONIO DE GOES,565,,EMPRESARIAL NEWTON LEMOS   FAIXA DA DIREITA,AV ANTONIO DE GOES,565,EMPRESARIAL NEWTON LEMOS   FAIXA DA DIREITA,PINA,,CIDADE,COLISÃO TRASEIRA,AUTO E MOTO.,1,1,,,,,,,,1,,Longo da via,Bom,Sem defeito,Perfeito estado,Seca,Perfeito estado,Agente,Outras,60 km/h,Única,Faixa seccionada,,
2019-11-26,14:09:00,SEM VÍTIMA,FINALIZADA,COHAB,AV SAO PAULO,19,,,AV SAO PAULO,19,,COHAB,,,ABALROAMENTO LONGITUDINAL,,1,,,,,1,,,,0,,,Bom,Não existe,Perfeito estado,Seca,Perfeito estado,Agente,Não há placas,30 km/h,Dupla,Não existe,,
2019-11-26,14:49:00,SEM VÍTIMA,FINALIZADA,IMBIRIBEIRA,AV MARECHAL MASCARENHAS DE MORAES,,,,AV MARECHAL MASCARENHAS DE MORAES,,,IMBIRIBEIRA,,SUBURBIO,ABALROAMENTO LONGITUDINAL,COLISÃO S/ VITIMA ENTRE CARRO E ONIBUS,1,,,,,1,,,,0,,Longo da via,Bom,Não existe,Perfeito estado,Seca,Perfeito estado,,Não há placas,60 km/h,Dupla,Faixa seccionada,,
2019-11-26,14:50:00,COM VÍTIMA,FINALIZADA,ILHA DO RETIRO,AV BEIRA RIO,260,,PROX AO TUNEL E/F A EMPRESA DE SEGURANÇA GRUPO PRADO PARTICIPAÇÕES.,AV BEIRA RIO,260,PROX AO TUNEL E/F A EMPRESA DE SEGURANÇA GRUPO PRADO PARTICIPAÇÕES.,ILHA DO RETIRO,,,COLISÃO FRONTAL,COLISAO ENTRE AUTO E MOTO COM UMA VITIMA,1,1,,,,,,,,1,,Longo da via,Bom,Não existe,Perfeito estado,Seca,Perfeito estado,Não existe,R-6a,40 km/h,Dupla,Faixa seccionada,,
2019-11-26,14:56:00,SEM VÍTIMA,FINALIZADA,AFOGADOS,RUA DOUTOR LEONIDAS CRAVO GAMA,,,,RUA DOUTOR LEONIDAS CRAVO GAMA,,,AFOGADOS,320,SUBURBIO,COLISÃO TRASEIRA,COLISAO ENTRE VT DA CTTU E TAXI S/V,2,,,,,,,,,0,,Longo da via,Bom,Sem defeito,Ilegível,Seca,Perfeito estado,Não existe,Não há placas,,Única,Não existe,,
2019-11-26,15:12:00,SEM VÍTIMA,FINALIZADA,IBURA,AV DOIS RIOS,1272,RUA RIBEIRAO VERMELHO,EM FRENTE A ASSIS FRUTAS,AV DOIS RIOS,1272,EM FRENTE A ASSIS FRUTAS,IBURA,323,SUBURBIO,ABALROAMENTO TRANSVERSAL,COLISÃO S/VITIMAS ENTRE UM ONIBUS E UM AUTO,1,,,,,1,,,,0,,,Bom,Sem defeito,Perfeito estado,Seca,Perfeito estado,Faixa de pedestre,Outras,,Dupla,Faixa contínua,,
2019-11-26,15:28:00,SEM VÍTIMA,FINALIZADA,CIDADE UNIVERSITÁRIA,RUA GENERAL POLIDORO,590,,CHURRASCARIA E PIZZARIA KIS,RUA GENERAL POLIDORO,590,CHURRASCARIA E PIZZARIA KIS,CIDADE UNIVERSITÁRIA,577,,ABALROAMENTO LONGITUDINAL,COLISAO ENTRE DOIS AUTOS S/V,2,,,,,,,,,0,,Longo da via,Bom,Sem defeito,Perfeito estado,Seca,,,Outras,,Dupla,,,
2019-11-26,15:48:00,COM VÍTIMA,FINALIZADA,BOA VISTA,AV CONDE DA BOA VISTA,1546,RUA PADRE INGLES,E/F A POLITEC GM,AV CONDE DA BOA VISTA,1546,E/F A POLITEC GM,BOA VISTA,,,COLISÃO COM CICLISTA,COLISAO ENTRE AUTO E CICLISTA,1,,,1,,,,,,1,,Esquina,Bom,Não existe,,Seca,Perfeito estado,,Placas Pare,40 km/h,Dupla,Canteiro central,,
2019-11-26,16:27:00,COM VÍTIMA,FINALIZADA,BOA VISTA,AV CONDE DA BOA VISTA,,RUA DOM BOSCO,AO LADO DO POSTO IPIRANGA,AV CONDE DA BOA VISTA,,AO LADO DO POSTO IPIRANGA,BOA VISTA,27,SUBURBIO,ABALROAMENTO LONGITUDINAL,COLISAO ENTRE AUTO E MOTO COM UMA VITIMA,1,1,,,,,,,,1,,Longo da via,Bom,Sem defeito,Perfeito estado,Seca,Perfeito estado,Outros,Outras,40 km/h,Única,Faixa contínua,,
2019-11-26,16:35:00,SEM VÍTIMA,FINALIZADA,SANTO AMARO,AV CRUZ CABUGA,1111,,EM FRENTE AO NUMERAL 1111 ( APAC),AV CRUZ CABUGA,1111,EM FRENTE AO NUMERAL 1111 ( APAC),SANTO AMARO,,,COLISÃO TRASEIRA,COLISAO ENTRE AUTO E MOTO S/V,1,1,,,,,,,,0,,Longo da via,Bom,Não existe,Perfeito estado,Seca,Perfeito estado,Outros,Outras,,Dupla,Faixa contínua,Faixa seccionada,Blocos
2019-11-26,16:45:00,SEM VÍTIMA,FINALIZADA,MADALENA,AV VISCONDE DE ALBUQUERQUE,,,LESSA DE ANDRADE,AV VISCONDE DE ALBUQUERQUE,,LESSA DE ANDRADE,MADALENA,51,SUBURBIO,ABALROAMENTO LONGITUDINAL,COLISAO ENTRE ONIBUS E AUTOS S/V,1,,,,,1,,,,0,,Longo da via,Bom,Sem defeito,Perfeito estado,Seca,Perfeito estado,Agente,,,Única,Faixa contínua,,
2019-11-26,16:50:00,SEM VÍTIMA,CANCELADA,BOA VIAGEM,RUA ATLANTICO,777,AV CONSELHEIRO AGUIAR,E/F SEDATEX TECIDOS FINOS,RUA ATLANTICO,777,E/F SEDATEX TECIDOS FINOS,BOA VIAGEM,,,COLISÃO,COLISAO ENTRE ONIBUS E AUTO S/V,2,,,,,1,,,,0,,,,,,,,,,,,,,
2019-11-26,18:30:00,SEM VÍTIMA,FINALIZADA,IMBIRIBEIRA,AV MARECHAL MASCARENHAS DE MORAES,,,ATACADAO DOS PRESENTES,AV MARECHAL MASCARENHAS DE MORAES,,ATACADAO DOS PRESENTES,IMBIRIBEIRA,310,CIDADE,COLISÃO TRASEIRA,COLISAO SEM VITIMAS,1,1,,,,,,,,0,,Longo da via,Bom,Sem defeito,Perfeito estado,Seca,Perfeito estado,Faixa de retenção,,60 km/h,Dupla,Canteiro central,,
2019-11-26,19:17:00,SEM VÍTIMA,FINALIZADA,IBURA,AV DOIS RIOS,,,FARMÁCIA INDEPENDENTE,AV DOIS RIOS,,FARMÁCIA INDEPENDENTE,IBURA,323,SUBURBIO,COLISÃO TRASEIRA,COLISAO SEM VITIMAS,2,,,,,,,,,0,,Longo da via,Bom,Sem defeito,Perfeito estado,Seca,Perfeito estado,,Não há placas,,Dupla,Faixa contínua,,
2019-11-27,01:49:00,SEM VÍTIMA,FINALIZADA,GUABIRABA,AV DA RECUPERACAO,,,TERMINAL INTEGRADO MACAXEIRA,AV DA RECUPERACAO,,TERMINAL INTEGRADO MACAXEIRA,GUABIRABA,,CIDADE,CHOQUE OBJETO FIXO,VEICULO CHOCOU-SE EM UMA ARVORE,1,,,,,,,,,0,,,Chuvoso,Não existe,Perfeito estado,Molhada,Perfeito estado,Não existe,Não há placas,,Única,Não existe,,
2019-11-27,03:30:00,SEM VÍTIMA,FINALIZADA,BOA VIAGEM,AV ENGENHEIRO DOMINGOS FERREIRA,,,RUA FELIX DE BRITO MELO ( CRUZAMENTO ),AV ENGENHEIRO DOMINGOS FERREIRA,,RUA FELIX DE BRITO MELO ( CRUZAMENTO ),BOA VIAGEM,545,SUBURBIO,ABALROAMENTO TRANSVERSAL,COLISÃO ENTRE CAMINHÃO E AUTO S/V,1,,,,,,1,,,0,,Cruzamento,Bom,Sem defeito,Perfeito estado,Seca,Perfeito estado,Faixa de pedestre,Placas Pare,,Única,Canteiro central,,
2019-11-27,07:02:00,SEM VÍTIMA,CANCELADA,ENCRUZILHADA,AV NORTE,,,EM FRENTE LOJA JACAUNA,AV NORTE,,EM FRENTE LOJA JACAUNA,ENCRUZILHADA,,CIDADE,COLISÃO,COLISÃO SEM VITIMAS,,,,,,1,,,1,0,,,,,,,,,,,,,,
2019-11-27,07:10:00,SEM VÍTIMA,CANCELADA,CASA AMARELA,RUA BARAO DE GRANITO,680,AV NORTE,EM FRENTE FATIMA REFORMAS DE ESTOFADOS,RUA BARAO DE GRANITO,680,EM FRENTE FATIMA REFORMAS DE ESTOFADOS,CASA AMARELA,,,COLISÃO,COLISÃO S/VITIMAS ENTRE DOIS AUTOS,2,,,,,,,,,0,,,,,,,,,,,,,,
2019-11-27,07:13:00,SEM VÍTIMA,FINALIZADA,MADALENA,RUA BENFICA,352,,PRÓXIMO A PONTE DO DERBY,RUA BENFICA,352,PRÓXIMO A PONTE DO DERBY,MADALENA,,CIDADE,COLISÃO TRASEIRA,SEM VITIMA,1,,,,,1,,,,0,,Longo da via,Bom,Não existe,Perfeito estado,Seca,Perfeito estado,Faixa de pedestre,Placas Pare,40 km/h,Única,,,
2019-11-27,07:20:00,COM VÍTIMA,FINALIZADA,BEBERIBE,AV BEBERIBE,247,RUA PROFESSOR MIRANDA CURIO,AUTO ESCOLA NOVA BRLÉM,AV BEBERIBE,247,AUTO ESCOLA NOVA BRLÉM,BEBERIBE,,SUBURBIO,ABALROAMENTO LONGITUDINAL,AUTO E MOTO,1,1,,,,,,,,1,,Cruzamento,Bom,Não existe,Perfeito estado,Seca,Perfeito estado,Outros,Outras,,Dupla,Faixa seccionada,,
2019-11-27,07:54:00,SEM VÍTIMA,FINALIZADA,DERBY,RUA JENER DE SOUZA,,PRC DO DERBY,SOB O SEMÁFORO Nº 418,RUA JENER DE SOUZA,,SOB O SEMÁFORO Nº 418,DERBY,418,CIDADE,ABALROAMENTO LONGITUDINAL,COLISÃO S/VITIMAS ENTRE UMA MOTO E UM AUTO,1,1,,,,,,,,0,,Cruzamento,Bom,Sem defeito,Perfeito estado,Seca,Perfeito estado,Outros,Outras,,Dupla,Canteiro central,,
2019-11-27,08:02:00,SEM VÍTIMA,FINALIZADA,SAN MARTIN,RUA VINTE E UM DE ABRIL,,RUA DR JOSE RAMOS DE VASCONCELOS,OPOSTO A ESCOLA MUNICIPAL ANTÔNIO FARIAS FILHO,RUA VINTE E UM DE ABRIL,,OPOSTO A ESCOLA MUNICIPAL ANTÔNIO FARIAS FILHO,SAN MARTIN,,SUBURBIO,ABALROAMENTO TRANSVERSAL,COLISÃO SEM VITIMAS,2,,,,,,,,,0,,,Bom,Não existe,Não existente,Seca,Perfeito estado,Não existe,Não há placas,40 km/h,Dupla,Não existe,,
2019-11-27,08:03:00,SEM VÍTIMA,FINALIZADA,VÁRZEA,RUA RIBEIRO PESSOA,,,EM FRENTE A UPA DA CAXANGÁ,RUA RIBEIRO PESSOA,,EM FRENTE A UPA DA CAXANGÁ,VÁRZEA,281,,ABALROAMENTO TRANSVERSAL,COLISÃO S/ VITIMAS ENTRE UM CAMINHÃO E UM AUTO,1,,,,,,1,,,0,,Longo da via,Bom,Sem defeito,Não existente,Seca,Perfeito estado,Agente,Não há placas,,Dupla,Não existe,,
2019-11-27,08:18:00,SEM VÍTIMA,FINALIZADA,PINA,RUA JOSE MARIANO FILHO,534,AV ANTONIO DE GOES,CASA CENTRO AUTOMOTIVO SULAMERICA,RUA JOSE MARIANO FILHO,534,CASA CENTRO AUTOMOTIVO SULAMERICA,PINA,538,CIDADE,COLISÃO TRASEIRA,COLISÃO S/VITIMAS ENTRE UMA MOTO E UM AUTO,1,1,,,,,,,,0,,Longo da via,Bom,Sem defeito,Perfeito estado,Seca,Perfeito estado,Agente,,60 km/h,Única,Não existe,,
2019-11-27,08:22:00,COM VÍTIMA,FINALIZADA,PINA,AV HERCULANO BANDEIRA,480,,E/F A IGREJINHA DO PINA,AV HERCULANO BANDEIRA,480,E/F A IGREJINHA DO PINA,PINA,137,SUBURBIO,COLISÃO TRASEIRA,COLISÃO C/ VITIMA ENTRE UM CAMINHÃO  UMA MOTO E UM AUTO,1,1,,,,,1,,,1,,Longo da via,Bom,Sem defeito,Perfeito estado,Seca,Perfeito estado,Não existe,Outras,,Única,Faixa contínua,,
2019-11-27,09:24:00,SEM VÍTIMA,FINALIZADA,ILHA DO LEITE,RUA GENERAL JOAQUIM INACIO,412,,EM FRENTE AO POSTO IPIRANGA,RUA GENERAL JOAQUIM INACIO,412,EM FRENTE AO POSTO IPIRANGA,ILHA DO LEITE,,SUBURBIO,COLISÃO TRASEIRA,DOIS AUTOS,2,,,,,,,,,0,,Longo da via,Bom,Sem defeito,Perfeito estado,Seca,Perfeito estado,Não existe,Não há placas,,Dupla,Faixa seccionada,,
2019-11-27,09:37:00,SEM VÍTIMA,FINALIZADA,DERBY,AV GOVERNADOR AGAMENON MAGALHAES,211,,EM FRENTE AO PONTO PELE,AV GOVERNADOR AGAMENON MAGALHAES,211,EM FRENTE AO PONTO PELE,DERBY,75,,CHOQUE,DOIS AUTOS,2,,,,,,,,,0,,Longo da via,Bom,Sem defeito,Perfeito estado,Seca,Perfeito estado,Agente,,60 km/h,Dupla,Faixa seccionada,,
2019-11-27,09:52:00,SEM VÍTIMA,CANCELADA,TORRE,RUA MARCOS ANDRE,,,AO LADO DO CARREFOUR,RUA MARCOS ANDRE,,AO LADO DO CARREFOUR,TORRE,487,,COLISÃO,MOTO E AUTO,1,1,,,,,,,,0,,,,,,,,,,,,,,
2019-11-27,10:22:00,SEM VÍTIMA,FINALIZADA,GRAÇAS,AV RUI BARBOSA,715,,LADO OPOSTO AO COLÉGIO AGNES,AV RUI BARBOSA,715,LADO OPOSTO AO COLÉGIO AGNES,GRAÇAS,,CIDADE,ABALROAMENTO LONGITUDINAL,COLISÃO SEM VITIMAS,1,,,,,1,,,,0,,Longo da via,Bom,Sem defeito,Perfeito estado,Seca,Perfeito estado,Não existe,Outras,,Única,Faixa contínua,,
2019-11-27,10:32:00,SEM VÍTIMA,CANCELADA,ENCRUZILHADA,AV JOAO DE BARROS,1629,,APOS O COLEGIO SABER VIVER,AV JOAO DE BARROS,1629,APOS O COLEGIO SABER VIVER,ENCRUZILHADA,,,COLISÃO,CAMINHAO E AUTO,1,,,,,,1,,,0,,,,,,,,,,,,,,
2019-11-27,10:42:00,SEM VÍTIMA,FINALIZADA,MADALENA,AV ENGENHEIRO ABDIAS DE CARVALHO,64,,,AV ENGENHEIRO ABDIAS DE CARVALHO,64,,MADALENA,,SUBURBIO,COLISÃO TRASEIRA,COLISÃO S/VITIMAS ENTRE TRES AUTOS,3,,,,,,,,,0,,Longo da via,Bom,Não existe,Perfeito estado,Seca,Perfeito estado,Não existe,R-6a,,Dupla,Canteiro central,,
2019-11-27,10:51:00,SEM VÍTIMA,FINALIZADA,TEJIPIÓ,AV DR JOSE RUFINO,3048,,COLÉGIO ALBERTO TORRES,AV DR JOSE RUFINO,3048,COLÉGIO ALBERTO TORRES,TEJIPIÓ,,SUBURBIO,ABALROAMENTO TRANSVERSAL,COLISÃO SEM VITIMA,2,,,,,,,,,0,,Longo da via,Bom,Não existe,Perfeito estado,Seca,Perfeito estado,,R-6a,40 km/h,Dupla,,,
2019-11-27,11:10:00,SEM VÍTIMA,FINALIZADA,SÃO JOSÉ,AV SUL,,,LADO OPOSTO AO 16º BATALHÃO DA POLÍCIA MILITAR,AV SUL,,LADO OPOSTO AO 16º BATALHÃO DA POLÍCIA MILITAR,SÃO JOSÉ,,,ABALROAMENTO LONGITUDINAL,COLISÃO SEM VITIMAS,1,,,,,1,1,,,0,,Longo da via,Bom,Sem defeito,Perfeito estado,Seca,Perfeito estado,Não existe,Não há placas,60 km/h,Dupla,Faixa seccionada,Canteiro central,
2019-11-27,11:35:00,SEM VÍTIMA,CANCELADA,TAMARINEIRA,AV PROFESSOR JOSE DOS ANJOS,,RUA CONEGO BARATA,SENTIDO CASA AMARELA / EM FRENTE AO DENOX,AV PROFESSOR JOSE DOS ANJOS,,SENTIDO CASA AMARELA / EM FRENTE AO DENOX,TAMARINEIRA,,,COLISÃO,CAMINHAO E AUTO,1,,,,,,1,,,0,,,,,,,,,,,,,,
2019-11-27,12:04:00,COM VÍTIMA,FINALIZADA,ESPINHEIRO,RUA QUARENTA E OITO,,RUA DO ESPINHEIRO,EM FRENTE A DELICATESSEN ESPINHEIRO,RUA QUARENTA E OITO,,EM FRENTE A DELICATESSEN ESPINHEIRO,ESPINHEIRO,166,SUBURBIO,COLISÃO COM CICLISTA,MOTO E BICICLETA.,,1,,1,,,,,,1,,Cruzamento,Bom,Sem defeito,Perfeito estado,Seca,Perfeito estado,Agente,Placas Dê a preferência,40 km/h,Única,Faixa seccionada,,
2019-11-27,12:19:00,SEM VÍTIMA,FINALIZADA,,AV SUL,,,LADO OPOSTO AO 16º BPM-PE,AV SUL,,LADO OPOSTO AO 16º BPM-PE,,,CIDADE,CHOQUE VEÍCULO PARADO,COLISÃO COM DOIS VEICULOS,,,,,,,2,,,0,,Longo da via,Bom,Não existe,Perfeito estado,Seca,Perfeito estado,Não existe,Não há placas,,Única,Faixa seccionada,,
2019-11-27,13:21:00,SEM VÍTIMA,FINALIZADA,ROSARINHO,RUA COUTO MAGALHAES,315,AV SANTOS DUMONT,EM FRENTE AO COLÉGIO SABER VIVER  DIGO  FAZER CRESCER,RUA COUTO MAGALHAES,315,EM FRENTE AO COLÉGIO SABER VIVER  DIGO  FAZER CRESCER,ROSARINHO,,,COLISÃO TRASEIRA,ENTRE TRÊS AUTOS S/V,2,,,,,,,,,0,,Cruzamento,Bom,Não existe,Perfeito estado,Seca,Perfeito estado,Não existe,R-6a,,Única,,,
2019-11-27,13:24:00,SEM VÍTIMA,FINALIZADA,MADALENA,AV ENGENHEIRO ABDIAS DE CARVALHO,1055,RUA JOAO IVO DA SILVA,EM FRENTE AO POSTO BR,AV ENGENHEIRO ABDIAS DE CARVALHO,1055,EM FRENTE AO POSTO BR,MADALENA,,CIDADE,COLISÃO TRASEIRA,~COLISÃO TRES CARROS,3,,,,,,,,,0,,Longo da via,Bom,Sem defeito,Perfeito estado,Seca,Perfeito estado,Outros,Não há placas,60 km/h,Dupla,Faixa seccionada,Canteiro central,
2019-11-27,13:32:00,COM VÍTIMA,FINALIZADA,COELHOS,RUA DOS COELHOS,123,,APOS O IMIP PROX AO VIADUTO JOAQUIM CARDOSO. LADO OPOSTO A UNIDADE DE SAÚDE DA FAMÍLIA COELHOS I,RUA DOS COELHOS,123,APOS O IMIP PROX AO VIADUTO JOAQUIM CARDOSO. LADO OPOSTO A UNIDADE DE SAÚDE DA FAMÍLIA COELHOS I,COELHOS,,SUBURBIO,COLISÃO FRONTAL,COLISAO ENTRE AUTO E MOTO COM UMA VITIMA,1,1,,,,,,,,1,,Longo da via,Bom,Não existe,Perfeito estado,Seca,Perfeito estado,Não existe,R-6a,,Dupla,Faixa contínua,,
2019-11-27,14:25:00,SEM VÍTIMA,FINALIZADA,IMBIRIBEIRA,AV MARECHAL MASCARENHAS DE MORAES,,,EM FRENTE A LOCALIZA,AV MARECHAL MASCARENHAS DE MORAES,,EM FRENTE A LOCALIZA,IMBIRIBEIRA,218,CIDADE,COLISÃO TRASEIRA,COLISÃO ENTRE TRES CARROS,3,,,,,,,,,0,,Longo da via,Bom,Sem defeito,Perfeito estado,Seca,Perfeito estado,Faixa de pedestre,Outras,60 km/h,Dupla,Canteiro central,,
2019-11-27,14:27:00,SEM VÍTIMA,FINALIZADA,SÃO JOSÉ,RUA IMPERIAL,,AV DANTAS BARRETO,PRAÇA SERGIO LORETO,RUA IMPERIAL,,PRAÇA SERGIO LORETO,SÃO JOSÉ,35,SUBURBIO,ABALROAMENTO LONGITUDINAL,ONIBUS X MOTO S/V,,1,,,,1,,,,0,,Cruzamento,Bom,Sem defeito,Perfeito estado,Seca,Perfeito estado,Faixa de retenção,Não há placas,,Única,Faixa contínua,,
2019-11-27,15:20:00,SEM VÍTIMA,FINALIZADA,BOA VIAGEM,RUA PROFESSOR JOAO MEDEIROS,,RUA BRUNO VELOSO,ACADEMIA R2,RUA PROFESSOR JOAO MEDEIROS,,ACADEMIA R2,BOA VIAGEM,,,ABALROAMENTO LONGITUDINAL,COLISAO ENTRE DOIS AUTOS S/V,2,,,,,,,,,0,,Cruzamento,Bom,Sem defeito,Perfeito estado,Seca,Perfeito estado,,Não há placas,40 km/h,Única,,,
2019-11-27,15:25:00,SEM VÍTIMA,FINALIZADA,CASA AMARELA,EST DO ARRAIAL,4388,,EM FRENTE AO NÚMERO 4388,EST DO ARRAIAL,4388,EM FRENTE AO NÚMERO 4388,CASA AMARELA,,SUBURBIO,COLISÃO TRASEIRA,COLISÃO ENTRE TRES VEICULOS,3,,,,,,,,,0,,Longo da via,Bom,Não existe,Incompleta,Seca,Perfeito estado,Não existe,Não há placas,,Única,Não existe,,
2019-11-27,15:44:00,SEM VÍTIMA,FINALIZADA,PRADO,RUA CARLOS GOMES,747,,AO LADO DA PAGUE MENOS,RUA CARLOS GOMES,747,AO LADO DA PAGUE MENOS,PRADO,57,SUBURBIO,COLISÃO TRASEIRA,COLISÃO DOIS VEICULOS,2,,,,,,,,,0,,Longo da via,Bom,Sem defeito,Perfeito estado,Seca,Perfeito estado,Faixa de pedestre,Não há placas,,Única,Faixa seccionada,,
2019-11-27,16:26:00,SEM VÍTIMA,FINALIZADA,AFOGADOS,RUA COSME VIANA,134,,EM FRENTE A AUTORENOV,RUA COSME VIANA,134,EM FRENTE A AUTORENOV,AFOGADOS,,SUBURBIO,ABALROAMENTO LONGITUDINAL,COLISÃO S/ VITIMA. COLISÃO ENTRE DOIS AUTOS,2,,,,,,,,,0,,Longo da via,Bom,Não existe,Perfeito estado,Seca,Perfeito estado,Não existe,R-6a,,Única,Faixa contínua,,
2019-11-27,16:56:00,SEM VÍTIMA,FINALIZADA,ILHA DO LEITE,PRC MIGUEL DE CERVANTES,,,,PRC MIGUEL DE CERVANTES,,,ILHA DO LEITE,,SUBURBIO,ABALROAMENTO LONGITUDINAL,ONIBUS X AUTO PASSEIO S/V,1,,,,,1,,,,0,,,Bom,Não existe,Perfeito estado,Seca,Perfeito estado,Faixa de pedestre,R-6a,30 km/h,Única,Não existe,,
2019-11-27,17:00:00,SEM VÍTIMA,FINALIZADA,MADALENA,RUA REAL DA TORRE,955,,PRÓXIMO AO POSTO SETTA,RUA REAL DA TORRE,955,PRÓXIMO AO POSTO SETTA,MADALENA,,,COLISÃO TRASEIRA,ENTRE DOIS AUTOS X MOTO S/V,2,1,,,,,,,,0,,Longo da via,Bom,Não existe,Perfeito estado,Seca,Perfeito estado,Não existe,Outras,40 km/h,Única,Não existe,,
2019-11-27,17:46:00,SEM VÍTIMA,CANCELADA,BOA VISTA,RUA DOM BOSCO,,,AO LADO DO AMERICANO BATISTA,RUA DOM BOSCO,,AO LADO DO AMERICANO BATISTA,BOA VISTA,,,COLISÃO,COLISAO ENTRE DOIS AUTOS S/V,2,,,,,,,,,0,,,,,,,,,,,,,,
2019-11-27,18:15:00,SEM VÍTIMA,FINALIZADA,AREIAS,AV RECIFE,,,EM FRENTE A BANCA IGNÊZ ANDREAZZA,AV RECIFE,,EM FRENTE A BANCA IGNÊZ ANDREAZZA,AREIAS,494,,ABALROAMENTO LONGITUDINAL,ENTRE DOIS AUTOS S/V,2,,,,,,,,,0,,Longo da via,Bom,Sem defeito,Perfeito estado,Seca,Perfeito estado,Agente,Não há placas,60 km/h,Dupla,Faixa seccionada,,
2019-11-27,19:11:00,COM VÍTIMA,CANCELADA,IMBIRIBEIRA,AV MARECHAL MASCARENHAS DE MORAES,2200,RUA NAPOLIS,ENTRE HC PNEUS E ITALIANA,AV MARECHAL MASCARENHAS DE MORAES,2200,ENTRE HC PNEUS E ITALIANA,IMBIRIBEIRA,,CIDADE,COLISÃO,REANULT X MOTO,1,1,,,,,,,,1,,,,,,,,,,,,,,
2019-11-27,20:01:00,SEM VÍTIMA,FINALIZADA,ARRUDA,EST VELHA DE AGUA FRIA,1225,,ROTATÓRIA,EST VELHA DE AGUA FRIA,1225,ROTATÓRIA,ARRUDA,,,ABALROAMENTO LONGITUDINAL,CELTA X FIORINO,2,,,,,,,,,0,,,Bom,Não existe,,Seca,Perfeito estado,,Outras,,Dupla,Faixa contínua,,