data,hora,natureza_acidente,situacao,bairro,endereco,numero,detalhe_endereco_acidente,complemento,endereco_cruzamento,numero_cruzamento,referencia_cruzamento,bairro_cruzamento,num_semaforo,sentido_via,tipo,descricao,auto,moto,ciclom,ciclista,pedestre,onibus,caminhao,viatura,outros,vitimas,vitimasfatais,acidente_verificado,tempo_clima,situacao_semaforo,sinalizacao,condicao_via,conservacao_via,ponto_controle,situacao_placa,velocidade_max_via,mao_direcao,divisao_via1,divisao_via2,divisao_via3
2019-11-27,20:43:00,SEM VÍTIMA,CANCELADA,GRAÇAS,RUA DR BANDEIRA FILHO,,AV GOVERNADOR AGAMENON MAGALHAES,ENF AO MEC DONALD´S,RUA DR BANDEIRA FILHO,,ENF AO MEC DONALD´S,GRAÇAS,,,COLISÃO,CAMINHAO PIPA X FIAT UNO,1,,,,,,1,,,0,,,,,,,,,,,,,,
2019-11-27,20:51:00,COM VÍTIMA,FINALIZADA,CAMPO GRANDE,EST DE BELEM,1795,RUA HERMILIO GOMES,E/F AO POSTO PETRONAL,EST DE BELEM,1795,E/F AO POSTO PETRONAL,CAMPO GRANDE,,SUBURBIO,ABALROAMENTO TRANSVERSAL,ENTRE AUTO X MOTO COM VÍTIMA,1,1,,,,,,,,1,,Longo da via,Bom,Não existe,,Seca,Perfeito estado,Não existe,,,Dupla,Faixa contínua,Faixa seccionada,
2019-11-27,22:09:00,SEM VÍTIMA,FINALIZADA,PARNAMIRIM,AV DEZESSETE DE AGOSTO,,EST DO ENCANAMENTO,PRALA DR. LULA CABRAL DE MELO,AV DEZESSETE DE AGOSTO,,PRALA DR. LULA CABRAL DE MELO,PARNAMIRIM,,SUBURBIO,ABALROAMENTO LONGITUDINAL,FIESTA X JET,2,,,,,,,,,0,,Longo da via,Bom,Sem defeito,Perfeito estado,Seca,Perfeito estado,Faixa de pedestre,R-6a,50 km/h,Única,,,
2019-11-27,22:30:00,SEM VÍTIMA,FINALIZADA,BOA VIAGEM,RUA COSMORAMA,65A,,CENTRO DE SAÚDE PROF DJAIR BRINDEIRO,RUA COSMORAMA,65A,CENTRO DE SAÚDE PROF DJAIR BRINDEIRO,BOA VIAGEM,,SUBURBIO,COLISÃO TRASEIRA,ONIBUS BORBOREMA X HONDA CIVIC,1,,,,,1,,,,0,,Longo da via,Bom,Não existe,Incompleta,Seca,Perfeito estado,Não existe,Outras,,Dupla,Faixa seccionada,,
2019-11-28,00:26:00,SEM VÍTIMA,FINALIZADA,BOA VIAGEM,AV BOA VIAGEM,480,RUA PEREIRA DA COSTA,AO LADO DO DOM BLACK PREMIUM,AV BOA VIAGEM,480,AO LADO DO DOM BLACK PREMIUM,BOA VIAGEM,,CIDADE,ABALROAMENTO LONGITUDINAL,COLISÃO ENTRE DOIS AUTOS S/V,2,,,,,,,,,0,,Cruzamento,Bom,Intermitente,Ilegível,Seca,Mal iluminada,Faixa de pedestre,Não há placas,60 km/h,Única,Faixa seccionada,,
2019-11-28,06:44:00,SEM VÍTIMA,FINALIZADA,DERBY,RUA DR SEVERINO PINHEIRO,,,EM FRENTE AO QUARTEL DO DERBY,RUA DR SEVERINO PINHEIRO,,EM FRENTE AO QUARTEL DO DERBY,DERBY,418,CIDADE,ABALROAMENTO LONGITUDINAL,COLISÃO S/VITIMA ENTRE ONIBUS E AUTO,1,,,,,1,,,,0,,Cruzamento,Bom,Sem defeito,Perfeito estado,Seca,Perfeito estado,Agente,,50 km/h,Única,Faixa contínua,,
2019-11-28,07:17:00,SEM VÍTIMA,CANCELADA,IMBIRIBEIRA,AV MARECHAL MASCARENHAS DE MORAES,796,,EM FRENTE A FORD,AV MARECHAL MASCARENHAS DE MORAES,796,EM FRENTE A FORD,IMBIRIBEIRA,,CIDADE,COLISÃO,DOIS AUTOS,2,,,,,,,,,0,,,,,,,,,,,,,,
2019-11-28,07:47:00,SEM VÍTIMA,FINALIZADA,IPSEP,AV RECIFE,2447,,EM FRENTE A CAL MOTOS,AV RECIFE,2447,EM FRENTE A CAL MOTOS,IPSEP,,CIDADE,COLISÃO TRASEIRA,TRES AUTOS,3,,,,,,,,,0,,Longo da via,Bom,Sem defeito,Perfeito estado,Seca,Perfeito estado,,,60 km/h,Dupla,Canteiro central,,
2019-11-28,08:09:00,SEM VÍTIMA,CANCELADA,AFOGADOS,AV SUL,2144,,PROX AO LARGO DA PAZ,AV SUL,2144,PROX AO LARGO DA PAZ,AFOGADOS,,CIDADE,COLISÃO,DOIS AUTOS,2,,,,,,,,,0,,,,,,,,,,,,,,
2019-11-28,08:14:00,SEM VÍTIMA,FINALIZADA,PINA,AV ANTONIO DE GOES,,,AO LADO DO NUMERAL 195,AV ANTONIO DE GOES,,AO LADO DO NUMERAL 195,PINA,,CIDADE,ABALROAMENTO TRANSVERSAL,COLISÃO SEM VITIMAS ENTRE UM AUTO E UM ONIBUS,1,,,,,1,,,,0,,Longo da via,Bom,Sem defeito,Perfeito estado,Seca,Perfeito estado,Agente,,60 km/h,Única,Faixa seccionada,,
2019-11-28,08:28:00,COM VÍTIMA,FINALIZADA,CASA AMARELA,RUA BELA VISTA,,RUA DES MOTTA JUNIOR,NO CRUZAMENTO COM A RUA DESEMBARGADOR MOTA JUNIOR,RUA BELA VISTA,,NO CRUZAMENTO COM A RUA DESEMBARGADOR MOTA JUNIOR,CASA AMARELA,,SUBURBIO,ABALROAMENTO TRANSVERSAL,COLISÃO COM VITIMA SOCORRIDO PELO SAMU,1,1,,,,,,,,1,,Cruzamento,Bom,Não existe,Perfeito estado,Seca,Perfeito estado,,,,Dupla,,,
2019-11-28,08:42:00,COM VÍTIMA,FINALIZADA,APIPUCOS,RUA DE APIPUCOS,235,,EM FRENTE AO EDIFICIO SARDENHA,RUA DE APIPUCOS,235,EM FRENTE AO EDIFICIO SARDENHA,APIPUCOS,,CIDADE,COLISÃO TRASEIRA,COLISÃO COM VITIMA SOCORRIDA PELO SAMU,4,,,,,,,,,1,,Longo da via,Bom,Não existe,Perfeito estado,Seca,Perfeito estado,Não existe,R-6a,60 km/h,Dupla,Faixa contínua,,
2019-11-28,09:24:00,COM VÍTIMA,FINALIZADA,IBURA,AV DOIS RIOS,1392,RUA RIO XINGU,EM FRENTE AO CONSULTORIO MEDICO DO IBURA . IRGEJA PENTECOSTAL,AV DOIS RIOS,1392,EM FRENTE AO CONSULTORIO MEDICO DO IBURA . IRGEJA PENTECOSTAL,IBURA,,CIDADE,ATROPELAMENTO,COLISÃO COM VITIMA A ESPERA DO SAMU,,1,,,1,,,,,1,,Longo da via,Bom,Não existe,Perfeito estado,Seca,Perfeito estado,Não existe,Placas Dê a preferência,,Dupla,Faixa contínua,Faixa seccionada,
2019-11-28,09:28:00,SEM VÍTIMA,FINALIZADA,AREIAS,AV DR JOSE RUFINO,,RUA IPOJUCA,,AV DR JOSE RUFINO,,,AREIAS,44,CIDADE,ABALROAMENTO LONGITUDINAL,DOIS AUTOS,2,,,,,,,,,0,,Longo da via,Bom,Sem defeito,Ilegível,Seca,Perfeito estado,Faixa de pedestre,,,Dupla,Faixa contínua,,
2019-11-28,09:45:00,SEM VÍTIMA,FINALIZADA,ESPINHEIRO,RUA CONS PORTELA,509,,PROX DA FARMACIA PAQUE MENOS,RUA CONS PORTELA,509,PROX DA FARMACIA PAQUE MENOS,ESPINHEIRO,11,CIDADE,ABALROAMENTO LONGITUDINAL,DOIS AUTOS,2,,,,,,,,,0,,Longo da via,Bom,Sem defeito,Perfeito estado,Seca,Perfeito estado,Agente,Não há placas,40 km/h,Única,Faixa seccionada,,
2019-11-28,09:56:00,SEM VÍTIMA,FINALIZADA,MUSTARDINHA,RUA JOANA FRANCISCA DE AZEVEDO,142,,BAR DO LEO,RUA JOANA FRANCISCA DE AZEVEDO,142,BAR DO LEO,MUSTARDINHA,,SUBURBIO,ABALROAMENTO LONGITUDINAL,COLISÃO SEM VITIMAS,2,,,,,,,,,0,,Longo da via,Bom,Não existe,Não existente,Seca,Perfeito estado,Não existe,Não há placas,,Dupla,Não existe,,
2019-11-28,10:08:00,SEM VÍTIMA,CANCELADA,BOA VIAGEM,RUA VISCONDE DE JEQUITINHONHA,106,,E/F AO RESTAURANTE SÓ CALDINHO,RUA VISCONDE DE JEQUITINHONHA,106,E/F AO RESTAURANTE SÓ CALDINHO,BOA VIAGEM,,,COLISÃO,COLISÃO S/VITIMAS ENTRE DOIS AUTOS,2,,,,,,,,,0,,,,,,,,,,,,,,
2019-11-28,10:45:00,SEM VÍTIMA,FINALIZADA,AFLITOS,RUA CONS PORTELA,210,,POSTO PETRONA,RUA CONS PORTELA,210,POSTO PETRONA,AFLITOS,,CIDADE,ABALROAMENTO LONGITUDINAL,COLISÃO SEM VITIMAS,2,,,,,,,,,0,,Longo da via,Bom,Não existe,Perfeito estado,Seca,Perfeito estado,Não existe,R-6c,60 km/h,Única,Faixa seccionada,,
2019-11-28,10:52:00,SEM VÍTIMA,FINALIZADA,MADALENA,RUA JOSE OSORIO,,AV CAXANGA,,RUA JOSE OSORIO,,,MADALENA,487,SUBURBIO,COLISÃO TRASEIRA,DOIS AUTOS,2,,,,,,,,,0,,Longo da via,Bom,Sem defeito,Perfeito estado,Seca,Perfeito estado,Não existe,Não há placas,,Dupla,Faixa seccionada,,
2019-11-28,11:32:00,SEM VÍTIMA,CANCELADA,ESTÂNCIA,AV RECIFE,,,EM FRENTE AO CAFE ROYAL NO SENTIDO CEASA,AV RECIFE,,EM FRENTE AO CAFE ROYAL NO SENTIDO CEASA,ESTÂNCIA,,,COLISÃO,COLISÃO SEM VITIMAS,1,,,,,1,,,,0,,,,,,,,,,,,,,
2019-11-28,12:14:00,COM VÍTIMA,FINALIZADA,MADALENA,RUA DEMOCRITO DE SOUZA FILHO,17,RUA PROFESSOR JOSE TORRES PIRES,APOS A PONTE DA CAPUNGA GM NO LOCAL GERANDO O B.O,RUA DEMOCRITO DE SOUZA FILHO,17,APOS A PONTE DA CAPUNGA GM NO LOCAL GERANDO O B.O,MADALENA,,SUBURBIO,ABALROAMENTO TRANSVERSAL,COLISAO ENTRE AUTO E MOTO,1,1,,,,,,,,1,,Cruzamento,Bom,Não existe,Perfeito estado,Seca,Perfeito estado,Não existe,Placas Pare,40 km/h,Única,Não existe,,
2019-11-28,13:05:00,SEM VÍTIMA,FINALIZADA,ESPINHEIRO,RUA DO ESPINHEIRO,1527,AV JOAO DE BARROS,MERCADO EXTRA,RUA DO ESPINHEIRO,1527,MERCADO EXTRA,ESPINHEIRO,89,SUBURBIO,ABALROAMENTO LONGITUDINAL,COLISÃO SEM VITIMA. ONIBUS E CARRO PASSEIO,1,,,,,1,,,,0,,Cruzamento,Bom,Sem defeito,Perfeito estado,Seca,Perfeito estado,Faixa de pedestre,R-6a,40 km/h,Única,Faixa contínua,,
2019-11-28,13:07:00,SEM VÍTIMA,CANCELADA,CAMPO GRANDE,RUA PROFESSOR FRANCISCO DA TRINDADE,180,RUA ODORICO MENDES,ESQUINA DA LOJA MUNDO ALCALINO,RUA PROFESSOR FRANCISCO DA TRINDADE,180,ESQUINA DA LOJA MUNDO ALCALINO,CAMPO GRANDE,,,COLISÃO,COLISÃO SEM VITIMA,2,,,,,,,,,0,,,,,,,,,,,,,,
2019-11-28,13:58:00,SEM VÍTIMA,FINALIZADA,CURADO,RUA DR GEORGE WILLIAM BUTLER,,,PROX: EM FRENTE A UNILEVER,RUA DR GEORGE WILLIAM BUTLER,,PROX: EM FRENTE A UNILEVER,CURADO,,,COLISÃO,COLISÃO DOIS VEICULOS PASSEIO.,2,,,,,,,,,0,,,,,,,,,,,,,,
2019-11-28,14:03:00,SEM VÍTIMA,FINALIZADA,DERBY,RUA BENFICA,,,EM FRENTE AO BP CHOQUE,RUA BENFICA,,EM FRENTE AO BP CHOQUE,DERBY,,CIDADE,COLISÃO TRASEIRA,COLISÃO S/ VITIMA. DOIS CARROS PASSEIO,2,,,,,,,,,0,,Longo da via,Bom,Não existe,Perfeito estado,Seca,Perfeito estado,Faixa de pedestre,Outras,,Única,Faixa seccionada,,
2019-11-28,14:07:00,COM VÍTIMA,FINALIZADA,DERBY,RUA BENFICA,480,,EM FRENTE A ACADEMIA FERNANDES BELTRÃO E A PRAÇA DO INTERNACIONAL,RUA BENFICA,480,EM FRENTE A ACADEMIA FERNANDES BELTRÃO E A PRAÇA DO INTERNACIONAL,DERBY,,SUBURBIO,COLISÃO TRASEIRA,COLISÃO COM VITIMA/ CONDUTOR DO AUTO SE AVADIU,1,1,,,,,,,,1,,Longo da via,Bom,Sem defeito,Ilegível,Seca,Perfeito estado,Não existe,R-6a,,Dupla,,,
2019-11-28,14:13:00,SEM VÍTIMA,FINALIZADA,ESPINHEIRO,RUA JOAO FERNANDES VIEIRA,,AV GOVERNADOR AGAMENON MAGALHAES,SEMÁFORO,RUA JOAO FERNANDES VIEIRA,,SEMÁFORO,ESPINHEIRO,173,SUBURBIO,ABALROAMENTO LONGITUDINAL,COLISÃO S/ VITIMA. ONIBUS E TAXI,1,,,,,1,,,,0,,Cruzamento,Bom,Sem defeito,Perfeito estado,Seca,Perfeito estado,Faixa de pedestre,R-6a,60 km/h,Única,Faixa contínua,,
2019-11-28,14:15:00,COM VÍTIMA,FINALIZADA,CAXANGÁ,AV CAXANGA,1332,,EM FRENTE A CASA DO CONSTRUTOR  SENTIDO CAMARAGIBE,AV CAXANGA,1332,EM FRENTE A CASA DO CONSTRUTOR  SENTIDO CAMARAGIBE,CAXANGÁ,,SUBURBIO,ABALROAMENTO LONGITUDINAL,COLISÃO COM VITIMA,1,1,,,,,,,,2,,Longo da via,Bom,Não existe,Perfeito estado,Seca,Perfeito estado,Não existe,Não há placas,,Dupla,Canteiro central,,
2019-11-28,15:08:00,SEM VÍTIMA,EQUIPE EM DESLOCAMENTO,TAMARINEIRA,EST DO ARRAIAL,,,EM FRENTE À ESCOLA MUNICIPAL PROFESSOR NILO PEREIRA,EST DO ARRAIAL,,EM FRENTE À ESCOLA MUNICIPAL PROFESSOR NILO PEREIRA,TAMARINEIRA,,SUBURBIO,COLISÃO FRONTAL,COLISAO ENTRE VT DA RONDAC E TRES AUTOS S/V,3,,,,,,,,,0,,Longo da via,Bom,Não existe,,,,Faixa de pedestre,Placas Pare,,Única,Faixa seccionada,,
2019-11-28,15:16:00,SEM VÍTIMA,FINALIZADA,SANTO AMARO,AV CRUZ CABUGA,,,EM FRENTE AO POSTE Nº B 030925,AV CRUZ CABUGA,,EM FRENTE AO POSTE Nº B 030925,SANTO AMARO,,CIDADE,ABALROAMENTO LONGITUDINAL,COLISÃO SEM VITIMA,,,,,,1,1,,,0,,Longo da via,Bom,Sem defeito,Perfeito estado,Seca,Perfeito estado,Faixa de pedestre,Não há placas,,Dupla,,,
2019-11-28,16:15:00,SEM VÍTIMA,FINALIZADA,TORREÃO,AV NORTE,,,SEMÁFORO,AV NORTE,,SEMÁFORO,TORREÃO,56,SUBURBIO,COLISÃO TRASEIRA,COLISAO ENTRE DOIS AITOS S/V,2,,,,,,,,,0,,Cruzamento,Bom,Sem defeito,Perfeito estado,Seca,Perfeito estado,Faixa de pedestre,R-6a,60 km/h,Dupla,Canteiro central,,
2019-11-28,16:47:00,COM VÍTIMA,FINALIZADA,MADALENA,AV VISCONDE DE ALBUQUERQUE,205,,EM FRENTE A CULTURA INGLESA... APOS O ITAU,AV VISCONDE DE ALBUQUERQUE,205,EM FRENTE A CULTURA INGLESA... APOS O ITAU,MADALENA,,SUBURBIO,COLISÃO,COLISÃO COM VITIMA,1,1,,,,,,,,2,,Longo da via,Bom,Sem defeito,Perfeito estado,Seca,Perfeito estado,Faixa de pedestre,Outras,,Única,Faixa seccionada,,
2019-11-28,18:07:00,SEM VÍTIMA,FINALIZADA,AFOGADOS,,82,RUA DA PAZ,FÁBRICA ASA INDUSTRIA E COMERCIO,,82,FÁBRICA ASA INDUSTRIA E COMERCIO,AFOGADOS,73,SUBURBIO,COLISÃO TRASEIRA,GOL X PRISMA OBS: AG DA CTTU ADRIANO ALMEIDA NO LOCAL,2,,,,,,,,,0,,Cruzamento,Bom,Sem defeito,Perfeito estado,Seca,Perfeito estado,Agente,R-6a,40 km/h,Única,Faixa seccionada,,
2019-11-28,18:09:00,SEM VÍTIMA,FINALIZADA,BOA VIAGEM,AV FERNANDO SIMOES BARBOSA,,,,AV FERNANDO SIMOES BARBOSA,,,BOA VIAGEM,,SUBURBIO,ABALROAMENTO LONGITUDINAL,ONIBUS X AUTO PASSEIO S/V,1,,,,,1,,,,0,,Longo da via,Bom,Sem defeito,Perfeito estado,Seca,Perfeito estado,Faixa de pedestre,,,,Faixa seccionada,,
2019-11-28,18:25:00,SEM VÍTIMA,FINALIZADA,CASA FORTE,RUA IRMA MARIA DAVID,,EST DAS UBAIAS ,COLEGIO NAP,RUA IRMA MARIA DAVID,,COLEGIO NAP,CASA FORTE,,SUBURBIO,ABALROAMENTO TRANSVERSAL,ENTRE DOIS AUTOS S/V,2,,,,,,,,,0,,Longo da via,Bom,Não existe,Perfeito estado,Seca,Perfeito estado,Agente,Não há placas,30 km/h,Dupla,Faixa contínua,,
2019-11-28,18:29:00,SEM VÍTIMA,FINALIZADA,AREIAS,AV DR JOSE RUFINO,1190,,SUPERMERCADO ESPERANÇA,AV DR JOSE RUFINO,1190,SUPERMERCADO ESPERANÇA,AREIAS,,SUBURBIO,ABALROAMENTO LONGITUDINAL,ECOSPORT X ONIX,2,,,,,,,,,0,,Longo da via,Bom,Não existe,Perfeito estado,Seca,Perfeito estado,Não existe,Não há placas,,Dupla,Faixa contínua,,
2019-11-28,19:07:00,SEM VÍTIMA,FINALIZADA,BOA VIAGEM,RUA PEDRO PAES MENDONCA,120,,AO LADO DO BIG BOMPREÇO,RUA PEDRO PAES MENDONCA,120,AO LADO DO BIG BOMPREÇO,BOA VIAGEM,,,ABALROAMENTO LONGITUDINAL,ENTRE ONIBUS X AUTO PASSEIO S/V,1,,,,,1,,,,0,,Longo da via,Bom,Sem defeito,Perfeito estado,Seca,Perfeito estado,Não existe,R-6a,40 km/h,Única,Faixa seccionada,,
2019-11-28,19:22:00,SEM VÍTIMA,FINALIZADA,BOA VIAGEM,RUA VISCONDE DE JEQUITINHONHA,1656,,E/F AO POSTO SHELL,RUA VISCONDE DE JEQUITINHONHA,1656,E/F AO POSTO SHELL,BOA VIAGEM,,SUBURBIO,COLISÃO,ONIBUS X AUTO PASSEIO S/V,1,,,,,1,,,,0,,,,,,,,,,,,,,
2019-11-28,19:43:00,SEM VÍTIMA,FINALIZADA,BOA VIAGEM,RUA VISCONDE DE JEQUITINHONHA,66,,EDF ATLANTA,RUA VISCONDE DE JEQUITINHONHA,66,EDF ATLANTA,BOA VIAGEM,,SUBURBIO,ABALROAMENTO LONGITUDINAL,TRES AUTOS,1,,,,,1,,,,0,,Longo da via,Bom,Não existe,Perfeito estado,Seca,Perfeito estado,,Placas Dê a preferência,,Única,Faixa seccionada,Canteiro central,Canal
2019-11-28,19:46:00,SEM VÍTIMA,CANCELADA,VÁRZEA,RUA CONEGO JOSE FERNANDES MACHADO,54,,E/F A IGREJA MISSIONARIA ÁGAPE,RUA CONEGO JOSE FERNANDES MACHADO,54,E/F A IGREJA MISSIONARIA ÁGAPE,VÁRZEA,,,COLISÃO,ENTRE MOTO X AUTO S/V,1,1,,,,,,,,0,,,,,,,,,,,,,,
2019-11-28,19:59:00,SEM VÍTIMA,FINALIZADA,AREIAS,RUA IPOJUCA,,,EM FRENTE O Nº 354,RUA IPOJUCA,,EM FRENTE O Nº 354,AREIAS,,SUBURBIO,CHOQUE OBJETO FIXO,ENTRE DOIS AUTO PASSEIO X CASA S/V (POSSÍVEL MOTORISTA EMBREAGADO),2,,,,,,,,,0,,Longo da via,Bom,Não existe,Perfeito estado,Seca,Perfeito estado,Não existe,Outras,,Dupla,Não existe,,
2019-11-28,21:52:00,SEM VÍTIMA,FINALIZADA,ROSARINHO,AV NORTE,6718,,EM FRENTE A ESCOLA MUNDO MÁGICO,AV NORTE,6718,EM FRENTE A ESCOLA MUNDO MÁGICO,ROSARINHO,,SUBURBIO,ABALROAMENTO LONGITUDINAL,ENTRE DOIS AUTOS S/V,2,,,,,,,,,0,,Longo da via,Bom,Não existe,Não existente,Seca,Perfeito estado,Não existe,Não há placas,,Única,Faixa seccionada,,
2019-11-29,00:35:00,SEM VÍTIMA,FINALIZADA,BOA VIAGEM,AV MARECHAL JUAREZ TAVORA,,RUA JOAO CARDOSO AIRES,,AV MARECHAL JUAREZ TAVORA,,,BOA VIAGEM,478,SUBURBIO,ABALROAMENTO TRANSVERSAL,COLISÃO ENTRE DOIS AUTOS S/V,2,,,,,,,,,0,,Cruzamento,Chuvoso,Intermitente,Perfeito estado,Molhada,Mal iluminada,Faixa de pedestre,Não há placas,30 km/h,Única,Não existe,,
2019-11-29,00:39:00,SEM VÍTIMA,CANCELADA,BOA VISTA,RUA DOM BOSCO,,AV GOVERNADOR AGAMENON MAGALHAES,,RUA DOM BOSCO,,,BOA VISTA,174,,COLISÃO,COLISÃO ENTRE ÔNIBUS E AUTO S/V,1,,,,,1,,,,0,,,,,,,,,,,,,,
2019-11-29,01:06:00,SEM VÍTIMA,CANCELADA,CAMPO GRANDE,AV CORREIA DE BRITO,259,,PROX DE PLINIO CAVALCANTI E CIA LTDA  PROX DO RECIGESSO,AV CORREIA DE BRITO,259,PROX DE PLINIO CAVALCANTI E CIA LTDA  PROX DO RECIGESSO,CAMPO GRANDE,,,COLISÃO,COLISÃO ENTRE DOIS AUTOS S/V,2,,,,,,,,,0,,,,,,,,,,,,,,
2019-11-29,06:45:00,COM VÍTIMA,FINALIZADA,ILHA JOANA BEZERRA,AV DES GUERRA BARRETO,,,EM FRENTE AO FORUM RODOLFO AURELIANO,AV DES GUERRA BARRETO,,EM FRENTE AO FORUM RODOLFO AURELIANO,ILHA JOANA BEZERRA,38,CIDADE,COLISÃO COM CICLISTA,AUTO E CICLISTA,1,,,1,,,,,,1,,Longo da via,Bom,Sem defeito,Incompleta,Seca,Mal conservada,Não existe,Não há placas,,Dupla,Faixa contínua,,
2019-11-29,07:44:00,COM VÍTIMA,FINALIZADA,APIPUCOS,RUA DE APIPUCOS,,,AÇUDE DE APIPUCOS,RUA DE APIPUCOS,,AÇUDE DE APIPUCOS,APIPUCOS,,CIDADE,ABALROAMENTO TRANSVERSAL,COLISÃO ENTRE AUTO E MOTO,1,1,,,,,,,,1,,Longo da via,Bom,Não existe,Perfeito estado,Seca,Perfeito estado,,Placas Pare,,Dupla,Faixa seccionada,,
2019-11-29,07:57:00,COM VÍTIMA,FINALIZADA,JORDÃO,AV MARIA IRENE,1672,,PROX AO POSTO IPIRANGA,AV MARIA IRENE,1672,PROX AO POSTO IPIRANGA,JORDÃO,,CIDADE,ABALROAMENTO TRANSVERSAL,AUTO E MOTO.,1,1,,,,,,,,1,,Longo da via,Bom,Não existe,Não existente,Seca,Perfeito estado,Não existe,Não há placas,,Dupla,Faixa contínua,,
2019-11-29,08:06:00,SEM VÍTIMA,FINALIZADA,BAIRRO DO RECIFE,AV MILITAR,,,POSTO DE COMBUSTÍVEL SHELL,AV MILITAR,,POSTO DE COMBUSTÍVEL SHELL,BAIRRO DO RECIFE,,CIDADE,ABALROAMENTO LONGITUDINAL,COLISÃO SEM VITIMAS,1,,,,,,1,,,0,,Longo da via,Bom,Não existe,Perfeito estado,Seca,Perfeito estado,Não existe,Outras,,Dupla,Faixa seccionada,,
2019-11-29,08:28:00,SEM VÍTIMA,FINALIZADA,TEJIPIÓ,AV DR JOSE RUFINO,3131,,EM FRENTE AO POSTO DE GASOLINA RM PETROLEO,AV DR JOSE RUFINO,3131,EM FRENTE AO POSTO DE GASOLINA RM PETROLEO,TEJIPIÓ,,,COLISÃO,DOIS AUTOS,2,,,,,,,,,0,,,,,,,,,,,,,,
2019-11-29,09:45:00,SEM VÍTIMA,FINALIZADA,SANTO AMARO,RUA TREZE DE MAIO,,AV NORTE,,RUA TREZE DE MAIO,,,SANTO AMARO,36,SUBURBIO,ABALROAMENTO LONGITUDINAL,COLISÃO SEM VITIMAS,1,,,,,,1,,,0,,,Bom,Sem defeito,Perfeito estado,Seca,Perfeito estado,,Outras,,Dupla,Faixa contínua,,
2019-11-29,10:07:00,COM VÍTIMA,FINALIZADA,IPSEP,RUA JEAN EMILE FAVRE,1586,RUA CRUZ E SOUZA,E/F AO SUPERMERCADO QUALIPREÇO (SENT. AV. RECIFE),RUA JEAN EMILE FAVRE,1586,E/F AO SUPERMERCADO QUALIPREÇO (SENT. AV. RECIFE),IPSEP,135,CIDADE,ABALROAMENTO LONGITUDINAL,COLISÃO C/VITIMAS ENTRE UMA MOTO E UM AUTO,1,1,,,,,,,,2,,Longo da via,Bom,Não existe,Perfeito estado,Seca,Perfeito estado,Não existe,Não há placas,40 km/h,Dupla,Faixa contínua,Faixa seccionada,
2019-11-29,10:24:00,SEM VÍTIMA,FINALIZADA,ESPINHEIRO,AV GOVERNADOR AGAMENON MAGALHAES,,RUA SAO SALVADOR,AO LADO DA UNIMED RECIFE,AV GOVERNADOR AGAMENON MAGALHAES,,AO LADO DA UNIMED RECIFE,ESPINHEIRO,,,ABALROAMENTO TRANSVERSAL,COLISÃO SEM VITIMAS,2,,,,,,,,,0,,,Bom,Não existe,Perfeito estado,Seca,Perfeito estado,Não existe,Outras,,Única,Faixa seccionada,Canteiro central,
2019-11-29,10:38:00,SEM VÍTIMA,CANCELADA,BOA VISTA,AV JOAO DE BARROS,,,POR TRAS DA CELPE EM FRENTE A FACULDADE IBGM,AV JOAO DE BARROS,,POR TRAS DA CELPE EM FRENTE A FACULDADE IBGM,BOA VISTA,,,COLISÃO,COLISÃO SEM VITIMAS,2,,,,,,,,,0,,,,,,,,,,,,,,
2019-11-29,11:07:00,SEM VÍTIMA,CANCELADA,IMBIRIBEIRA,AV GENERAL MAC ARTHUR,253,,50 METROS ANTES DO PARQUE MASSA (SENT. IMBIRIBEIRA),AV GENERAL MAC ARTHUR,253,50 METROS ANTES DO PARQUE MASSA (SENT. IMBIRIBEIRA),IMBIRIBEIRA,667,,COLISÃO,COLISÃO S/VITIMAS ENTRE DOIS AUTOS,2,,,,,,,,,0,,,,,,,,,,,,,,
2019-11-29,11:13:00,SEM VÍTIMA,FINALIZADA,BOA VIAGEM,RUA TENENTE JOAO CICERO,,,BELO FIO,RUA TENENTE JOAO CICERO,,BELO FIO,BOA VIAGEM,,SUBURBIO,ABALROAMENTO TRANSVERSAL,DOIS AUTOS PASSEIO,2,,,,,,,,,0,,Cruzamento,Bom,Não existe,Perfeito estado,Seca,Perfeito estado,Não existe,Placas Pare,,Única,Não existe,,
2019-11-29,11:50:00,SEM VÍTIMA,FINALIZADA,DERBY,AV GOVERNADOR AGAMENON MAGALHAES,,,HOSPITAL DA RESTAURAÇÃO,AV GOVERNADOR AGAMENON MAGALHAES,,HOSPITAL DA RESTAURAÇÃO,DERBY,,,COLISÃO FRONTAL,COLISÃO SEM VITIMAS,3,,,,,,,,,0,,Longo da via,Bom,Sem defeito,Perfeito estado,Seca,Perfeito estado,Não existe,Não há placas,60 km/h,Dupla,Canal,,
2019-11-29,11:55:00,SEM VÍTIMA,FINALIZADA,MACAXEIRA,AV NORTE,,,LADO OPOSTO PARQUE URBANO DA MACAXEIRA,AV NORTE,,LADO OPOSTO PARQUE URBANO DA MACAXEIRA,MACAXEIRA,451,SUBURBIO,ABALROAMENTO TRANSVERSAL,COLISÃO S/VITIMAS ENTRE DOIS AUTOS,2,,,,,,,,,0,,Longo da via,Bom,Sem defeito,Perfeito estado,Seca,Perfeito estado,Faixa de pedestre,R-6a,60 km/h,Dupla,Canteiro central,,