data,hora,natureza_acidente,situacao,bairro,endereco,numero,detalhe_endereco_acidente,complemento,endereco_cruzamento,numero_cruzamento,referencia_cruzamento,bairro_cruzamento,num_semaforo,sentido_via,tipo,descricao,auto,moto,ciclom,ciclista,pedestre,onibus,caminhao,viatura,outros,vitimas,vitimasfatais,acidente_verificado,tempo_clima,situacao_semaforo,sinalizacao,condicao_via,conservacao_via,ponto_controle,situacao_placa,velocidade_max_via,mao_direcao,divisao_via1,divisao_via2,divisao_via3
2019-11-30,17:21:00,SEM VÍTIMA,FINALIZADA,SAN MARTIN,AV CONSUL VILARES FRAGOSO,470,RUA ITAPEMIRIM,AO LADO DA CAVALARIA PM,AV CONSUL VILARES FRAGOSO,470,AO LADO DA CAVALARIA PM,SAN MARTIN,,,ABALROAMENTO TRANSVERSAL,COLISÃO SEM VITIMA,2,,,,,,,,,0,,Longo da via,Bom,Não existe,Perfeito estado,Seca,,Não existe,Placas Pare,30 km/h,Dupla,Não existe,,
2019-11-30,17:36:00,SEM VÍTIMA,CANCELADA,BOA VIAGEM,AV DOM JOAO VI,,,POR TRAZ DO SHOPPING RECIFE   SENTIDO AEROPORTO,AV DOM JOAO VI,,POR TRAZ DO SHOPPING RECIFE   SENTIDO AEROPORTO,BOA VIAGEM,639,,COLISÃO,COLISÃO SEM VITIMA,1,,,,,1,,,,0,,,,,,,,,,,,,,
2019-11-30,18:09:00,SEM VÍTIMA,FINALIZADA,VÁRZEA,AV CAXANGA,,,SOBRE A PONTE MARECHAL HUMBERTO CASTELO BRANCO,AV CAXANGA,,SOBRE A PONTE MARECHAL HUMBERTO CASTELO BRANCO,VÁRZEA,,SUBURBIO,COLISÃO TRASEIRA,JEEP RENEGADE X PALIO,2,,,,,,,,,0,,Ponte,Bom,Não existe,Perfeito estado,Seca,Perfeito estado,Não existe,Não há placas,,Dupla,Faixa seccionada,Canteiro central,
2019-11-30,18:36:00,SEM VÍTIMA,FINALIZADA,VÁRZEA,RUA MARIO CAMPELO,346,,EM FRENTE AO Nº 346,RUA MARIO CAMPELO,346,EM FRENTE AO Nº 346,VÁRZEA,,SUBURBIO,ABALROAMENTO LONGITUDINAL,TAXISTA COM SUSPEITA DE EMBRIAGUEZ OBS: POPULAÇAO QUERENDO LINCHAR O TAXISTA POLICIA NO LOCAL,2,,,,,1,,,1,0,,Longo da via,Bom,Não existe,Não existente,Seca,Perfeito estado,,Não há placas,,Dupla,Não existe,,
2019-11-30,19:09:00,COM VÍTIMA,FINALIZADA,FUNDÃO,RUA CORONEL URBANO RIBEIRO DE SENA,,AV BEBERIBE,NO CRUZAMENTO MESMO,RUA CORONEL URBANO RIBEIRO DE SENA,,NO CRUZAMENTO MESMO,FUNDÃO,307,SUBURBIO,ABALROAMENTO LONGITUDINAL,AUTO E MOTO,1,1,,,,,,,,1,,Longo da via,Bom,Sem defeito,Perfeito estado,Seca,Perfeito estado,Faixa de pedestre,Não há placas,,Dupla,Faixa contínua,Faixa seccionada,
2019-11-30,19:15:00,SEM VÍTIMA,FINALIZADA,TORRE,RUA PADRE LANDIM,,RUA DOM MANOEL DA COSTA,,RUA PADRE LANDIM,,,TORRE,252,,COLISÃO FRONTAL,MOTO X AUTO,1,1,,,,,,,,0,,Cruzamento,Bom,Sem defeito,Perfeito estado,Seca,Perfeito estado,,,,Dupla,Faixa seccionada,,
2019-11-30,22:48:00,SEM VÍTIMA,FINALIZADA,BOA VIAGEM,RUA RIBEIRO DE BRITO,1326,RUA AMALIA BERNARDINO DE SOUZA,ANTES DA SUBIDA DO VIADUTO TANCREDO NEVES,RUA RIBEIRO DE BRITO,1326,ANTES DA SUBIDA DO VIADUTO TANCREDO NEVES,BOA VIAGEM,,SUBURBIO,ABALROAMENTO LONGITUDINAL,COLISAO SEM VITIMAS,3,,,,,,,,,0,,Longo da via,Bom,Não existe,Perfeito estado,Seca,Perfeito estado,Não existe,Não há placas,,Única,Faixa seccionada,,
2019-11-30,23:10:00,SEM VÍTIMA,FINALIZADA,CASA AMARELA,AV NORTE,,,EM FRENTE AO CAPS,AV NORTE,,EM FRENTE AO CAPS,CASA AMARELA,,SUBURBIO,ABALROAMENTO LONGITUDINAL,COLISAO SEM VITIMAS,2,,,,,,,,,0,,Longo da via,Bom,Não existe,Perfeito estado,Seca,Perfeito estado,Não existe,Não há placas,60 km/h,Dupla,Blocos,,
2019-11-30,23:42:00,SEM VÍTIMA,FINALIZADA,BOA VIAGEM,AV ENGENHEIRO DOMINGOS FERREIRA,4367,RUA CORONEL BENEDITO CHAVES,LADO OPOSTO A DELEGACIA DE BOA VIAGEM,AV ENGENHEIRO DOMINGOS FERREIRA,4367,LADO OPOSTO A DELEGACIA DE BOA VIAGEM,BOA VIAGEM,128,SUBURBIO,COLISÃO FRONTAL,CLASSIC X AUTO,2,,,,,,,,,0,,Longo da via,Bom,Sem defeito,Perfeito estado,Seca,Perfeito estado,,Não há placas,,Única,Faixa seccionada,,
2019-12-01,00:17:00,COM VÍTIMA,FINALIZADA,SÃO JOSÉ,RUA IMPERIAL,,TRV PADRE AZEVEDO,NO PRIMEIRO SEMAFORO DA IMPERIAL DEPOIS DO POSTO BR // PROX AO HOTEL CRISTAL,RUA IMPERIAL,,NO PRIMEIRO SEMAFORO DA IMPERIAL DEPOIS DO POSTO BR // PROX AO HOTEL CRISTAL,SÃO JOSÉ,511,SUBURBIO,ABALROAMENTO TRANSVERSAL,SIENA X MOTO,1,1,,,,,,,,1,,Cruzamento,Bom,Intermitente,Perfeito estado,Seca,Perfeito estado,Faixa de pedestre,Não há placas,,Única,Faixa contínua,,
2019-12-01,01:00:00,SEM VÍTIMA,FINALIZADA,TEJIPIÓ,RUA SOLDADO JOAQUIM XAVIER,240,RUA ALCANTARA,,RUA SOLDADO JOAQUIM XAVIER,240,,TEJIPIÓ,,SUBURBIO,ABALROAMENTO LONGITUDINAL,DOIS AUTO OBS: MOTORISTA DO GOL COM SUSPEITA DE EMBRIAGUEZ,2,,,,,,,,,0,,Longo da via,Bom,Não existe,Não existente,Seca,Perfeito estado,Não existe,Não há placas,,Dupla,Não existe,,
2019-12-01,03:56:00,SEM VÍTIMA,FINALIZADA,,RUA BENFICA,,RUA PROFESSOR BENEDITO MONTEIRO,EM FRENTE AO CLUB INTERNACIONAL,RUA BENFICA,,EM FRENTE AO CLUB INTERNACIONAL,,,,ABALROAMENTO LONGITUDINAL,ECOSPORT X TAXI,2,,,,,,,,,0,,,Bom,Não existe,Perfeito estado,Seca,Perfeito estado,Outros,Não há placas,,Dupla,Faixa contínua,,
2019-12-01,06:53:00,SEM VÍTIMA,CANCELADA,BOA VIAGEM,RUA SETUBAL,,,EM FRENTE AO PARQUE DONA LINDU,RUA SETUBAL,,EM FRENTE AO PARQUE DONA LINDU,BOA VIAGEM,,,COLISÃO,DOIS AUTOS,2,,,,,,,,,0,,,,,,,,,,,,,,
2019-12-01,11:58:00,COM VÍTIMA,CANCELADA,BOA VIAGEM,RUA DR VICENTE GOMES,,RUA SETUBAL,PROX. A PRACINHA DE BOA VIAGEM,RUA DR VICENTE GOMES,,PROX. A PRACINHA DE BOA VIAGEM,BOA VIAGEM,,,COLISÃO,COLISÃO COM VITIMA/ AGUARDANDO SAMU,1,1,,,,,,,,1,,,,,,,,,,,,,,
2019-12-01,12:27:00,SEM VÍTIMA,FINALIZADA,BOA VISTA,AV MANOEL BORBA,401,,POSTO BR,AV MANOEL BORBA,401,POSTO BR,BOA VISTA,,,COLISÃO,COLISÃO SEM VITIMAS,3,,,,,,,,,0,,,,,,,,,,,,,,
2019-12-01,12:33:00,SEM VÍTIMA,FINALIZADA,ROSARINHO,RUA GENERAL ABREU E LIMA,238,,BAR CAPRINOS,RUA GENERAL ABREU E LIMA,238,BAR CAPRINOS,ROSARINHO,,,COLISÃO,COLISÃO SEM VITIMAS,2,,,,,,,,,0,,,,,,,,,,,,,,
2019-12-01,12:44:00,COM VÍTIMA,FINALIZADA,VÁRZEA,AV PROFESSOR MORAES REGO,,RUA EMILIANO BRAGA,AO LADO DO TERMINAL DE CDU/ PROX AO VDT DA CAXANGA,AV PROFESSOR MORAES REGO,,AO LADO DO TERMINAL DE CDU/ PROX AO VDT DA CAXANGA,VÁRZEA,,SUBURBIO,COLISÃO,AUTO PASSEIO X MOTO COM VÍTIMA,1,1,,,,,,,,2,,,,,,,,,,,,,,
2019-12-01,13:08:00,SEM VÍTIMA,CANCELADA,TORRE,RUA VITORIANO PALHARES,194,,PROX. AO ATACADÃO DOS PRESENTES/ EDIF. ITAMARACÁ COLONIAL,RUA VITORIANO PALHARES,194,PROX. AO ATACADÃO DOS PRESENTES/ EDIF. ITAMARACÁ COLONIAL,TORRE,,,COLISÃO,COLISÃO SEM VITIMAS,2,,,,,,,,,0,,,,,,,,,,,,,,
2019-12-01,13:24:00,COM VÍTIMA,FINALIZADA,CORDEIRO,RUA CLOTILDE DE OLIVEIRA,,AV GENERAL SAN MARTIN,EM FRENTE DO HOSP. GERTULIO VARGAS,RUA CLOTILDE DE OLIVEIRA,,EM FRENTE DO HOSP. GERTULIO VARGAS,CORDEIRO,185,,COLISÃO FRONTAL,COLISÃO COM VÍTIMA ENTRE MOTO E AUTO.,1,1,,,,,,,,1,,Cruzamento,Bom,Sem defeito,Ilegível,Seca,Mal conservada,Outros,R-6a,,Dupla,Faixa contínua,,
2019-12-01,13:37:00,SEM VÍTIMA,FINALIZADA,JAQUEIRA,RUA SIMAO MENDES,,,EM FRENTE A FARMÁCIA PAGUE MENOS,RUA SIMAO MENDES,,EM FRENTE A FARMÁCIA PAGUE MENOS,JAQUEIRA,,,ABALROAMENTO LONGITUDINAL,COLISÃO SEM VITIMAS,1,1,,,,,,,,0,,Longo da via,Bom,Não existe,Perfeito estado,Seca,Perfeito estado,Não existe,R-6a,,Dupla,Não existe,,
2019-12-01,13:46:00,COM VÍTIMA,FINALIZADA,BOA VIAGEM,RUA PROFESSOR JOAO MEDEIROS,,,E/F AO EXTRABOM/ PROX AO PAPACAPIM,RUA PROFESSOR JOAO MEDEIROS,,E/F AO EXTRABOM/ PROX AO PAPACAPIM,BOA VIAGEM,,,ABALROAMENTO LONGITUDINAL,ENTRE AUTO PASSEIO E MOTO COM VÍTIMA,1,1,,,,,,,,1,,Longo da via,Bom,Não existe,Perfeito estado,Seca,Perfeito estado,Não existe,Não há placas,,Única,Faixa seccionada,,
2019-12-01,14:11:00,SEM VÍTIMA,FINALIZADA,PARNAMIRIM,EST DO ENCANAMENTO,310,,,EST DO ENCANAMENTO,310,,PARNAMIRIM,462,CIDADE,COLISÃO TRASEIRA,COLISAO ENVOLVENDO TRES AUTOS COM A VT DA CTTU,3,,,,,,,,,0,,Longo da via,Bom,Sem defeito,Perfeito estado,Seca,Perfeito estado,,,,Única,,,
2019-12-01,16:05:00,SEM VÍTIMA,FINALIZADA,ILHA DO LEITE,AV GOVERNADOR AGAMENON MAGALHAES,4581,PTE PAISSANDU,EM FRENTE AO BANCO SAFRA,AV GOVERNADOR AGAMENON MAGALHAES,4581,EM FRENTE AO BANCO SAFRA,ILHA DO LEITE,69,,ABALROAMENTO LONGITUDINAL,COLISÃO SEM VITIMAS,1,,,,,,1,,,0,,Longo da via,Bom,Sem defeito,Perfeito estado,Seca,Perfeito estado,Faixa de pedestre,R-4a,60 km/h,Única,Faixa seccionada,,
2019-12-01,16:26:00,SEM VÍTIMA,CANCELADA,FUNDÃO,RUA GRAVATA,,,PRAÇA MARIA JOSE DOS ANJOS( DONA LIA ),RUA GRAVATA,,PRAÇA MARIA JOSE DOS ANJOS( DONA LIA ),FUNDÃO,,,ATROPELAMENTO,PEDESTRE ESTA BEM. SEGUNDO O CONDUTOR DO VEÍCULO  SEM NECESSIDADE DE SOCORRO...SAMU,1,,,,1,,,,,0,,,,,,,,,,,,,,
2019-12-01,16:30:00,SEM VÍTIMA,CANCELADA,BARRO,RUA ANDRE DE ALBUQUERQUE,205,,AO LADO DA IGREJA MATRIZ DO BARRO,RUA ANDRE DE ALBUQUERQUE,205,AO LADO DA IGREJA MATRIZ DO BARRO,BARRO,,,COLISÃO,ENTRE DOIS AUTO PASSEIO S/V,2,,,,,,,,,0,,,,,,,,,,,,,,
2019-12-01,17:24:00,SEM VÍTIMA,FINALIZADA,MADALENA,RUA BENFICA,1059,RUA HERMOGENES DE MORAIS,LADO OPOSTO AO Nº 1059,RUA BENFICA,1059,LADO OPOSTO AO Nº 1059,MADALENA,,SUBURBIO,COLISÃO FRONTAL,COLISÃO SEM VITIMAS,1,,,,,1,,,,0,,Longo da via,Bom,Não existe,Perfeito estado,Seca,Perfeito estado,Não existe,Não há placas,40 km/h,Dupla,Faixa contínua,,
2019-12-01,17:49:00,SEM VÍTIMA,FINALIZADA,BOA VIAGEM,AV CONSELHEIRO AGUIAR,576,RUA PEREIRA DA COSTA,EM FRENTE A LOJA URBAN ARTS,AV CONSELHEIRO AGUIAR,576,EM FRENTE A LOJA URBAN ARTS,BOA VIAGEM,,CIDADE,ABALROAMENTO LONGITUDINAL,COLISÃO SEM VITIMA,1,,,,,1,,,,0,,Cruzamento,Bom,Sem defeito,Perfeito estado,Seca,Perfeito estado,Faixa de pedestre,,,Única,Faixa contínua,Faixa seccionada,
2019-12-01,18:00:00,SEM VÍTIMA,FINALIZADA,BOA VIAGEM,RUA ERNESTO DE PAULA SANTOS,927,,EM FRENTE AO Nº 927,RUA ERNESTO DE PAULA SANTOS,927,EM FRENTE AO Nº 927,BOA VIAGEM,,,COLISÃO TRASEIRA,COLISÃO SEM VITIMA,2,,,,,,,,,0,,Longo da via,Bom,Não existe,Perfeito estado,Seca,Perfeito estado,Não existe,Outras,,Única,Faixa seccionada,,
2019-12-01,18:49:00,COM VÍTIMA,FINALIZADA,SANTO AMARO,AV GOVERNADOR AGAMENON MAGALHAES,,AV DR JAYME DA FONTE,SENTIDO OLINDA,AV GOVERNADOR AGAMENON MAGALHAES,,SENTIDO OLINDA,SANTO AMARO,49,SUBURBIO,ATROPELAMENTO,MOTO X PEDESTRE,,1,,,1,,,,,1,,Cruzamento,Bom,Sem defeito,Perfeito estado,Seca,Perfeito estado,Faixa de pedestre,Outras,,Dupla,Faixa seccionada,Canteiro central,
2019-12-01,19:03:00,SEM VÍTIMA,FINALIZADA,TORRÕES,AV ENGENHEIRO ABDIAS DE CARVALHO,3010,,,AV ENGENHEIRO ABDIAS DE CARVALHO,3010,,TORRÕES,,CIDADE,ABALROAMENTO LONGITUDINAL,PEUGEOT X TORO,2,,,,,,,,,0,,Longo da via,Bom,Não existe,Perfeito estado,Seca,Perfeito estado,Não existe,,,Dupla,Canteiro central,,
2019-12-01,19:09:00,SEM VÍTIMA,FINALIZADA,SANCHO,AV LIBERDADE,110,,,AV LIBERDADE,110,,SANCHO,,SUBURBIO,CHOQUE VEÍCULO PARADO,COLISAO SEM VITIMAS,4,,,,,,,,,0,,Longo da via,Bom,Não existe,Ilegível,Seca,Perfeito estado,Não existe,Não há placas,,Dupla,Não existe,,
2019-12-01,19:15:00,SEM VÍTIMA,FINALIZADA,BOA VIAGEM,RUA ERNESTO DE PAULA SANTOS,357,AV ENGENHEIRO DOMINGOS FERREIRA,EXTRAFARMA,RUA ERNESTO DE PAULA SANTOS,357,EXTRAFARMA,BOA VIAGEM,217,CIDADE,COLISÃO TRASEIRA,COLISAO SEM VITIMAS,2,,,,,,,,,0,,Longo da via,Bom,Sem defeito,Perfeito estado,Seca,Perfeito estado,Faixa de pedestre,,,Única,Faixa contínua,,
2019-12-01,19:35:00,SEM VÍTIMA,FINALIZADA,IPSEP,AV RECIFE,3273,,,AV RECIFE,3273,,IPSEP,,CIDADE,COLISÃO TRASEIRA,CLASSIC X PEUGEOT OBS: SUSPEITA DE EMBRIAGUEZ,2,,,,,,,,,0,,Longo da via,Bom,Sem defeito,Perfeito estado,Seca,Perfeito estado,Faixa de pedestre,R-6a,60 km/h,Única,Canteiro central,,
2019-12-01,19:35:00,SEM VÍTIMA,FINALIZADA,CASA FORTE,AV DEZESSETE DE AGOSTO,447,,,AV DEZESSETE DE AGOSTO,447,,CASA FORTE,,SUBURBIO,ABALROAMENTO LONGITUDINAL,COLISAO SEM VITIMAS,1,1,,,,,,,,0,,Longo da via,Bom,Não existe,Perfeito estado,Seca,Perfeito estado,Não existe,Não há placas,,Dupla,Faixa contínua,,
2019-12-01,20:45:00,SEM VÍTIMA,FINALIZADA,SÃO JOSÉ,RUA IMPERIAL,247,RUA LOURENCO DA SILVA,,RUA IMPERIAL,247,,SÃO JOSÉ,,CIDADE,ABALROAMENTO TRANSVERSAL,COLISAO SEM VITIMAS,2,,,,,,,,,0,,Cruzamento,Bom,Não existe,Incompleta,Seca,Mal iluminada,Não existe,R-6a,,Única,Faixa seccionada,,
2019-12-02,00:41:00,SEM VÍTIMA,FINALIZADA,DOIS IRMÃOS,RUA DOIS IRMAOS,416,,VIADUTO BR 101,RUA DOIS IRMAOS,416,VIADUTO BR 101,DOIS IRMÃOS,416,,ABALROAMENTO TRANSVERSAL,COLISAO ENTRE 2 AUTOS,2,,,,,,,,,0,,Cruzamento,Bom,Intermitente,Não existente,Seca,Perfeito estado,Não existe,Não há placas,,Dupla,Não existe,,
2019-12-02,01:39:00,SEM VÍTIMA,FINALIZADA,BOA VIAGEM,AV ENGENHEIRO DOMINGOS FERREIRA,,RUA PADRE CARAPUCEIRO,,AV ENGENHEIRO DOMINGOS FERREIRA,,,BOA VIAGEM,216,SUBURBIO,ABALROAMENTO TRANSVERSAL,COLISÃO ENTRE DOIS AUTOS S/V,2,,,,,,,,,0,,Cruzamento,Bom,Sem defeito,Perfeito estado,Seca,Perfeito estado,Faixa de pedestre,R-6a,60 km/h,Única,Canteiro central,,
2019-12-02,07:02:00,SEM VÍTIMA,FINALIZADA,BOA VIAGEM,RUA JOAO CARDOSO AIRES,971,RUA CAMBOIM,RESTAURANTE BAMBAM,RUA JOAO CARDOSO AIRES,971,RESTAURANTE BAMBAM,BOA VIAGEM,,,ABALROAMENTO TRANSVERSAL,AUTO E CAMINHAO,1,,,,,,1,,,0,,Cruzamento,Bom,Não existe,Perfeito estado,Seca,Perfeito estado,Faixa de retenção,Placas Pare,30 km/h,Dupla,Faixa seccionada,,
2019-12-02,07:03:00,SEM VÍTIMA,FINALIZADA,ALTO DO MANDU,RUA QUATRO DE MARCO,365,,TERMINAL DO ÔNIBUS DO ALTO DO MANDU,RUA QUATRO DE MARCO,365,TERMINAL DO ÔNIBUS DO ALTO DO MANDU,ALTO DO MANDU,,,ABALROAMENTO LONGITUDINAL,,1,,,,,1,,,,0,,Longo da via,Bom,Não existe,Não existente,Seca,Perfeito estado,Não existe,Não há placas,30 km/h,Dupla,Não existe,,
2019-12-02,07:15:00,SEM VÍTIMA,FINALIZADA,FUNDÃO,AV BEBERIBE,2960,,EM FRENTE A ASSEMBLEIA DE DEUS,AV BEBERIBE,2960,EM FRENTE A ASSEMBLEIA DE DEUS,FUNDÃO,,CIDADE,COLISÃO,ONIBUS E AUTO,1,,,,,1,,,,0,,,,,,,,,,,,,,
2019-12-02,07:17:00,SEM VÍTIMA,FINALIZADA,ESPINHEIRO,RUA CONS PORTELA,525,RUA QUARENTA E OITO,VÍDEO TÉCNICA - ASSISTÊNCIA TÉCNICA AUTORIZADA,RUA CONS PORTELA,525,VÍDEO TÉCNICA - ASSISTÊNCIA TÉCNICA AUTORIZADA,ESPINHEIRO,11,CIDADE,ABALROAMENTO LONGITUDINAL,COLISÃO SEM VITIMAS,1,,,,,1,,,,0,,Cruzamento,Bom,Sem defeito,Perfeito estado,Seca,Perfeito estado,Faixa de pedestre,R-6a,40 km/h,Única,Faixa seccionada,,
2019-12-02,07:30:00,SEM VÍTIMA,FINALIZADA,SANTO AMARO,AV DR JAYME DA FONTE,,,EM FRENTE AO CAMPO DO ONZE,AV DR JAYME DA FONTE,,EM FRENTE AO CAMPO DO ONZE,SANTO AMARO,,CIDADE,COLISÃO TRASEIRA,SEM VITIMAS,2,,,,,,,,,0,,Longo da via,Bom,Não existe,Incompleta,Seca,Perfeito estado,Não existe,Não há placas,,Dupla,Canteiro central,,
2019-12-02,07:31:00,SEM VÍTIMA,DUPLICIDADE,ALTO DO MANDU,RUA QUATRO DE MARCO,365,,TERMINAL DO ALTO DO MANDU,RUA QUATRO DE MARCO,365,TERMINAL DO ALTO DO MANDU,ALTO DO MANDU,,,COLISÃO,ONIBUS E AURO PASSEIO,1,,,,,1,,,,0,,,,,,,,,,,,,,
2019-12-02,07:37:00,COM VÍTIMA,FINALIZADA,ESTÂNCIA,RUA MORAIS E SILVA,540,AV DR JOSE RUFINO,PROX AO CENTRO COMERCIAL EM FRENTE A GALERIA MARGARIDA,RUA MORAIS E SILVA,540,PROX AO CENTRO COMERCIAL EM FRENTE A GALERIA MARGARIDA,ESTÂNCIA,,SUBURBIO,ABALROAMENTO TRANSVERSAL,AUTO E MOTO.,1,1,,,,,,,,1,,Cruzamento,Bom,Não existe,Incompleta,Seca,Mal conservada,Não existe,R-6a,,Dupla,Faixa contínua,,
2019-12-02,07:44:00,COM VÍTIMA,FINALIZADA,CORDEIRO,AV PROFESSOR ESTEVAO FRANCISCO DA COSTA,121,RUA 10 DE NOVEMBRO,EM FRENTE A ANTIGA PADARIA RAINHA DA TORRE. MERC FRUTI.,AV PROFESSOR ESTEVAO FRANCISCO DA COSTA,121,EM FRENTE A ANTIGA PADARIA RAINHA DA TORRE. MERC FRUTI.,CORDEIRO,280,AV. CAXANGÁ,COLISÃO TRASEIRA,AUTO E MOTO,1,1,,,,,,,,1,,Cruzamento,Bom,Sem defeito,Perfeito estado,Seca,Perfeito estado,Outros,R-4b,40 km/h,Dupla,Canteiro central,Canal,
2019-12-02,08:03:00,COM VÍTIMA,FINALIZADA,MADALENA,EST DOS REMEDIOS,,RUA BENFICA,SEMAFORO 051 PROX AO POSTO DE SAUDE LESSA DE ANDRADE,EST DOS REMEDIOS,,SEMAFORO 051 PROX AO POSTO DE SAUDE LESSA DE ANDRADE,MADALENA,51,CIDADE,COLISÃO COM CICLISTA,ÔNIBUS E BICICLETA.,,,,1,,1,,,,1,,Cruzamento,Bom,Sem defeito,Perfeito estado,Seca,Perfeito estado,Agente,R-4a,60 km/h,Dupla,Faixa,,
2019-12-02,08:31:00,SEM VÍTIMA,CANCELADA,BOA VIAGEM,RUA VIRIATO CORREIA,39,,EM FRENTE AO LAVA JATO,RUA VIRIATO CORREIA,39,EM FRENTE AO LAVA JATO,BOA VIAGEM,,,COLISÃO,DOS AUTOS,2,,,,,,,,,0,,,,,,,,,,,,,,
2019-12-02,09:04:00,SEM VÍTIMA,FINALIZADA,PRADO,AV ENGENHEIRO ABDIAS DE CARVALHO,,,AUTOLINE HONDA,AV ENGENHEIRO ABDIAS DE CARVALHO,,AUTOLINE HONDA,PRADO,,CIDADE,ABALROAMENTO LONGITUDINAL,COLISÃO SEM VITIMAS,2,,,,,,,,,0,,Longo da via,Bom,Não existe,Não existente,Seca,Perfeito estado,Não existe,Placas Pare,60 km/h,Dupla,Canteiro central,,
2019-12-02,09:17:00,SEM VÍTIMA,FINALIZADA,TAMARINEIRA,AV NORTE,,RUA CONEGO BARATA,,AV NORTE,,,TAMARINEIRA,62,,COLISÃO,-,,2,,,,,,,,0,,,,,,,,,,,,,,
2019-12-02,09:25:00,SEM VÍTIMA,CANCELADA,BOA VIAGEM,AV CONSELHEIRO AGUIAR,1472,,TRADE CENTER JULIÃO LINS,AV CONSELHEIRO AGUIAR,1472,TRADE CENTER JULIÃO LINS,BOA VIAGEM,,,COLISÃO,SEM VITIMAS,1,1,,,,,,,,0,,,,,,,,,,,,,,
2019-12-02,09:49:00,SEM VÍTIMA,FINALIZADA,IMBIRIBEIRA,AV MARECHAL MASCARENHAS DE MORAES,4561,,AUTO PARVICENTER,AV MARECHAL MASCARENHAS DE MORAES,4561,AUTO PARVICENTER,IMBIRIBEIRA,,SUBURBIO,ABALROAMENTO LONGITUDINAL,SEM VITIMAS/BATEDOR NO LOCAL,2,,,,,,,,,0,,Longo da via,Bom,Não existe,Perfeito estado,Seca,Perfeito estado,Não existe,Não há placas,,Dupla,Canteiro central,,
2019-12-02,10:24:00,SEM VÍTIMA,FINALIZADA,MADALENA,RUA BENFICA,411,,PRÓX AO CLUB INTERNACIONAL,RUA BENFICA,411,PRÓX AO CLUB INTERNACIONAL,MADALENA,,CIDADE,ABALROAMENTO LONGITUDINAL,DOIS AUTOS,2,,,,,,,,,0,,Longo da via,Bom,Não existe,Perfeito estado,Seca,Perfeito estado,Faixa de pedestre,Não há placas,,Única,Faixa seccionada,,
2019-12-02,10:43:00,SEM VÍTIMA,CANCELADA,BOA VIAGEM,AV CONSELHEIRO AGUIAR,,,EM FRENTE A PADARIA DIPLOMATA,AV CONSELHEIRO AGUIAR,,EM FRENTE A PADARIA DIPLOMATA,BOA VIAGEM,,,COLISÃO,COLISÃO SEM VITIMAS,2,,,,,,,,,0,,,,,,,,,,,,,,
2019-12-02,10:47:00,SEM VÍTIMA,CANCELADA,PARNAMIRIM,RUA JOAO TUDE DE MELO,,RUA VIRGINIA LORETO,AO LADO DO CERPE,RUA JOAO TUDE DE MELO,,AO LADO DO CERPE,PARNAMIRIM,,,COLISÃO,SEM VITIMAS,2,1,,,,,,,,0,,,,,,,,,,,,,,
2019-12-02,10:48:00,SEM VÍTIMA,FINALIZADA,ESPINHEIRO,RUA AMELIA,,RUA DR VICENTE MEIRA,EM FRENTE AO GALETO AMÉLIA,RUA AMELIA,,EM FRENTE AO GALETO AMÉLIA,ESPINHEIRO,,SUBURBIO,ABALROAMENTO LONGITUDINAL,COLISÃO SEM VITIMAS /GM NO LOCAL,2,,,,,,,,,0,,,Bom,Não existe,Perfeito estado,Seca,Perfeito estado,,R-6a,40 km/h,Única,Faixa seccionada,,
2019-12-02,10:56:00,SEM VÍTIMA,FINALIZADA,IMBIRIBEIRA,AV MARECHAL MASCARENHAS DE MORAES,1681,,EM FRENTE A LASER,AV MARECHAL MASCARENHAS DE MORAES,1681,EM FRENTE A LASER,IMBIRIBEIRA,,SUBURBIO,COLISÃO TRASEIRA,DOIS AUTOS E UMA MOTO,2,1,,,,,,,,0,,Longo da via,Bom,Não existe,Perfeito estado,Seca,Perfeito estado,Agente,Não há placas,60 km/h,Única,Faixa seccionada,,
2019-12-02,11:23:00,SEM VÍTIMA,FINALIZADA,APIPUCOS,RUA DE APIPUCOS,,,PARQUE DE APIPUCOS,RUA DE APIPUCOS,,PARQUE DE APIPUCOS,APIPUCOS,540,CIDADE,COLISÃO TRASEIRA,,3,,,,,,,,,0,,Longo da via,Bom,Sem defeito,Perfeito estado,Seca,Perfeito estado,Faixa de pedestre,,,Dupla,Faixa seccionada,,
2019-12-02,11:27:00,SEM VÍTIMA,FINALIZADA,BOA VISTA,RUA DO HOSPICIO,,,PRÓX. PRAÇA MACIEL PINHEIRO,RUA DO HOSPICIO,,PRÓX. PRAÇA MACIEL PINHEIRO,BOA VISTA,33,CIDADE,ABALROAMENTO LONGITUDINAL,DOIS AUTOS,2,,,,,,,,,0,,Longo da via,Bom,Sem defeito,Incompleta,Seca,Perfeito estado,Não existe,Outras,,Única,Não existe,,
2019-12-02,11:30:00,SEM VÍTIMA,FINALIZADA,BOA VIAGEM,RUA BRUNO VELOSO,,RUA VISCONDE DE JEQUITINHONHA,SHOPPING RECIFE,RUA BRUNO VELOSO,,SHOPPING RECIFE,BOA VIAGEM,,CIDADE,ABALROAMENTO LONGITUDINAL,COLISÃO SEM VITIMAS,1,,,,,,1,,,0,,Longo da via,Bom,Não existe,Incompleta,Seca,Perfeito estado,Não existe,Não há placas,30 km/h,Dupla,Não existe,,
2019-12-02,11:58:00,SEM VÍTIMA,FINALIZADA,BOA VISTA,RUA DO HOSPICIO,,,LADO OPOSTO DA PARADA DO BRT SENTIDO SUBÚRBIO CIDADE,RUA DO HOSPICIO,,LADO OPOSTO DA PARADA DO BRT SENTIDO SUBÚRBIO CIDADE,BOA VISTA,,CIDADE,ABALROAMENTO LONGITUDINAL,SEM VITIMAS/GM NO LOCAL,2,,,,,,,,,0,,Longo da via,Bom,Não existe,Perfeito estado,Seca,Perfeito estado,Não existe,Não há placas,,Dupla,Blocos,,