data,hora,natureza_acidente,situacao,bairro,endereco,numero,detalhe_endereco_acidente,complemento,endereco_cruzamento,numero_cruzamento,referencia_cruzamento,bairro_cruzamento,num_semaforo,sentido_via,tipo,descricao,auto,moto,ciclom,ciclista,pedestre,onibus,caminhao,viatura,outros,vitimas,vitimasfatais,acidente_verificado,tempo_clima,situacao_semaforo,sinalizacao,condicao_via,conservacao_via,ponto_controle,situacao_placa,velocidade_max_via,mao_direcao,divisao_via1,divisao_via2,divisao_via3
2019-12-02,12:09:00,SEM VÍTIMA,FINALIZADA,BOA VIAGEM,RUA FRANCISCO DA CUNHA,,RUA DR EDUARDO WANDERLEY,PRÓXIMO AO EDIFÍCIO PUERTO VALENÇA,RUA FRANCISCO DA CUNHA,,PRÓXIMO AO EDIFÍCIO PUERTO VALENÇA,BOA VIAGEM,,CIDADE,ABALROAMENTO TRANSVERSAL,COLISÃO SEM VÍTIMA,2,,,,,,,,,0,,Cruzamento,Bom,Não existe,Incompleta,Seca,Perfeito estado,Faixa de retenção,Placas Pare,30 km/h,Única,Não existe,,
2019-12-02,12:13:00,SEM VÍTIMA,FINALIZADA,BOA VISTA,AV MANOEL BORBA,237,,AO VAREJÃO DO ESTUDANTE,AV MANOEL BORBA,237,AO VAREJÃO DO ESTUDANTE,BOA VISTA,,SUBURBIO,COLISÃO TRASEIRA,COLISÃO S/VITIMAS ENTRE DOIS AUTOS,2,,,,,,,,,0,,Longo da via,Bom,Não existe,Perfeito estado,Seca,Perfeito estado,Outros,Outras,,Única,Faixa seccionada,,
2019-12-02,13:02:00,SEM VÍTIMA,FINALIZADA,BOA VIAGEM,RUA RIBEIRO DE BRITO,,RUA AMALIA BERNARDINO DE SOUZA,PRÓXIMO AO ANEXO DA UNINASSAU,RUA RIBEIRO DE BRITO,,PRÓXIMO AO ANEXO DA UNINASSAU,BOA VIAGEM,,SUBURBIO,ABALROAMENTO LONGITUDINAL,SEM VITIMAS/,2,,,,,,,,,0,,Longo da via,Bom,Não existe,Perfeito estado,Seca,Perfeito estado,Agente,Não há placas,40 km/h,,Faixa seccionada,,
2019-12-02,13:16:00,SEM VÍTIMA,FINALIZADA,GRAÇAS,AV GOVERNADOR AGAMENON MAGALHAES,,,POSTE B 025638,AV GOVERNADOR AGAMENON MAGALHAES,,POSTE B 025638,GRAÇAS,,,COLISÃO TRASEIRA,COLISAO ENTRE ONIBUS E AUTOS/V,1,,,,,1,,,,0,,Longo da via,Bom,Sem defeito,Perfeito estado,Seca,Perfeito estado,,,60 km/h,Dupla,Canal,,
2019-12-02,13:18:00,SEM VÍTIMA,FINALIZADA,IPSEP,RUA FRANCISCO BARRETO,467,RUA IRAPUA,,RUA FRANCISCO BARRETO,467,,IPSEP,,SUBURBIO,ABALROAMENTO TRANSVERSAL,COLISÃO COM VÍTIMA,1,1,,,,,,,,0,,Cruzamento,Bom,Não existe,Perfeito estado,Seca,Perfeito estado,Não existe,Não há placas,,Dupla,Não existe,,
2019-12-02,13:44:00,COM VÍTIMA,FINALIZADA,BAIRRO DO RECIFE,AV ALFREDO LISBOA,1168,,EM FRENTE AO MINISTERIO DA FAZENDA,AV ALFREDO LISBOA,1168,EM FRENTE AO MINISTERIO DA FAZENDA,BAIRRO DO RECIFE,,SUBURBIO,COLISÃO TRASEIRA,CONDUTOR DA MOTOCICLETA COLIDIU NA TRASEIRA DE UM SEGUNDO VEÍCULO QUE NÃO TEVE SUA PLACA IDENTIFICADA.,1,1,,,,,,,,1,,Longo da via,Bom,Não existe,Perfeito estado,Seca,Perfeito estado,,,,,,,
2019-12-02,13:53:00,SEM VÍTIMA,CANCELADA,IPSEP,RUA JEAN EMILE FAVRE,1200,RUA RIO AMAZONAS,E/F AO LABORATÓRIO GILSON CIDRIN,RUA JEAN EMILE FAVRE,1200,E/F AO LABORATÓRIO GILSON CIDRIN,IPSEP,527,,COLISÃO,COLISÃO S/ VITIMAS ENTR DOIS AUTOS,2,,,,,,,,,0,,,,,,,,,,,,,,
2019-12-02,13:59:00,SEM VÍTIMA,CANCELADA,IMBIRIBEIRA,AV SUL,,,NA SAIDA DO TERMINAL INTEGRADO TANCREDO NEVES,AV SUL,,NA SAIDA DO TERMINAL INTEGRADO TANCREDO NEVES,IMBIRIBEIRA,,,COLISÃO,COLISAO ENTRE ONIBUS E AUTO S/V,1,,,,,1,,,,0,,,,,,,,,,,,,,
2019-12-02,14:16:00,SEM VÍTIMA,CANCELADA,JIQUIÁ,RUA SAO MIGUEL,,,EM FRENTE AO ATACAREJO,RUA SAO MIGUEL,,EM FRENTE AO ATACAREJO,JIQUIÁ,425,,COLISÃO,COLISÃO SEM VÍTIMA,1,,,,,1,,,,0,,,,,,,,,,,,,,
2019-12-02,14:43:00,SEM VÍTIMA,CANCELADA,IMBIRIBEIRA,RUA ITAJUBA,156,,E/F A LOJA DE CONSTRUÇAO DISENSA,RUA ITAJUBA,156,E/F A LOJA DE CONSTRUÇAO DISENSA,IMBIRIBEIRA,,,COLISÃO,,2,,,,,,,,,0,,,,,,,,,,,,,,
2019-12-02,14:47:00,SEM VÍTIMA,FINALIZADA,ENCRUZILHADA,AV JOAO DE BARROS,,,EM FRENTE AO BRADESCO,AV JOAO DE BARROS,,EM FRENTE AO BRADESCO,ENCRUZILHADA,43,,COLISÃO,COLISÃO SEM VÍTIMA,2,,,,,,,,,0,,,,,,,,,,,,,,
2019-12-02,14:48:00,SEM VÍTIMA,FINALIZADA,BOA VIAGEM,RUA RIBEIRO DE BRITO,241,AV ENGENHEIRO DOMINGOS FERREIRA,AO LADO DO CENTRO EMPRESARIAL BOA VIAGEM,RUA RIBEIRO DE BRITO,241,AO LADO DO CENTRO EMPRESARIAL BOA VIAGEM,BOA VIAGEM,155,CIDADE,COLISÃO TRASEIRA,COLISAO ENVOLVENDO DOIS AUTOS SEM VITIMA,2,,,,,,,,,0,,Longo da via,Bom,Sem defeito,Perfeito estado,Seca,Perfeito estado,Agente,Não há placas,,Única,Faixa seccionada,,
2019-12-02,15:02:00,SEM VÍTIMA,FINALIZADA,BOA VIAGEM,RUA BARAO DE SOUZA LEAO,,,,RUA BARAO DE SOUZA LEAO,,,BOA VIAGEM,,SUBURBIO,ABALROAMENTO LONGITUDINAL,COLISÃO SEM VÍTIMA,,,,,,2,,,,0,,Longo da via,Bom,Sem defeito,Perfeito estado,Seca,Perfeito estado,Faixa de pedestre,Outras,,Única,Faixa seccionada,,
2019-12-02,15:09:00,COM VÍTIMA,FINALIZADA,BOA VIAGEM,AV ENGENHEIRO DOMINGOS FERREIRA,,,E/F AO EXTRA S/T PIEDADE,AV ENGENHEIRO DOMINGOS FERREIRA,,E/F AO EXTRA S/T PIEDADE,BOA VIAGEM,,SUBURBIO,COLISÃO TRASEIRA,ACIDENTE ENVOLVENDO TRÊS MOTOS E UM AUTO.,1,3,,,,,,,,2,,Longo da via,Bom,Não existe,Perfeito estado,Seca,Perfeito estado,Não existe,R-32,,Única,Faixa contínua,Faixa seccionada,Canteiro central
2019-12-02,15:11:00,SEM VÍTIMA,FINALIZADA,MANGUEIRA,RUA VINTE E UM DE ABRIL,,,NO SEMÁFORO 245,RUA VINTE E UM DE ABRIL,,NO SEMÁFORO 245,MANGUEIRA,245,,COLISÃO,COLISÃO SEM VÍTIMA,1,1,,,,,,,,0,,,,,,,,,,,,,,
2019-12-02,15:21:00,SEM VÍTIMA,FINALIZADA,AFOGADOS,RUA COSME VIANA,,EST DO BONGI,LADO OPOSTO AO POSTO SETTA,RUA COSME VIANA,,LADO OPOSTO AO POSTO SETTA,AFOGADOS,,CIDADE,COLISÃO TRASEIRA,COLISAO ENTRE TRES AUTOS S/V VT 14 NO LOCAL,3,,,,,,,,,0,,Longo da via,Bom,Sem defeito,Perfeito estado,Seca,Perfeito estado,Faixa de pedestre,Não há placas,,Única,Faixa seccionada,,
2019-12-02,15:23:00,COM VÍTIMA,FINALIZADA,MUSTARDINHA,AV ENGENHEIRO ABDIAS DE CARVALHO,1793,,E/F A FACULDADE ESTÁCIO (SENT. BR 232),AV ENGENHEIRO ABDIAS DE CARVALHO,1793,E/F A FACULDADE ESTÁCIO (SENT. BR 232),MUSTARDINHA,328,SUBURBIO,COLISÃO TRASEIRA,COLISÃO C/VITIMA UMA MOTO E UM AUTO,1,1,,,,,,,,1,,Longo da via,Bom,Sem defeito,Perfeito estado,Seca,Perfeito estado,Faixa de pedestre,Outras,,Dupla,Faixa seccionada,Canteiro central,
2019-12-02,15:25:00,SEM VÍTIMA,FINALIZADA,ENGENHO DO MEIO,RUA BOM PASTOR,,,EM FRENTE A COLÔNIA BOM PASTOR,RUA BOM PASTOR,,EM FRENTE A COLÔNIA BOM PASTOR,ENGENHO DO MEIO,,SUBURBIO,CAPOTAMENTO,VIATURA DA PM CAIU EM UM BURACO CAUSANDO DANOS A VT.,1,,,,,,,,,0,,Longo da via,Bom,Não existe,Não existente,Seca,Mal conservada,Não existe,Não há placas,,Única,Não existe,,
2019-12-02,15:34:00,SEM VÍTIMA,CANCELADA,IBURA,RUA DR OTAVIO DE MORAES VASCONCELOS,,,E/F AO SUPERMERCADO TREVO,RUA DR OTAVIO DE MORAES VASCONCELOS,,E/F AO SUPERMERCADO TREVO,IBURA,,,COLISÃO,COLISAO ENTRE AUTO E MOTO S/V,1,1,,,,,,,,0,,,,,,,,,,,,,,
2019-12-02,15:50:00,SEM VÍTIMA,FINALIZADA,AREIAS,AV RECIFE,,,AO LADO DO BIG BOMPREÇO,AV RECIFE,,AO LADO DO BIG BOMPREÇO,AREIAS,494,CIDADE,COLISÃO TRASEIRA,COLISÃO SEM VÍTIMA,3,,,,,,,,,0,,Longo da via,Bom,Sem defeito,Perfeito estado,Seca,Perfeito estado,,Não há placas,60 km/h,Única,Faixa seccionada,,
2019-12-02,15:54:00,SEM VÍTIMA,FINALIZADA,BOA VIAGEM,RUA ERNESTO DE PAULA SANTOS,561,AV HELIO FALCAO,ED. MONT BLANC,RUA ERNESTO DE PAULA SANTOS,561,ED. MONT BLANC,BOA VIAGEM,,SUBURBIO,ABALROAMENTO LONGITUDINAL,COLISÃO S/ VITIMAS ENTRE DOIS AUTOS,2,,,,,,,,,0,,Longo da via,Bom,Não existe,Perfeito estado,Seca,Perfeito estado,Faixa de retenção,Placas Pare,,Única,Faixa seccionada,,
2019-12-02,15:55:00,SEM VÍTIMA,FINALIZADA,SANCHO,AV LIBERDADE,20,AV TEMPO FELIZ,EM FRENTE AO CEMITÉRIO PARQUE DAS FLORES,AV LIBERDADE,20,EM FRENTE AO CEMITÉRIO PARQUE DAS FLORES,SANCHO,,,ABALROAMENTO LONGITUDINAL,COLISÃO SEM VÍTIMA,2,,,,,,,,,0,,Longo da via,Bom,Não existe,Perfeito estado,Seca,Perfeito estado,Faixa de pedestre,R-6c,40 km/h,Dupla,Faixa contínua,,
2019-12-02,15:56:00,COM VÍTIMA,FINALIZADA,ENCRUZILHADA,AV JOAO DE BARROS,,,,AV JOAO DE BARROS,,,ENCRUZILHADA,,CIDADE,COLISÃO TRASEIRA,COLISAO ENTRE AUTOS E MOTO COM UMA VITIMA,1,1,,,,,,,,1,,Longo da via,Bom,Sem defeito,Perfeito estado,Seca,Perfeito estado,Faixa de pedestre,,,Única,,,
2019-12-02,15:58:00,SEM VÍTIMA,FINALIZADA,IMBIRIBEIRA,AV GENERAL MAC ARTHUR,,AV MARECHAL MASCARENHAS DE MORAES,AO LADO DO POSTO IPIRANGA,AV GENERAL MAC ARTHUR,,AO LADO DO POSTO IPIRANGA,IMBIRIBEIRA,225,,COLISÃO TRASEIRA,COLISÃO SEM VÍTIMA,1,1,,,,,,,,0,,Longo da via,Bom,Sem defeito,Perfeito estado,Seca,Perfeito estado,Agente,Não há placas,,Única,Não existe,,
2019-12-02,16:09:00,SEM VÍTIMA,FINALIZADA,ILHA DO RETIRO,AV BEIRA RIO,186,,TUNEL CHICO SCIENCE,AV BEIRA RIO,186,TUNEL CHICO SCIENCE,ILHA DO RETIRO,,CIDADE,ABALROAMENTO LONGITUDINAL,COLISÃO SEM VÍTIMA,2,,,,,,,,,0,,,Bom,Não existe,Perfeito estado,Seca,Perfeito estado,Agente,Outras,,Única,Blocos,,
2019-12-02,16:19:00,COM VÍTIMA,FINALIZADA,AFOGADOS,RUA DA PAZ,82,RUA NICOLAU PEREIRA,EM FRENTE A CAIXA ECONOMICA E FÁBRICA DA INDÚSTRIA E COMÉRCIO.,RUA DA PAZ,82,EM FRENTE A CAIXA ECONOMICA E FÁBRICA DA INDÚSTRIA E COMÉRCIO.,AFOGADOS,73,SUBURBIO,COLISÃO COM CICLISTA,CAMINHÃO E BICICLETA.,,,,1,,,1,,,1,,Cruzamento,Bom,Sem defeito,Perfeito estado,Seca,Perfeito estado,Agente,R-6a,40 km/h,Única,,,
2019-12-02,16:31:00,SEM VÍTIMA,CANCELADA,SANTO AMARO,RUA DO POMBAL,,RUA FREI CASSIMIRO,E FRENTE A FARMACIA DO TRABALHADOR,RUA DO POMBAL,,E FRENTE A FARMACIA DO TRABALHADOR,SANTO AMARO,,,COLISÃO,SEM VITIMAS,2,,,,,,,,,0,,,,,,,,,,,,,,
2019-12-02,16:33:00,SEM VÍTIMA,FINALIZADA,JOANA BEZERRA,AV GOVERNADOR AGAMENON MAGALHAES,,,EM FRENTE AO FÓRUM JOANA BEZERRA,AV GOVERNADOR AGAMENON MAGALHAES,,EM FRENTE AO FÓRUM JOANA BEZERRA,JOANA BEZERRA,,SUBURBIO,COLISÃO TRASEIRA,COLISÃO S/VITIMAS ENTRE DOIS AUTOS,2,,,,,,,,,0,,Longo da via,Bom,Não existe,Perfeito estado,Seca,Perfeito estado,Não existe,Não há placas,60 km/h,,Faixa seccionada,,
2019-12-02,16:42:00,SEM VÍTIMA,CANCELADA,TEJIPIÓ,AV DR JOSE RUFINO,299,,PROX AO SEMAFORO 411,AV DR JOSE RUFINO,299,PROX AO SEMAFORO 411,TEJIPIÓ,,,COLISÃO,COLISAO ENTRE DOIS AUTOS S/V,2,,,,,,,,,0,,,,,,,,,,,,,,
2019-12-02,17:03:00,SEM VÍTIMA,FINALIZADA,AFOGADOS,RUA COSME VIANA,,RUA PADRE TEOFILO TWORZ,PROXIMO A TUPAN,RUA COSME VIANA,,PROXIMO A TUPAN,AFOGADOS,,,ABALROAMENTO TRANSVERSAL,COLISÃO C/VITIMA UMA MOTO E UM AUTO,1,1,,,,,,,,0,,Cruzamento,Bom,Sem defeito,Perfeito estado,Seca,Perfeito estado,Não existe,Não há placas,,Única,Canal,,
2019-12-02,17:10:00,SEM VÍTIMA,FINALIZADA,TORRE,RUA PROFESSORA ANGELA PINTO,97,RUA ADELIA,,RUA PROFESSORA ANGELA PINTO,97,,TORRE,,,ABALROAMENTO LONGITUDINAL,SEM VITIMAS,2,,,,,,,,,0,,,Bom,Não existe,Não existente,Seca,Perfeito estado,Não existe,Não há placas,,Dupla,Não existe,,
2019-12-02,18:16:00,COM VÍTIMA,FINALIZADA,CASA AMARELA,RUA PADRE LEMOS,,,EM FRENTE A IGREJA UNIVERSAL,RUA PADRE LEMOS,,EM FRENTE A IGREJA UNIVERSAL,CASA AMARELA,,CIDADE,ABALROAMENTO LONGITUDINAL,COLISAO COM VITIMAS,,1,,,,,,,1,1,,Longo da via,Bom,Não existe,Perfeito estado,Seca,Perfeito estado,,,,Dupla,,,
2019-12-02,20:03:00,SEM VÍTIMA,FINALIZADA,GRAÇAS,AV RUI BARBOSA,,RUA AMELIA,MUSEU DO ESTADO,AV RUI BARBOSA,,MUSEU DO ESTADO,GRAÇAS,48,CIDADE,ABALROAMENTO LONGITUDINAL,ONIBUS X AUTO PASSEIO,1,,,,,1,,,,0,,Cruzamento,Bom,Sem defeito,Perfeito estado,Seca,Perfeito estado,Faixa de pedestre,Outras,,Única,Faixa seccionada,,
2019-12-02,21:06:00,SEM VÍTIMA,FINALIZADA,CAMPO GRANDE,EST DE BELEM,866,,,EST DE BELEM,866,,CAMPO GRANDE,,SUBURBIO,ABALROAMENTO TRANSVERSAL,ENTRE MOTO X AUTO PASSEIO S/V,1,1,,,,,,,,0,,Longo da via,Bom,Sem defeito,Perfeito estado,Seca,Perfeito estado,,R-6a,40 km/h,Dupla,Faixa seccionada,,
2019-12-02,21:55:00,COM VÍTIMA,FINALIZADA,IMBIRIBEIRA,AV DOM JOAO VI,,RUA SOLDADO SINESIO DE ARAGAO,E/F A SAÍDA DO SHOPPING RECIFE/ PARCÃO SHOPPING RECIFE,AV DOM JOAO VI,,E/F A SAÍDA DO SHOPPING RECIFE/ PARCÃO SHOPPING RECIFE,IMBIRIBEIRA,639,SUBURBIO,ABALROAMENTO LONGITUDINAL,AUTO E MOTO.,1,1,,,,,,,,1,,Esquina,Bom,Sem defeito,Perfeito estado,Seca,Perfeito estado,Faixa de pedestre,Não há placas,,Única,Canal,,
2019-12-02,23:08:00,COM VÍTIMA,CANCELADA,BOA VIAGEM,RUA JOAO CARDOSO AIRES,,,PROX AO COLEGIO MADRE DE DEUS,RUA JOAO CARDOSO AIRES,,PROX AO COLEGIO MADRE DE DEUS,BOA VIAGEM,,,COLISÃO,ENTRE AUTO PASSIO X MOTO COM VÍTIMA,1,1,,,,,,,,1,,,,,,,,,,,,,,
2019-12-02,23:51:00,SEM VÍTIMA,CANCELADA,BOA VISTA,RUA SETE DE SETEMBRO,,,PROX EMAMUELE,RUA SETE DE SETEMBRO,,PROX EMAMUELE,BOA VISTA,,,COLISÃO,ENTRE DOIS AUTOS S/V,2,,,,,,,,,0,,,,,,,,,,,,,,
2019-12-03,00:43:00,SEM VÍTIMA,FINALIZADA,BOA VIAGEM,RUA VISCONDE DE JEQUITINHONHA,,RUA BARAO DE SOUZA LEAO,,RUA VISCONDE DE JEQUITINHONHA,,,BOA VIAGEM,129,SUBURBIO,COLISÃO TRASEIRA,COLISÃO ENTRE DOIS AUTOS  S/V,2,,,,,,,,,0,,Cruzamento,Bom,Sem defeito,Perfeito estado,Seca,Perfeito estado,Faixa de pedestre,Não há placas,60 km/h,Única,Canteiro central,Canal,
2019-12-03,01:38:00,SEM VÍTIMA,FINALIZADA,DERBY,AV GOVERNADOR AGAMENON MAGALHAES,,,SEMÁFORO 075,AV GOVERNADOR AGAMENON MAGALHAES,,SEMÁFORO 075,DERBY,,SUBURBIO,ABALROAMENTO TRANSVERSAL,COLISÃO ENTRE DOIS AUTOS  S/V,2,,,,,,,,,0,,Cruzamento,Bom,Sem defeito,Perfeito estado,Seca,Perfeito estado,Faixa de pedestre,Não há placas,,Dupla,Canal,,
2019-12-03,01:56:00,SEM VÍTIMA,CANCELADA,COHAB,AV DOZE DE JUNHO,1418,,EM FRENTE A PANIFICADORA NOSSA SENHORA DO ROSÁRIO  PROX DA OFICINA SÃO JORGE  PROX DA IGREJA EVANGELICA ASSEMBLEIA DE DEUS,AV DOZE DE JUNHO,1418,EM FRENTE A PANIFICADORA NOSSA SENHORA DO ROSÁRIO  PROX DA OFICINA SÃO JORGE  PROX DA IGREJA EVANGELICA ASSEMBLEIA DE DEUS,COHAB,,,COLISÃO,,2,,,,,,,,,0,,,,,,,,,,,,,,
2019-12-03,06:33:00,SEM VÍTIMA,CANCELADA,BOA VISTA,RUA JOSE DE ALENCAR,264,RUA BARAO DE SAO BORJA,AO LADO DO EDF. JOSÉ DE ALENCAR,RUA JOSE DE ALENCAR,264,AO LADO DO EDF. JOSÉ DE ALENCAR,BOA VISTA,,,COLISÃO,COLISÃO S/VITMAS ENTRE DOIS AUTOS,2,,,,,,,,,0,,,,,,,,,,,,,,
2019-12-03,07:27:00,SEM VÍTIMA,FINALIZADA,MADALENA,RUA BENFICA,,,LADO OPOSTO AO MUSEU DA ABOLIÇÃO,RUA BENFICA,,LADO OPOSTO AO MUSEU DA ABOLIÇÃO,MADALENA,257,CIDADE,ABALROAMENTO TRANSVERSAL,SEM VITIMAS,1,,,,,1,,,,0,,Longo da via,Bom,Sem defeito,Perfeito estado,Seca,Perfeito estado,Faixa de pedestre,R-6a,,Dupla,Faixa contínua,Faixa seccionada,
2019-12-03,07:57:00,SEM VÍTIMA,CANCELADA,MADALENA,RUA ARNALDO BASTOS,76,,EM FRENTE AO EDIFICIO JARDIM MADALENA,RUA ARNALDO BASTOS,76,EM FRENTE AO EDIFICIO JARDIM MADALENA,MADALENA,,,COLISÃO,COLISÃO SEM VITIMAS,2,,,,,,,,,0,,,,,,,,,,,,,,
2019-12-03,08:03:00,SEM VÍTIMA,FINALIZADA,SANTO AMARO,RUA GENERAL ABREU E LIMA,,,NA FRENTE DO COLÉGIO SOARES DUTRA,RUA GENERAL ABREU E LIMA,,NA FRENTE DO COLÉGIO SOARES DUTRA,SANTO AMARO,537,CIDADE,COLISÃO TRASEIRA,AUTO E CAMINHAO,1,,,,,,1,,,0,,Longo da via,Bom,Sem defeito,Perfeito estado,Seca,Perfeito estado,Agente,Não há placas,60 km/h,Dupla,Faixa contínua,,
2019-12-03,08:18:00,SEM VÍTIMA,FINALIZADA,MADALENA,EST DOS REMEDIOS,,RUA BENFICA,,EST DOS REMEDIOS,,,MADALENA,51,,COLISÃO TRASEIRA,SEM VITIMAS,2,,,,,,,,,0,,Longo da via,Bom,Sem defeito,Perfeito estado,Seca,Perfeito estado,Faixa de pedestre,,,Única,,,
2019-12-03,08:23:00,SEM VÍTIMA,CANCELADA,AFOGADOS,AV SUL,S/N,,EMBAIXO DO PONTILHÃO DA ESTAÇÃO AFOGADOS,AV SUL,S/N,EMBAIXO DO PONTILHÃO DA ESTAÇÃO AFOGADOS,AFOGADOS,,CIDADE,COLISÃO,COLISÃO S/VITMAS ENTRE UM AUTO E UM CAMINHÃO,1,,,,,,1,,,0,,,,,,,,,,,,,,
2019-12-03,08:39:00,COM VÍTIMA,FINALIZADA,IBURA,RUA RIO XINGU,555A,,RUA DO QUALITY VIDRO,RUA RIO XINGU,555A,RUA DO QUALITY VIDRO,IBURA,,OESTE,ATROPELAMENTO,MOTO E PEDESTRE,,1,,,1,,,,,1,,Longo da via,Bom,Não existe,Não existente,Seca,Perfeito estado,Não existe,Não há placas,30 km/h,Dupla,Faixa seccionada,,
2019-12-03,11:03:00,COM VÍTIMA,FINALIZADA,BARRO,AV DR JOSE RUFINO,2221,,E/F A IGREJA CATÓLICA DO BARRO. LADO OPOSTO À ESCOLA IMACULADA CONCEIÇÃO.,AV DR JOSE RUFINO,2221,E/F A IGREJA CATÓLICA DO BARRO. LADO OPOSTO À ESCOLA IMACULADA CONCEIÇÃO.,BARRO,539,CIDADE,ABALROAMENTO TRANSVERSAL,COLISÃO C/VITIMA ENTRE UM ONIBUS E UM AUTO,1,,,,,1,,,,1,,Longo da via,Bom,,Perfeito estado,Seca,Perfeito estado,,Outras,40 km/h,Dupla,Faixa,,
2019-12-03,08:43:00,SEM VÍTIMA,FINALIZADA,ILHA DO LEITE,RUA FRANCISCO ALVES,,,EM FRENTE ÓTICA CAROL,RUA FRANCISCO ALVES,,EM FRENTE ÓTICA CAROL,ILHA DO LEITE,,SUBURBIO,COLISÃO TRASEIRA,DOIS AUTOS,2,,,,,,,,,0,,Longo da via,Bom,Sem defeito,Perfeito estado,Seca,Perfeito estado,Outros,Outras,,Única,Faixa seccionada,,
2019-12-03,08:46:00,COM VÍTIMA,FINALIZADA,SANTO ANTÔNIO,RUA SIQUEIRA CAMPOS,,AV DANTAS BARRETO,CRUZ COM A AV DANTAS BARRETOS,RUA SIQUEIRA CAMPOS,,CRUZ COM A AV DANTAS BARRETOS,SANTO ANTÔNIO,141,CIDADE,ABALROAMENTO TRANSVERSAL,COLISÃO EM SEGUIDA DE ATROPELAMENTO VITIMA SOCORRIDA PELO SAMU BT 13 QTH. DOIS AUTOS E UM ÔNIBUS ENVOLVIDOS.,2,,,,1,,,1,,1,,Cruzamento,Bom,Sem defeito,Perfeito estado,Seca,Perfeito estado,Faixa de pedestre,R-6a,,Única,Faixa contínua,,
2019-12-03,08:52:00,COM VÍTIMA,FINALIZADA,MADALENA,RUA BENFICA,1008,RUA DR NAPOLEAO LAUREANO,EM FRENTE A DELEGACIA GPCA. PRÓXIMO AO CRUZAMENTO CITADO NESTE PROTOCOLO.,RUA BENFICA,1008,EM FRENTE A DELEGACIA GPCA. PRÓXIMO AO CRUZAMENTO CITADO NESTE PROTOCOLO.,MADALENA,,CIDADE,ABALROAMENTO LONGITUDINAL,COLISÃO ENTRE AUTO  ÔNIBUS E MOTO.,1,1,,,,1,,,,1,,Longo da via,Bom,Sem defeito,Perfeito estado,Seca,Perfeito estado,Não existe,Outras,,Dupla,Faixa contínua,Faixa seccionada,
2019-12-03,09:14:00,SEM VÍTIMA,CANCELADA,JARDIM SÃO PAULO,AV RECIFE,5630,,E/F AO CERPE (SENT. AEROPORTO),AV RECIFE,5630,E/F AO CERPE (SENT. AEROPORTO),JARDIM SÃO PAULO,259,,COLISÃO,COLISÃO S/VITIMAS ENTRE DOIS AUTOS,2,,,,,,,,,0,,,,,,,,,,,,,,
2019-12-03,09:40:00,SEM VÍTIMA,FINALIZADA,BOA VISTA,RUA DO HOSPICIO,,,EM FRENTE A CÂMARA DOS VEREADORES,RUA DO HOSPICIO,,EM FRENTE A CÂMARA DOS VEREADORES,BOA VISTA,31,CIDADE,COLISÃO TRASEIRA,SEM VITIMAS,1,,,,,,1,,,0,,Longo da via,Bom,Sem defeito,Perfeito estado,Seca,Perfeito estado,Agente,Não há placas,,Dupla,Faixa contínua,,
2019-12-03,10:00:00,SEM VÍTIMA,FINALIZADA,IPSEP,AV RECIFE,2688,,AMARAL MOTOS,AV RECIFE,2688,AMARAL MOTOS,IPSEP,,SUBURBIO,COLISÃO TRASEIRA,COLISÃO SEM VITIMAS,3,,,,,,,,,0,,Longo da via,Bom,Sem defeito,Perfeito estado,Seca,Perfeito estado,,Não há placas,60 km/h,Dupla,Canteiro central,,
2019-12-03,10:03:00,SEM VÍTIMA,FINALIZADA,BOA VIAGEM,AV DOM JOAO VI,,,,AV DOM JOAO VI,,,BOA VIAGEM,670,CIDADE,ABALROAMENTO LONGITUDINAL,COLISÃO S/VITIMAS ENTRE DOIS AUTOS,2,,,,,,,,,0,,Longo da via,Bom,Sem defeito,Não existente,Seca,Mal iluminada,Não existe,Não há placas,,Única,Não existe,,
2019-12-03,11:08:00,SEM VÍTIMA,FINALIZADA,BOA VIAGEM,AV ENGENHEIRO DOMINGOS FERREIRA,3405,,EDIFÍCIO JERÔNIMO DE ALBUQUERQUE,AV ENGENHEIRO DOMINGOS FERREIRA,3405,EDIFÍCIO JERÔNIMO DE ALBUQUERQUE,BOA VIAGEM,,SUBURBIO,COLISÃO TRASEIRA,COLISÃO SEM VITIMAS,2,,,,,,,,,0,,Longo da via,Bom,Não existe,Perfeito estado,Seca,Perfeito estado,Não existe,Não há placas,60 km/h,Única,Canteiro central,,
2019-12-03,11:25:00,SEM VÍTIMA,FINALIZADA,IBURA,AV JOAO RIO BRANCO DE LIMA,12,,UNIDADE DE SAÚDE DA FAMÍLIA UR-12 / UR-05 3º ETAPA,AV JOAO RIO BRANCO DE LIMA,12,UNIDADE DE SAÚDE DA FAMÍLIA UR-12 / UR-05 3º ETAPA,IBURA,,SUBURBIO,ABALROAMENTO LONGITUDINAL,SEM VITIMAS,1,,,,,1,,,,0,,Longo da via,Bom,Não existe,Não existente,Seca,Perfeito estado,Não existe,Não há placas,,Dupla,Não existe,,
2019-12-03,11:37:00,SEM VÍTIMA,FINALIZADA,IMBIRIBEIRA,AV MARECHAL MASCARENHAS DE MORAES,,,AO LADO DA LOCALIZA EM FRENTE A CAIXA ECONOMICA,AV MARECHAL MASCARENHAS DE MORAES,,AO LADO DA LOCALIZA EM FRENTE A CAIXA ECONOMICA,IMBIRIBEIRA,,AFOGADOS,COLISÃO,COLISÃO SEM VITIMAS,1,,,,,,1,,,0,,,,,,,,,,,,,,