data,hora,natureza_acidente,situacao,bairro,endereco,numero,detalhe_endereco_acidente,complemento,endereco_cruzamento,numero_cruzamento,referencia_cruzamento,bairro_cruzamento,num_semaforo,sentido_via,tipo,descricao,auto,moto,ciclom,ciclista,pedestre,onibus,caminhao,viatura,outros,vitimas,vitimasfatais,acidente_verificado,tempo_clima,situacao_semaforo,sinalizacao,condicao_via,conservacao_via,ponto_controle,situacao_placa,velocidade_max_via,mao_direcao,divisao_via1,divisao_via2,divisao_via3
2019-12-05,14:41:00,SEM VÍTIMA,FINALIZADA,BOA VISTA,RUA DO HOSPICIO,250,AV CONDE DA BOA VISTA,EM FRENTE A CATTAN / SEMÁFORO 023,RUA DO HOSPICIO,250,EM FRENTE A CATTAN / SEMÁFORO 023,BOA VISTA,23,SUBURBIO,COLISÃO TRASEIRA,,2,1,,,,,,,,0,,Cruzamento,Bom,Sem defeito,Perfeito estado,Seca,Perfeito estado,Agente,Outras,40 km/h,Única,Faixa contínua,Faixa seccionada,
2019-12-05,15:31:00,SEM VÍTIMA,FINALIZADA,GRAÇAS,AV RUI BARBOSA,635,RUA DAS GRACAS,EM FRENTE A DROGASIL,AV RUI BARBOSA,635,EM FRENTE A DROGASIL,GRAÇAS,562,CIDADE,ABALROAMENTO LONGITUDINAL,COLISÃO SEM VÍTIMA,1,1,,,,,,,,0,,,Bom,Sem defeito,Perfeito estado,Seca,Perfeito estado,Faixa de pedestre,R-6a,,Única,Faixa seccionada,,
2019-12-05,15:31:00,SEM VÍTIMA,FINALIZADA,TORRE,PRC PROFESSOR BARRETO CAMPELLO,,RUA ZILDA S DE SANTANA,,PRC PROFESSOR BARRETO CAMPELLO,,,TORRE,,,CHOQUE VEÍCULO PARADO,COLISÃO SEM VÍTIMA,2,,,,,,,,,0,,,Bom,Não existe,Não existente,Seca,Perfeito estado,Não existe,Não há placas,,Dupla,Não existe,,
2019-12-05,15:35:00,SEM VÍTIMA,FINALIZADA,BOA VIAGEM,RUA WALDEMAR NERY CARNEIRO MONTEIRO,,RUA JOAO CARDOSO AIRES,,RUA WALDEMAR NERY CARNEIRO MONTEIRO,,,BOA VIAGEM,,SUBURBIO,ABALROAMENTO TRANSVERSAL,COLISAO ENTRE AUTO E MOTO S/V,1,1,,,,,,,,0,,Cruzamento,Bom,Não existe,Perfeito estado,Seca,Perfeito estado,Não existe,Placas Pare,,Dupla,Faixa seccionada,,
2019-12-05,15:49:00,SEM VÍTIMA,FINALIZADA,ESTÂNCIA,AV DR JOSE RUFINO,12,,,AV DR JOSE RUFINO,12,,ESTÂNCIA,,SUBURBIO,ABALROAMENTO LONGITUDINAL,COLISÃO SEM VÍTIMA,2,,,,,,,,,0,,Longo da via,Bom,,Perfeito estado,Seca,Perfeito estado,,,,Dupla,,,
2019-12-05,16:19:00,SEM VÍTIMA,FINALIZADA,BOA VIAGEM,AV ENGENHEIRO DOMINGOS FERREIRA,2200,,PAULO MIRANDA,AV ENGENHEIRO DOMINGOS FERREIRA,2200,PAULO MIRANDA,BOA VIAGEM,484,SUBURBIO,COLISÃO TRASEIRA,,2,,,,,,,,,0,,Longo da via,Bom,Sem defeito,Perfeito estado,Seca,Perfeito estado,Faixa de pedestre,Não há placas,60 km/h,Única,Canteiro central,,
2019-12-05,16:20:00,COM VÍTIMA,FINALIZADA,MADALENA,RUA BENFICA,1150,,EM FRENTE AO MUSEU DA ABOLIÇÃO,RUA BENFICA,1150,EM FRENTE AO MUSEU DA ABOLIÇÃO,MADALENA,257,CIDADE,COLISÃO TRASEIRA,COLISÃO COM VÍTIMA ENTRE DOIS AUTOS.,2,,,,,,,,,1,,Longo da via,Bom,Sem defeito,Perfeito estado,Seca,Perfeito estado,Faixa de pedestre,Outras,,Dupla,Faixa contínua,Faixa seccionada,
2019-12-05,16:23:00,SEM VÍTIMA,FINALIZADA,ESTÂNCIA,AV TAPAJOS,89,,ENTRADA PARA CONJUNTO RESIDENCIAL IGNÊS ANDREAZZA,AV TAPAJOS,89,ENTRADA PARA CONJUNTO RESIDENCIAL IGNÊS ANDREAZZA,ESTÂNCIA,,,ABALROAMENTO TRANSVERSAL,COLISAO ENTRE CAMINHAO E MOTO S/V,,1,,,,,1,,,0,,Longo da via,Bom,Não existe,Não existente,Seca,Perfeito estado,Não existe,Não há placas,,Dupla,Faixa seccionada,,
2019-12-05,16:54:00,SEM VÍTIMA,FINALIZADA,TEJIPIÓ,AV DR JOSE RUFINO,360,,E/F IGREJA DE TEJIPIO,AV DR JOSE RUFINO,360,E/F IGREJA DE TEJIPIO,TEJIPIÓ,91,,COLISÃO,COLISAO ENTRE CAMINHAO E AUTO S/V,1,,,,,,1,,,0,,,,,,,,,,,,,,
2019-12-05,17:05:00,SEM VÍTIMA,FINALIZADA,IPUTINGA,AV MAURICIO DE NASSAU,434,,PRÓXIMO AO CRUZAMENTO COM A ESTRADA DO BARBALHO,AV MAURICIO DE NASSAU,434,PRÓXIMO AO CRUZAMENTO COM A ESTRADA DO BARBALHO,IPUTINGA,246,CIDADE,ABALROAMENTO LONGITUDINAL,COLISÃO SEM VÍTIMA,1,1,,,,,,,,0,,Longo da via,Bom,Sem defeito,Perfeito estado,Seca,Perfeito estado,Faixa de pedestre,Outras,,Dupla,Faixa contínua,Faixa seccionada,
2019-12-05,17:42:00,SEM VÍTIMA,FINALIZADA,DERBY,RUA JOAO FERNANDES VIEIRA,,AV GOVERNADOR AGAMENON MAGALHAES,AO LADO DO COLEGIO AMERICANO BATISTA,RUA JOAO FERNANDES VIEIRA,,AO LADO DO COLEGIO AMERICANO BATISTA,DERBY,37,,ABALROAMENTO LONGITUDINAL,COLISAO ENTRE DOIS AUTOS S/V,2,,,,,,,,,0,,Longo da via,Bom,Sem defeito,Perfeito estado,Seca,Perfeito estado,,Outras,40 km/h,Única,Não existe,,
2019-12-05,17:49:00,SEM VÍTIMA,CANCELADA,VÁRZEA,AV RECIFE,,,PROX. A POLICIA FEDERAL,AV RECIFE,,PROX. A POLICIA FEDERAL,VÁRZEA,,,COLISÃO,COLISÃO SEM VÍTIMA,3,,,,,,,,,0,,,,,,,,,,,,,,
2019-12-05,17:53:00,SEM VÍTIMA,CANCELADA,SÃO JOSÉ,RUA IMPERIAL,1898,,E/F A EMPRESA PREVENÇAO INDÚSTRIA E COMERCIO,RUA IMPERIAL,1898,E/F A EMPRESA PREVENÇAO INDÚSTRIA E COMERCIO,SÃO JOSÉ,,,COLISÃO,COLISAO ENTRE AUTO E CAMINHAO S/V,1,,,,,,1,,,0,,,,,,,,,,,,,,
2019-12-05,17:56:00,SEM VÍTIMA,FINALIZADA,GRAÇAS,AV RUI BARBOSA,141 C,,EM FRENTE PATIO CAFE,AV RUI BARBOSA,141 C,EM FRENTE PATIO CAFE,GRAÇAS,,CIDADE,COLISÃO TRASEIRA,COLISÃO SEM VÍTIMA,2,,,,,,,,,0,,Longo da via,Bom,Não existe,Perfeito estado,Seca,Perfeito estado,Outros,R-6a,,Única,Faixa seccionada,,
2019-12-05,18:17:00,SEM VÍTIMA,CANCELADA,JORDÃO,RUA DES EVANDRO NETTO,,AV GOVERNADOR ROBERTO SILVEIRA,PROX AO COLEGIO DESENVOLVER //JORDAO BAIXO,RUA DES EVANDRO NETTO,,PROX AO COLEGIO DESENVOLVER //JORDAO BAIXO,JORDÃO,,,COLISÃO,PALIO X SIENA,2,,,,,,,,,0,,,,,,,,,,,,,,
2019-12-05,18:28:00,SEM VÍTIMA,FINALIZADA,BOA VISTA,AV MANOEL BORBA,584,,PRAÇA MACIEL PINHEIRO,AV MANOEL BORBA,584,PRAÇA MACIEL PINHEIRO,BOA VISTA,,SUBURBIO,ABALROAMENTO LONGITUDINAL,CAMINHAO DO LIXO X CELTA,1,,,,,,1,,,0,,Longo da via,Bom,Não existe,Perfeito estado,Seca,Perfeito estado,Não existe,Não há placas,,Única,Faixa seccionada,,
2019-12-05,18:43:00,SEM VÍTIMA,FINALIZADA,SANTO AMARO,RUA DOIS DE JULHO,,,EM FRENTE AO EDF JARDINS DA AURORA,RUA DOIS DE JULHO,,EM FRENTE AO EDF JARDINS DA AURORA,SANTO AMARO,,,ABALROAMENTO LONGITUDINAL,CAMINHAO X VT CARACTERIZADA (POLICIA CIVIL ),1,,,,,,1,,,0,,Longo da via,Bom,Não existe,Não existente,Seca,Mal iluminada,Não existe,Não há placas,,Dupla,Não existe,,
2019-12-05,18:49:00,SEM VÍTIMA,CANCELADA,IPSEP,RUA BLUMENAU,510,RUA ITANAGE,LOCAL DE RESIDENCIA,RUA BLUMENAU,510,LOCAL DE RESIDENCIA,IPSEP,111,,COLISÃO,PRISMA X VOYAGE,2,,,,,,,,,0,,,,,,,,,,,,,,
2019-12-05,19:05:00,SEM VÍTIMA,CANCELADA,TOTÓ,RUA ONZE DE AGOSTO,S/N,,ENF AO CENTRO SOCIAL URBANO BIDO KRAUSE,RUA ONZE DE AGOSTO,S/N,ENF AO CENTRO SOCIAL URBANO BIDO KRAUSE,TOTÓ,,,COLISÃO,ONIBUS BORBOREMA X FOX,1,,,,,1,,,,0,,,,,,,,,,,,,,
2019-12-05,20:57:00,SEM VÍTIMA,CANCELADA,TAMARINEIRA,RUA DES GOIS CAVALCANTE,,EST DO ENCANAMENTO,NA ROTATORIA DA PRC DO PARNAMIRIM,RUA DES GOIS CAVALCANTE,,NA ROTATORIA DA PRC DO PARNAMIRIM,TAMARINEIRA,,,COLISÃO,PRISMA X HB 20,2,,,,,,,,,0,,,,,,,,,,,,,,
2019-12-05,21:13:00,COM VÍTIMA,FINALIZADA,PORTO DA MADEIRA,AV BEBERIBE,,,AO LADO DO SEST SENAT E PIZZARIA PASSIRA.,AV BEBERIBE,,AO LADO DO SEST SENAT E PIZZARIA PASSIRA.,PORTO DA MADEIRA,575,SUBURBIO,COLISÃO FRONTAL,COLISAO COM VITIMAS ENTRE DUAS MOTOS.,,2,,,,,,,,1,,Longo da via,Bom,Sem defeito,Ilegível,Seca,Perfeito estado,Faixa de pedestre,R-6a,,Dupla,Faixa contínua,,
2019-12-05,21:23:00,SEM VÍTIMA,FINALIZADA,DERBY,AV GOVERNADOR AGAMENON MAGALHAES,,RUA DOM BOSCO,AO LADO DO HR,AV GOVERNADOR AGAMENON MAGALHAES,,AO LADO DO HR,DERBY,174,,ABALROAMENTO LONGITUDINAL,COLISAO SEM VITIMAS,2,,,,,,,,,0,,Cruzamento,Bom,Sem defeito,Perfeito estado,Seca,Perfeito estado,Faixa de pedestre,Outras,,Única,,,
2019-12-05,22:04:00,SEM VÍTIMA,FINALIZADA,BOA VIAGEM,RUA MARQUES DE VALENCA,85,,E/F AO BAR DO BODE,RUA MARQUES DE VALENCA,85,E/F AO BAR DO BODE,BOA VIAGEM,,,CHOQUE OBJETO FIXO,AUTO PASSEIO COLIDE COM UMA RESIDENCIA (MOTORISTA SE EVADIU E DEIXOU O AUTO PASSEIO),1,,,,,,,,,0,,,,,,,,,,,,,,
2019-12-05,22:23:00,SEM VÍTIMA,CANCELADA,JARDIM SÃO PAULO,RUA LORENA,455,RUA ALVENOPOLIS,SO TEM RESIDENCIA NO LOCAL,RUA LORENA,455,SO TEM RESIDENCIA NO LOCAL,JARDIM SÃO PAULO,,,COLISÃO,MICRO-ONIBUS X CLASSIC,1,,,,,1,,,,0,,,,,,,,,,,,,,
2019-12-05,22:40:00,SEM VÍTIMA,FINALIZADA,IPUTINGA,AV CAXANGA,3917,,ROMINHO PNEUS,AV CAXANGA,3917,ROMINHO PNEUS,IPUTINGA,,CIDADE,ABALROAMENTO LONGITUDINAL,ONIBUS X AUTO PASSEIO S/V,1,,,,,1,,,,0,,Longo da via,Bom,Não existe,Perfeito estado,Seca,Perfeito estado,Não existe,,,Única,Faixa seccionada,,
2019-12-05,22:44:00,SEM VÍTIMA,FINALIZADA,BOA VIAGEM,RUA RIBEIRO DE BRITO,1111,,,RUA RIBEIRO DE BRITO,1111,,BOA VIAGEM,,SUBURBIO,COLISÃO TRASEIRA,TRES AUTO,3,,,,,,,,,0,,Longo da via,Bom,Não existe,Perfeito estado,Seca,Perfeito estado,Não existe,R-6a,,Única,Faixa seccionada,,
2019-12-05,23:02:00,COM VÍTIMA,FINALIZADA,IMBIRIBEIRA,AV MARECHAL MASCARENHAS DE MORAES,,RUA JORNALISTA CLEOFHAS DE OLIVEIRA,E/F AO GERALDÃO,AV MARECHAL MASCARENHAS DE MORAES,,E/F AO GERALDÃO,IMBIRIBEIRA,290,CIDADE,COLISÃO TRASEIRA,ACIDENTE COM TRÊS AUTOS.,3,,,,,,,,,1,,Cruzamento,Bom,Sem defeito,Perfeito estado,Seca,Perfeito estado,Faixa de pedestre,Outras,,Dupla,Canteiro central,,
2019-12-06,00:35:00,SEM VÍTIMA,FINALIZADA,GRAÇAS,RUA AMELIA,422,,BAR TRADIÇÃO,RUA AMELIA,422,BAR TRADIÇÃO,GRAÇAS,,CIDADE,ABALROAMENTO LONGITUDINAL,COLISÃO ENTRE DOIS AUTOS  S/V,2,,,,,,,,,0,,Longo da via,Bom,Não existe,Perfeito estado,Seca,Perfeito estado,Não existe,Não há placas,,Única,Faixa seccionada,,
2019-12-06,08:09:00,SEM VÍTIMA,FINALIZADA,COELHOS,RUA DOS COELHOS,,,EM FRENTE AO HOSPITAL IMIP,RUA DOS COELHOS,,EM FRENTE AO HOSPITAL IMIP,COELHOS,359,SUBURBIO,COLISÃO TRASEIRA,DOIS AUTOS,2,,,,,,,,,0,,Longo da via,Bom,Sem defeito,Perfeito estado,Seca,Perfeito estado,Faixa de pedestre,Não há placas,,Dupla,Faixa contínua,,
2019-12-06,08:16:00,SEM VÍTIMA,FINALIZADA,IMBIRIBEIRA,RUA DUQUE ESTRADA,,RUA BARAO DE AGUA BRANCA,POUSADA SOL E MAR,RUA DUQUE ESTRADA,,POUSADA SOL E MAR,IMBIRIBEIRA,,,ABALROAMENTO TRANSVERSAL,COLISÃO S/VITIMAS ENTRE DOIS AUTOS,2,,,,,,,,,0,,Cruzamento,Bom,Não existe,Incompleta,Seca,Perfeito estado,Não existe,Placas Pare,30 km/h,Dupla,Não existe,,
2019-12-06,08:43:00,SEM VÍTIMA,FINALIZADA,CASA FORTE,RUA MARQUES DE TAMANDARE,,,EDIFÍCIO PLÁTANO Nº 62 ( LADO OPOSTO ),RUA MARQUES DE TAMANDARE,,EDIFÍCIO PLÁTANO Nº 62 ( LADO OPOSTO ),CASA FORTE,,SUBURBIO,CHOQUE OBJETO FIXO,CONDUTOR BATEU CONTRA POSTE SEM VITIMAS,1,,,,,,,,,0,,Longo da via,Bom,Não existe,Não existente,Seca,Perfeito estado,Não existe,Não há placas,,Única,Não existe,,
2019-12-06,08:44:00,SEM VÍTIMA,FINALIZADA,CORDEIRO,RUA PAES CABRAL,1691,,AO LADO DA ESCOLA TALETINHO DA AV. GOMES TABORDA,RUA PAES CABRAL,1691,AO LADO DA ESCOLA TALETINHO DA AV. GOMES TABORDA,CORDEIRO,,,ABALROAMENTO LONGITUDINAL,SEM VITIMAS,2,,,,,,,,,0,,Longo da via,Bom,Não existe,Não existente,Seca,Perfeito estado,Não existe,Não há placas,20 km/h,Dupla,Não existe,,
2019-12-06,08:51:00,SEM VÍTIMA,FINALIZADA,GRAÇAS,AV RUI BARBOSA,1489,,CLINOPE,AV RUI BARBOSA,1489,CLINOPE,GRAÇAS,,CIDADE,ABALROAMENTO TRANSVERSAL,COLISÃO S/VITIMAS ENTRE UM ONIBUS E UMA MOTO,,1,,,,1,,,,0,,Longo da via,Bom,Não existe,Perfeito estado,Seca,Perfeito estado,Não existe,R-6a,60 km/h,Única,Faixa seccionada,,
2019-12-06,09:24:00,SEM VÍTIMA,FINALIZADA,CASA FORTE,EST DAS UBAIAS ,52,RUA CASA FORTE,AO LADO DO COLÉGIO NAPS,EST DAS UBAIAS ,52,AO LADO DO COLÉGIO NAPS,CASA FORTE,,CIDADE,ABALROAMENTO LONGITUDINAL,ONIBUS E AUTO,1,,,,,1,,,,0,,Cruzamento,Bom,Não existe,Perfeito estado,Seca,Perfeito estado,Faixa de pedestre,Placas Pare,,Dupla,Faixa seccionada,,
2019-12-06,09:29:00,SEM VÍTIMA,FINALIZADA,IBURA,AV RECIFE,3021,,,AV RECIFE,3021,,IBURA,,CIDADE,COLISÃO TRASEIRA,COLISÃO SEM VITIMAS,2,,,,,,,,,0,,Longo da via,Bom,Sem defeito,Perfeito estado,Seca,Perfeito estado,Não existe,Não há placas,,Única,Faixa seccionada,,
2019-12-06,10:24:00,SEM VÍTIMA,FINALIZADA,DERBY,RUA BETANIA,11,RUA ENGENHEIRO TEOFILO DE FREITAS,EM FRENTE MEDICINA INTERNA,RUA BETANIA,11,EM FRENTE MEDICINA INTERNA,DERBY,,CIDADE,CHOQUE VEÍCULO PARADO,CHOQUE ENTRE CAMINHÃO E AUTO ESTACIONADO,1,,,,,,1,,,0,,Longo da via,Bom,Não existe,Perfeito estado,Seca,Perfeito estado,Outros,Placas Pare,,Única,Não existe,,
2019-12-06,10:38:00,SEM VÍTIMA,FINALIZADA,SAN MARTIN,AV GENERAL SAN MARTIN,,,CAVALARIA DUARTE COELHO,AV GENERAL SAN MARTIN,,CAVALARIA DUARTE COELHO,SAN MARTIN,,,ABALROAMENTO LONGITUDINAL,COLISÃO SEM VITIMAS,1,,,,,,1,,,0,,Longo da via,Bom,Não existe,Perfeito estado,Seca,Perfeito estado,Não existe,Outras,,Dupla,Faixa contínua,Faixa seccionada,
2019-12-06,10:39:00,SEM VÍTIMA,FINALIZADA,VÁRZEA,RUA GASTAO VIDIGAL,,,CALDINHO DO MARROM,RUA GASTAO VIDIGAL,,CALDINHO DO MARROM,VÁRZEA,281,,ABALROAMENTO LONGITUDINAL,AUTO E MOTO,1,1,,,,,,,,0,,Longo da via,Bom,Sem defeito,Perfeito estado,Seca,,Agente,Outras,,Dupla,Não existe,,
2019-12-06,10:39:00,SEM VÍTIMA,CANCELADA,BONGI,RUA SANTA EDWIRGES,295,RUA PADRE TEOFILO TWORZ,RUA DA IGREJA PRESBITERIANA DO PRADO,RUA SANTA EDWIRGES,295,RUA DA IGREJA PRESBITERIANA DO PRADO,BONGI,,,COLISÃO,SEM VITIMAS,1,1,,,,,,,,0,,,,,,,,,,,,,,
2019-12-06,10:48:00,SEM VÍTIMA,FINALIZADA,IMBIRIBEIRA,AV MARECHAL MASCARENHAS DE MORAES,1571,,PRÓXIMO A NETUNO,AV MARECHAL MASCARENHAS DE MORAES,1571,PRÓXIMO A NETUNO,IMBIRIBEIRA,287,SUBURBIO,COLISÃO TRASEIRA,SEM VITIMAS,1,,,,,,1,,,0,,Longo da via,Bom,Sem defeito,Perfeito estado,Seca,Perfeito estado,Agente,Não há placas,60 km/h,,Faixa contínua,,
2019-12-06,10:57:00,SEM VÍTIMA,FINALIZADA,CORDEIRO,AV GENERAL SAN MARTIN,,,EM FRENTE AOS CORREIOS,AV GENERAL SAN MARTIN,,EM FRENTE AOS CORREIOS,CORDEIRO,,,ABALROAMENTO LONGITUDINAL,COLISÃO S/ VITIMAS ENTRE UM AUTO E UM CAMINHÃO,1,,,,,,,,2,0,,Longo da via,Bom,Não existe,Perfeito estado,Seca,Perfeito estado,Não existe,Não há placas,,Dupla,Faixa contínua,,
2019-12-06,10:59:00,SEM VÍTIMA,FINALIZADA,AFOGADOS,RUA SAO MIGUEL,116,RUA JOAQUIM DE VASCONCELOS PEREIRA,CARTÓRIO DE AFOGADOS,RUA SAO MIGUEL,116,CARTÓRIO DE AFOGADOS,AFOGADOS,,SUBURBIO,COLISÃO TRASEIRA,DOIS AUTOS,2,,,,,,,,,0,,Cruzamento,Bom,Não existe,Perfeito estado,Seca,Perfeito estado,Não existe,Não há placas,40 km/h,Dupla,Faixa seccionada,,
2019-12-06,11:04:00,SEM VÍTIMA,CANCELADA,BOA VIAGEM,AV FERNANDO SIMOES BARBOSA,,,AO LADO DO CANAL NA ENTRADA DO SHOPPING CENTER RECIFE,AV FERNANDO SIMOES BARBOSA,,AO LADO DO CANAL NA ENTRADA DO SHOPPING CENTER RECIFE,BOA VIAGEM,,,COLISÃO,COLISÃO SEM VITIMAS,2,,,,,,,,,0,,,,,,,,,,,,,,
2019-12-06,11:10:00,SEM VÍTIMA,FINALIZADA,BOA VIAGEM,RUA TENENTE JOAO CICERO,,RUA MINISTRO NELSON HUNGRIA,,RUA TENENTE JOAO CICERO,,,BOA VIAGEM,,,ABALROAMENTO TRANSVERSAL,COLISÃO SEM VITIMAS,2,,,,,,,,,0,,Cruzamento,Bom,Não existe,Perfeito estado,Seca,Perfeito estado,Faixa de pedestre,Placas Pare,,Única,Faixa contínua,,
2019-12-06,11:17:00,SEM VÍTIMA,FINALIZADA,ÁGUA FRIA,EST VELHA DE AGUA FRIA,,,EM FRENTE A LOJA CATTAN,EST VELHA DE AGUA FRIA,,EM FRENTE A LOJA CATTAN,ÁGUA FRIA,405,,COLISÃO TRASEIRA,SEM VITIMAS,1,,,,,,1,,,0,,Longo da via,Bom,Sem defeito,Perfeito estado,Seca,Perfeito estado,Faixa de pedestre,Outras,40 km/h,Única,Faixa seccionada,,
2019-12-06,11:46:00,COM VÍTIMA,FINALIZADA,JORDÃO,AV CENTENARIO ALBERTO SANTOS DUMONT,S/N,,PISTA DE ACESSO BASE AÉREA DO JORDÃO,AV CENTENARIO ALBERTO SANTOS DUMONT,S/N,PISTA DE ACESSO BASE AÉREA DO JORDÃO,JORDÃO,,SUBURBIO,ABALROAMENTO LONGITUDINAL,COM UMA VITIMA AGUARDANDO SAMU,1,1,,,,,,,,1,,Longo da via,Bom,Não existe,Perfeito estado,Seca,Perfeito estado,Outros,Outras,,Única,Faixa seccionada,,
2019-12-06,11:57:00,SEM VÍTIMA,FINALIZADA,SÃO JOSÉ,AV SUL,1247,,VIADUTO / SOB,AV SUL,1247,VIADUTO / SOB,SÃO JOSÉ,,CIDADE,ABALROAMENTO LONGITUDINAL,COLISÃO SEM VITIMAS,1,,,,,,1,,1,0,,Longo da via,Bom,Não existe,Perfeito estado,Seca,Perfeito estado,Não existe,Não há placas,60 km/h,Única,Faixa seccionada,,
2019-12-06,12:16:00,SEM VÍTIMA,CANCELADA,AFOGADOS,RUA A B C,,,ANTIGA SOUZA LUNA   RUA EM FRENTE AOA BANCO DO BRASIL,RUA A B C,,ANTIGA SOUZA LUNA   RUA EM FRENTE AOA BANCO DO BRASIL,AFOGADOS,,,COLISÃO,COLISÃO SEM VITIMAS,2,,,,,,,,,0,,,,,,,,,,,,,,
2019-12-06,12:18:00,SEM VÍTIMA,FINALIZADA,CORDEIRO,AV CAXANGA,2368,,AUTOSPORT,AV CAXANGA,2368,AUTOSPORT,CORDEIRO,275,SUBURBIO,COLISÃO TRASEIRA,COLISÃO SEM VÍTIMA,2,,,,,,,,,0,,Longo da via,Bom,Sem defeito,Perfeito estado,Seca,Perfeito estado,Faixa de pedestre,Outras,,Dupla,Canteiro central,,
2019-12-06,12:20:00,SEM VÍTIMA,FINALIZADA,JORDÃO,AV MARIA IRENE,666,,,AV MARIA IRENE,666,,JORDÃO,,SUBURBIO,ABALROAMENTO TRANSVERSAL,COLISÃO SEM VITIMA,1,1,,,,,,,,0,,Longo da via,Bom,Não existe,Perfeito estado,Seca,Perfeito estado,Outros,Outras,60 km/h,Dupla,Faixa contínua,,
2019-12-06,12:32:00,COM VÍTIMA,FINALIZADA,MANGABEIRA,AV NORTE,,,ARMAZEM CORAL,AV NORTE,,ARMAZEM CORAL,MANGABEIRA,,CIDADE,TOMBAMENTO,COM VÍTIMA,,1,,,,,,,,1,,Longo da via,Bom,Não existe,Perfeito estado,Seca,Perfeito estado,Não existe,Outras,,Dupla,Canteiro central,,
2019-12-06,12:57:00,COM VÍTIMA,FINALIZADA,AREIAS,AV DR JOSE RUFINO,1122,,LADO OPOSTO AO SENAI.,AV DR JOSE RUFINO,1122,LADO OPOSTO AO SENAI.,AREIAS,,SUBURBIO,COLISÃO TRASEIRA,AUTO E MOTO.,1,1,,,,,,,,1,,Longo da via,Bom,Sem defeito,Perfeito estado,Seca,Perfeito estado,Não existe,Não há placas,40 km/h,Dupla,Faixa seccionada,,
2019-12-06,13:07:00,SEM VÍTIMA,CANCELADA,SÃO JOSÉ,RUA IMPERIAL,,,PROX. A PONTE   DEPOSITO DE GAS SUPER GAS BRAZ,RUA IMPERIAL,,PROX. A PONTE   DEPOSITO DE GAS SUPER GAS BRAZ,SÃO JOSÉ,,SUBURBIO,COLISÃO,COLISÃO SEM VITIMA,2,,,,,,,,,0,,,,,,,,,,,,,,
2019-12-06,13:26:00,SEM VÍTIMA,FINALIZADA,CÓRREGO DO JENIPAPO,RUA DA DEMOCRACIA,35,,MAZINHO CELULAR,RUA DA DEMOCRACIA,35,MAZINHO CELULAR,CÓRREGO DO JENIPAPO,,SUBURBIO,ABALROAMENTO TRANSVERSAL,COLISÃO SEM VÍTIMA,1,,,,,1,,,,0,,Longo da via,Bom,Não existe,Não existente,Seca,,Não existe,Não há placas,,Dupla,Não existe,,
2019-12-06,13:30:00,SEM VÍTIMA,FINALIZADA,BOA VIAGEM,AV BOA VIAGEM,4000,,EDF. VANIA,AV BOA VIAGEM,4000,EDF. VANIA,BOA VIAGEM,,CIDADE,ABALROAMENTO LONGITUDINAL,COLISAO ENTRE DOIS AUTOS S/V,2,,,,,,,,,0,,Longo da via,Bom,Não existe,Perfeito estado,Seca,Perfeito estado,Não existe,Não há placas,60 km/h,Única,Faixa seccionada,,
2019-12-06,13:47:00,SEM VÍTIMA,FINALIZADA,FUNDÃO,AV BEBERIBE,3060,,,AV BEBERIBE,3060,,FUNDÃO,,SUBURBIO,COLISÃO TRASEIRA,COLISÃO SEM VÍTIMA,2,,,,,,,,,0,,Longo da via,Bom,Não existe,Perfeito estado,Seca,Perfeito estado,Não existe,Não há placas,,Dupla,Canteiro central,,
2019-12-06,14:00:00,SEM VÍTIMA,FINALIZADA,ENGENHO DO MEIO,RUA GOVERNADOR LOPO GARRO,,RUA ANTONIO BORGES UCHOA,AO LADO DO Nº 374,RUA GOVERNADOR LOPO GARRO,,AO LADO DO Nº 374,ENGENHO DO MEIO,,,ABALROAMENTO TRANSVERSAL,COLISAO ENTRE DOIS AUTOS S/V,2,,,,,,,,,0,,Cruzamento,Bom,Não existe,Não existente,Seca,Perfeito estado,Não existe,Não há placas,,Dupla,Não existe,,
2019-12-06,14:47:00,SEM VÍTIMA,FINALIZADA,SÃO JOSÉ,C SANTA RITA,,,TERMINAL CAIS SANTA RITA,C SANTA RITA,,TERMINAL CAIS SANTA RITA,SÃO JOSÉ,571,SUBURBIO,COLISÃO TRASEIRA,COLISÃO SEM VITIMA,1,1,,,,,,,,0,,Longo da via,Bom,Sem defeito,Perfeito estado,Seca,Perfeito estado,Não existe,Não há placas,40 km/h,Única,Faixa seccionada,,
2019-12-06,14:50:00,COM VÍTIMA,FINALIZADA,TORRE,RUA PROFESSOR TRAJANO DE MENDONCA,,RUA VERMELHA,POR TRAS DO ATACADO DOS PRESENTES,RUA PROFESSOR TRAJANO DE MENDONCA,,POR TRAS DO ATACADO DOS PRESENTES,TORRE,,CIDADE,ABALROAMENTO TRANSVERSAL,COLISAO ENTRE DUAS MOTO COM UMA VITIMA. HOUVE EVASÃO DE UM VEÍCULO FIAT UNO DE PLACA -,1,2,,,,,,,,1,,Longo da via,Bom,Não existe,Incompleta,Seca,Perfeito estado,Não existe,Não há placas,,Única,,,