data,hora,natureza_acidente,situacao,bairro,endereco,numero,detalhe_endereco_acidente,complemento,endereco_cruzamento,numero_cruzamento,referencia_cruzamento,bairro_cruzamento,num_semaforo,sentido_via,tipo,descricao,auto,moto,ciclom,ciclista,pedestre,onibus,caminhao,viatura,outros,vitimas,vitimasfatais,acidente_verificado,tempo_clima,situacao_semaforo,sinalizacao,condicao_via,conservacao_via,ponto_controle,situacao_placa,velocidade_max_via,mao_direcao,divisao_via1,divisao_via2,divisao_via3
2019-12-08,03:40:00,SEM VÍTIMA,FINALIZADA,BOA VISTA,RUA DO RIACHUELO,,RUA GERVASIO PIRES,,RUA DO RIACHUELO,,,BOA VISTA,175,CIDADE,ABALROAMENTO TRANSVERSAL,COLISÃO ENTRE DOIS AUTOS  UM DOS AUTOS VEIO A CAPOTAR C/V,2,,,,,,,,,0,,Cruzamento,Bom,Sem defeito,Perfeito estado,Seca,Perfeito estado,Não existe,Outras,,Única,Não existe,,
2019-12-08,06:52:00,SEM VÍTIMA,FINALIZADA,CASA AMARELA,RUA ENGENHEIRO OSCAR FERREIRA,355,EST DO ARRAIAL,POSTE DE ILUMINAÇÃO CELPE Nº 032235,RUA ENGENHEIRO OSCAR FERREIRA,355,POSTE DE ILUMINAÇÃO CELPE Nº 032235,CASA AMARELA,,SUBURBIO,ABALROAMENTO LONGITUDINAL,COLISÃO SEM VITIMA,1,,,,,1,,,,0,,Cruzamento,Bom,Não existe,Perfeito estado,Seca,Perfeito estado,Não existe,R-3,40 km/h,Única,Faixa contínua,,
2019-12-08,08:53:00,SEM VÍTIMA,FINALIZADA,VÁRZEA,RUA MATA GRANDE,102,,,RUA MATA GRANDE,102,,VÁRZEA,,SUBURBIO,ABALROAMENTO LONGITUDINAL,SEM VITIMAS,2,,,,,,,,,0,,Longo da via,Bom,Não existe,Não existente,Seca,Mal conservada,Não existe,Não há placas,30 km/h,Dupla,Não existe,,
2019-12-08,09:10:00,SEM VÍTIMA,FINALIZADA,AFOGADOS,RUA DA PAZ,,RUA NICOLAU PEREIRA,,RUA DA PAZ,,,AFOGADOS,73,,ABALROAMENTO LONGITUDINAL,COLISÃO SEM VITIMAS,1,,,,,,1,,,0,,Longo da via,Bom,Sem defeito,Perfeito estado,Seca,Perfeito estado,Faixa de pedestre,R-6a,60 km/h,Única,Faixa contínua,,
2019-12-08,,COM VÍTIMA,FINALIZADA,BOA VIAGEM,AV BOA VIAGEM,3278,RUA FELIX DE BRITO E MELO,EM FRENTE AO EDIFICIO MARIA HILDA,AV BOA VIAGEM,3278,EM FRENTE AO EDIFICIO MARIA HILDA,BOA VIAGEM,547,CIDADE,ABALROAMENTO LONGITUDINAL,DOIS AUTOS E UMA MOTO.,2,1,,,,,,,,1,,Cruzamento,Bom,Sem defeito,Perfeito estado,Seca,Perfeito estado,Faixa de pedestre,Outras,40 km/h,Única,Faixa seccionada,,
2019-12-08,09:32:00,COM VÍTIMA,FINALIZADA,ALTO JOSÉ DO PINHO,COR DO BARTOLOMEU,170,,AO LADO DA PADARIA ANDREIA E ENTRADA DO BECO DO PAVÃO,COR DO BARTOLOMEU,170,AO LADO DA PADARIA ANDREIA E ENTRADA DO BECO DO PAVÃO,ALTO JOSÉ DO PINHO,,SUBURBIO,ABALROAMENTO LONGITUDINAL,COM UMA VITIMA,1,1,,,,,,,,1,,Longo da via,Bom,Não existe,Perfeito estado,Seca,Perfeito estado,,,,Dupla,,,
2019-12-08,10:27:00,SEM VÍTIMA,FINALIZADA,TOTÓ,RUA JUVENCIO MARQUES DA CUNHA,590,RUA PIO XII,,RUA JUVENCIO MARQUES DA CUNHA,590,,TOTÓ,,SUBURBIO,ABALROAMENTO TRANSVERSAL,COLISÃO SEM VÍTIMA,1,1,,,,,,,,0,,Cruzamento,Bom,Não existe,Incompleta,Seca,Perfeito estado,Outros,Outras,,Dupla,Não existe,,
2019-12-08,10:46:00,SEM VÍTIMA,FINALIZADA,CASA AMARELA,AV NORTE,5887,,,AV NORTE,5887,,CASA AMARELA,95,CIDADE,ABALROAMENTO LONGITUDINAL,COLISÃO SEM VÍTIMAS,1,1,,,,,,,,0,,Longo da via,Bom,Sem defeito,Perfeito estado,Seca,Perfeito estado,Faixa de pedestre,Não há placas,,Dupla,Canteiro central,,
2019-12-08,12:30:00,SEM VÍTIMA,CANCELADA,ESTÂNCIA,AV RECIFE,353,RUA MARQUES DE ITANHAEM,E/F A IGREJA BATISTA DA ESTÂNCIA (SENT. BR 232),AV RECIFE,353,E/F A IGREJA BATISTA DA ESTÂNCIA (SENT. BR 232),ESTÂNCIA,261,,COLISÃO,COLISÃO S/VITIMAS ENTRE DOIS AUTOS,2,,,,,,,,,0,,,,,,,,,,,,,,
2019-12-08,12:50:00,SEM VÍTIMA,FINALIZADA,BOA VIAGEM,RUA BARAO DE SOUZA LEAO,,,PRACINHA DE BOA VIAGEM,RUA BARAO DE SOUZA LEAO,,PRACINHA DE BOA VIAGEM,BOA VIAGEM,419,SUBURBIO,ABALROAMENTO LONGITUDINAL,COLISÃO SEM VITIMA,2,,,,,,,,,0,,Longo da via,Bom,Sem defeito,Perfeito estado,Seca,Mal conservada,Faixa de pedestre,Não há placas,,Única,Não existe,,
2019-12-08,12:59:00,SEM VÍTIMA,FINALIZADA,BOA VIAGEM,RUA DEZ DE JULHO,,AV VINTE E TRES DE OUTUBRO,EM FRENTE AO POSTE Nº H 018085,RUA DEZ DE JULHO,,EM FRENTE AO POSTE Nº H 018085,BOA VIAGEM,,,ABALROAMENTO LONGITUDINAL,COLISÃO S/VITIMAS ENTRE DOIS AUTOS,2,,,,,,,,,0,,Cruzamento,Bom,Não existe,Não existente,Seca,Perfeito estado,Não existe,Não há placas,60 km/h,Única,Não existe,,
2019-12-08,13:14:00,SEM VÍTIMA,FINALIZADA,SÃO JOSÉ,AV GUARARAPES,,,EM FRENTE AOS CORREIOS,AV GUARARAPES,,EM FRENTE AOS CORREIOS,SÃO JOSÉ,,SUBURBIO,ABALROAMENTO LONGITUDINAL,COLISÃO S/VITIMAS ENTRE UM AUTO E UM ONIBUS,1,,,,,1,,,,0,,Longo da via,Bom,Sem defeito,Perfeito estado,Seca,Perfeito estado,Não existe,Não há placas,,Dupla,Canteiro central,,
2019-12-08,13:29:00,COM VÍTIMA,FINALIZADA,IMBIRIBEIRA,AV MARECHAL MASCARENHAS DE MORAES,2716,RUA JORNALISTA CLEOFHAS DE OLIVEIRA,EM FRENTE A FARMACIA PAGUE MENOS. INTER HOTEL.,AV MARECHAL MASCARENHAS DE MORAES,2716,EM FRENTE A FARMACIA PAGUE MENOS. INTER HOTEL.,IMBIRIBEIRA,290,SUBURBIO,COLISÃO TRASEIRA,AUTO E MOTO.,1,1,,,,,,,,1,,Longo da via,Bom,Sem defeito,Perfeito estado,Seca,Perfeito estado,Faixa de pedestre,R-32,60 km/h,Dupla,Canteiro central,,
2019-12-08,13:40:00,SEM VÍTIMA,FINALIZADA,CORDEIRO,RUA DR GASTAO DA SILVEIRA,126,,PRÓXIMO AO PARQUE DE EXPOSIÇÃO DE ANIMAIS,RUA DR GASTAO DA SILVEIRA,126,PRÓXIMO AO PARQUE DE EXPOSIÇÃO DE ANIMAIS,CORDEIRO,,,CHOQUE VEÍCULO PARADO,COLISÃO SEM VITIMA,2,,,,,,,,,0,,Longo da via,Bom,Não existe,Perfeito estado,Seca,Perfeito estado,,Placas Pare,30 km/h,,Não existe,,
2019-12-08,14:08:00,SEM VÍTIMA,FINALIZADA,JARDIM SÃO PAULO,RUA LEANDRO BARRETO,7006B,,AUTO PEÇAS,RUA LEANDRO BARRETO,7006B,AUTO PEÇAS,JARDIM SÃO PAULO,,SUBURBIO,COLISÃO TRASEIRA,COLISÃO SEM VITIMA,1,,,,,1,,,,0,,Longo da via,Bom,Sem defeito,Não existente,Seca,Perfeito estado,Não existe,Não há placas,,Dupla,Não existe,,
2019-12-08,14:38:00,SEM VÍTIMA,CANCELADA,ENCRUZILHADA,RUA AFONSO BATISTA,2145,AV NORTE,AO LADO DO CHINA BAR,RUA AFONSO BATISTA,2145,AO LADO DO CHINA BAR,ENCRUZILHADA,,,COLISÃO,COLISÃO ENTRE UM ÔNIBUS E UM AUTO,1,,,,,1,,,,0,,,,,,,,,,,,,,
2019-12-08,14:56:00,SEM VÍTIMA,EQUIPE EM DESLOCAMENTO,BOA VIAGEM,RUA BARAO DE SOUZA LEAO,626,,EDF. COSTA DOURADA,RUA BARAO DE SOUZA LEAO,626,EDF. COSTA DOURADA,BOA VIAGEM,,,ABALROAMENTO LONGITUDINAL,COLISÃO S/VITIMAS ENTRE UM ONIBUS E UM AUTO,1,,,,,1,,,,0,,Longo da via,Bom,Não existe,Perfeito estado,Seca,Perfeito estado,Não existe,Outras,40 km/h,Única,Faixa seccionada,,
2019-12-08,15:00:00,COM VÍTIMA,FINALIZADA,VÁRZEA,RUA GASTAO VIDIGAL,1060,,,RUA GASTAO VIDIGAL,1060,,VÁRZEA,,SUBURBIO,COLISÃO TRASEIRA,COLISÃO COM VITIMA,1,1,,,,,,,,1,,Longo da via,Bom,Não existe,Perfeito estado,Seca,Perfeito estado,Outros,Outras,,Dupla,Faixa contínua,,
2019-12-08,15:04:00,COM VÍTIMA,FINALIZADA,IBURA,AV DOIS RIOS,191,RUA RIO UNA,E/F IGREJA BATISTA VALE DOIS RIOS. AUTOESCOLA ARCO-ÍRIS,AV DOIS RIOS,191,E/F IGREJA BATISTA VALE DOIS RIOS. AUTOESCOLA ARCO-ÍRIS,IBURA,,SUBURBIO,ABALROAMENTO LONGITUDINAL,COLISÃO C/VITIMA ENTRE UM AUTO E UMA MOTO,1,1,,,,,,,,1,,Cruzamento,Bom,Sem defeito,Perfeito estado,Seca,Perfeito estado,Não existe,R-6a,,Dupla,Faixa contínua,,
2019-12-08,15:10:00,SEM VÍTIMA,FINALIZADA,MACAXEIRA,AV NORTE,7368,,ACADEMIA DA SAÚDE,AV NORTE,7368,ACADEMIA DA SAÚDE,MACAXEIRA,,SUBURBIO,ABALROAMENTO LONGITUDINAL,COLISÃO SEM VÍTIMA,1,,,,,1,,,,0,,Longo da via,Bom,Não existe,Perfeito estado,Seca,Perfeito estado,Não existe,Outras,,Dupla,Canteiro central,,
2019-12-08,15:21:00,SEM VÍTIMA,FINALIZADA,IMBIRIBEIRA,RUA JOAQUIM BANDEIRA,492,RUA SARGENTO SILVINO DE MACEDO,ANATEL,RUA JOAQUIM BANDEIRA,492,ANATEL,IMBIRIBEIRA,,CIDADE,ABALROAMENTO TRANSVERSAL,COLISÃO SEM VÍTIMA,2,,,,,,,,,0,,Cruzamento,Bom,Não existe,Não existente,Seca,Perfeito estado,Não existe,Não há placas,,,,,
2019-12-08,15:55:00,SEM VÍTIMA,FINALIZADA,AFOGADOS,RUA JOAQUIM DE VASCONCELOS PEREIRA,,RUA SAO MIGUEL,AO LADO DA ESCOLA AMAURY DE MEDEIROS,RUA JOAQUIM DE VASCONCELOS PEREIRA,,AO LADO DA ESCOLA AMAURY DE MEDEIROS,AFOGADOS,,,ABALROAMENTO TRANSVERSAL,SEM VITIMA,1,,,,,1,,,,0,,Cruzamento,Bom,Não existe,Não existente,Seca,Perfeito estado,Não existe,Não há placas,40 km/h,,Não existe,,
2019-12-08,16:02:00,SEM VÍTIMA,FINALIZADA,MADALENA,RUA ENGENHEIRO LEONARDO ARCOVERDE,464,RUA JOSE OSORIO,,RUA ENGENHEIRO LEONARDO ARCOVERDE,464,,MADALENA,,SUBURBIO,CHOQUE VEÍCULO PARADO,COLISÃO S/VITIMAS ENTRE DOIS AUTOS,2,,,,,,,,,0,,Cruzamento,Bom,Não existe,Perfeito estado,Seca,Perfeito estado,Faixa de pedestre,Outras,60 km/h,Única,Faixa contínua,,
2019-12-08,16:15:00,SEM VÍTIMA,FINALIZADA,CASA FORTE,RUA JOAO TUDE DE MELO,91,RUA VIRGINIA LORETO,POSTO DE COMBUSTÍVEL IPIRANGA,RUA JOAO TUDE DE MELO,91,POSTO DE COMBUSTÍVEL IPIRANGA,CASA FORTE,,SUBURBIO,COLISÃO TRASEIRA,COLISÃO SEM VÍTIMA,2,,,,,,,,,0,,Longo da via,Bom,Sem defeito,Perfeito estado,Seca,Perfeito estado,Faixa de pedestre,Outras,,Dupla,Canal,,
2019-12-08,16:56:00,SEM VÍTIMA,FINALIZADA,SANTO AMARO,RUA FRANCISCO JACINTO,380,AV NORTE,BEL GALETOS,RUA FRANCISCO JACINTO,380,BEL GALETOS,SANTO AMARO,,SUBURBIO,ABALROAMENTO LONGITUDINAL,COLISÃO SEM VÍTIMA,2,,,,,,,,,0,,Longo da via,Bom,Não existe,Perfeito estado,Seca,Perfeito estado,Não existe,Não há placas,,Dupla,Não existe,,
2019-12-08,18:39:00,SEM VÍTIMA,FINALIZADA,CASA FORTE,EST DAS UBAIAS ,,EST DO ENCANAMENTO,DROGASIL,EST DAS UBAIAS ,,DROGASIL,CASA FORTE,593,,ABALROAMENTO TRANSVERSAL,COLISAO SEM VITIMAS,1,1,,,,,,,,0,,Cruzamento,Bom,Sem defeito,Perfeito estado,Seca,Perfeito estado,Faixa de pedestre,Não há placas,,Dupla,Faixa contínua,,
2019-12-08,19:16:00,SEM VÍTIMA,FINALIZADA,PINA,AV REPUBLICA DO LIBANO,,RUA BARAO DE SANTO ANGELO,,AV REPUBLICA DO LIBANO,,,PINA,,SUBURBIO,ABALROAMENTO LONGITUDINAL,CAMINHÃO X AUTO PASSEIO S/V,1,,,,,,1,,,0,,,Bom,Não existe,,,,Não existe,Não há placas,,Única,Faixa seccionada,,
2019-12-08,19:31:00,COM VÍTIMA,CANCELADA,BOMBA DO HEMETÉRIO,RUA CHA DE ALEGRIA,,RUA TAMBOARA,E/F A PERNAMBUCO PIZZA,RUA CHA DE ALEGRIA,,E/F A PERNAMBUCO PIZZA,BOMBA DO HEMETÉRIO,,,COLISÃO,ENTRE DOIS AUTOS X MOTO COM VÍTIMA,2,1,,,,,,,,1,,,,,,,,,,,,,,
2019-12-08,20:01:00,SEM VÍTIMA,FINALIZADA,CURADO,AV PREFEITO ANTONIO PEREIRA,,RUA MINISTRO MARIO ANDREAZZA,B 067125 ( POSTE ILUMINAÇÃO PÚBLICA),AV PREFEITO ANTONIO PEREIRA,,B 067125 ( POSTE ILUMINAÇÃO PÚBLICA),CURADO,,SUBURBIO,ABALROAMENTO TRANSVERSAL,COLISAO SEM VITIMAS,1,,,,,1,,,,0,,Cruzamento,Bom,Não existe,Perfeito estado,Seca,Perfeito estado,Não existe,Não há placas,,Única,Não existe,,
2019-12-08,20:11:00,COM VÍTIMA,CANCELADA,BOA VIAGEM,RUA DOS NAVEGANTES,3440,,PROX A PADARIA DIPLOMATA,RUA DOS NAVEGANTES,3440,PROX A PADARIA DIPLOMATA,BOA VIAGEM,,,COLISÃO,COLISAO COM VITIMAS,1,1,,,,,,,,1,,,,,,,,,,,,,,
2019-12-08,20:34:00,SEM VÍTIMA,FINALIZADA,BOA VIAGEM,AV BOA VIAGEM,58,,IGREJA FAMILIA 61,AV BOA VIAGEM,58,IGREJA FAMILIA 61,BOA VIAGEM,84,,CHOQUE VEÍCULO PARADO,TRÊS AUTOS S/V,3,,,,,,,,,0,,Longo da via,Bom,Sem defeito,Perfeito estado,Seca,Perfeito estado,Faixa de pedestre,Não há placas,,Única,Faixa contínua,,
2019-12-08,21:16:00,SEM VÍTIMA,CANCELADA,PASSARINHO,EST DO PASSARINHO,330,,PROX A FABRICA DA FRUTA PLUS,EST DO PASSARINHO,330,PROX A FABRICA DA FRUTA PLUS,PASSARINHO,,,COLISÃO,ENTRE DOIS AUTOS S/V,2,,,,,,,,,0,,,,,,,,,,,,,,
2019-12-08,21:34:00,COM VÍTIMA,FINALIZADA,BOA VIAGEM,RUA RIBEIRO DE BRITO,397,RUA HELIO BRANDAO,PROX AO EMPRESARIAL BLUE TOWER,RUA RIBEIRO DE BRITO,397,PROX AO EMPRESARIAL BLUE TOWER,BOA VIAGEM,,SUBURBIO,COLISÃO,VAN X MOTO COM VÍTIMA. PLACA DE UM DOS VEÍCULO NÃO FOI IDENTIFICADA.,,1,,,,,,,1,1,,Longo da via,Bom,Não existe,Não existente,Seca,Perfeito estado,Não existe,Não há placas,,Única,Faixa seccionada,,
2019-12-08,23:25:00,SEM VÍTIMA,FINALIZADA,DERBY,AV GOVERNADOR AGAMENON MAGALHAES,,,SEMÁFORO 075,AV GOVERNADOR AGAMENON MAGALHAES,,SEMÁFORO 075,DERBY,,SUBURBIO,COLISÃO TRASEIRA,MOTO X AUTO PASSEIO S/V,1,1,,,,,,,,0,,Cruzamento,Bom,Sem defeito,Perfeito estado,Seca,Perfeito estado,Faixa de pedestre,Não há placas,,Dupla,Canal,,
2019-12-09,01:52:00,SEM VÍTIMA,FINALIZADA,ESPINHEIRO,AV GOVERNADOR AGAMENON MAGALHAES,,RUA BUENOS AYRES,SEMÁFORO 078,AV GOVERNADOR AGAMENON MAGALHAES,,SEMÁFORO 078,ESPINHEIRO,78,SUBURBIO,ABALROAMENTO TRANSVERSAL,COLISÃO ENTRE DOIS AUTOS  S/V,2,,,,,,,,,0,,Cruzamento,Bom,Sem defeito,Perfeito estado,Seca,Perfeito estado,Faixa de pedestre,Placas Pare,,Dupla,Canteiro central,,
2019-12-09,02:44:00,SEM VÍTIMA,FINALIZADA,BOMBA DO HEMETÉRIO,RUA BOMBA DO HEMETERIO,135,RUA DAS CRIANCAS,LADO OPOSTO AO NÚMERO 135,RUA BOMBA DO HEMETERIO,135,LADO OPOSTO AO NÚMERO 135,BOMBA DO HEMETÉRIO,,SUBURBIO,COLISÃO TRASEIRA,ENTRE DOIS AUTOS S/V,2,,,,,,,,,0,,Longo da via,Bom,Não existe,Perfeito estado,Seca,Mal iluminada,Não existe,Não há placas,40 km/h,Dupla,Não existe,,
2019-12-09,04:17:00,SEM VÍTIMA,FINALIZADA,AREIAS,AV DR JOSE RUFINO,,,EM BAIXO DO VIADUTO DA AV RECIFE  AO LADO DO ARMAZEM CORAL,AV DR JOSE RUFINO,,EM BAIXO DO VIADUTO DA AV RECIFE  AO LADO DO ARMAZEM CORAL,AREIAS,,,CHOQUE,S/V  AUTO CHOCOU-SE EM UM POSTE QUE ESTA TOMBADO EM CIMA DE UM MURO,1,,,,,,,,,0,,,,,,,,,,,,,,
2019-12-09,06:39:00,SEM VÍTIMA,FINALIZADA,AFOGADOS,AV SUL,,,ESTAÇÃO LARGO DA PAZ,AV SUL,,ESTAÇÃO LARGO DA PAZ,AFOGADOS,73,CIDADE,ABALROAMENTO LONGITUDINAL,MOTO E AUTO PASSEIO,1,1,,,,,,,,0,,Longo da via,Bom,Sem defeito,Perfeito estado,Seca,Perfeito estado,Não existe,Não há placas,,Única,Faixa seccionada,,
2019-12-09,07:39:00,COM VÍTIMA,FINALIZADA,SANTO ANTÔNIO,RUA IMPERADOR PEDRO SEGUNDO,,,SECRETARIA DA FAZENDA DO ESTADO,RUA IMPERADOR PEDRO SEGUNDO,,SECRETARIA DA FAZENDA DO ESTADO,SANTO ANTÔNIO,,CIDADE,ABALROAMENTO LONGITUDINAL,MOTO E AUTO PASSEIO,1,1,,,,,,,,1,,Longo da via,Bom,Não existe,Perfeito estado,Seca,Perfeito estado,Não existe,Outras,,Única,Faixa seccionada,,
2019-12-09,07:46:00,SEM VÍTIMA,FINALIZADA,AFOGADOS,AV SUL,,RUA NICOLAU PEREIRA,ESTAÇÃO LARGO DA PAZ,AV SUL,,ESTAÇÃO LARGO DA PAZ,AFOGADOS,73,SUBURBIO,ABALROAMENTO LONGITUDINAL,ONIBUS E AUTO PASSEIO,1,,,,,1,,,,0,,Cruzamento,Bom,Sem defeito,Perfeito estado,Seca,Perfeito estado,Agente,Não há placas,,Única,Faixa seccionada,,
2019-12-09,07:52:00,SEM VÍTIMA,FINALIZADA,VÁRZEA,PTE MARECHAL HUMBERTO CASTELO BRANCO,,,SOBRE A PONTE,PTE MARECHAL HUMBERTO CASTELO BRANCO,,SOBRE A PONTE,VÁRZEA,,SUBURBIO,COLISÃO TRASEIRA,COLISAO SEM VITIMAS,2,,,,,,,,,0,,Ponte,Bom,Não existe,Perfeito estado,Seca,Perfeito estado,Não existe,Outras,,Dupla,Faixa contínua,Faixa seccionada,Canteiro central
2019-12-09,08:46:00,COM VÍTIMA,FINALIZADA,SAN MARTIN,AV JOAO CABRAL DE MELO NETO,2702,RUA TENENTE MINDELO,RUA RESIDENCIAL,AV JOAO CABRAL DE MELO NETO,2702,RUA RESIDENCIAL,SAN MARTIN,250,CIDADE,ABALROAMENTO LONGITUDINAL,COLISÃO C/ VITIMAS ENTRE UM AUTO E UMA MOTO,1,1,,,,,,,,2,,Cruzamento,Bom,Sem defeito,Perfeito estado,Seca,Perfeito estado,Faixa de pedestre,Não há placas,,Dupla,Não existe,,
2019-12-09,08:50:00,SEM VÍTIMA,FINALIZADA,IPUTINGA,AV CAXANGA,,EST DO BARBALHO,,AV CAXANGA,,,IPUTINGA,533,SUBURBIO,ABALROAMENTO LONGITUDINAL,DOIS AUTOS,2,,,,,,,,,0,,Cruzamento,Bom,Sem defeito,Perfeito estado,Seca,Perfeito estado,Agente,,60 km/h,Dupla,Canteiro central,,
2019-12-09,08:58:00,SEM VÍTIMA,CANCELADA,AFOGADOS,AV SUL,,,EM CIMA DA PONTE MOTOCOLOMBO,AV SUL,,EM CIMA DA PONTE MOTOCOLOMBO,AFOGADOS,,CIDADE,COLISÃO,COLISÃO SEM VITIMAS,2,,,,,,,,,0,,,,,,,,,,,,,,
2019-12-09,09:06:00,SEM VÍTIMA,FINALIZADA,BOA VIAGEM,RUA DOS NAVEGANTES,2080,,,RUA DOS NAVEGANTES,2080,,BOA VIAGEM,,SUBURBIO,ABALROAMENTO LONGITUDINAL,COLISÃO S/VITIMAS ENTRE DOIS AUTOS,2,,,,,,,,,0,,Longo da via,Bom,Não existe,Perfeito estado,Seca,Perfeito estado,Não existe,Não há placas,,Única,,,
2019-12-09,09:29:00,COM VÍTIMA,FINALIZADA,SAN MARTIN,AV GENERAL SAN MARTIN,,RUA SIGISMUNDO CABRAL DE MELO,AO LADO DO COLÉGIO ADVENTISTA DE SAN MARTIN.,AV GENERAL SAN MARTIN,,AO LADO DO COLÉGIO ADVENTISTA DE SAN MARTIN.,SAN MARTIN,371,SUBURBIO,COLISÃO COM CICLISTA,MOTO E BICICLETA.,,1,,1,,,,,,1,,Cruzamento,Bom,Sem defeito,Incompleta,Seca,Perfeito estado,Faixa de pedestre,R-6a,,Dupla,Faixa contínua,,
2019-12-09,10:20:00,SEM VÍTIMA,FINALIZADA,DERBY,AV GOVERNADOR AGAMENON MAGALHAES,,,EM FRENTE AO HOSPITAL DA RESTAURAÇÃO,AV GOVERNADOR AGAMENON MAGALHAES,,EM FRENTE AO HOSPITAL DA RESTAURAÇÃO,DERBY,,SUBURBIO,COLISÃO TRASEIRA,SEM VITIMA,2,,,,,,,,,0,,Longo da via,Bom,Não existe,Perfeito estado,Seca,Perfeito estado,Não existe,Não há placas,60 km/h,Dupla,Canteiro central,,
2019-12-09,11:21:00,SEM VÍTIMA,FINALIZADA,PARNAMIRIM,RUA PROFESSOR AGEU MAGALHAES,248,,,RUA PROFESSOR AGEU MAGALHAES,248,,PARNAMIRIM,,SUBURBIO,COLISÃO TRASEIRA,COLISÃO S/VITIMAS ENTRE DOIS AUTOS,2,,,,,,,,,0,,Longo da via,Bom,Não existe,Perfeito estado,Seca,Perfeito estado,Não existe,Não há placas,40 km/h,Dupla,Faixa contínua,,
2019-12-09,11:52:00,SEM VÍTIMA,FINALIZADA,TAMARINEIRA,RUA JOSE CARVALHEIRA,100,RUA JUNDIA,CRUZAMENTO DAS RUAS,RUA JOSE CARVALHEIRA,100,CRUZAMENTO DAS RUAS,TAMARINEIRA,,,ABALROAMENTO TRANSVERSAL,COLISÃO S/VITIMAS ENTRE DOIS AUTOS,2,,,,,,,,,0,,Cruzamento,Bom,Não existe,Incompleta,Seca,Perfeito estado,Não existe,,,Dupla,Não existe,,
2019-12-09,11:53:00,SEM VÍTIMA,FINALIZADA,IMBIRIBEIRA,RUA ARQUITETO LUIZ NUNES,875,RUA ENGENHEIRO JOSE BRANDAO CAVALCANTE,RESIDENCIAL PINHEIROS,RUA ARQUITETO LUIZ NUNES,875,RESIDENCIAL PINHEIROS,IMBIRIBEIRA,,SUBURBIO,COLISÃO TRASEIRA,SEM VITIMAS,2,,,,,,,,,0,,Cruzamento,Bom,Não existe,Perfeito estado,Seca,Perfeito estado,Não existe,Não há placas,40 km/h,Dupla,Faixa contínua,,
2019-12-09,12:49:00,SEM VÍTIMA,CANCELADA,ILHA DO LEITE,RUA FRANCISCO ALVES,,,EM FRENTE AO OFTALMOLOGISTAS ASSOCIADOS E AO HAPVIDA,RUA FRANCISCO ALVES,,EM FRENTE AO OFTALMOLOGISTAS ASSOCIADOS E AO HAPVIDA,ILHA DO LEITE,,,COLISÃO,COLISÃO SEM VÍTIMA,2,,,,,,,,,0,,,,,,,,,,,,,,
2019-12-09,13:24:00,COM VÍTIMA,FINALIZADA,BOA VISTA,AV GOVERNADOR AGAMENON MAGALHAES,,RUA HENRIQUE DIAS,PROX AO COLEGIO DA PM,AV GOVERNADOR AGAMENON MAGALHAES,,PROX AO COLEGIO DA PM,BOA VISTA,68,CIDADE,ABALROAMENTO LONGITUDINAL,MOTO X AUTO PASSEIO COM VÍTIMA (LOCAL NÃO PRESERVADO),1,1,,,,,,,,1,,Cruzamento,Bom,Sem defeito,Perfeito estado,Seca,Perfeito estado,Faixa de retenção,,,Única,Faixa,,
2019-12-09,13:47:00,SEM VÍTIMA,FINALIZADA,ESPINHEIRO,RUA AMELIA,293,,EM FRENTE A PHARMAFACE,RUA AMELIA,293,EM FRENTE A PHARMAFACE,ESPINHEIRO,,CIDADE,COLISÃO TRASEIRA,ENTRE DOIS AUTOS S/V,2,,,,,,,,,0,,Longo da via,Bom,Sem defeito,Perfeito estado,Seca,Perfeito estado,Não existe,Outras,,Única,,,
2019-12-09,13:58:00,SEM VÍTIMA,FINALIZADA,IMBIRIBEIRA,AV MARECHAL MASCARENHAS DE MORAES,161 B,,EM FRENTE A PREMIER PRODUTOS ALIMENTÍCIOS,AV MARECHAL MASCARENHAS DE MORAES,161 B,EM FRENTE A PREMIER PRODUTOS ALIMENTÍCIOS,IMBIRIBEIRA,,SUBURBIO,COLISÃO TRASEIRA,ENTRE DOIS AUTOS S/V,2,,,,,,,,,0,,Longo da via,Bom,Não existe,Ilegível,Seca,Mal conservada,Não existe,Não há placas,60 km/h,Dupla,Não existe,,
2019-12-09,14:29:00,SEM VÍTIMA,PENDENTE,APIPUCOS,RUA DE APIPUCOS,646,,PROX AO AÇUDE DE APIPUCOS,RUA DE APIPUCOS,646,PROX AO AÇUDE DE APIPUCOS,APIPUCOS,,,COLISÃO,COLISAO ENTRE DOIS AUTOS S/V,2,,,,,,,,,0,,,,,,,,,,,,,,
2019-12-09,14:33:00,SEM VÍTIMA,CANCELADA,IPSEP,RUA BLUMENAU,166,,PROX A SKY NET (Nº 174),RUA BLUMENAU,166,PROX A SKY NET (Nº 174),IPSEP,,,COLISÃO,ENTRE DOIS AUTOS S/V,2,,,,,,,,,0,,,,,,,,,,,,,,
2019-12-09,15:00:00,SEM VÍTIMA,FINALIZADA,IPUTINGA,EST DO BARBALHO,,RUA SAO PEDRO,E/F A IGREJA BATISTA CANAÃ,EST DO BARBALHO,,E/F A IGREJA BATISTA CANAÃ,IPUTINGA,,,COLISÃO,COLISAO ENTRE AUTO E MOTO S/V,1,1,,,,,,,,0,,,,,,,,,,,,,,
2019-12-09,15:19:00,SEM VÍTIMA,FINALIZADA,PRADO,AV ENGENHEIRO ABDIAS DE CARVALHO,,RUA COMENDADOR BENTO AGUIAR,AO LADO DA CARGLASS VIDROS AUTOMOTIVOS,AV ENGENHEIRO ABDIAS DE CARVALHO,,AO LADO DA CARGLASS VIDROS AUTOMOTIVOS,PRADO,,SUBURBIO,ABALROAMENTO TRANSVERSAL,ENTRE DOIS AUTOS S/V,1,,,,,,1,,,0,,,Bom,Não existe,Perfeito estado,Seca,Perfeito estado,Não existe,R-6a,,Dupla,Canteiro central,,