data,hora,natureza_acidente,situacao,bairro,endereco,numero,detalhe_endereco_acidente,complemento,endereco_cruzamento,numero_cruzamento,referencia_cruzamento,bairro_cruzamento,num_semaforo,sentido_via,tipo,descricao,auto,moto,ciclom,ciclista,pedestre,onibus,caminhao,viatura,outros,vitimas,vitimasfatais,acidente_verificado,tempo_clima,situacao_semaforo,sinalizacao,condicao_via,conservacao_via,ponto_controle,situacao_placa,velocidade_max_via,mao_direcao,divisao_via1,divisao_via2,divisao_via3
2019-12-09,15:38:00,SEM VÍTIMA,FINALIZADA,PINA,AV HERCULANO BANDEIRA,,,SOB O SEMÁFORO 137,AV HERCULANO BANDEIRA,,SOB O SEMÁFORO 137,PINA,137,SUBURBIO,COLISÃO TRASEIRA,ENTRE AUTO PASSEIO X ONIBUS,1,,,,,1,,,,0,,Longo da via,Bom,Sem defeito,Perfeito estado,Seca,Perfeito estado,Faixa de pedestre,Outras,60 km/h,Única,Faixa seccionada,,
2019-12-09,15:49:00,COM VÍTIMA,FINALIZADA,BOA VIAGEM,AV FERNANDO SIMOES BARBOSA,,RUA PEDRO PAES DE MENDONCA,PROX AO BIG BOMPRECO,AV FERNANDO SIMOES BARBOSA,,PROX AO BIG BOMPRECO,BOA VIAGEM,544,SUBURBIO,ABALROAMENTO TRANSVERSAL,AUTO E MOTO.,1,1,,,,,,,,1,,Cruzamento,Bom,Sem defeito,Perfeito estado,Seca,Perfeito estado,Faixa de pedestre,Outras,,Dupla,Canteiro central,,
2019-12-09,15:58:00,SEM VÍTIMA,FINALIZADA,ILHA DO LEITE,,,,SOBRE O VIADUTO JOANA BEZERRA,,,SOBRE O VIADUTO JOANA BEZERRA,ILHA DO LEITE,,SUBURBIO,ABALROAMENTO LONGITUDINAL,COLISAO ENTRE ONIBUS E AUTOS S/V,1,,,,,1,,,,0,,Viaduto,Bom,Não existe,Perfeito estado,Seca,Perfeito estado,,Não há placas,60 km/h,,Faixa seccionada,,
2019-12-09,16:02:00,SEM VÍTIMA,FINALIZADA,PRADO,RUA SANTA EDWIRGES,,RUA PADRE TEOFILO TWORZ,,RUA SANTA EDWIRGES,,,PRADO,,,ABALROAMENTO LONGITUDINAL,ENTRE DOIS AUTOS S/V,2,,,,,,,,,0,,Cruzamento,Bom,Não existe,Perfeito estado,Seca,Perfeito estado,Não existe,Placas Pare,,Dupla,Canal,,
2019-12-09,16:09:00,COM VÍTIMA,FINALIZADA,SAN MARTIN,RUA VINTE E UM DE ABRIL,,RUA ALEXANDRE RODRIGUES FERREIRA,PROX IGREJA ASSEMBLEIA DE DEUS DA BOA IDEIA,RUA VINTE E UM DE ABRIL,,PROX IGREJA ASSEMBLEIA DE DEUS DA BOA IDEIA,SAN MARTIN,,CIDADE,ABALROAMENTO LONGITUDINAL,COLISAO ENTRE AUTO E MOTO COM UMA VITIMA.,1,1,,,,,,,,1,,Cruzamento,Bom,Não existe,Incompleta,Seca,Perfeito estado,Não existe,Não há placas,,Dupla,Não existe,,
2019-12-09,16:09:00,COM VÍTIMA,FINALIZADA,DOIS IRMÃOS,RUA MANUEL DE MEDEIROS,200C,AV LUIZ ANTONIO DE ARAUJO,AO LADO DO RESTAURANTE GUARIBA/ PROX AO JUNIOR SOM,RUA MANUEL DE MEDEIROS,200C,AO LADO DO RESTAURANTE GUARIBA/ PROX AO JUNIOR SOM,DOIS IRMÃOS,,,ABALROAMENTO LONGITUDINAL,DOIS AUTOS PASSEIO X MOTO COM VÍTIMA,2,1,,,,,,,,1,,Longo da via,Bom,Não existe,Incompleta,Seca,Mal conservada,Não existe,Não há placas,,Dupla,Não existe,,
2019-12-09,16:22:00,SEM VÍTIMA,FINALIZADA,PONTO DE PARADA,RUA FREDERICO,82,RUA DONA JULIETA,,RUA FREDERICO,82,,PONTO DE PARADA,,SUBURBIO,ABALROAMENTO TRANSVERSAL,ENTRE DOIS AUTOS S/V,2,,,,,,,,,0,,Cruzamento,Bom,Não existe,Perfeito estado,Seca,Perfeito estado,Não existe,Não há placas,40 km/h,Única,Faixa seccionada,,
2019-12-09,16:53:00,SEM VÍTIMA,FINALIZADA,CASA AMARELA,AV NORTE,5049,,OPOSTO POSTO BR,AV NORTE,5049,OPOSTO POSTO BR,CASA AMARELA,,CIDADE,COLISÃO TRASEIRA,COLISÃO SEM VÍTIMA,2,,,,,,,,,0,,Longo da via,Bom,Não existe,Perfeito estado,Seca,Perfeito estado,Outros,R-6a,,Dupla,Faixa seccionada,Canteiro central,
2019-12-09,17:00:00,SEM VÍTIMA,FINALIZADA,BAIRRO DO RECIFE,AV MILITAR,550,,EM FRENTE AO POSTO DE COMBUSTÍVEL SHELL,AV MILITAR,550,EM FRENTE AO POSTO DE COMBUSTÍVEL SHELL,BAIRRO DO RECIFE,,,ABALROAMENTO TRANSVERSAL,ENTRE DOIS AUTOS S/V,2,,,,,,,,,0,,Longo da via,Bom,Não existe,Perfeito estado,Seca,Perfeito estado,Não existe,R-6a,,Dupla,Faixa seccionada,,
2019-12-09,17:10:00,SEM VÍTIMA,FINALIZADA,PONTO DE PARADA,RUA FREDERICO,82,RUA DONA JULIETA,,RUA FREDERICO,82,,PONTO DE PARADA,,SUBURBIO,ABALROAMENTO TRANSVERSAL,COLISÃO SEM VÍTIMA,1,1,,,,,,,,0,,Cruzamento,Bom,Não existe,Perfeito estado,Seca,Perfeito estado,Não existe,Não há placas,40 km/h,Única,Faixa seccionada,,
2019-12-09,17:11:00,SEM VÍTIMA,FINALIZADA,GRAÇAS,AV CONS ROSA E SILVA,469,,EM FRENTE AO Nº 469,AV CONS ROSA E SILVA,469,EM FRENTE AO Nº 469,GRAÇAS,,SUBURBIO,ABALROAMENTO LONGITUDINAL,ENTRE AUTO PASSEIO X CAMINHÃO S/V,1,,,,,,1,,,0,,Longo da via,Bom,Não existe,Perfeito estado,Seca,Perfeito estado,Não existe,R-6a,,Única,Faixa seccionada,,
2019-12-09,18:14:00,SEM VÍTIMA,CANCELADA,CASA FORTE,AV DEZESSETE DE AGOSTO,,,E/F AO BANCO ITAU,AV DEZESSETE DE AGOSTO,,E/F AO BANCO ITAU,CASA FORTE,,,COLISÃO,AUTO PASSEIO X CAMINHÃO EXERCITO BRASLEIRO,1,,,,,,1,,,0,,,,,,,,,,,,,,
2019-12-09,18:24:00,SEM VÍTIMA,FINALIZADA,SÃO JOSÉ,VIADUTO CAPITAO TEMUDO,,,LADO OPOSTO AO FÓRUM JOANA BEZERRA,VIADUTO CAPITAO TEMUDO,,LADO OPOSTO AO FÓRUM JOANA BEZERRA,SÃO JOSÉ,,SUBURBIO,COLISÃO TRASEIRA,ENTRE DOIS AUTOS S/V,2,,,,,,,,,0,,Longo da via,Bom,,,,,Não existe,Não há placas,60 km/h,,Faixa seccionada,,
2019-12-09,18:28:00,SEM VÍTIMA,FINALIZADA,SAN MARTIN,RUA VINTE E UM DE ABRIL,3463,,,RUA VINTE E UM DE ABRIL,3463,,SAN MARTIN,,SUBURBIO,ABALROAMENTO LONGITUDINAL,ENTRE DOIS AUTOS S/V,2,,,,,,,,,0,,Longo da via,Bom,Não existe,Perfeito estado,Seca,Perfeito estado,Não existe,Não há placas,,Dupla,Faixa seccionada,,
2019-12-09,19:42:00,COM VÍTIMA,FINALIZADA,CASA AMARELA,AV NORTE,,COR DO BARTOLOMEU,E/F AO REI DA PICANHA,AV NORTE,,E/F AO REI DA PICANHA,CASA AMARELA,79,SUBURBIO,ABALROAMENTO LONGITUDINAL,DOIS AUTOS X MOTO X ONIBUS COM VÍTIMA,2,1,,,,1,,,,1,,Cruzamento,Bom,Sem defeito,Perfeito estado,Seca,Perfeito estado,Faixa de pedestre,R-6a,,Dupla,Blocos,,
2019-12-09,20:39:00,SEM VÍTIMA,FINALIZADA,BAIRRO DO RECIFE,CAIS DO APOLO,161,,,CAIS DO APOLO,161,,BAIRRO DO RECIFE,165,,ABALROAMENTO LONGITUDINAL,CAMINHAO BAU X ETIOS,1,,,,,,1,,,0,,Longo da via,Bom,Sem defeito,Perfeito estado,Seca,Perfeito estado,,Outras,,Única,Faixa seccionada,,
2019-12-09,21:46:00,SEM VÍTIMA,FINALIZADA,AFOGADOS,RUA COSME VIANA,728,,,RUA COSME VIANA,728,,AFOGADOS,,,CHOQUE VEÍCULO PARADO,ENTRE DOIS AUTOS S/V,2,,,,,,,,,0,,Longo da via,Bom,Não existe,Perfeito estado,Seca,Perfeito estado,Não existe,Não há placas,,Única,Faixa seccionada,,
2019-12-09,21:52:00,SEM VÍTIMA,FINALIZADA,BOA VIAGEM,RUA DOS NAVEGANTES,2111,,PET DREAM,RUA DOS NAVEGANTES,2111,PET DREAM,BOA VIAGEM,,SUBURBIO,CHOQUE VEÍCULO PARADO,ENTRE AUTO PASSEIO X CAMINHÃO S/V,1,,,,,1,,,,0,,Longo da via,Bom,Não existe,Perfeito estado,Seca,Perfeito estado,Não existe,Outras,,Única,Não existe,,
2019-12-09,22:12:00,SEM VÍTIMA,FINALIZADA,MACAXEIRA,AV NORTE,7134,,,AV NORTE,7134,,MACAXEIRA,424,SUBURBIO,COLISÃO TRASEIRA,ENTRE DOIS AUTOS S/V,2,,,,,,,,,0,,Longo da via,Bom,Sem defeito,Perfeito estado,Seca,Perfeito estado,Faixa de pedestre,Não há placas,,Dupla,Faixa contínua,,
2019-12-09,22:48:00,SEM VÍTIMA,FINALIZADA,AFOGADOS,RUA JOAO IVO DA SILVA,,,LADO OPOSTO A FIORI,RUA JOAO IVO DA SILVA,,LADO OPOSTO A FIORI,AFOGADOS,,SUBURBIO,COLISÃO TRASEIRA,NISSAN X FOCUS,2,,,,,,,,,0,,Longo da via,Bom,Sem defeito,Perfeito estado,Seca,Perfeito estado,Não existe,Não há placas,60 km/h,Única,Faixa contínua,,
2019-12-09,22:50:00,COM VÍTIMA,FINALIZADA,BOMBA DO HEMETÉRIO,RUA TAMBOARA,197,,E/F A PERNAMBUCO PIZZA,RUA TAMBOARA,197,E/F A PERNAMBUCO PIZZA,BOMBA DO HEMETÉRIO,,SUBURBIO,COLISÃO FRONTAL,AUTO E MOTO.,1,1,,,,,,,,1,,Longo da via,Bom,Não existe,Não existente,Seca,Mal iluminada,Não existe,Não há placas,,Dupla,Não existe,,
2019-12-09,23:26:00,SEM VÍTIMA,FINALIZADA,,RUA DA CAROLINA,712 A,,,RUA DA CAROLINA,712 A,,,,,COLISÃO FRONTAL,ENTRE DOIS AUTOS S/V,2,,,,,,,,,0,,Longo da via,Bom,Não existe,Não existente,Seca,Mal conservada,Não existe,Não há placas,,Dupla,Não existe,,
2019-12-10,07:06:00,SEM VÍTIMA,FINALIZADA,ESTÂNCIA,RUA NOSSA SENHORA DE FATIMA,382,AV RECIFE,AO LADO DO MÍDIA EVENTUS,RUA NOSSA SENHORA DE FATIMA,382,AO LADO DO MÍDIA EVENTUS,ESTÂNCIA,261,CIDADE,ABALROAMENTO LONGITUDINAL,DOIS AUTOS,2,,,,,,,,,0,,Cruzamento,Bom,Sem defeito,Incompleta,Seca,Perfeito estado,Não existe,Não há placas,60 km/h,Única,Não existe,,
2019-12-10,07:56:00,SEM VÍTIMA,FINALIZADA,JARDIM SÃO PAULO,RUA AGUATI,,,EM FRENTE A BORRACHARIA DA BOA IDEIA  AO LADO DO Nº 188,RUA AGUATI,,EM FRENTE A BORRACHARIA DA BOA IDEIA  AO LADO DO Nº 188,JARDIM SÃO PAULO,,,ABALROAMENTO LONGITUDINAL,AUTO E CAMINHAO,1,,,,,,1,,,0,,Longo da via,Bom,Não existe,Não existente,Seca,Mal conservada,Não existe,Não há placas,,Dupla,Não existe,,
2019-12-10,07:58:00,SEM VÍTIMA,CANCELADA,IMBIRIBEIRA,AV MARECHAL MASCARENHAS DE MORAES,,,PROX AO AEROPORTO EM FRENTE AO HOTEL IBIS,AV MARECHAL MASCARENHAS DE MORAES,,PROX AO AEROPORTO EM FRENTE AO HOTEL IBIS,IMBIRIBEIRA,,SUBURBIO CIDADE,COLISÃO,COLISÃO SEM VITIMAS,3,,,,,,,,,0,,,,,,,,,,,,,,
2019-12-10,08:25:00,SEM VÍTIMA,FINALIZADA,AFLITOS,RUA QUARENTA E OITO,772,,ARTE E REQUINTE MATERIAIS PARA FESTAS E EVENTOS,RUA QUARENTA E OITO,772,ARTE E REQUINTE MATERIAIS PARA FESTAS E EVENTOS,AFLITOS,,CIDADE,COLISÃO TRASEIRA,COLISÃO SEM VITIMAS,3,,,,,,,,,0,,Longo da via,Bom,Não existe,Perfeito estado,Seca,Perfeito estado,Não existe,R-6a,,Única,Faixa seccionada,,
2019-12-10,08:26:00,SEM VÍTIMA,CANCELADA,BOA VIAGEM,RUA BARAO DE SOUZA LEAO,831,,EM FRENTE AO BANCO BRADESCO,RUA BARAO DE SOUZA LEAO,831,EM FRENTE AO BANCO BRADESCO,BOA VIAGEM,,,COLISÃO,DOIS AUTOS,,,,,,,,,,0,,,,,,,,,,,,,,
2019-12-10,08:37:00,SEM VÍTIMA,FINALIZADA,BOA VIAGEM,AV ARMINDO MOURA,3594,RUA VISCONDE DE JEQUITINHONHA,AO LADO OPOSTO IPIRANGA,AV ARMINDO MOURA,3594,AO LADO OPOSTO IPIRANGA,BOA VIAGEM,258,,COLISÃO TRASEIRA,COLISÃO SEM VITIMAS,2,,,,,,,,,0,,Cruzamento,Bom,Sem defeito,Perfeito estado,Seca,Perfeito estado,Faixa de pedestre,R-6a,40 km/h,Dupla,Faixa contínua,,
2019-12-10,08:55:00,SEM VÍTIMA,CANCELADA,SAN MARTIN,AV GENERAL SAN MARTIN,2195,,EM FRENTE A EMPRESA FRANGUETOS,AV GENERAL SAN MARTIN,2195,EM FRENTE A EMPRESA FRANGUETOS,SAN MARTIN,,,COLISÃO,COLISÃO SEM VITIMAS,2,,,,,,,,,0,,,,,,,,,,,,,,
2019-12-10,09:48:00,SEM VÍTIMA,FINALIZADA,CASA AMARELA,EST DO ENCANAMENTO,,EST DAS UBAIAS ,FARMÁCIA DROGASIL,EST DO ENCANAMENTO,,FARMÁCIA DROGASIL,CASA AMARELA,593,CIDADE,COLISÃO TRASEIRA,DOIS AUTOS,2,,,,,,,,,0,,Cruzamento,Bom,Sem defeito,Perfeito estado,Seca,Perfeito estado,Faixa de pedestre,Outras,,Única,Faixa seccionada,,
2019-12-10,11:31:00,SEM VÍTIMA,FINALIZADA,BOA VIAGEM,RUA BALTAZAR PASSOS,310,RUA PROFESSOR AUGUSTO LINS E SILVA,PAN JOVEM DELICATESSEN,RUA BALTAZAR PASSOS,310,PAN JOVEM DELICATESSEN,BOA VIAGEM,,,ABALROAMENTO LONGITUDINAL,COLISÃO SEM VITIMAS,2,,,,,,,,,0,,Cruzamento,Bom,Não existe,Perfeito estado,Seca,Perfeito estado,Não existe,Placas Pare,30 km/h,Única,Não existe,,
2019-12-10,11:34:00,SEM VÍTIMA,DUPLICIDADE,BOA VISTA,RUA DOM BOSCO,871,,COLISÃO ENTRE DOIS AUTOS,RUA DOM BOSCO,871,COLISÃO ENTRE DOIS AUTOS,BOA VISTA,,,COLISÃO,COLISÃO SEM VÍTIMAS,2,,,,,,,,,0,,,,,,,,,,,,,,
2019-12-10,12:02:00,SEM VÍTIMA,FINALIZADA,BOA VIAGEM,AV LINO JORDAO,1320,AV VINTE DE JANEIRO,PRÓXIMO AO COLÉGIO DOURADO,AV LINO JORDAO,1320,PRÓXIMO AO COLÉGIO DOURADO,BOA VIAGEM,,SUBURBIO,CHOQUE VEÍCULO PARADO,COLISÃO S/ VITIMAS ENTRE UM AUTO E UM CAMINHÃO,1,,,,,,1,,,0,,Longo da via,Bom,Não existe,Perfeito estado,Seca,Perfeito estado,Não existe,Não há placas,,Dupla,Faixa contínua,,
2019-12-10,12:07:00,SEM VÍTIMA,FINALIZADA,BOA VISTA,RUA DOM BOSCO,871,,EM FRENTE A FED. DE FUTEBOL,RUA DOM BOSCO,871,EM FRENTE A FED. DE FUTEBOL,BOA VISTA,291,CIDADE,CHOQUE VEÍCULO PARADO,COLISÃO SEM VÍTIMA,4,1,,,,,,,,0,,Longo da via,Bom,Sem defeito,Ilegível,Seca,Perfeito estado,Faixa de pedestre,Não há placas,,Única,Não existe,,
2019-12-10,12:46:00,SEM VÍTIMA,FINALIZADA,BOA VIAGEM,AV ENGENHEIRO DOMINGOS FERREIRA,,RUA RIBEIRO DE BRITO,,AV ENGENHEIRO DOMINGOS FERREIRA,,,BOA VIAGEM,155,,COLISÃO TRASEIRA,COLISÃO SEM VÍTIMA,2,,,,,,,,,0,,Cruzamento,Bom,Sem defeito,Perfeito estado,Seca,Perfeito estado,Faixa de pedestre,R-6a,,Única,Faixa contínua,,
2019-12-10,12:48:00,COM VÍTIMA,FINALIZADA,BOA VIAGEM,RUA RIO AZUL,232A,,LADO OPOSTO AO MARINHU'S BAR,RUA RIO AZUL,232A,LADO OPOSTO AO MARINHU'S BAR,BOA VIAGEM,437,SUBURBIO,ATROPELAMENTO,MOTO X PEDESTRE,,1,,,1,,,,,1,,Longo da via,Bom,Sem defeito,Perfeito estado,Seca,Perfeito estado,Não existe,Não há placas,,Dupla,Canal,,
2019-12-10,12:54:00,SEM VÍTIMA,FINALIZADA,ROSARINHO,AV NORTE,,,E/F A PEDRAGON,AV NORTE,,E/F A PEDRAGON,ROSARINHO,,CIDADE,COLISÃO TRASEIRA,COLISÃO S/VITIMAS ENTRE TRÊS AUTOS,3,,,,,,,,,0,,Longo da via,Bom,Não existe,Perfeito estado,Seca,Perfeito estado,,,,Dupla,Canteiro central,,
2019-12-10,13:11:00,SEM VÍTIMA,FINALIZADA,VÁRZEA,AV CAXANGA,5775,AV AFONSO OLINDENSE,SUPER CENTER CAXANGÁ,AV CAXANGA,5775,SUPER CENTER CAXANGÁ,VÁRZEA,568,CIDADE,COLISÃO TRASEIRA,ENGAVETAMENTO SEM VÍTIMA,4,,,,,,,,,0,,Cruzamento,Bom,Sem defeito,Perfeito estado,Seca,Perfeito estado,Faixa de pedestre,Outras,,Única,Faixa seccionada,Canteiro central,
2019-12-10,13:31:00,COM VÍTIMA,FINALIZADA,AFOGADOS,EST DOS REMEDIOS,352,,EM FRENTE AO ARMAZEM CORAL,EST DOS REMEDIOS,352,EM FRENTE AO ARMAZEM CORAL,AFOGADOS,,,ATROPELAMENTO,CAMINHONETE E PEDESTRE.,1,,,,1,,,,,1,,Longo da via,Bom,Sem defeito,Perfeito estado,Seca,Perfeito estado,Não existe,Não há placas,40 km/h,Única,Faixa seccionada,,
2019-12-10,13:33:00,SEM VÍTIMA,FINALIZADA,SANTO AMARO,AV GOVERNADOR AGAMENON MAGALHAES,1302,,EM FRENTE AO POSTO DE COMBUSTÍVEL PETROBRAS,AV GOVERNADOR AGAMENON MAGALHAES,1302,EM FRENTE AO POSTO DE COMBUSTÍVEL PETROBRAS,SANTO AMARO,379,,COLISÃO TRASEIRA,COLISAO ENTRE DOIS AUTOS S/V,2,,,,,,,,,0,,Longo da via,Bom,Sem defeito,Perfeito estado,Seca,Perfeito estado,Faixa de pedestre,Outras,60 km/h,Dupla,Faixa seccionada,Canal,
2019-12-10,13:41:00,SEM VÍTIMA,FINALIZADA,MACAXEIRA,RUA FLAVIO GUERRA,,,EM FRENTE AO PARANABAR,RUA FLAVIO GUERRA,,EM FRENTE AO PARANABAR,MACAXEIRA,,,CHOQUE VEÍCULO PARADO,COLISÃO S/VITIMA ENTRE DOIS AUTOS E UMA CARRETA,2,,,,,,,,1,0,,Longo da via,Bom,Não existe,Não existente,Seca,Perfeito estado,Não existe,Placas Pare,30 km/h,Dupla,Não existe,,
2019-12-10,13:57:00,SEM VÍTIMA,FINALIZADA,IMBIRIBEIRA,AV MARECHAL MASCARENHAS DE MORAES,7935,,AO LADO OPOSTO AO NÚMERO 7935,AV MARECHAL MASCARENHAS DE MORAES,7935,AO LADO OPOSTO AO NÚMERO 7935,IMBIRIBEIRA,625,SUBURBIO,COLISÃO TRASEIRA,COLISAO ENTRE CAMINHAO E AUTO S/V,1,,,,,,1,,,0,,Longo da via,Bom,Sem defeito,Incompleta,Seca,Perfeito estado,Não existe,Não há placas,,Única,Canteiro central,,
2019-12-10,14:18:00,SEM VÍTIMA,FINALIZADA,BOA VIAGEM,RUA JOSE MARIA DE MIRANDA,,RUA FRANCISCO DA CUNHA,AO LADO DO DEPÓSITO DA ESQUINA,RUA JOSE MARIA DE MIRANDA,,AO LADO DO DEPÓSITO DA ESQUINA,BOA VIAGEM,,,ABALROAMENTO TRANSVERSAL,COLISÃO S/VITIMA ENTRE DOIS AUTOS,2,,,,,,,,,0,,Cruzamento,Bom,Não existe,Perfeito estado,Seca,Perfeito estado,Faixa de retenção,Placas Pare,,Única,Não existe,,
2019-12-10,14:19:00,SEM VÍTIMA,CANCELADA,MADALENA,RUA LOPES DE CARVALHO,,RUA REAL DA TORRE,AO LADO DA BATERIAS HELIAR,RUA LOPES DE CARVALHO,,AO LADO DA BATERIAS HELIAR,MADALENA,,,COLISÃO,COLISÃO SEM VÍTIMA,2,,,,,,,,,0,,,,,,,,,,,,,,
2019-12-10,14:45:00,SEM VÍTIMA,FINALIZADA,DERBY,AV GOVERNADOR AGAMENON MAGALHAES,4775,,EM FRENTE AO BANCO CAIXA ECONÔMICA,AV GOVERNADOR AGAMENON MAGALHAES,4775,EM FRENTE AO BANCO CAIXA ECONÔMICA,DERBY,672,SUBURBIO,ABALROAMENTO LONGITUDINAL,COLISÃO S/VITIMAS ENTRE UMA MOTO E UM AUTO,1,1,,,,,,,,0,,Longo da via,Bom,Sem defeito,Perfeito estado,Seca,Perfeito estado,Agente,Não há placas,60 km/h,Única,Faixa contínua,Faixa seccionada,Canteiro central
2019-12-10,14:57:00,SEM VÍTIMA,FINALIZADA,BOA VIAGEM,AV CONSELHEIRO AGUIAR,355,RUA ONDINA,SENHORITA SHOES,AV CONSELHEIRO AGUIAR,355,SENHORITA SHOES,BOA VIAGEM,,SUBURBIO,ABALROAMENTO TRANSVERSAL,COLISAO ENTRE AUTO E ONIBUS S/V,1,,,,,1,,,,0,,Longo da via,Bom,Não existe,Perfeito estado,Seca,Perfeito estado,Agente,Não há placas,60 km/h,Única,Faixa seccionada,,
2019-12-10,14:59:00,SEM VÍTIMA,FINALIZADA,AFOGADOS,RUA SAO MIGUEL,16,,,RUA SAO MIGUEL,16,,AFOGADOS,,SUBURBIO,ABALROAMENTO LONGITUDINAL,COLISÃO S/VITIMAS ENTRE UM AUTO E UM CARRO-FORTE,1,,,,,,,,1,0,,Longo da via,Bom,Sem defeito,Perfeito estado,Seca,Perfeito estado,Faixa de pedestre,Outras,60 km/h,,Faixa contínua,,
2019-12-10,15:03:00,SEM VÍTIMA,DUPLICIDADE,BOA VIAGEM,AV CONSELHEIRO AGUIAR,3222,,EM FRENTE A ELETRIC INK,AV CONSELHEIRO AGUIAR,3222,EM FRENTE A ELETRIC INK,BOA VIAGEM,,,COLISÃO,COLISÃO SEM VÍTIMA,1,,,,,1,,,,0,,,,,,,,,,,,,,
2019-12-10,15:13:00,COM VÍTIMA,FINALIZADA,IPUTINGA,EST DO BARBALHO,960,,E/F A CONAB,EST DO BARBALHO,960,E/F A CONAB,IPUTINGA,,,COLISÃO COM CICLISTA,AUTO E BICICLETA.,1,,,1,,,,,,1,,Longo da via,Bom,Não existe,Não existente,Seca,Perfeito estado,Não existe,Não há placas,,Dupla,Não existe,,
2019-12-10,15:21:00,SEM VÍTIMA,FINALIZADA,BOA VIAGEM,AV ENGENHEIRO DOMINGOS FERREIRA,1450,,BENETTI INTERIORES,AV ENGENHEIRO DOMINGOS FERREIRA,1450,BENETTI INTERIORES,BOA VIAGEM,,SUBURBIO,COLISÃO TRASEIRA,COLISA ENTRE DOIS AUTOS S/V,2,,,,,,,,,0,,Longo da via,Bom,Não existe,Perfeito estado,Seca,Perfeito estado,Não existe,Não há placas,60 km/h,Única,Canteiro central,,
2019-12-10,15:37:00,COM VÍTIMA,FINALIZADA,BOA VIAGEM,RUA DOS NAVEGANTES,3962,RUA RIBEIRO DE BRITO,AO LADO DO EDF. QUEEN MARY.,RUA DOS NAVEGANTES,3962,AO LADO DO EDF. QUEEN MARY.,BOA VIAGEM,,SUBURBIO,ABALROAMENTO TRANSVERSAL,COLISAO ENTRE AUTO E MOTO COM UMA VITIMA,1,1,,,,,,,,1,,Cruzamento,Bom,Não existe,Perfeito estado,Seca,Perfeito estado,Faixa de retenção,Placas Pare,,Única,Faixa seccionada,,
2019-12-10,15:38:00,SEM VÍTIMA,FINALIZADA,BOA VIAGEM,AV FERNANDO SIMOES BARBOSA,374,,EM FRENTE AO Nº 374,AV FERNANDO SIMOES BARBOSA,374,EM FRENTE AO Nº 374,BOA VIAGEM,,SUBURBIO,ABALROAMENTO LONGITUDINAL,COLISÃO SEM VÍTIMA,2,,,,,,,,,0,,Longo da via,Bom,Não existe,Perfeito estado,Seca,Perfeito estado,Não existe,R-6a,60 km/h,Única,Canteiro central,,
2019-12-10,15:51:00,SEM VÍTIMA,FINALIZADA,DERBY,PRC DO DERBY,,RUA JENER DE SOUZA,SOB O SEMÁFORO 418,PRC DO DERBY,,SOB O SEMÁFORO 418,DERBY,418,,ABALROAMENTO LONGITUDINAL,COLISÃO S/VITMAS ENTRE DOIS AUTOS,1,,,,,,1,,,0,,Longo da via,Bom,Sem defeito,Perfeito estado,Seca,Perfeito estado,,Outras,,Dupla,Blocos,,
2019-12-10,16:13:00,COM VÍTIMA,FINALIZADA,AFOGADOS,RUA SAO MIGUEL,,RUA MANOEL DE ALBUQUERQUE FERNANDES,PANIFICADORA LISBOA.,RUA SAO MIGUEL,,PANIFICADORA LISBOA.,AFOGADOS,,,ABALROAMENTO TRANSVERSAL,COLISÃO COM VÍTIMA ENTRE AUTO E MOTO.,1,1,,,,,,,,1,,Cruzamento,Bom,Não existe,Ilegível,Seca,Perfeito estado,Não existe,Não há placas,,Dupla,Faixa contínua,,
2019-12-10,16:25:00,SEM VÍTIMA,FINALIZADA,ARRUDA,RUA MEM DE SA,295,RUA PROFESSOR JERONIMO GUEIROS,,RUA MEM DE SA,295,,ARRUDA,495,CIDADE,ABALROAMENTO TRANSVERSAL,COLISAO ENTRE AUTO E CAMINHAO S/V,1,,,,,,1,,,0,,Cruzamento,Bom,Sem defeito,Incompleta,Seca,Perfeito estado,Não existe,Não há placas,30 km/h,Dupla,Não existe,,
2019-12-10,16:39:00,SEM VÍTIMA,FINALIZADA,BOA VISTA,AV GOVERNADOR AGAMENON MAGALHAES,,,EM FRENTE AO BOMPREÇO/ SENTIDO OLINDA,AV GOVERNADOR AGAMENON MAGALHAES,,EM FRENTE AO BOMPREÇO/ SENTIDO OLINDA,BOA VISTA,,,COLISÃO,COLISÃO SEM VÍTIMA,1,1,,,,,,,,0,,,,,,,,,,,,,,
2019-12-10,17:40:00,SEM VÍTIMA,FINALIZADA,BOA VISTA,RUA DO HOSPICIO,,,EM FRENTE A ESCOLA LUIZ DELGADO,RUA DO HOSPICIO,,EM FRENTE A ESCOLA LUIZ DELGADO,BOA VISTA,,,COLISÃO TRASEIRA,COLISÃO SEM VÍTIMA,2,,,,,1,,,,0,,Longo da via,Bom,Não existe,Perfeito estado,Seca,Perfeito estado,Não existe,Outras,,Dupla,Blocos,,