data,hora,natureza_acidente,situacao,bairro,endereco,numero,detalhe_endereco_acidente,complemento,endereco_cruzamento,numero_cruzamento,referencia_cruzamento,bairro_cruzamento,num_semaforo,sentido_via,tipo,descricao,auto,moto,ciclom,ciclista,pedestre,onibus,caminhao,viatura,outros,vitimas,vitimasfatais,acidente_verificado,tempo_clima,situacao_semaforo,sinalizacao,condicao_via,conservacao_via,ponto_controle,situacao_placa,velocidade_max_via,mao_direcao,divisao_via1,divisao_via2,divisao_via3
2019-12-10,17:42:00,SEM VÍTIMA,FINALIZADA,IBURA,AV DOM HELDER CAMARA,,,POSTE H 022010,AV DOM HELDER CAMARA,,POSTE H 022010,IBURA,,,ABALROAMENTO LONGITUDINAL,COLISAO ENTRE DOIS AUTO S/V,2,,,,,,,,,0,,Longo da via,Bom,Não existe,Perfeito estado,Seca,Perfeito estado,Não existe,Não há placas,,Dupla,Canteiro central,,
2019-12-10,17:51:00,SEM VÍTIMA,FINALIZADA,BOA VIAGEM,AV ENGENHEIRO DOMINGOS FERREIRA,3746,,FARMÁCIA DROGASIL,AV ENGENHEIRO DOMINGOS FERREIRA,3746,FARMÁCIA DROGASIL,BOA VIAGEM,,SUBURBIO,ABALROAMENTO LONGITUDINAL,COLISÃO S/VITMAS ENTRE UM ONIBUS E AUTO,1,,,,,1,,,,0,,Longo da via,Bom,Não existe,Perfeito estado,Seca,Perfeito estado,Outros,Não há placas,60 km/h,Única,Faixa seccionada,Canteiro central,
2019-12-10,19:31:00,SEM VÍTIMA,FINALIZADA,SANTO AMARO,AV RECIFE,2528,,E/F AO ATACAMAX,AV RECIFE,2528,E/F AO ATACAMAX,SANTO AMARO,,CIDADE,ABALROAMENTO LONGITUDINAL,ENTRE DOIS AUTOS,2,,,,,,,,,0,,Longo da via,Bom,Não existe,,,,Não existe,Não há placas,,Dupla,Faixa contínua,Faixa seccionada,Canteiro central
2019-12-10,19:32:00,COM VÍTIMA,FINALIZADA,IMBIRIBEIRA,RUA ITACARI,130,RUA CACHOEIRA,OBS: O LOCAL SO TEM RESIDENCIA,RUA ITACARI,130,OBS: O LOCAL SO TEM RESIDENCIA,IMBIRIBEIRA,,SUBURBIO,ABALROAMENTO TRANSVERSAL,GOL X MOTO,1,1,,,,,,,,2,,Cruzamento,Bom,Não existe,Perfeito estado,Seca,Perfeito estado,,,,Única,Faixa seccionada,,
2019-12-10,20:28:00,SEM VÍTIMA,CANCELADA,SÍTIO DOS PINTOS,RUA PROF CLAUDIO SELVA,22,,E/F A CAPELA SÃO PEDRO,RUA PROF CLAUDIO SELVA,22,E/F A CAPELA SÃO PEDRO,SÍTIO DOS PINTOS,,,COLISÃO,ONIBUS X AUTO PASSEIO S/V,1,,,,,1,,,,0,,,,,,,,,,,,,,
2019-12-10,21:34:00,SEM VÍTIMA,FINALIZADA,ARRUDA,RUA DO MACHADO,449,RUA ZEFERINO AGRA,,RUA DO MACHADO,449,,ARRUDA,,,COLISÃO FRONTAL,POLO X PRISMA,2,,,,,,,,,0,,Cruzamento,Bom,Não existe,Perfeito estado,Seca,Perfeito estado,Faixa de retenção,Placas Pare,40 km/h,Dupla,Faixa contínua,,
2019-12-10,22:03:00,COM VÍTIMA,FINALIZADA,ARRUDA,AV BEBERIBE,,,EM FRENTE AO ESTÁDIO DO ARRUDA.,AV BEBERIBE,,EM FRENTE AO ESTÁDIO DO ARRUDA.,ARRUDA,,,ABALROAMENTO TRANSVERSAL,AUTO PASSEIO X MOTO COM VÍTIMA,1,1,,,,,,,,2,,Longo da via,Bom,Não existe,Perfeito estado,Seca,Perfeito estado,Não existe,Não há placas,,Dupla,Faixa contínua,,
2019-12-10,22:48:00,COM VÍTIMA,FINALIZADA,SANTO AMARO,AV CRUZ CABUGA,,RUA DR JOAO VIEIRA DE MENEZES,E/F A FACULDADE FAMAS,AV CRUZ CABUGA,,E/F A FACULDADE FAMAS,SANTO AMARO,,CIDADE,ABALROAMENTO TRANSVERSAL,AUTO PASSEIO X MOTO COM VÍTIMA,1,1,,,,,,,,1,,Cruzamento,Bom,Não existe,Perfeito estado,Seca,Perfeito estado,,,,Dupla,,,
2019-12-11,01:43:00,COM VÍTIMA,FINALIZADA,VÁRZEA,RUA RODRIGO DELAMARE,202,,EM FRENTE A PRAÇA DA PERIQUITA,RUA RODRIGO DELAMARE,202,EM FRENTE A PRAÇA DA PERIQUITA,VÁRZEA,,CIDADE,CHOQUE OBJETO FIXO,MOTO CHOCOU-SE CONTRA GELO-BAIANO  C/V SOCORRIDA PELO SAMU,,1,,,,,,,,1,,Longo da via,Bom,Não existe,Incompleta,Seca,Perfeito estado,Não existe,Outras,,Dupla,Faixa seccionada,,
2019-12-11,05:52:00,COM VÍTIMA,FINALIZADA,ILHA DO LEITE,RUA SENADOR JOSE HENRIQUE,,AV FREI MATIAS TEVES,,RUA SENADOR JOSE HENRIQUE,,,ILHA DO LEITE,,CIDADE,ABALROAMENTO TRANSVERSAL,COLISÃO ENTRE DOIS AUTOS C/V,2,,,,,,,,,1,,Cruzamento,Bom,Não existe,Perfeito estado,Seca,Perfeito estado,Faixa de retenção,Não há placas,,Única,Faixa seccionada,,
2019-12-11,07:23:00,SEM VÍTIMA,FINALIZADA,IBURA,AV DOIS RIOS,383,,IBM MADEREIRA E ARMAZENAGEM,AV DOIS RIOS,383,IBM MADEREIRA E ARMAZENAGEM,IBURA,,CIDADE,COLISÃO TRASEIRA,COLISÃO SEM VITIMAS,1,,,,,,1,,,0,,Longo da via,Chuvoso,Não existe,Perfeito estado,Molhada,Perfeito estado,Não existe,,,Dupla,Faixa contínua,,
2019-12-11,08:13:00,SEM VÍTIMA,FINALIZADA,IPSEP,RUA DR RAPOSO PINTO,465 B,RUA ADERBAL DE MELO,ANTIGO 19º BPM,RUA DR RAPOSO PINTO,465 B,ANTIGO 19º BPM,IPSEP,,CIDADE,ABALROAMENTO LONGITUDINAL,SEM VITIMAS,2,,,,,,,,,0,,Cruzamento,Bom,Não existe,Incompleta,Seca,Perfeito estado,Não existe,Placas Pare,30 km/h,Dupla,Não existe,,
2019-12-11,08:28:00,COM VÍTIMA,FINALIZADA,IMBIRIBEIRA,AV MARECHAL MASCARENHAS DE MORAES,,PRC MINISTRO SALGADO FILHO,EM FRENTE AO ANTIGO AEROPORTO.,AV MARECHAL MASCARENHAS DE MORAES,,EM FRENTE AO ANTIGO AEROPORTO.,IMBIRIBEIRA,,SUBURBIO,TOMBAMENTO,MOTOCICLISTA PERDEU O CONTROLE NA CURVA,,1,,,,,,,,1,,Longo da via,Bom,Não existe,Perfeito estado,Seca,Perfeito estado,Não existe,R-6a,,Única,Não existe,,
2019-12-11,09:10:00,SEM VÍTIMA,FINALIZADA,ILHA DO RETIRO,AV BEIRA RIO,230,,EDIFÍCIO PORTAL DO CAPIBARIBE,AV BEIRA RIO,230,EDIFÍCIO PORTAL DO CAPIBARIBE,ILHA DO RETIRO,,SUBURBIO,ABALROAMENTO LONGITUDINAL,MOTO E AUTO,1,1,,,,,,,,0,,Longo da via,Bom,Não existe,Perfeito estado,Seca,Perfeito estado,Não existe,Não há placas,,Dupla,Faixa seccionada,,
2019-12-11,09:34:00,COM VÍTIMA,FINALIZADA,APIPUCOS,RUA DE APIPUCOS,,RUA MANDACARU,EM BAIXO DO SEMAFORO 500,RUA DE APIPUCOS,,EM BAIXO DO SEMAFORO 500,APIPUCOS,500,CIDADE,COLISÃO TRASEIRA,COLISÃO COM VITIMA SOCORRIDA PELOS BOMBEIROS,1,1,,,,,,,,1,,Longo da via,Bom,Sem defeito,Perfeito estado,Seca,Perfeito estado,Faixa de pedestre,R-6a,,Dupla,Faixa contínua,,
2019-12-11,09:34:00,SEM VÍTIMA,FINALIZADA,PINA,AVENIDA CELSO FURTADO (VIA MANGUE),,,ALTURA DO POSTE DE NÚMERO H 026015/ EM FRENTE AO 19º BPM,AVENIDA CELSO FURTADO (VIA MANGUE),,ALTURA DO POSTE DE NÚMERO H 026015/ EM FRENTE AO 19º BPM,PINA,,CIDADE,COLISÃO FRONTAL,COLISÃO S/VITIMAS ENTRE TRES AUTOS,3,,,,,,,,,0,,,Bom,Não existe,Não existente,Seca,Perfeito estado,Não existe,Não há placas,60 km/h,Única,Faixa seccionada,,
2019-12-11,09:43:00,COM VÍTIMA,FINALIZADA,SANTO ANTÔNIO,RUA DO SOL,143,,EM FRENTE A PROCURADORIA,RUA DO SOL,143,EM FRENTE A PROCURADORIA,SANTO ANTÔNIO,,CIDADE,ATROPELAMENTO,MOTO E PEDESTRE- PEDESTRE ATROPELADO SE EVADIU,,1,,,1,,,,,1,,Longo da via,Bom,Sem defeito,Perfeito estado,Seca,,,,,Única,Faixa seccionada,,
2019-12-11,09:43:00,SEM VÍTIMA,FINALIZADA,IPSEP,RUA JEAN EMILE FAVRE,557,,UNIFBV WYDEN FACULDADE,RUA JEAN EMILE FAVRE,557,UNIFBV WYDEN FACULDADE,IPSEP,,SUBURBIO,ABALROAMENTO LONGITUDINAL,SEM VITIMAS,2,,,,,,,,,0,,Longo da via,Bom,Não existe,Perfeito estado,Seca,Perfeito estado,Não existe,Não há placas,,Dupla,Faixa contínua,Faixa seccionada,
2019-12-11,09:49:00,SEM VÍTIMA,FINALIZADA,IMBIRIBEIRA,AV MARECHAL MASCARENHAS DE MORAES,,,UPA DA IMBIRIBEIRA,AV MARECHAL MASCARENHAS DE MORAES,,UPA DA IMBIRIBEIRA,IMBIRIBEIRA,276,CIDADE,ABALROAMENTO LONGITUDINAL,COLISÃO S/VITIMAS ENTRE UM ONIBS E UM AUTO,1,,,,,1,,,,0,,Longo da via,Bom,Sem defeito,Perfeito estado,Seca,Perfeito estado,,R-6a,,Dupla,Faixa seccionada,Canteiro central,
2019-12-11,10:00:00,SEM VÍTIMA,FINALIZADA,AREIAS,AV RECIFE,,,LADO OPOSTO AO HOTEL MALIBÚ,AV RECIFE,,LADO OPOSTO AO HOTEL MALIBÚ,AREIAS,,,COLISÃO TRASEIRA,COLISÃO SEM VITIMAS,2,,,,,,,,,0,,Viaduto,Bom,Não existe,Incompleta,Seca,Mal conservada,Não existe,Não há placas,,Dupla,Canteiro central,,
2019-12-11,10:21:00,SEM VÍTIMA,FINALIZADA,GRAÇAS,RUA PAULINO GOMES DE SOUZA,249,,,RUA PAULINO GOMES DE SOUZA,249,,GRAÇAS,,,CHOQUE OBJETO FIXO,CAMINHÃO CHOCOU-SE COM POSTE  O MESMO SE ENCONTRA ATRAVESSADO NA VIA,,,,,,,1,,,0,,Longo da via,Bom,Sem defeito,Perfeito estado,Seca,Perfeito estado,Faixa de pedestre,Outras,,Dupla,Não existe,,
2019-12-11,10:45:00,SEM VÍTIMA,FINALIZADA,PINA,RUA ONDINA,51 A,,AIKA SUSHI,RUA ONDINA,51 A,AIKA SUSHI,PINA,,CIDADE,ABALROAMENTO LONGITUDINAL,COLISÃO SEM VITIMAS,2,,,,,,,,,0,,Cruzamento,Bom,Não existe,Perfeito estado,Seca,Perfeito estado,Não existe,Não há placas,20 km/h,Única,Não existe,,
2019-12-11,11:05:00,SEM VÍTIMA,FINALIZADA,DERBY,RUA HENRIQUE DIAS,,AV GOVERNADOR AGAMENON MAGALHAES,SOB O SEMÁFORO Nº 068 / AO LADO DA FARMÁCIA PAGUE MENOS,RUA HENRIQUE DIAS,,SOB O SEMÁFORO Nº 068 / AO LADO DA FARMÁCIA PAGUE MENOS,DERBY,68,,ABALROAMENTO LONGITUDINAL,COLISÃO SEM VITIMAS,2,,,,,,,,,0,,Cruzamento,Bom,Sem defeito,Perfeito estado,Seca,Perfeito estado,Faixa de pedestre,Outras,60 km/h,Dupla,Não existe,,
2019-12-11,11:26:00,SEM VÍTIMA,FINALIZADA,SÃO JOSÉ,RUA IMPERIAL,1287,,PRÓXIMO AO VIADUTO CAPITÃO TEMUDO,RUA IMPERIAL,1287,PRÓXIMO AO VIADUTO CAPITÃO TEMUDO,SÃO JOSÉ,,SUBURBIO,ABALROAMENTO LONGITUDINAL,SEM VITIMAS,1,1,,,,,,,,0,,Longo da via,Bom,Não existe,Perfeito estado,Seca,Perfeito estado,Não existe,Não há placas,,Única,Faixa seccionada,,
2019-12-11,11:32:00,SEM VÍTIMA,FINALIZADA,MADALENA,AV VISCONDE DE ALBUQUERQUE,796,,,AV VISCONDE DE ALBUQUERQUE,796,,MADALENA,,SUBURBIO,COLISÃO TRASEIRA,COLISÃO SEM VITIMAS,1,,,,,,1,,,0,,Longo da via,Bom,Não existe,Perfeito estado,Seca,Perfeito estado,Não existe,R-6a,,Única,Faixa seccionada,,
2019-12-11,11:42:00,SEM VÍTIMA,FINALIZADA,IMBIRIBEIRA,AV SUL,268,RUA JOAQUIM BANDEIRA,,AV SUL,268,,IMBIRIBEIRA,,CIDADE,ABALROAMENTO LONGITUDINAL,DOIS AUTOS,2,,,,,,,,,0,,Cruzamento,Bom,Não existe,Incompleta,Seca,Perfeito estado,Não existe,Não há placas,,Única,Faixa seccionada,,
2019-12-11,12:05:00,SEM VÍTIMA,FINALIZADA,BOA VIAGEM,AV CONSELHEIRO AGUIAR,5025,RUA BARAO DE SOUZA LEAO,PRAÇA DE BOA VIAGEM,AV CONSELHEIRO AGUIAR,5025,PRAÇA DE BOA VIAGEM,BOA VIAGEM,,CIDADE,ABALROAMENTO LONGITUDINAL,COLISÃO SEM VITIMA,1,,,,,,,,,0,,Longo da via,Bom,Não existe,Perfeito estado,Seca,Perfeito estado,Não existe,Não há placas,40 km/h,Única,Faixa seccionada,,
2019-12-11,12:08:00,COM VÍTIMA,FINALIZADA,IBURA,AV DOIS RIOS,790-A,,PROX AO SUPERMERCADO SERVE BEM,AV DOIS RIOS,790-A,PROX AO SUPERMERCADO SERVE BEM,IBURA,,CIDADE,TOMBAMENTO,CONDUTOR PERDEU O CONTROLE E CAIU DA MOTOCICLETA,,1,,,,,,,,2,,Longo da via,Bom,Não existe,Perfeito estado,Seca,Mal conservada,Não existe,R-6a,,Dupla,Faixa contínua,,
2019-12-11,12:17:00,SEM VÍTIMA,FINALIZADA,TORRE,RUA VITORIANO PALHARES,148,RUA PROFESSOR TRAJANO DE MENDONCA,RESTAURANTE DOM GALETUS,RUA VITORIANO PALHARES,148,RESTAURANTE DOM GALETUS,TORRE,,,ABALROAMENTO TRANSVERSAL,COLISÃO SEM VITIMA,2,,,,,,,,,0,,,Bom,Não existe,Perfeito estado,Seca,Perfeito estado,Não existe,Outras,,Dupla,Não existe,,
2019-12-11,12:26:00,COM VÍTIMA,FINALIZADA,TORRE,RUA ANA NERY,6,,PROX. AO ATACADO DOS PRESENTES. AO LADO DA BARBEARIA MEU CHEFE.,RUA ANA NERY,6,PROX. AO ATACADO DOS PRESENTES. AO LADO DA BARBEARIA MEU CHEFE.,TORRE,,NORTE,ABALROAMENTO LONGITUDINAL,AUTO E MOTO.,1,1,,,,,,,,1,,Longo da via,Bom,Não existe,Incompleta,Seca,Perfeito estado,Outros,Não há placas,,Dupla,Não existe,,
2019-12-11,12:56:00,SEM VÍTIMA,FINALIZADA,BOA VISTA,RUA JOAO FERNANDES VIEIRA,769,,EM FRENTE A IGREJA DA CAPUNGA,RUA JOAO FERNANDES VIEIRA,769,EM FRENTE A IGREJA DA CAPUNGA,BOA VISTA,,CIDADE,ABALROAMENTO LONGITUDINAL,COLISÃO SEM VÍTIMA,,,,,,2,,,,0,,Longo da via,Bom,Não existe,Perfeito estado,Seca,Perfeito estado,Não existe,R-6a,40 km/h,Única,Não existe,,
2019-12-11,13:00:00,SEM VÍTIMA,CANCELADA,ÁGUA FRIA,AV BEBERIBE,,,EM FRENTE DO SUPERMERCADO SOBERANO,AV BEBERIBE,,EM FRENTE DO SUPERMERCADO SOBERANO,ÁGUA FRIA,,,COLISÃO,COLISÃO SEM VITIMA,1,1,,,,,,,,0,,,,,,,,,,,,,,
2019-12-11,13:03:00,SEM VÍTIMA,FINALIZADA,SANTANA,RUA JORGE GOMES DE SA,,RUA SAMUEL FARIAS,ESQUINA DAS RUAS,RUA JORGE GOMES DE SA,,ESQUINA DAS RUAS,SANTANA,,,ABALROAMENTO TRANSVERSAL,COLISAO ENTRE AUTO E TAXI S/V,2,,,,,,,,,0,,,Bom,Não existe,Perfeito estado,Seca,Perfeito estado,,Outras,,Dupla,Não existe,,
2019-12-11,13:04:00,COM VÍTIMA,FINALIZADA,ARRUDA,AV PROFESSOR JOSE DOS ANJOS,186,RUA PETRONILA BOTELHO,NO SEMÁFORO 554/ SENTIDO AV NORTE,AV PROFESSOR JOSE DOS ANJOS,186,NO SEMÁFORO 554/ SENTIDO AV NORTE,ARRUDA,554,CIDADE,COLISÃO TRASEIRA,COLISÃO COM VÍTIMA ENTRE MICRO-ÔNIBUS E MOTOCICLETA.,,1,,,,1,,,,1,,Cruzamento,Bom,Sem defeito,Perfeito estado,Seca,Perfeito estado,Faixa de pedestre,R-6a,40 km/h,Dupla,Faixa seccionada,,
2019-12-11,13:06:00,SEM VÍTIMA,FINALIZADA,DERBY,AV GOVERNADOR AGAMENON MAGALHAES,,AV GOVERNADOR CARLOS DE LIMA CAVALCANTI,EM FRENTE A CLÍNICA PRONTO PELE,AV GOVERNADOR AGAMENON MAGALHAES,,EM FRENTE A CLÍNICA PRONTO PELE,DERBY,75,SUBURBIO,COLISÃO TRASEIRA,COLISÃO SEM VITIMA,3,,,,,,,,,0,,Longo da via,Bom,Sem defeito,Perfeito estado,Seca,Perfeito estado,,Não há placas,60 km/h,Única,Faixa seccionada,,
2019-12-11,13:28:00,SEM VÍTIMA,CANCELADA,ILHA DO LEITE,AV GOVERNADOR AGAMENON MAGALHAES,,,LADO OPOSTO DO HOSP. PORTUGUES / NA DESCIDA DO VIA DULTO,AV GOVERNADOR AGAMENON MAGALHAES,,LADO OPOSTO DO HOSP. PORTUGUES / NA DESCIDA DO VIA DULTO,ILHA DO LEITE,,CIDADE,COLISÃO,COLISÃO SEM VITIMA,1,1,,,,,,,,0,,,,,,,,,,,,,,
2019-12-11,14:03:00,SEM VÍTIMA,FINALIZADA,PINA,AV HERCULANO BANDEIRA,,AV CONSELHEIRO AGUIAR,SEMÁFORO 138,AV HERCULANO BANDEIRA,,SEMÁFORO 138,PINA,,,ABALROAMENTO LONGITUDINAL,COLISÃO SEM VITIMA,1,,,,,,1,,,0,,Cruzamento,Bom,Sem defeito,Perfeito estado,Seca,Perfeito estado,Agente,,60 km/h,Única,Canteiro central,,
2019-12-11,14:09:00,SEM VÍTIMA,FINALIZADA,PINA,AV CONSELHEIRO AGUIAR,323,RUA ONDINA,,AV CONSELHEIRO AGUIAR,323,,PINA,,CIDADE,COLISÃO TRASEIRA,COLISAO ENTRE ONIBUS E AUTO S/V,1,,,,,1,,,,0,,,Bom,Não existe,Perfeito estado,Seca,Perfeito estado,Não existe,R-6a,60 km/h,Única,Faixa contínua,Faixa seccionada,
2019-12-11,14:12:00,SEM VÍTIMA,FINALIZADA,LINHA DO TIRO,RUA PROFESSOR JOSE AMARINO DOS REIS,112,,IGREJA ASSEMBLEIA DE DEUS,RUA PROFESSOR JOSE AMARINO DOS REIS,112,IGREJA ASSEMBLEIA DE DEUS,LINHA DO TIRO,,SUBURBIO,ABALROAMENTO LONGITUDINAL,COLISÃO SEM VITIMA,1,,,,,1,,,,0,,Longo da via,Bom,Não existe,Perfeito estado,Seca,Perfeito estado,Não existe,Outras,,Dupla,Não existe,,
2019-12-11,14:40:00,SEM VÍTIMA,FINALIZADA,SOLEDADE,AV JOAO DE BARROS,960,,LADO OPOSTO AO EMPRESARIAL BURLE MARX,AV JOAO DE BARROS,960,LADO OPOSTO AO EMPRESARIAL BURLE MARX,SOLEDADE,,SUBURBIO,COLISÃO TRASEIRA,COLISÃO SEM VITIMA,2,,,,,,,,,0,,Longo da via,Bom,Sem defeito,Perfeito estado,Seca,Perfeito estado,Faixa de pedestre,,,Dupla,Canteiro central,,
2019-12-11,14:42:00,SEM VÍTIMA,FINALIZADA,SANTO ANTÔNIO,PRC DA REPUBLICA,,,EM FRENTE AO BATALHÃO DE GUARDA,PRC DA REPUBLICA,,EM FRENTE AO BATALHÃO DE GUARDA,SANTO ANTÔNIO,,,COLISÃO,COLISÃO SEM VÍTIMA,1,,,,,,,,1,0,,,,,,,,,,,,,,
2019-12-11,15:44:00,SEM VÍTIMA,FINALIZADA,IMBIRIBEIRA,AV MARECHAL MASCARENHAS DE MORAES,,RUA CAFESOPOLIS,,AV MARECHAL MASCARENHAS DE MORAES,,,IMBIRIBEIRA,288,CIDADE,ABALROAMENTO TRANSVERSAL,COLISÃO SEM VITIMA,1,,,,,1,,,,0,,,Bom,Sem defeito,Perfeito estado,Seca,Perfeito estado,,Outras,60 km/h,Dupla,Canteiro central,,
2019-12-11,15:45:00,SEM VÍTIMA,FINALIZADA,CASA AMARELA,LGO DE CASA AMARELA,,,M E S COLCHÕES,LGO DE CASA AMARELA,,M E S COLCHÕES,CASA AMARELA,,SUBURBIO,ABALROAMENTO TRANSVERSAL,COLISAO ENTRE DOIS AUTOS S/V,2,,,,,,,,,0,,Longo da via,Bom,Não existe,Incompleta,Seca,Perfeito estado,Não existe,Outras,20 km/h,Única,Não existe,,
2019-12-11,15:47:00,SEM VÍTIMA,FINALIZADA,BOA VIAGEM,AV CONSELHEIRO AGUIAR,,,EM FRENTE AO ESTACIONAMENTO SANPARK,AV CONSELHEIRO AGUIAR,,EM FRENTE AO ESTACIONAMENTO SANPARK,BOA VIAGEM,,,COLISÃO,COLISÃO SEM VITIMA,2,,,,,,,,,0,,,,,,,,,,,,,,
2019-12-11,16:05:00,SEM VÍTIMA,FINALIZADA,SÃO JOSÉ,C SANTA RITA,,,APÓS AS TORRES GEMEAS,C SANTA RITA,,APÓS AS TORRES GEMEAS,SÃO JOSÉ,,SUBURBIO,COLISÃO TRASEIRA,COLISÃO SEM VITIMA,1,,,,,,1,,,0,,Longo da via,Bom,Não existe,Perfeito estado,Seca,Perfeito estado,,Não há placas,,Dupla,Faixa seccionada,,
2019-12-11,16:09:00,SEM VÍTIMA,CANCELADA,PAISSANDU,RUA PAISSANDU,,AV GOVERNADOR AGAMENON MAGALHAES,PROX AO HOSPITAL PORTUGUES NO SEMAFORO 069,RUA PAISSANDU,,PROX AO HOSPITAL PORTUGUES NO SEMAFORO 069,PAISSANDU,,,COLISÃO,COLISAO ENTRE DOIS AUTOS S/V,2,,,,,,,,,0,,,,,,,,,,,,,,
2019-12-11,16:52:00,SEM VÍTIMA,FINALIZADA,SANTO AMARO,AV CRUZ CABUGA,,,PRÓXIMO A PARADA DO BRT,AV CRUZ CABUGA,,PRÓXIMO A PARADA DO BRT,SANTO AMARO,457,CIDADE,ABALROAMENTO TRANSVERSAL,COLISÃO SEM VITIMA,1,1,,,,,,,,0,,Longo da via,Bom,Sem defeito,Perfeito estado,Seca,Perfeito estado,Faixa de pedestre,R-6a,,Dupla,Faixa contínua,,
2019-12-11,16:57:00,SEM VÍTIMA,FINALIZADA,ILHA DO LEITE,RUA GENERAL JOAQUIM INACIO,,,EM FRENTE AO POSTO DE GASOLINA IPIRANGA,RUA GENERAL JOAQUIM INACIO,,EM FRENTE AO POSTO DE GASOLINA IPIRANGA,ILHA DO LEITE,653,SUBURBIO,ABALROAMENTO LONGITUDINAL,COLISAO NETRE AUTO E ONIBUS S/V,1,,,,,1,,,,0,,Longo da via,Bom,Sem defeito,Perfeito estado,Seca,Perfeito estado,Faixa de pedestre,,,Única,Faixa seccionada,,
2019-12-11,17:00:00,SEM VÍTIMA,CANCELADA,ESPINHEIRO,RUA DO ESPINHEIRO,195,,EM FRENTE AO EDIF. PRAIA DAS OLIVEIRAS E A CLINICA DE FRATURAS,RUA DO ESPINHEIRO,195,EM FRENTE AO EDIF. PRAIA DAS OLIVEIRAS E A CLINICA DE FRATURAS,ESPINHEIRO,,,COLISÃO,COLISÃO SEM VITIMA,2,,,,,,,,,0,,,,,,,,,,,,,,
2019-12-11,17:04:00,SEM VÍTIMA,FINALIZADA,CORDEIRO,AV CAXANGA,2544,,AO LADO DA FARMÁCIA DROGASIL,AV CAXANGA,2544,AO LADO DA FARMÁCIA DROGASIL,CORDEIRO,,SUBURBIO,COLISÃO TRASEIRA,COLISÃO SEM VITIMA,1,1,,,,,,,,0,,Longo da via,Bom,Sem defeito,Perfeito estado,Seca,Perfeito estado,Não existe,R-6a,,Dupla,Canteiro central,,
2019-12-11,17:17:00,SEM VÍTIMA,FINALIZADA,TORRE,RUA JOSE BONIFACIO,339,,ASFABE,RUA JOSE BONIFACIO,339,ASFABE,TORRE,,SUBURBIO,ABALROAMENTO LONGITUDINAL,COLISAO ENTRE ONIBUS E AUTO S/V,1,,,,,1,,,,0,,Longo da via,Bom,Não existe,Perfeito estado,Seca,Perfeito estado,Não existe,Outras,,Única,Faixa contínua,Faixa seccionada,
2019-12-11,17:30:00,SEM VÍTIMA,FINALIZADA,BOA VIAGEM,AV ENGENHEIRO DOMINGOS FERREIRA,4650,,,AV ENGENHEIRO DOMINGOS FERREIRA,4650,,BOA VIAGEM,,SUBURBIO,ABALROAMENTO LONGITUDINAL,COLISÃO SEM VÍTIMA,1,,,,,1,,,,0,,Longo da via,Bom,Não existe,Perfeito estado,Seca,Perfeito estado,Não existe,Não há placas,,Única,Faixa seccionada,,
2019-12-11,18:39:00,SEM VÍTIMA,CANCELADA,TAMARINEIRA,EST DO ARRAIAL,2405,RUA JOSEPH TURTON,ENF A FARMACIA SANDRA,EST DO ARRAIAL,2405,ENF A FARMACIA SANDRA,TAMARINEIRA,,,COLISÃO,TRAIBLAZER X VIRTUS,2,,,,,,,,,0,,,,,,,,,,,,,,
2019-12-11,18:53:00,SEM VÍTIMA,FINALIZADA,IPSEP,AV RECIFE,,AV SENADOR ROBERT KENNEDY,,AV RECIFE,,,IPSEP,319,,COLISÃO TRASEIRA,VERSA X PRISMA,2,,,,,,,,,0,,Cruzamento,Bom,Sem defeito,Perfeito estado,Seca,Perfeito estado,Faixa de retenção,Não há placas,,Dupla,Faixa seccionada,Canteiro central,
2019-12-11,18:59:00,SEM VÍTIMA,FINALIZADA,MADALENA,RUA JANUARIO BARBOSA,,RUA J A DA SILVEIRA,EM FRENTE A BARBEARIA SÃO JORGE,RUA JANUARIO BARBOSA,,EM FRENTE A BARBEARIA SÃO JORGE,MADALENA,,,ABALROAMENTO TRANSVERSAL,COLISAO SEM VITIMAS,2,,,,,,,,,0,,Cruzamento,Bom,Não existe,Perfeito estado,Seca,Perfeito estado,Não existe,Placas Pare,,Dupla,Não existe,,
2019-12-11,20:09:00,SEM VÍTIMA,FINALIZADA,BOA VIAGEM,RUA BARAO DE SOUZA LEAO,,AV BOA VIAGEM,PRACINHA DE BOA VIAGEM,RUA BARAO DE SOUZA LEAO,,PRACINHA DE BOA VIAGEM,BOA VIAGEM,,SUBURBIO,ABALROAMENTO LONGITUDINAL,COLISAO SEM VITIMAS,1,,,,,1,,,,0,,Longo da via,Bom,Não existe,Perfeito estado,Seca,Perfeito estado,Não existe,Não há placas,,Única,Faixa seccionada,,
2019-12-11,20:35:00,SEM VÍTIMA,FINALIZADA,SAN MARTIN,AV GENERAL SAN MARTIN,,RUA MINEIROLANDIA,,AV GENERAL SAN MARTIN,,,SAN MARTIN,250,SUBURBIO,ABALROAMENTO TRANSVERSAL,ONIX X MOBI,2,,,,,,,,,0,,Cruzamento,Bom,Sem defeito,Ilegível,Seca,Mal conservada,Faixa de pedestre,Não há placas,,Única,Faixa seccionada,,