data,hora,natureza_acidente,situacao,bairro,endereco,numero,detalhe_endereco_acidente,complemento,endereco_cruzamento,numero_cruzamento,referencia_cruzamento,bairro_cruzamento,num_semaforo,sentido_via,tipo,descricao,auto,moto,ciclom,ciclista,pedestre,onibus,caminhao,viatura,outros,vitimas,vitimasfatais,acidente_verificado,tempo_clima,situacao_semaforo,sinalizacao,condicao_via,conservacao_via,ponto_controle,situacao_placa,velocidade_max_via,mao_direcao,divisao_via1,divisao_via2,divisao_via3
2019-12-11,23:22:00,SEM VÍTIMA,FINALIZADA,JOANA BEZERRA,RUA DOM PAULO II,,,CAPITÃO TEMUDO AO LADO DA ACADEMIA DA CIDADE,RUA DOM PAULO II,,CAPITÃO TEMUDO AO LADO DA ACADEMIA DA CIDADE,JOANA BEZERRA,,,COLISÃO TRASEIRA,CLASSIC X HB 20,2,,,,,,,,,0,,Longo da via,Bom,Não existe,Perfeito estado,Seca,Perfeito estado,Não existe,Outras,,Dupla,Faixa seccionada,,
2019-12-11,23:49:00,SEM VÍTIMA,FINALIZADA,DOIS UNIDOS,AV HILDEBRANDO DE VASCONCELOS,,,,AV HILDEBRANDO DE VASCONCELOS,,,DOIS UNIDOS,,SUBURBIO,COLISÃO FRONTAL,HONDA CIVIC X,2,,,,,,,,,0,,Longo da via,Bom,Não existe,Ilegível,Seca,Mal conservada,Não existe,Não há placas,,Dupla,Não existe,,
2019-12-12,07:09:00,COM VÍTIMA,FINALIZADA,TAMARINEIRA,RUA CONEGO BARATA,,,EM FRENTE A FERRERA COSTA / SENT AFOGADOS,RUA CONEGO BARATA,,EM FRENTE A FERRERA COSTA / SENT AFOGADOS,TAMARINEIRA,,SUBURBIO,COLISÃO COM CICLISTA,MOTO E BICICLETA,1,,,1,,,,,,1,,Longo da via,Bom,Não existe,Perfeito estado,Seca,Perfeito estado,,,,Dupla,Canteiro central,,
2019-12-12,08:09:00,COM VÍTIMA,FINALIZADA,TAMARINEIRA,RUA CONEGO BARATA,,,E/F AO HOSPITAL CORREIA PICANSSO,RUA CONEGO BARATA,,E/F AO HOSPITAL CORREIA PICANSSO,TAMARINEIRA,,,COLISÃO COM CICLISTA,COLISÃO C/VITIMA ENTRE UMA MOTO E UM CICLISTA,,1,,1,,,,,,1,,,,,,,,,,,,,,
2019-12-12,08:10:00,SEM VÍTIMA,FINALIZADA,BOA VISTA,AV JOAO DE BARROS,668,,EM FRENTE A ASSEMBLEIA LEGISLATIVA ANEXO 4  SENT. CIDADE,AV JOAO DE BARROS,668,EM FRENTE A ASSEMBLEIA LEGISLATIVA ANEXO 4  SENT. CIDADE,BOA VISTA,,,COLISÃO,DOIS AUTOS,2,,,,,,,,,0,,,,,,,,,,,,,,
2019-12-12,08:14:00,SEM VÍTIMA,FINALIZADA,DERBY,AV GOVERNADOR AGAMENON MAGALHAES,,,E/F AO HOSPITAL DA RESTAURAÇÃO,AV GOVERNADOR AGAMENON MAGALHAES,,E/F AO HOSPITAL DA RESTAURAÇÃO,DERBY,,,ABALROAMENTO LONGITUDINAL,COLISÃO S/VITIMA ENTRE UM CAMINHÃO E UM AUTO,1,,,,,,1,,,0,,Longo da via,Bom,,Perfeito estado,Seca,Perfeito estado,,,60 km/h,Dupla,Faixa seccionada,,
2019-12-12,08:19:00,SEM VÍTIMA,FINALIZADA,IMBIRIBEIRA,AV MARECHAL MASCARENHAS DE MORAES,,,HONDA MARAVILHA MOTOS,AV MARECHAL MASCARENHAS DE MORAES,,HONDA MARAVILHA MOTOS,IMBIRIBEIRA,631,CIDADE,COLISÃO TRASEIRA,DOIS AUTOS,2,,,,,,,,,0,,Longo da via,Bom,Sem defeito,Perfeito estado,Seca,Perfeito estado,Faixa de retenção,Não há placas,60 km/h,Dupla,Canteiro central,,
2019-12-12,08:44:00,SEM VÍTIMA,FINALIZADA,CASA AMARELA,AV NORTE,6500,,LADO OPOSTO AO HOSPITAL BARROS LIMA,AV NORTE,6500,LADO OPOSTO AO HOSPITAL BARROS LIMA,CASA AMARELA,256,SUBURBIO,COLISÃO TRASEIRA,DOIS AUTOS,2,,,,,,,,,0,,Longo da via,Bom,Sem defeito,Perfeito estado,Seca,Perfeito estado,Faixa de pedestre,Outras,,Dupla,Canteiro central,,
2019-12-12,09:08:00,SEM VÍTIMA,FINALIZADA,AFOGADOS,RUA PROFESSOR AUGUSTO WANDERLEY FILHO,60,RUA MOTOCOLOMBO,TRT TRIBUNAL REGIONAL DO TRABALHO,RUA PROFESSOR AUGUSTO WANDERLEY FILHO,60,TRT TRIBUNAL REGIONAL DO TRABALHO,AFOGADOS,,CIDADE,ABALROAMENTO LONGITUDINAL,CAMINHÃO E AUTO,1,,,,,,1,,,0,,Longo da via,Bom,Sem defeito,Perfeito estado,Seca,Perfeito estado,Faixa de pedestre,Não há placas,,Única,Faixa seccionada,,
2019-12-12,09:12:00,SEM VÍTIMA,FINALIZADA,BOA VIAGEM,RUA AMALIA BERNARDINO DE SOUZA,1326,RUA RIBEIRO DE BRITO,PRÓXIMO A UNINASSAU,RUA AMALIA BERNARDINO DE SOUZA,1326,PRÓXIMO A UNINASSAU,BOA VIAGEM,,SUBURBIO,ABALROAMENTO LONGITUDINAL,SEM VITIMAS,1,1,,,,,,,,0,,Longo da via,Bom,Não existe,Não existente,Seca,Perfeito estado,Agente,Não há placas,30 km/h,Dupla,Não existe,,
2019-12-12,09:30:00,SEM VÍTIMA,FINALIZADA,GRAÇAS,AV GOVERNADOR AGAMENON MAGALHAES,172,,EM FRENTE AO CLUBE PORTUGUÊS,AV GOVERNADOR AGAMENON MAGALHAES,172,EM FRENTE AO CLUBE PORTUGUÊS,GRAÇAS,173,SUBURBIO,ABALROAMENTO LONGITUDINAL,COLISÃO S/ VITIMAS ENTRE DOIS AUTOS,2,,,,,,,,,0,,Longo da via,Bom,Sem defeito,Perfeito estado,Seca,Perfeito estado,Agente,Outras,60 km/h,Dupla,Faixa seccionada,,
2019-12-12,09:43:00,SEM VÍTIMA,FINALIZADA,SANTO ANTÔNIO,RUA SIQUEIRA CAMPOS,,,AO LADO DOS CORREIOS,RUA SIQUEIRA CAMPOS,,AO LADO DOS CORREIOS,SANTO ANTÔNIO,,,COLISÃO,DOIS AUTOS,2,,,,,,,,,0,,Longo da via,Bom,Não existe,Não existente,Seca,Perfeito estado,Não existe,R-6b,,Única,Não existe,,
2019-12-12,09:50:00,SEM VÍTIMA,FINALIZADA,BOA VISTA,AV GOVERNADOR AGAMENON MAGALHAES,,AV RUI BARBOSA,,AV GOVERNADOR AGAMENON MAGALHAES,,,BOA VISTA,37,,ABALROAMENTO TRANSVERSAL,ONIBUS E AUTO GM,1,,,,,1,,,,0,,Cruzamento,Bom,Sem defeito,Perfeito estado,Seca,Perfeito estado,Faixa de pedestre,,60 km/h,Dupla,Canteiro central,,
2019-12-12,10:02:00,SEM VÍTIMA,FINALIZADA,DERBY,AV ENGENHEIRO AGAMENON DE MAGALHAES MELO,,,EM FRENTE AO CLUBE PORTUGUÊS,AV ENGENHEIRO AGAMENON DE MAGALHAES MELO,,EM FRENTE AO CLUBE PORTUGUÊS,DERBY,,,COLISÃO,COLISÃO SEM VÍTIMA,2,,,,,,,,,0,,,,,,,,,,,,,,
2019-12-12,10:35:00,SEM VÍTIMA,FINALIZADA,ESPINHEIRO,RUA CONS PORTELA,210,,POSTO PETRONAL,RUA CONS PORTELA,210,POSTO PETRONAL,ESPINHEIRO,,CIDADE,COLISÃO TRASEIRA,SEM VITIMAS,2,,,,,,,,,0,,Longo da via,Bom,Não existe,Perfeito estado,Seca,Perfeito estado,Não existe,R-6a,,Única,Faixa seccionada,,
2019-12-12,10:45:00,COM VÍTIMA,FINALIZADA,IMBIRIBEIRA,PRC MINISTRO SALGADO FILHO,,,EM FRENTE AO AEROPORTO ANTIGO,PRC MINISTRO SALGADO FILHO,,EM FRENTE AO AEROPORTO ANTIGO,IMBIRIBEIRA,,SUBURBIO,ABALROAMENTO LONGITUDINAL,COM DUAS VITIMAS CTTU NO LOCAL  O SEGUNDO VEÍCULO EVADIU-SE DO LOCAL.,,1,,,,,,,,2,,Longo da via,Bom,Não existe,Perfeito estado,Seca,Perfeito estado,,Não há placas,40 km/h,Única,Faixa seccionada,,
2019-12-12,11:17:00,SEM VÍTIMA,FINALIZADA,AREIAS,AV DR JOSE RUFINO,1807,,EM FRENTE AO Nº 1807,AV DR JOSE RUFINO,1807,EM FRENTE AO Nº 1807,AREIAS,,,COLISÃO TRASEIRA,MOTO E AUTO,1,1,,,,,,,,0,,Longo da via,Bom,Não existe,Perfeito estado,Seca,Perfeito estado,Não existe,,60 km/h,Dupla,Faixa contínua,Faixa seccionada,
2019-12-12,11:27:00,SEM VÍTIMA,FINALIZADA,BOA VISTA,AV GOVERNADOR AGAMENON MAGALHAES,,AV RUI BARBOSA,SOB O SEMÁFORO 037,AV GOVERNADOR AGAMENON MAGALHAES,,SOB O SEMÁFORO 037,BOA VISTA,37,,ABALROAMENTO TRANSVERSAL,COLISÃO S/VITIMAS ENTRE DOIS AUTOS,2,,,,,,,,,0,,Cruzamento,Bom,Sem defeito,Perfeito estado,Seca,Perfeito estado,Faixa de pedestre,,,Dupla,Canteiro central,,
2019-12-12,11:42:00,SEM VÍTIMA,FINALIZADA,MADALENA,RUA BENFICA,197,,ESCOLA CONECTA,RUA BENFICA,197,ESCOLA CONECTA,MADALENA,,CIDADE,ABALROAMENTO LONGITUDINAL,DOIS AUTOS,2,,,,,,,,,0,,Longo da via,Bom,Sem defeito,Perfeito estado,Seca,,Faixa de pedestre,Outras,,Única,Faixa seccionada,,
2019-12-12,11:44:00,COM VÍTIMA,FINALIZADA,TAMARINEIRA,EST DO ARRAIAL,2405,RUA JOSEPH TURTON,EM FRENTE AO EDIFICIO VITORIA COLONIAL,EST DO ARRAIAL,2405,EM FRENTE AO EDIFICIO VITORIA COLONIAL,TAMARINEIRA,,SUBURBIO,ABALROAMENTO LONGITUDINAL,AUTO X MOTO,1,1,,,,,,,,1,,Longo da via,Bom,Não existe,Perfeito estado,Seca,Perfeito estado,Não existe,R-6a,40 km/h,,Faixa seccionada,,
2019-12-12,12:04:00,SEM VÍTIMA,FINALIZADA,IMBIRIBEIRA,AV GENERAL MAC ARTHUR,,AV SUL,AO LADO DA IGREJA ASSEMBLEIA DE DEUS,AV GENERAL MAC ARTHUR,,AO LADO DA IGREJA ASSEMBLEIA DE DEUS,IMBIRIBEIRA,,SUBURBIO,ABALROAMENTO LONGITUDINAL,COLISÃO SEM VITIMA,1,1,,,,,,,,0,,Cruzamento,Bom,Não existe,Perfeito estado,Seca,Perfeito estado,Faixa de pedestre,Placas Pare,,Única,Faixa seccionada,,
2019-12-12,12:07:00,COM VÍTIMA,DUPLICIDADE,TAMARINEIRA,EST DO ARRAIAL,2405,,EM FRENTE AO EDIFICIO VITORIA COLONIAL,EST DO ARRAIAL,2405,EM FRENTE AO EDIFICIO VITORIA COLONIAL,TAMARINEIRA,,,COLISÃO,COLISÃO COM VÍTIMA,1,1,,,,,,,,1,,,,,,,,,,,,,,
2019-12-12,12:14:00,SEM VÍTIMA,FINALIZADA,MADALENA,RUA REAL DA TORRE,535,,PADARIA PÃO MASSA,RUA REAL DA TORRE,535,PADARIA PÃO MASSA,MADALENA,,,ABALROAMENTO TRANSVERSAL,COLISÃO SEM VITIMA,2,,,,,,,,,0,,Longo da via,Bom,Não existe,Perfeito estado,Seca,Perfeito estado,Faixa de pedestre,,30 km/h,Única,Não existe,,
2019-12-12,12:19:00,SEM VÍTIMA,CANCELADA,CORDEIRO,AV MARIO ALVARES PEREIRA DE LYRA,,,NO SEMÁFORO 134,AV MARIO ALVARES PEREIRA DE LYRA,,NO SEMÁFORO 134,CORDEIRO,134,,COLISÃO,COLISÃO SEM VITIMA,1,1,,,,,,,,0,,,,,,,,,,,,,,
2019-12-12,12:27:00,SEM VÍTIMA,FINALIZADA,CASA AMARELA,RUA PADRE LEMOS,,EST DO ARRAIAL,SEMÁFORO 404 - MERCADO DE CASA AMARELA,RUA PADRE LEMOS,,SEMÁFORO 404 - MERCADO DE CASA AMARELA,CASA AMARELA,404,SUBURBIO,COLISÃO TRASEIRA,COLISÃO SEM VITIMA,2,,,,,,,,,0,,Longo da via,Bom,Sem defeito,Perfeito estado,Seca,Perfeito estado,Faixa de pedestre,,40 km/h,Dupla,Faixa contínua,,
2019-12-12,12:30:00,SEM VÍTIMA,FINALIZADA,BOA VIAGEM,AV BOA VIAGEM,306,,,AV BOA VIAGEM,306,,BOA VIAGEM,119,CIDADE,COLISÃO TRASEIRA,COLISÃO SEM VITIMA,1,,,,,,1,,,0,,Longo da via,Bom,Sem defeito,Perfeito estado,Seca,Perfeito estado,Outros,Outras,60 km/h,Única,Faixa seccionada,,
2019-12-12,12:39:00,SEM VÍTIMA,FINALIZADA,DERBY,RUA GUILHERME PINTO,325,,,RUA GUILHERME PINTO,325,,DERBY,,CIDADE,COLISÃO TRASEIRA,COLISAO ENTRE DOIS AUTOS S/V,2,,,,,,,,,0,,Longo da via,Bom,Não existe,Incompleta,Seca,Perfeito estado,Não existe,R-6a,20 km/h,Única,Não existe,,
2019-12-12,13:23:00,SEM VÍTIMA,FINALIZADA,BOA VIAGEM,RUA RIBEIRO DE BRITO,,AV ENGENHEIRO DOMINGOS FERREIRA,,RUA RIBEIRO DE BRITO,,,BOA VIAGEM,155,,ABALROAMENTO LONGITUDINAL,COLISÃO SEM VITIMA,2,,,,,,,,,0,,Cruzamento,Bom,Sem defeito,Perfeito estado,Seca,Perfeito estado,Faixa de pedestre,R-6a,,Única,Faixa contínua,,
2019-12-12,13:25:00,SEM VÍTIMA,FINALIZADA,CAMPO GRANDE,RUA ODORICO MENDES,839,AV GOVERNADOR AGAMENON MAGALHAES,ORLANDO PEÇAS,RUA ODORICO MENDES,839,ORLANDO PEÇAS,CAMPO GRANDE,,SUBURBIO,ABALROAMENTO TRANSVERSAL,COLISÃO SEM VITIMA,2,,,,,,,,,0,,Cruzamento,Bom,Não existe,Perfeito estado,Seca,Perfeito estado,Faixa de retenção,R-19,30 km/h,Única,Não existe,,
2019-12-12,13:49:00,SEM VÍTIMA,CANCELADA,IMBIRIBEIRA,AV MARECHAL MASCARENHAS DE MORAES,440,,AO LADO DA FLOR ARTE,AV MARECHAL MASCARENHAS DE MORAES,440,AO LADO DA FLOR ARTE,IMBIRIBEIRA,316,,COLISÃO,COLISÃO SEM VITIMA,,2,,,,,,,,0,,,,,,,,,,,,,,
2019-12-12,13:57:00,SEM VÍTIMA,FINALIZADA,DERBY,AV GOVERNADOR AGAMENON MAGALHAES,,,SOB O SEMÁFORO Nº 174,AV GOVERNADOR AGAMENON MAGALHAES,,SOB O SEMÁFORO Nº 174,DERBY,174,,ABALROAMENTO LONGITUDINAL,COISAO ENTRE AUTO E VAN S/T,1,,,,,,1,,,0,,Longo da via,Bom,Sem defeito,Perfeito estado,Seca,Perfeito estado,Faixa de pedestre,Outras,60 km/h,Dupla,Faixa seccionada,Canteiro central,Blocos
2019-12-12,13:58:00,SEM VÍTIMA,FINALIZADA,BOA VIAGEM,RUA DR JOAO GUILHERME DE P SOBRINHO,940,RUA ERNESTO DE PAULA SANTOS,EM FRENTE AO Nº 940 ( HOSPITAL UNIMED),RUA DR JOAO GUILHERME DE P SOBRINHO,940,EM FRENTE AO Nº 940 ( HOSPITAL UNIMED),BOA VIAGEM,,,ABALROAMENTO LONGITUDINAL,COLISÃO SEM VITIMA,2,,,,,,,,,0,,,Bom,Não existe,Não existente,Seca,Mal conservada,Não existe,R-6a,,Única,Não existe,,
2019-12-12,14:01:00,SEM VÍTIMA,FINALIZADA,PAISSANDU,AV PORTUGAL,25,RUA PACIFICO DOS SANTOS,AO LADO DO Nº 25,AV PORTUGAL,25,AO LADO DO Nº 25,PAISSANDU,,CIDADE,ABALROAMENTO TRANSVERSAL,COLISAO ENTRE DOIS AUTOS S/V VT 15 NO LOCAL,2,,,,,,,,,0,,Cruzamento,Bom,Não existe,Perfeito estado,Seca,Perfeito estado,Outros,Outras,,Dupla,Não existe,,
2019-12-12,14:11:00,SEM VÍTIMA,FINALIZADA,BOA VISTA,AV GOVERNADOR AGAMENON MAGALHAES,1387,,DROGASIL,AV GOVERNADOR AGAMENON MAGALHAES,1387,DROGASIL,BOA VISTA,174,,COLISÃO TRASEIRA,COLISÃO SEM VITIMA,2,,,,,,,,,0,,Longo da via,Bom,Sem defeito,Perfeito estado,Seca,Perfeito estado,Faixa de retenção,Não há placas,60 km/h,Dupla,Canteiro central,,
2019-12-12,14:36:00,SEM VÍTIMA,CANCELADA,SANTO AMARO,RUA DR CARLOS CHAGAS,136,,EM FRENTE A CENTRAL DE ALERGOLOGIA E PROXIMO AO OSWALDO CRUZ,RUA DR CARLOS CHAGAS,136,EM FRENTE A CENTRAL DE ALERGOLOGIA E PROXIMO AO OSWALDO CRUZ,SANTO AMARO,,,COLISÃO,COLISÃO SEM VÍTIMA,1,,,,,1,,,,0,,,,,,,,,,,,,,
2019-12-12,14:43:00,SEM VÍTIMA,FINALIZADA,BOA VIAGEM,AV BOA VIAGEM,2514,,,AV BOA VIAGEM,2514,,BOA VIAGEM,,CIDADE,COLISÃO TRASEIRA,COLISÃO SEM VITIMA,3,,,,,,,,,0,,Longo da via,Bom,Sem defeito,Perfeito estado,Seca,Perfeito estado,Não existe,Não há placas,60 km/h,Única,Faixa seccionada,,
2019-12-12,14:39:00,SEM VÍTIMA,FINALIZADA,PINA,AV DR DIRCEU VELLOSO TOSCANO DE BRITO,49,,PADARIA PANE,AV DR DIRCEU VELLOSO TOSCANO DE BRITO,49,PADARIA PANE,PINA,,SUBURBIO,ABALROAMENTO LONGITUDINAL,COLISAO ENTRE AUTO E MOTO S/V,1,1,,,,,,,,0,,Longo da via,Bom,Não existe,Perfeito estado,Seca,Perfeito estado,Faixa de pedestre,,,Única,Não existe,,
2019-12-12,14:51:00,COM VÍTIMA,FINALIZADA,SANTO AMARO,AV CRUZ CABUGA,1200,,EM FRENTE AO HOSPITAL NAVAL.,AV CRUZ CABUGA,1200,EM FRENTE AO HOSPITAL NAVAL.,SANTO AMARO,,SUBURBIO,ABALROAMENTO TRANSVERSAL,COLISAO ENTRE AUTO E MOTO COM VITIMA,1,1,,,,,,,,1,,Longo da via,Bom,Não existe,Perfeito estado,Seca,Perfeito estado,Não existe,Não há placas,,Dupla,Faixa contínua,Faixa seccionada,
2019-12-12,14:55:00,SEM VÍTIMA,FINALIZADA,IMBIRIBEIRA,AV MARECHAL MASCARENHAS DE MORAES,4204,,EM FRENTE A UPA DA IMBIRIBEIRA,AV MARECHAL MASCARENHAS DE MORAES,4204,EM FRENTE A UPA DA IMBIRIBEIRA,IMBIRIBEIRA,310,CIDADE,COLISÃO TRASEIRA,COLISAO ENTRE CAMINHAO E AUTO S/V,1,,,,,,1,,,0,,Longo da via,Bom,Sem defeito,Perfeito estado,Seca,Perfeito estado,Faixa de pedestre,,,Dupla,Canteiro central,,
2019-12-12,15:17:00,SEM VÍTIMA,FINALIZADA,IMBIRIBEIRA,AV MARECHAL MASCARENHAS DE MORAES,,,FIAT ITALIANA,AV MARECHAL MASCARENHAS DE MORAES,,FIAT ITALIANA,IMBIRIBEIRA,502,SUBURBIO,COLISÃO TRASEIRA,COLISÃO SEM VITIMA,2,,,,,,,,,0,,Longo da via,Bom,Sem defeito,Perfeito estado,Seca,Perfeito estado,Faixa de pedestre,Não há placas,60 km/h,Dupla,Canteiro central,,
2019-12-12,15:36:00,SEM VÍTIMA,FINALIZADA,BAIRRO DO RECIFE,CAIS DO APOLO,,,ESTACIONAMENTO ANEXO AO TRIBUNAL,CAIS DO APOLO,,ESTACIONAMENTO ANEXO AO TRIBUNAL,BAIRRO DO RECIFE,,SUBURBIO,ABALROAMENTO LONGITUDINAL,COLISÃO SEM VÍTIMA,1,,,,,1,,,,0,,Longo da via,Bom,Não existe,Perfeito estado,Seca,Perfeito estado,Não existe,Não há placas,40 km/h,Única,Faixa seccionada,,
2019-12-12,16:25:00,SEM VÍTIMA,FINALIZADA,ESTÂNCIA,AV RECIFE,5586,,POSTO BR,AV RECIFE,5586,POSTO BR,ESTÂNCIA,,SUBURBIO,ABALROAMENTO LONGITUDINAL,COLISÃO SEM VITIMA,2,,,,,,,,,0,,Longo da via,Bom,Não existe,Perfeito estado,Seca,Perfeito estado,Não existe,Não há placas,,Dupla,Canteiro central,,
2019-12-12,16:56:00,SEM VÍTIMA,CANCELADA,BONGI,AV GENERAL SAN MARTIN,1083,,EM FRENTE A CENTRAL DE DISTRIBUIÇÃO DOS CORREIOS,AV GENERAL SAN MARTIN,1083,EM FRENTE A CENTRAL DE DISTRIBUIÇÃO DOS CORREIOS,BONGI,,,COLISÃO,COLISÃO SEM VÍTIMA,2,,,,,,,,,0,,,,,,,,,,,,,,
2019-12-12,17:30:00,SEM VÍTIMA,CANCELADA,MADALENA,RUA LOPES DE CARVALHO,117,,AO LADO DO MADALENA CENTER,RUA LOPES DE CARVALHO,117,AO LADO DO MADALENA CENTER,MADALENA,,,COLISÃO,COLISÃO SEM VÍTIMA,1,,1,,,,,,,0,,,,,,,,,,,,,,
2019-12-12,17:44:00,SEM VÍTIMA,FINALIZADA,ÁGUA FRIA,RUA SAO BENTO,106,,JF RAÇÕES,RUA SAO BENTO,106,JF RAÇÕES,ÁGUA FRIA,,,COLISÃO TRASEIRA,COLISAO ENTRE DOIS ONIBUS S/V,,,,,,2,,,,0,,Longo da via,Bom,Não existe,Perfeito estado,Seca,Perfeito estado,Não existe,Não há placas,30 km/h,Única,Faixa seccionada,,
2019-12-12,18:23:00,SEM VÍTIMA,CANCELADA,AFOGADOS,RUA DA PAZ,241,,E/F A IGREJA UNIVERSAL,RUA DA PAZ,241,E/F A IGREJA UNIVERSAL,AFOGADOS,,,COLISÃO,COLISAO SEM VITIMAS,1,,,,,1,,,,0,,,,,,,,,,,,,,
2019-12-12,18:30:00,SEM VÍTIMA,FINALIZADA,MADALENA,AV ENGENHEIRO ABDIAS DE CARVALHO,252,RUA SENADOR FABIO DE BARROS,POSTO IPIRANGA DEPOIS DO MEC DONALD´S,AV ENGENHEIRO ABDIAS DE CARVALHO,252,POSTO IPIRANGA DEPOIS DO MEC DONALD´S,MADALENA,,,COLISÃO,NISSAN FRONTIER X STRADA,2,,,,,,,,,0,,,,,,,,,,,,,,
2019-12-12,18:46:00,SEM VÍTIMA,FINALIZADA,ESPINHEIRO,AV JOAO DE BARROS,1323,RUA MARQUES DO PARANA,,AV JOAO DE BARROS,1323,,ESPINHEIRO,339,SUBURBIO,ABALROAMENTO LONGITUDINAL,ONIBUS GLOBO X HB 20,1,,,,,1,,,,0,,Longo da via,Bom,Sem defeito,Perfeito estado,Seca,Perfeito estado,Faixa de pedestre,Não há placas,,Única,Faixa seccionada,,
2019-12-12,19:08:00,SEM VÍTIMA,FINALIZADA,IMBIRIBEIRA,AV MARECHAL MASCARENHAS DE MORAES,2657,RUA CONDE PEREIRA CARNEIRO,EM FRENTE A TROLLER,AV MARECHAL MASCARENHAS DE MORAES,2657,EM FRENTE A TROLLER,IMBIRIBEIRA,,CIDADE,ABALROAMENTO TRANSVERSAL,CAMINHAO CAÇAMBA X HB 20,1,,,,,,1,,,0,,,Bom,Não existe,Perfeito estado,Seca,Perfeito estado,Não existe,Não há placas,,Dupla,Canteiro central,,
2019-12-12,21:14:00,SEM VÍTIMA,FINALIZADA,BOA VIAGEM,AV DES JOSE NEVES,91,,,AV DES JOSE NEVES,91,,BOA VIAGEM,,SUBURBIO,COLISÃO TRASEIRA,COLISAO SEM VITIMAS,1,1,,,,,,,,0,,Longo da via,Bom,Não existe,Perfeito estado,Seca,Perfeito estado,Não existe,Não há placas,,Dupla,Canal,,
2019-12-12,19:50:00,SEM VÍTIMA,FINALIZADA,ILHA DO RETIRO,TUNEL CHICO SCIENCE,,,SOB O TÚNEL SCHICO SCIENCE / TÚNEL DO SPORT,TUNEL CHICO SCIENCE,,SOB O TÚNEL SCHICO SCIENCE / TÚNEL DO SPORT,ILHA DO RETIRO,,,ABALROAMENTO LONGITUDINAL,COLISAO SEM VITIMAS,1,,,,,,,,1,0,,Longo da via,Bom,Não existe,Perfeito estado,Seca,Perfeito estado,Não existe,Não há placas,,Única,Faixa contínua,,
2019-12-12,22:06:00,SEM VÍTIMA,FINALIZADA,CASA FORTE,RUA JADER DE ANDRADE,,EST DAS UBAIAS ,LADO OPOSTO AO DONOVAN'S IBISH PUB,RUA JADER DE ANDRADE,,LADO OPOSTO AO DONOVAN'S IBISH PUB,CASA FORTE,469,,ABALROAMENTO LONGITUDINAL,CLASSIC X PEUGEOT,2,,,,,,,,,0,,Cruzamento,Bom,Sem defeito,Incompleta,Seca,Perfeito estado,Faixa de pedestre,Não há placas,30 km/h,Dupla,Faixa contínua,Canteiro central,
2019-12-13,00:57:00,COM VÍTIMA,FINALIZADA,PAISSANDU,RUA PAISSANDU,,AV GOVERNADOR AGAMENON MAGALHAES,SENTIDO BOA VIAGEM,RUA PAISSANDU,,SENTIDO BOA VIAGEM,PAISSANDU,69,SUBURBIO,COLISÃO FRONTAL,COLISÃO ENTRE AUTO E MOTO C/V,1,1,,,,,,,,1,,Cruzamento,Bom,Sem defeito,Perfeito estado,Seca,Perfeito estado,Faixa de pedestre,,60 km/h,Dupla,Canal,,
2019-12-13,01:22:00,COM VÍTIMA,FINALIZADA,BOA VIAGEM,AV CONSELHEIRO AGUIAR,,RUA FELIX DE BRITO E MELO,,AV CONSELHEIRO AGUIAR,,,BOA VIAGEM,546,CIDADE,ABALROAMENTO TRANSVERSAL,COLISÃO ENTRE DOIS AUTOS C/V  UM DOS VEÍCULOS VEIO A CAPOTAR,2,,,,,,,,,4,,Cruzamento,Bom,Sem defeito,Perfeito estado,Seca,Perfeito estado,Faixa de pedestre,Não há placas,,Única,Faixa contínua,,
2019-12-13,03:33:00,SEM VÍTIMA,FINALIZADA,CAJUEIRO,RUA CORONEL URBANO RIBEIRO DE SENA,999,RUA JACUI,ACADEMIA DA CIDADE,RUA CORONEL URBANO RIBEIRO DE SENA,999,ACADEMIA DA CIDADE,CAJUEIRO,,SUBURBIO,CHOQUE VEÍCULO PARADO,CHOQUE EM VEÍCULO PARADO S/V,2,,,,,,,,1,0,,Longo da via,Bom,Não existe,Incompleta,Seca,Perfeito estado,Não existe,Outras,,Dupla,Faixa seccionada,,
2019-12-13,05:41:00,SEM VÍTIMA,FINALIZADA,BARRO,AV CENTRAL,304,,ESTAÇÃO DO BARRO,AV CENTRAL,304,ESTAÇÃO DO BARRO,BARRO,,SUBURBIO,ABALROAMENTO TRANSVERSAL,COLISÃO ENTRE ÔNIBUS E AUTO S/V,1,,,,,1,,,,0,,Longo da via,Bom,Não existe,Perfeito estado,Seca,Perfeito estado,Não existe,Não há placas,,Dupla,Não existe,,
2019-12-13,07:32:00,SEM VÍTIMA,FINALIZADA,CORDEIRO,AV ENGENHEIRO ABDIAS DE CARVALHO,,,LADO OPOSTO AO COMPAZ,AV ENGENHEIRO ABDIAS DE CARVALHO,,LADO OPOSTO AO COMPAZ,CORDEIRO,58,CIDADE,COLISÃO TRASEIRA,DOIS AUTOS,2,,,,,,,,,0,,Longo da via,Bom,Sem defeito,Perfeito estado,Seca,Perfeito estado,Faixa de pedestre,Não há placas,60 km/h,Dupla,Canteiro central,,