data,hora,natureza_acidente,situacao,bairro,endereco,numero,detalhe_endereco_acidente,complemento,endereco_cruzamento,numero_cruzamento,referencia_cruzamento,bairro_cruzamento,num_semaforo,sentido_via,tipo,descricao,auto,moto,ciclom,ciclista,pedestre,onibus,caminhao,viatura,outros,vitimas,vitimasfatais,acidente_verificado,tempo_clima,situacao_semaforo,sinalizacao,condicao_via,conservacao_via,ponto_controle,situacao_placa,velocidade_max_via,mao_direcao,divisao_via1,divisao_via2,divisao_via3
2019-12-13,08:11:00,SEM VÍTIMA,FINALIZADA,CORDEIRO,RUA JOAQUIM ALHEIROS,457,RUA ODETE MONTEIRO,,RUA JOAQUIM ALHEIROS,457,,CORDEIRO,,SUBURBIO,ABALROAMENTO LONGITUDINAL,SEM VITIMAS,1,1,,,,,,,,0,,Cruzamento,Bom,Não existe,Não existente,Seca,Perfeito estado,Não existe,Não há placas,,Dupla,Faixa contínua,,
2019-12-13,08:18:00,SEM VÍTIMA,FINALIZADA,BOA VIAGEM,AV ENGENHEIRO DOMINGOS FERREIRA,,,EM FRENTE AO SPETTUS,AV ENGENHEIRO DOMINGOS FERREIRA,,EM FRENTE AO SPETTUS,BOA VIAGEM,380,SUBURBIO,COLISÃO TRASEIRA,DOIS AUTOS,2,,,,,,,,,0,,Longo da via,Bom,Sem defeito,Perfeito estado,Seca,Perfeito estado,Não existe,Outras,60 km/h,Única,Faixa contínua,Canteiro central,
2019-12-13,08:19:00,SEM VÍTIMA,CANCELADA,BOA VIAGEM,RUA PROFESSOR JOAO MEDEIROS,,,NA RUA DO CANAL EM FRENTE AO SHOPPING CENTER RECIFE,RUA PROFESSOR JOAO MEDEIROS,,NA RUA DO CANAL EM FRENTE AO SHOPPING CENTER RECIFE,BOA VIAGEM,,PINA,COLISÃO,COLISÃO SEM VITIMAS,2,,,,,,,,,0,,,,,,,,,,,,,,
2019-12-13,08:19:00,SEM VÍTIMA,FINALIZADA,BOA VIAGEM,RUA ERNESTO DE PAULA SANTOS,465,,POSTO DE GASOLINA PETROBRAS,RUA ERNESTO DE PAULA SANTOS,465,POSTO DE GASOLINA PETROBRAS,BOA VIAGEM,,,ABALROAMENTO LONGITUDINAL,DOIS AUTOS,2,,,,,,,,,0,,Cruzamento,Bom,Não existe,Perfeito estado,Seca,Perfeito estado,Não existe,,,Única,Faixa seccionada,,
2019-12-13,09:02:00,SEM VÍTIMA,FINALIZADA,CASA AMARELA,RUA FERREIRA LOPES,3139,EST DO ARRAIAL,,RUA FERREIRA LOPES,3139,,CASA AMARELA,,SUBURBIO,ABALROAMENTO TRANSVERSAL,,2,,,,,,,,,0,,,Bom,Não existe,Perfeito estado,Seca,Perfeito estado,Outros,R-6a,,Única,Faixa seccionada,,
2019-12-13,09:19:00,SEM VÍTIMA,FINALIZADA,BOA VIAGEM,RUA ERNESTO DE PAULA SANTOS,,RUA AMALIA BERNARDINO DE SOUZA,POSTO BR,RUA ERNESTO DE PAULA SANTOS,,POSTO BR,BOA VIAGEM,,CIDADE,ABALROAMENTO LONGITUDINAL,DOIS AUTOS,2,,,,,,,,,0,,Cruzamento,Bom,Não existe,Incompleta,Seca,Perfeito estado,Não existe,Não há placas,,Única,Faixa seccionada,,
2019-12-13,09:20:00,SEM VÍTIMA,FINALIZADA,BOA VISTA,AV CONDE DA BOA VISTA,,,LADO OPOSTO A FACULDADE FAFIRE,AV CONDE DA BOA VISTA,,LADO OPOSTO A FACULDADE FAFIRE,BOA VISTA,,SUBURBIO,COLISÃO COM CICLISTA,AUTO E CILISTA,1,,,1,,,,,,0,,Longo da via,Bom,Não existe,Perfeito estado,Seca,Perfeito estado,Faixa de pedestre,Não há placas,40 km/h,Dupla,Faixa contínua,Faixa seccionada,
2019-12-13,10:02:00,SEM VÍTIMA,FINALIZADA,ESTÂNCIA,AV DR JOSE RUFINO,,RUA MORAIS E SILVA,LADO OPOSTO A GALERIA MARGARIDA,AV DR JOSE RUFINO,,LADO OPOSTO A GALERIA MARGARIDA,ESTÂNCIA,,SUBURBIO,COLISÃO FRONTAL,DOIS AUTOS,1,,,,,1,,,,0,,Longo da via,Bom,Não existe,Perfeito estado,Seca,Perfeito estado,Não existe,R-6a,,Dupla,Faixa contínua,,
2019-12-13,10:13:00,SEM VÍTIMA,CANCELADA,AFOGADOS,AV MANOEL GONCALVES DA LUZ,,RUA VINTE E UM DE ABRIL,EM FRENTE A FARMACIA INDEPENDENTE,AV MANOEL GONCALVES DA LUZ,,EM FRENTE A FARMACIA INDEPENDENTE,AFOGADOS,245,,COLISÃO,AUTO E MOTO,1,1,,,,,,,,0,,,,,,,,,,,,,,
2019-12-13,10:13:00,SEM VÍTIMA,DUPLICIDADE,ESTÂNCIA,RUA MORAIS E SILVA,548,AV DR JOSE RUFINO,RUA EM FRENTE AO CENTRO COMERCIAL MARGARIDA,RUA MORAIS E SILVA,548,RUA EM FRENTE AO CENTRO COMERCIAL MARGARIDA,ESTÂNCIA,,,COLISÃO,SEM VITIMAS,2,,,,,,,,,0,,,,,,,,,,,,,,
2019-12-13,10:44:00,SEM VÍTIMA,FINALIZADA,IMBIRIBEIRA,AV ANTONIO TORRES GALVAO,281,,EM FRENTE A CONCESSIONÁRIA AUDI,AV ANTONIO TORRES GALVAO,281,EM FRENTE A CONCESSIONÁRIA AUDI,IMBIRIBEIRA,,CIDADE,COLISÃO TRASEIRA,SEM VITIMAS,2,,,,,,,,,0,,Longo da via,Bom,Não existe,Incompleta,Seca,Mal conservada,Não existe,Outras,60 km/h,Única,Faixa seccionada,,
2019-12-13,11:18:00,SEM VÍTIMA,CANCELADA,ALTO JOSÉ BONIFÁCIO,RUA ARAXA,140,,EM FRENTE A LOJA CASA PEREIRA,RUA ARAXA,140,EM FRENTE A LOJA CASA PEREIRA,ALTO JOSÉ BONIFÁCIO,,,COLISÃO,ONIBUS E AUTO PASSEIO,1,,,,,1,,,,0,,,,,,,,,,,,,,
2019-12-13,11:20:00,SEM VÍTIMA,FINALIZADA,MADALENA,RUA SPORT CLUBE DO RECIFE,2244,,EM FRENTE A JURANDIR PIRES,RUA SPORT CLUBE DO RECIFE,2244,EM FRENTE A JURANDIR PIRES,MADALENA,355,SUBURBIO,COLISÃO FRONTAL,COLISÃO SEM VITIMAS,1,,,,,,1,,,0,,Longo da via,Bom,Sem defeito,Perfeito estado,Seca,Perfeito estado,Agente,Não há placas,,Única,Faixa seccionada,,
2019-12-13,11:45:00,SEM VÍTIMA,FINALIZADA,IMBIRIBEIRA,RUA JOAQUIM BANDEIRA,136,AV MARECHAL MASCARENHAS DE MORAES,MITSUBISHI MOTOS,RUA JOAQUIM BANDEIRA,136,MITSUBISHI MOTOS,IMBIRIBEIRA,531,CIDADE,ABALROAMENTO LONGITUDINAL,COLISÃO SEM VITIMAS,1,,,,,1,,,,0,,Cruzamento,Bom,Sem defeito,Perfeito estado,Seca,Perfeito estado,Faixa de pedestre,Não há placas,,Dupla,Canteiro central,,
2019-12-13,11:53:00,SEM VÍTIMA,CANCELADA,PARNAMIRIM,AV RUI BARBOSA,,,EM FRENTE AO HOSPITAL MARIA LUCINDA,AV RUI BARBOSA,,EM FRENTE AO HOSPITAL MARIA LUCINDA,PARNAMIRIM,,,COLISÃO,DOIS AUTOS,2,,,,,,,,,0,,,,,,,,,,,,,,
2019-12-13,12:08:00,SEM VÍTIMA,FINALIZADA,IPSEP,AV RECIFE,,RUA PINTOR ANTONIO ALBUQUERQUE,,AV RECIFE,,,IPSEP,55,,ABALROAMENTO LONGITUDINAL,COLISÃO SEM VITIMAS COM 2 AUTOS,2,,,,,,,,,0,,Cruzamento,Bom,Sem defeito,Perfeito estado,Seca,Perfeito estado,Faixa de retenção,R-6a,,Dupla,Canteiro central,,
2019-12-13,12:55:00,SEM VÍTIMA,CANCELADA,GRAÇAS,RUA BRUNO MAIA,,RUA ESMERALDINO BANDEIRA,POR TRAS DA PIZZARIA ATLANTICO,RUA BRUNO MAIA,,POR TRAS DA PIZZARIA ATLANTICO,GRAÇAS,,,COLISÃO,COLISAO ENTRE DOIS AUTOS S/V,2,,,,,,,,,0,,,,,,,,,,,,,,
2019-12-13,13:17:00,SEM VÍTIMA,FINALIZADA,IPUTINGA,AV CAXANGA,3967,EST DO BARBALHO,BIG BOMPREÇO,AV CAXANGA,3967,BIG BOMPREÇO,IPUTINGA,533,CIDADE,COLISÃO TRASEIRA,COLISAO ENTRE DOIS AUTOS S/V S/T CID,1,,,,,,,,,0,,Longo da via,Bom,Sem defeito,Perfeito estado,Seca,Perfeito estado,Faixa de pedestre,Outras,,Dupla,Faixa contínua,Faixa seccionada,Canteiro central
2019-12-13,13:20:00,SEM VÍTIMA,FINALIZADA,DERBY,AV GOVERNADOR AGAMENON MAGALHAES,219,,BRADESCO,AV GOVERNADOR AGAMENON MAGALHAES,219,BRADESCO,DERBY,,,COLISÃO TRASEIRA,ENTRE DOIS AUTOS S/V,2,,,,,,,,,0,,Longo da via,Bom,Não existe,Perfeito estado,Seca,Perfeito estado,Não existe,Não há placas,60 km/h,Única,Faixa seccionada,,
2019-12-13,13:23:00,SEM VÍTIMA,CANCELADA,JARDIM SÃO PAULO,AV RECIFE,,,EM FRENTE AO CERPE,AV RECIFE,,EM FRENTE AO CERPE,JARDIM SÃO PAULO,,,COLISÃO,COLISÃO SEM VITIMA,3,,,,,,,,,0,,,,,,,,,,,,,,
2019-12-13,14:22:00,SEM VÍTIMA,FINALIZADA,IBURA,RUA VALE DO ITAJAI,5,,UPA DO IBURA,RUA VALE DO ITAJAI,5,UPA DO IBURA,IBURA,,,ABALROAMENTO LONGITUDINAL,COLISÃO SEM VITIMA,1,,,,,,1,,1,0,,Longo da via,Bom,Não existe,Não existente,Seca,Perfeito estado,Não existe,Não há placas,,Dupla,Não existe,,
2019-12-13,14:41:00,SEM VÍTIMA,FINALIZADA,BOA VISTA,RUA DO PRINCIPE,482,,PRÓXIMO A UNIVERSIDADE CATOLICA,RUA DO PRINCIPE,482,PRÓXIMO A UNIVERSIDADE CATOLICA,BOA VISTA,,CIDADE,COLISÃO TRASEIRA,SEM VITIMA,2,,,,,1,,,,0,,Longo da via,Bom,Não existe,Perfeito estado,Seca,Perfeito estado,Não existe,Não há placas,,Única,Faixa seccionada,,
2019-12-13,14:53:00,SEM VÍTIMA,FINALIZADA,TORRE,RUA REAL DA TORRE,,RUA PADRE ANCHIETA,,RUA REAL DA TORRE,,,TORRE,192,CIDADE,ABALROAMENTO TRANSVERSAL,ENTRE DOIS AUTOS S/V,2,,,,,,,,,0,,Longo da via,Bom,Sem defeito,Perfeito estado,Seca,Perfeito estado,,R-6a,,Única,,,
2019-12-13,14:54:00,SEM VÍTIMA,FINALIZADA,BAIRRO DO RECIFE,CAIS DO APOLO,,AV RIO BRANCO,SOB O SEMÁFORO 019,CAIS DO APOLO,,SOB O SEMÁFORO 019,BAIRRO DO RECIFE,,CIDADE,ABALROAMENTO LONGITUDINAL,SEM VITIMA,1,,,,,,1,,,0,,Cruzamento,Bom,Sem defeito,Perfeito estado,Seca,Perfeito estado,Faixa de pedestre,,,Dupla,Canteiro central,,
2019-12-13,15:00:00,SEM VÍTIMA,FINALIZADA,IPSEP,RUA ADERBAL DE MELO,169,RUA HELIO BRANDAO,CHAMBARIL E FEIJOADA DO JOÃO,RUA ADERBAL DE MELO,169,CHAMBARIL E FEIJOADA DO JOÃO,IPSEP,,SUBURBIO,ABALROAMENTO TRANSVERSAL,ENTRE DOIS AUTOS S/V,2,,,,,,,,,0,,Cruzamento,Bom,Não existe,Perfeito estado,Seca,Perfeito estado,Não existe,Placas Pare,,Dupla,Não existe,,
2019-12-13,15:01:00,SEM VÍTIMA,CANCELADA,SANTO AMARO,AV CRUZ CABUGA,,,EM FRENTE A SANTA CASA,AV CRUZ CABUGA,,EM FRENTE A SANTA CASA,SANTO AMARO,,,COLISÃO,COLISÃO SEM VITIMA,2,,,,,,,,,0,,,,,,,,,,,,,,
2019-12-13,15:05:00,SEM VÍTIMA,FINALIZADA,MACAXEIRA,AV NORTE,,,ROTATÓRIA,AV NORTE,,ROTATÓRIA,MACAXEIRA,,SUBURBIO,ABALROAMENTO LONGITUDINAL,COLISAO ENTREONIBUS E AUTOS S/V,1,,,,,1,,,,0,,,Bom,Não existe,Incompleta,Seca,Perfeito estado,Não existe,Não há placas,,Dupla,Não existe,,
2019-12-13,15:40:00,COM VÍTIMA,EQUIPE EM DESLOCAMENTO,IPSEP,RUA ITACARI,301,RUA ITAJAI,PROXIMO A PRAÇA DA MAURICEIA,RUA ITACARI,301,PROXIMO A PRAÇA DA MAURICEIA,IPSEP,,,ABALROAMENTO TRANSVERSAL,APOIO AO SI KLEBER E COLISÃO COM VITIMA,2,,,,,,,,,2,,Cruzamento,Bom,Não existe,Ilegível,Seca,Mal iluminada,Não existe,Placas Pare,,Dupla,Não existe,,
2019-12-13,16:00:00,SEM VÍTIMA,FINALIZADA,TORRE,RUA DOM MANOEL DA COSTA,,RUA PADRE LANDIM,,RUA DOM MANOEL DA COSTA,,,TORRE,252,CIDADE,ABALROAMENTO LONGITUDINAL,COLISÃO SEM VITIMA,1,,1,,,,,,,0,,Cruzamento,Bom,Sem defeito,Perfeito estado,Seca,Perfeito estado,Faixa de pedestre,R-6a,,Única,Faixa contínua,,
2019-12-13,17:09:00,SEM VÍTIMA,FINALIZADA,IPSEP,AV RECIFE,,RUA PINTOR ANTONIO ALBUQUERQUE,LADO OPOSTO SHELL E EXTRAFARMA,AV RECIFE,,LADO OPOSTO SHELL E EXTRAFARMA,IPSEP,55,,COLISÃO TRASEIRA,ENTRE DOIS AUTOS S/V,2,,,,,,,,,0,,Longo da via,Bom,Sem defeito,Perfeito estado,Seca,Perfeito estado,Faixa de pedestre,Outras,,Dupla,Faixa seccionada,Canteiro central,
2019-12-13,17:12:00,SEM VÍTIMA,FINALIZADA,IPSEP,AV PRESIDENTE DUTRA,,,,AV PRESIDENTE DUTRA,,,IPSEP,393,,COLISÃO TRASEIRA,COLISAO ENTRE DOIS AUTOS S/V,2,,,,,,,,,0,,Longo da via,Bom,Sem defeito,Perfeito estado,Seca,Perfeito estado,Faixa de pedestre,R-6a,,Dupla,Canteiro central,,
2019-12-13,17:20:00,SEM VÍTIMA,FINALIZADA,SÃO JOSÉ,RUA DA CONCORDIA,575,RUA PASSO DA PATRIA,AO LADO DO Nº 575,RUA DA CONCORDIA,575,AO LADO DO Nº 575,SÃO JOSÉ,,CIDADE,ABALROAMENTO TRANSVERSAL,ENTRE DOIS AUTOS S/V,2,,,,,,,,,0,,Longo da via,Bom,Não existe,Perfeito estado,Seca,Perfeito estado,Não existe,R-6a,,Única,Não existe,,
2019-12-13,17:53:00,SEM VÍTIMA,FINALIZADA,DERBY,RUA DOM BOSCO,,AV GOVERNADOR AGAMENON MAGALHAES,EM FRENTE AO AMERICANO BATISTA,RUA DOM BOSCO,,EM FRENTE AO AMERICANO BATISTA,DERBY,174,SUBURBIO,ABALROAMENTO LONGITUDINAL,COLISÃO SEM VITIMA,1,,,,,1,,,,0,,Cruzamento,Bom,Sem defeito,Perfeito estado,Seca,Perfeito estado,,Outras,40 km/h,Única,Faixa seccionada,,
2019-12-13,17:53:00,SEM VÍTIMA,FINALIZADA,IBURA,AV DOIS RIOS,,RUA RIO XINGU,POSTO BR,AV DOIS RIOS,,POSTO BR,IBURA,351,,COLISÃO TRASEIRA,COLISAO ENTRE AUTOI E MOTO S/V,1,1,,,,,,,,0,,Longo da via,Bom,Sem defeito,Perfeito estado,Seca,Perfeito estado,,,,Dupla,,,
2019-12-13,18:03:00,COM VÍTIMA,FINALIZADA,IPSEP,AV RECIFE,657,AV TAPAJOS,ANTES DO CRUZAMENTO PROX AOS CONDOMINIOS RESIDENCIAL,AV RECIFE,657,ANTES DO CRUZAMENTO PROX AOS CONDOMINIOS RESIDENCIAL,IPSEP,,CIDADE,COLISÃO,ONIX X MOTO,1,1,,,,,,,,2,,,,,,,,,,,,,,
2019-12-13,18:09:00,SEM VÍTIMA,FINALIZADA,MADALENA,AV BEIRA RIO,165,,,AV BEIRA RIO,165,,MADALENA,,,ABALROAMENTO LONGITUDINAL,ENTRE DOIS AUTOS S/V,2,,,,,,,,,0,,Longo da via,Bom,Não existe,Perfeito estado,Seca,Perfeito estado,Não existe,R-6a,,Única,Faixa seccionada,,
2019-12-13,19:11:00,SEM VÍTIMA,FINALIZADA,ESTÂNCIA,AV DR JOSE RUFINO,,,,AV DR JOSE RUFINO,,,ESTÂNCIA,491,SUBURBIO,COLISÃO TRASEIRA,ENTRE DOIS AUTOS S/V,2,,,,,,,,,0,,Longo da via,Bom,Sem defeito,Perfeito estado,Seca,Perfeito estado,Faixa de pedestre,Não há placas,,Dupla,Faixa contínua,Faixa seccionada,
2019-12-13,19:13:00,VÍTIMA FATAL,FINALIZADA,SOLEDADE,AV CONDE DA BOA VISTA,,RUA DAS NINFAS,EM FRENTE A PARADA DO BRT - SOLEDADE 1,AV CONDE DA BOA VISTA,,EM FRENTE A PARADA DO BRT - SOLEDADE 1,SOLEDADE,,CIDADE,ATROPELAMENTO,COLISÃO COM VÍTIMA FATAL ENTRE ÔNIBUS E PEDESTRE.,,,,,1,1,,,,0,1,Longo da via,Bom,Não existe,Perfeito estado,Seca,Perfeito estado,Não existe,Não há placas,40 km/h,Dupla,Faixa contínua,,
2019-12-13,19:27:00,SEM VÍTIMA,FINALIZADA,IMBIRIBEIRA,AV MARECHAL MASCARENHAS DE MORAES,7935,,AV. MAL. MASCARENHAS DE MORAIS,AV MARECHAL MASCARENHAS DE MORAES,7935,AV. MAL. MASCARENHAS DE MORAIS,IMBIRIBEIRA,,SUBURBIO,COLISÃO TRASEIRA,ONIX X KA,2,,,,,,,,,0,,Longo da via,Bom,Não existe,Perfeito estado,Seca,Perfeito estado,Não existe,Não há placas,60 km/h,Única,Faixa seccionada,,
2019-12-13,19:51:00,SEM VÍTIMA,FINALIZADA,ROSARINHO,RUA DR JOSE MARIA,230,RUA NETO DE MENDONCA,QUINTAS DA JAQUEIRA,RUA DR JOSE MARIA,230,QUINTAS DA JAQUEIRA,ROSARINHO,,CIDADE,ABALROAMENTO LONGITUDINAL,COROLA X AUTO,2,,,,,,,,,0,,Cruzamento,Bom,Não existe,Ilegível,Seca,Perfeito estado,Não existe,Não há placas,,Dupla,Não existe,,
2019-12-13,21:56:00,SEM VÍTIMA,FINALIZADA,BOA VIAGEM,RUA CAMBOIM,481,RUA DEZ DE JULHO,,RUA CAMBOIM,481,,BOA VIAGEM,,CIDADE,CAPOTAMENTO,COLISAO SEM VITIMAS - VEICULO CAPOTADO - BOMBEIROS NO LOCAL.,2,,,,,,,,,0,,Cruzamento,Bom,Não existe,Perfeito estado,Seca,Perfeito estado,Não existe,Placas Pare,,Dupla,Faixa contínua,,
2019-12-13,22:09:00,SEM VÍTIMA,FINALIZADA,ARRUDA,AV PROFESSOR JOSE DOS ANJOS,,RUA JERONIMO VILELA,,AV PROFESSOR JOSE DOS ANJOS,,,ARRUDA,642,SUBURBIO,ABALROAMENTO TRANSVERSAL,COLISAO SEM VITIMAS,2,,,,,,,,,0,,Cruzamento,Bom,Sem defeito,Perfeito estado,Seca,Perfeito estado,Faixa de pedestre,,,Única,,,
2019-12-13,23:45:00,SEM VÍTIMA,FINALIZADA,PINA,AV ANTONIO DE GOES,,,LADO OPOSTO A PRF,AV ANTONIO DE GOES,,LADO OPOSTO A PRF,PINA,,CIDADE,ABALROAMENTO LONGITUDINAL,COLISAO SEM VITIMAS,1,,,,,1,,,,0,,Longo da via,Bom,Sem defeito,Perfeito estado,Seca,Perfeito estado,Não existe,Outras,,Única,Canteiro central,,
2019-12-14,01:51:00,SEM VÍTIMA,FINALIZADA,DERBY,PRC DO DERBY,115,RUA BARAO DE GOIANA,CEMUPE,PRC DO DERBY,115,CEMUPE,DERBY,,CIDADE,ABALROAMENTO LONGITUDINAL,COLISÃO ENTRE DOIS AUTOS  SEM VÍTIMAS,2,,,,,,,,,0,,Longo da via,Bom,Não existe,Perfeito estado,Seca,Perfeito estado,Não existe,R-6a,,Única,Faixa seccionada,,
2019-12-14,03:39:00,SEM VÍTIMA,FINALIZADA,BOA VIAGEM,AV BOA VIAGEM,5274,,FRENTE AO EDIFÍCIO ESTAÇÃO DO MAR,AV BOA VIAGEM,5274,FRENTE AO EDIFÍCIO ESTAÇÃO DO MAR,BOA VIAGEM,438,CIDADE,CHOQUE VEÍCULO PARADO,COLISAO SEM VITIMAS,3,,,,,,,,,0,,Longo da via,Bom,Sem defeito,Perfeito estado,Seca,Perfeito estado,Faixa de pedestre,Não há placas,,Única,Faixa contínua,Faixa seccionada,
2019-12-14,07:41:00,SEM VÍTIMA,FINALIZADA,ESPINHEIRO,RUA CONS PORTELA,,RUA QUARENTA E OITO,FARMÁCIA PAGUE MENOS,RUA CONS PORTELA,,FARMÁCIA PAGUE MENOS,ESPINHEIRO,11,SUBURBIO,ABALROAMENTO LONGITUDINAL,DOIS AUTOS,2,,,,,,,,,0,,Longo da via,Bom,Sem defeito,Perfeito estado,Seca,,Faixa de pedestre,Outras,,Única,Faixa seccionada,,
2019-12-14,07:45:00,SEM VÍTIMA,FINALIZADA,BOA VIAGEM,AV ENGENHEIRO DOMINGOS FERREIRA,,RUA FELIX DE BRITO E MELO,,AV ENGENHEIRO DOMINGOS FERREIRA,,,BOA VIAGEM,545,,ABALROAMENTO TRANSVERSAL,COLISÃO SEM VITIMAS,3,,,,,,,,,0,,Cruzamento,Bom,Sem defeito,Perfeito estado,Seca,Perfeito estado,Faixa de pedestre,Não há placas,60 km/h,Única,Faixa seccionada,,
2019-12-14,07:53:00,SEM VÍTIMA,FINALIZADA,AFOGADOS,RUA JOAO IVO DA SILVA,220,,EM FRENTE A AUTOPARVI,RUA JOAO IVO DA SILVA,220,EM FRENTE A AUTOPARVI,AFOGADOS,,SUBURBIO,COLISÃO TRASEIRA,DOIS AUTOS,2,,,,,,,,,0,,Longo da via,Bom,Não existe,Perfeito estado,Seca,Perfeito estado,Não existe,,,Única,Faixa seccionada,,
2019-12-14,08:15:00,SEM VÍTIMA,FINALIZADA,JARDIM SÃO PAULO,RUA DR DEVALDO BORGES,,,ESCOLA MUNICIÁL PE JOSE MATHIAS DELGADO,RUA DR DEVALDO BORGES,,ESCOLA MUNICIÁL PE JOSE MATHIAS DELGADO,JARDIM SÃO PAULO,,SUBURBIO,CHOQUE VEÍCULO PARADO,COLISÃO SEM VITIMAS,2,,,,,,,,,0,,Longo da via,Bom,Não existe,Perfeito estado,Seca,Perfeito estado,Não existe,Outras,,Dupla,Não existe,,
2019-12-14,08:33:00,COM VÍTIMA,FINALIZADA,IMBIRIBEIRA,RUA JOAQUIM BANDEIRA,,AV SUL,EMBAIXO DO PONTILHÃO DA ESTAÇÃO ANTONIO FALCÃO  SENT. BOA VIAGEM,RUA JOAQUIM BANDEIRA,,EMBAIXO DO PONTILHÃO DA ESTAÇÃO ANTONIO FALCÃO  SENT. BOA VIAGEM,IMBIRIBEIRA,,,ABALROAMENTO TRANSVERSAL,DOIS AUTOS E MOTO,2,1,,,,,,,,1,,Cruzamento,Bom,Não existe,Não existente,Seca,Perfeito estado,Não existe,Não há placas,,Única,Faixa seccionada,,
2019-12-14,09:18:00,COM VÍTIMA,FINALIZADA,SAN MARTIN,AV CONSUL VILARES FRAGOSO,380,RUA ITAPEMIRIM,AO LADO DO BATALHÃO DA CAVALARIA,AV CONSUL VILARES FRAGOSO,380,AO LADO DO BATALHÃO DA CAVALARIA,SAN MARTIN,,SUBURBIO,ABALROAMENTO LONGITUDINAL,COLISÃO COM VITIMA A ESPERA DO SAMU,,1,,,,,1,,,1,,,,,,,,,,,,,,
2019-12-14,09:19:00,SEM VÍTIMA,FINALIZADA,AFOGADOS,AV MARECHAL MASCARENHAS DE MORAES,,,LADO OPOSTO A IGREJA BATISTA DE LARGO DA PAZ,AV MARECHAL MASCARENHAS DE MORAES,,LADO OPOSTO A IGREJA BATISTA DE LARGO DA PAZ,AFOGADOS,,CIDADE,COLISÃO TRASEIRA,SEM VITIMAS,2,,,,,,,,,0,,Ponte,Bom,Não existe,Não existente,Seca,Perfeito estado,Não existe,Não há placas,,Dupla,Canteiro central,,
2019-12-14,09:28:00,SEM VÍTIMA,FINALIZADA,IMBIRIBEIRA,RUA PAMPULHA,,AV MARECHAL MASCARENHAS DE MORAES,EUROVIA,RUA PAMPULHA,,EUROVIA,IMBIRIBEIRA,534,CIDADE,COLISÃO TRASEIRA,COLISÃO SEM VITIMAS,2,,,,,,,,,0,,Longo da via,Bom,Sem defeito,Perfeito estado,Seca,,Faixa de pedestre,Não há placas,,Única,Faixa seccionada,,
2019-12-14,09:57:00,SEM VÍTIMA,FINALIZADA,ESTÂNCIA,AV RECIFE,5586,,POSTO BR,AV RECIFE,5586,POSTO BR,ESTÂNCIA,,SUBURBIO,COLISÃO TRASEIRA,SEM VTIMAS,2,,,,,,,,,0,,Longo da via,Bom,Não existe,Perfeito estado,Seca,Perfeito estado,Não existe,Não há placas,50 km/h,Dupla,Canteiro central,,
2019-12-14,10:04:00,COM VÍTIMA,FINALIZADA,JIQUIÁ,AV DR JOSE RUFINO,392,,EM FRENTE AO COLEGIO ESPAÇO ABERTO.,AV DR JOSE RUFINO,392,EM FRENTE AO COLEGIO ESPAÇO ABERTO.,JIQUIÁ,,SUBURBIO,ABALROAMENTO LONGITUDINAL,AUTO E MOTO.,1,1,,,,,,,,1,,Longo da via,Bom,Não existe,Perfeito estado,Seca,Perfeito estado,Não existe,Outras,,Dupla,Faixa contínua,,
2019-12-14,10:40:00,COM VÍTIMA,FINALIZADA,CASA AMARELA,AV NORTE,,AV PROFESSOR JOSE DOS ANJOS,EM FRENTE AO SESC  SENTIDO CIDADE SUBÚRBIO,AV NORTE,,EM FRENTE AO SESC  SENTIDO CIDADE SUBÚRBIO,CASA AMARELA,364,SUBURBIO,ABALROAMENTO LONGITUDINAL,AUTO E MOTO.,1,1,,,,,,,,2,,Cruzamento,Bom,Sem defeito,Perfeito estado,Seca,Perfeito estado,Faixa de pedestre,R-6a,,Dupla,Canteiro central,,
2019-12-14,10:43:00,SEM VÍTIMA,FINALIZADA,ESPINHEIRO,RUA DO ESPINHEIRO,685,,EDF. IGARASSU COLONIAL,RUA DO ESPINHEIRO,685,EDF. IGARASSU COLONIAL,ESPINHEIRO,,SUBURBIO,COLISÃO TRASEIRA,SEM VITIMAS,2,,,,,,,,,0,,Longo da via,Bom,Não existe,Perfeito estado,Seca,Perfeito estado,Não existe,Não há placas,,Única,Faixa seccionada,,
2019-12-14,11:35:00,SEM VÍTIMA,FINALIZADA,CORDEIRO,AV CAXANGA,,,AO LADO DA PANIFICADORA REP. DO PÃO,AV CAXANGA,,AO LADO DA PANIFICADORA REP. DO PÃO,CORDEIRO,235,SUBURBIO,COLISÃO TRASEIRA,COLISÃO SEM VITIMAS,2,,,,,,,,,0,,Longo da via,Bom,Sem defeito,Perfeito estado,Seca,Perfeito estado,Faixa de pedestre,Outras,60 km/h,Única,Faixa contínua,,
2019-12-14,12:24:00,SEM VÍTIMA,FINALIZADA,IMBIRIBEIRA,RUA SARGENTO SILVINO DE MACEDO,,RUA ALAMEDA DAS HORTENCIAS,OPOSTO AO POSTE B 007918,RUA SARGENTO SILVINO DE MACEDO,,OPOSTO AO POSTE B 007918,IMBIRIBEIRA,,,ABALROAMENTO LONGITUDINAL,COLISAO ENTRE ONIBUS E AUTOS S/V,1,,,,,1,,,,0,,,Bom,Não existe,Não existente,Seca,Perfeito estado,Não existe,Não há placas,30 km/h,Dupla,Não existe,,