data,hora,natureza_acidente,situacao,bairro,endereco,numero,detalhe_endereco_acidente,complemento,endereco_cruzamento,numero_cruzamento,referencia_cruzamento,bairro_cruzamento,num_semaforo,sentido_via,tipo,descricao,auto,moto,ciclom,ciclista,pedestre,onibus,caminhao,viatura,outros,vitimas,vitimasfatais,acidente_verificado,tempo_clima,situacao_semaforo,sinalizacao,condicao_via,conservacao_via,ponto_controle,situacao_placa,velocidade_max_via,mao_direcao,divisao_via1,divisao_via2,divisao_via3
2019-12-17,12:35:00,SEM VÍTIMA,FINALIZADA,IBURA,LAD DA COHAB,,,AO LADO DO ANTIGO MOTEL GIRADOR,LAD DA COHAB,,AO LADO DO ANTIGO MOTEL GIRADOR,IBURA,,SUBURBIO,ABALROAMENTO TRANSVERSAL,COLISAO SEM VÍTIMA,1,,,,,,1,,,0,,Longo da via,Bom,Não existe,Perfeito estado,Seca,Perfeito estado,Não existe,Não há placas,,Dupla,Não existe,,
2019-12-17,12:39:00,SEM VÍTIMA,CANCELADA,BAIRRO DO RECIFE,CAIS DO APOLO,,,PROX A PREFEITURA NO GIRADOURO AO LADO DA FABRICA DA PILAR,CAIS DO APOLO,,PROX A PREFEITURA NO GIRADOURO AO LADO DA FABRICA DA PILAR,BAIRRO DO RECIFE,,,COLISÃO,COLISAO ENTRE CARRETA E AUTOS S/V,1,,,,,,1,,,0,,,,,,,,,,,,,,
2019-12-17,13:00:00,SEM VÍTIMA,FINALIZADA,JARDIM SÃO PAULO,AV SAO PAULO,400,,SUPERMERCADO RENDE MAIS,AV SAO PAULO,400,SUPERMERCADO RENDE MAIS,JARDIM SÃO PAULO,,SUBURBIO,ABALROAMENTO LONGITUDINAL,COLISÃO SEM VITIMA,2,,,,,,,,,0,,Longo da via,Bom,Não existe,Perfeito estado,Seca,Perfeito estado,Não existe,Outras,,Dupla,Faixa contínua,Faixa seccionada,
2019-12-17,13:04:00,SEM VÍTIMA,FINALIZADA,BOA VIAGEM,RUA PROFESSOR MARIO CASTRO,508,RUA SA E SOUZA,EM FRENTE A ESCOLA AMERICANA,RUA PROFESSOR MARIO CASTRO,508,EM FRENTE A ESCOLA AMERICANA,BOA VIAGEM,,,CHOQUE VEÍCULO PARADO,COLISAO ENTRE DOIS AUTOS S/V,2,,,,,,,,,0,,Longo da via,Bom,Não existe,Perfeito estado,Seca,Perfeito estado,Não existe,Placas Pare,30 km/h,Dupla,Faixa seccionada,,
2019-12-17,13:57:00,SEM VÍTIMA,FINALIZADA,BOA VIAGEM,AV BOA VIAGEM,3402,,,AV BOA VIAGEM,3402,,BOA VIAGEM,,,ABALROAMENTO LONGITUDINAL,COLISÃO SEM VITIMA,2,,,,,,,,,0,,Longo da via,Bom,Não existe,Perfeito estado,Seca,Perfeito estado,Não existe,Não há placas,60 km/h,Única,Faixa seccionada,,
2019-12-17,14:10:00,SEM VÍTIMA,FINALIZADA,TAMARINEIRA,RUA CONEGO BARATA,,,LADO OPOSTO AO SEMÁFORO DE Nº 347,RUA CONEGO BARATA,,LADO OPOSTO AO SEMÁFORO DE Nº 347,TAMARINEIRA,347,,COLISÃO TRASEIRA,COLISÃO SEM VÍTIMA,1,,,,,,1,,,0,,Longo da via,Bom,Sem defeito,Perfeito estado,Seca,Perfeito estado,Faixa de pedestre,R-6a,50 km/h,Dupla,Faixa contínua,Faixa seccionada,Canteiro central
2019-12-17,14:46:00,SEM VÍTIMA,FINALIZADA,PINA,RUA FREIRE DE ANDRADE,,,SHOPING RIO MAR,RUA FREIRE DE ANDRADE,,SHOPING RIO MAR,PINA,,,TOMBAMENTO,CAMINHÃO TOMBADO NA VIA,0,,,,,,,,,0,,,,,,,,,,,,,,
2019-12-17,15:07:00,SEM VÍTIMA,FINALIZADA,BOA VIAGEM,AV CONSELHEIRO AGUIAR,60,,,AV CONSELHEIRO AGUIAR,60,,BOA VIAGEM,,,ABALROAMENTO LONGITUDINAL,COLISÃO SEM VÍTIMA,2,,,,,,,,,0,,Longo da via,Bom,Não existe,Perfeito estado,Seca,Perfeito estado,,Placas Pare,60 km/h,Única,Faixa seccionada,,
2019-12-17,15:27:00,SEM VÍTIMA,FINALIZADA,ILHA DO RETIRO,AV BEIRA RIO,302,,EM FRENTE AO EDF VILLA BEIRA RIO,AV BEIRA RIO,302,EM FRENTE AO EDF VILLA BEIRA RIO,ILHA DO RETIRO,,,COLISÃO TRASEIRA,COLISÃO SEM VÍTIMA,2,,,,,,,,,0,,Longo da via,Bom,Não existe,Perfeito estado,Seca,Perfeito estado,Não existe,Não há placas,,Dupla,Faixa seccionada,,
2019-12-17,15:29:00,SEM VÍTIMA,CANCELADA,SANCHO,RUA APRIGIO GUIMARAES,554,,E/F AO HOSPITAL OTAVIO DE FREITAS,RUA APRIGIO GUIMARAES,554,E/F AO HOSPITAL OTAVIO DE FREITAS,SANCHO,,,COLISÃO,COLISAO ENTRE AMBULANCIA E ONIBUS S/V,,,,,,1,,,1,0,,,,,,,,,,,,,,
2019-12-17,15:33:00,SEM VÍTIMA,FINALIZADA,SANTO AMARO,RUA CAPITAO LIMA,,AV CRUZ CABUGA,EM FRENTE AO POSTE B 030367,RUA CAPITAO LIMA,,EM FRENTE AO POSTE B 030367,SANTO AMARO,,CIDADE,ABALROAMENTO TRANSVERSAL,COLISÃO SEM VITIMA,2,,,,,,,,,0,,Longo da via,Bom,Não existe,Perfeito estado,Seca,Perfeito estado,Faixa de pedestre,Placas Pare,,Dupla,Faixa seccionada,,
2019-12-17,16:26:00,COM VÍTIMA,FINALIZADA,GUABIRABA,AV DA RECUPERACAO,2691,,EM FRENTE AO ARMAZEM DE CONSTRUÇÃO JENIPAPO,AV DA RECUPERACAO,2691,EM FRENTE AO ARMAZEM DE CONSTRUÇÃO JENIPAPO,GUABIRABA,,,COLISÃO,COLISÃO COM VÍTIMA,1,1,,,,,,,,1,,,,,,,,,,,,,,
2019-12-17,16:30:00,COM VÍTIMA,FINALIZADA,MADALENA,RUA JOSE OSORIO,680,RUA ERNANI BRAGA,E/F A TEIXEIRA VEICULOS,RUA JOSE OSORIO,680,E/F A TEIXEIRA VEICULOS,MADALENA,,SUBURBIO,ABALROAMENTO LONGITUDINAL,COLISAO ENTRE DUAS MOTOS COM DUAS VITIMAS,,2,,,,,,,,2,,Esquina,Bom,Não existe,Perfeito estado,Seca,Perfeito estado,Não existe,Placas Pare,30 e 40 km/h,Dupla,Faixa contínua,Faixa seccionada,
2019-12-17,16:54:00,SEM VÍTIMA,CANCELADA,BOA VIAGEM,RUA COSMORAMA,350,,AO LADO DO COLEGIO MADRE DE DEUS,RUA COSMORAMA,350,AO LADO DO COLEGIO MADRE DE DEUS,BOA VIAGEM,,,COLISÃO,COLISAO ENTRE DOIS AUTOS S/V,2,,,,,,,,,0,,,,,,,,,,,,,,
2019-12-17,17:41:00,SEM VÍTIMA,FINALIZADA,IPUTINGA,AV CAXANGA,,RUA PROFESSOR ANTONIO COELHO,EM FRENTE A CHEVROLET,AV CAXANGA,,EM FRENTE A CHEVROLET,IPUTINGA,,CIDADE,ABALROAMENTO LONGITUDINAL,COLISAO ENTRE ONIBUS E AUTOS S/V,1,,,,,1,,,,0,,,Bom,Não existe,Incompleta,Seca,Perfeito estado,Não existe,R-6a,,Dupla,Canteiro central,,
2019-12-17,17:51:00,SEM VÍTIMA,FINALIZADA,JOANA BEZERRA,VDO PAPA JOAO PAULO II,,,SOBRE O VIADUTO CAP TEMUDO,VDO PAPA JOAO PAULO II,,SOBRE O VIADUTO CAP TEMUDO,JOANA BEZERRA,,SUBURBIO,COLISÃO TRASEIRA,COLISÃO SEM VÍTIMA,2,,,,,,,,,0,,Viaduto,Bom,Não existe,Perfeito estado,Seca,Perfeito estado,Não existe,Não há placas,,Dupla,Canteiro central,,
2019-12-17,17:53:00,SEM VÍTIMA,FINALIZADA,CASA AMARELA,AV PROFESSOR JOSE DOS ANJOS,,AV NORTE,SOB O SEMÁFORO Nº 364,AV PROFESSOR JOSE DOS ANJOS,,SOB O SEMÁFORO Nº 364,CASA AMARELA,364,,ABALROAMENTO LONGITUDINAL,COLISÃO SEM VITIMA,2,,,,,,,,,0,,Cruzamento,Bom,Sem defeito,Perfeito estado,Seca,Perfeito estado,Faixa de pedestre,,,Única,Não existe,,
2019-12-17,18:07:00,SEM VÍTIMA,FINALIZADA,IBURA,AV DOM HELDER CAMARA,,,NÚCLEO DA POLÍCIA MILITAR,AV DOM HELDER CAMARA,,NÚCLEO DA POLÍCIA MILITAR,IBURA,,,ABALROAMENTO LONGITUDINAL,COLISAO SEM VITIMAS,2,,,,,,,,,0,,Longo da via,Bom,Não existe,Não existente,Seca,Perfeito estado,Não existe,Não há placas,60 km/h,Única,Não existe,,
2019-12-17,18:51:00,SEM VÍTIMA,FINALIZADA,BOA VIAGEM,AV MARECHAL JUAREZ TAVORA,,RUA PROF AURELIO DE CASTRO CAVALCANTI,,AV MARECHAL JUAREZ TAVORA,,,BOA VIAGEM,656,SUBURBIO,COLISÃO TRASEIRA,COLISÃO ENTRE DOIS AUTOS SEM VÍTIMA,2,,,,,,,,,0,,Cruzamento,Bom,Sem defeito,Perfeito estado,Seca,Perfeito estado,Faixa de pedestre,,,Dupla,Canteiro central,,
2019-12-17,19:40:00,SEM VÍTIMA,FINALIZADA,VÁRZEA,RUA EMILIANO BRAGA,,,,RUA EMILIANO BRAGA,,,VÁRZEA,,SUBURBIO,ABALROAMENTO LONGITUDINAL,COLISAO SEM VITIMAS,2,,,,,,,,,0,,Cruzamento,Bom,Sem defeito,Perfeito estado,Seca,Perfeito estado,Faixa de pedestre,,,Única,Faixa seccionada,,
2019-12-17,19:46:00,COM VÍTIMA,FINALIZADA,CAMPO GRANDE,RUA JERONIMO VILELA,581,,PROX AO CLUBE DAS PAS. CLUBE SOCIETY VITAL.,RUA JERONIMO VILELA,581,PROX AO CLUBE DAS PAS. CLUBE SOCIETY VITAL.,CAMPO GRANDE,,,COLISÃO FRONTAL,COLISAO COM DUAS VITIMAS ENTRE AUTO E MOTO.,1,1,,,,,,,,2,,Longo da via,Bom,Não existe,Incompleta,Seca,Perfeito estado,Não existe,R-6a,,Dupla,Faixa seccionada,,
2019-12-17,19:50:00,SEM VÍTIMA,FINALIZADA,SANTO AMARO,RUA DO SOSSEGO,,RUA FREI CASSIMIRO,EM FRENTE AO SINDICATO DOS POLICIAIS CIVIS DE PERNAMBUCO,RUA DO SOSSEGO,,EM FRENTE AO SINDICATO DOS POLICIAIS CIVIS DE PERNAMBUCO,SANTO AMARO,,SUBURBIO,ABALROAMENTO TRANSVERSAL,COLISAO ENTRE DOS AUTOS PASSEIO.,2,,,,,,,,,0,,Cruzamento,Bom,Não existe,Perfeito estado,Seca,Perfeito estado,Faixa de retenção,Placas Pare,,Dupla,,,
2019-12-17,21:50:00,SEM VÍTIMA,FINALIZADA,BREJO DE BEBERIBE,AV VEREADOR OTACILIO AZEVEDO,955,,APÓS A UPA,AV VEREADOR OTACILIO AZEVEDO,955,APÓS A UPA,BREJO DE BEBERIBE,,CIDADE,COLISÃO TRASEIRA,COLISÃO ENTRE DOIS AUTOS PASSEIO,2,,,,,,,,,0,,Longo da via,Bom,Não existe,Não existente,Seca,Perfeito estado,Não existe,Não há placas,,Dupla,Faixa seccionada,,
2019-12-17,22:06:00,SEM VÍTIMA,FINALIZADA,PINA,RUA ARQUITETO AUGUSTO REINALDO,,,ATACADO DA CONSTRUÇÕES,RUA ARQUITETO AUGUSTO REINALDO,,ATACADO DA CONSTRUÇÕES,PINA,,SUBURBIO,COLISÃO TRASEIRA,COLISAO SEM VITIMAS,1,1,,,,,,,,0,,Longo da via,Bom,Não existe,Perfeito estado,Seca,Perfeito estado,Faixa de retenção,Outras,,Única,Não existe,,
2019-12-17,23:29:00,SEM VÍTIMA,FINALIZADA,CAMPO GRANDE,RUA DR MACHADO,353,RUA VOLUNTARIOS DA PATRIA,,RUA DR MACHADO,353,,CAMPO GRANDE,,SUBURBIO,ABALROAMENTO TRANSVERSAL,COLISAO SEM VITIMAS,2,,,,,,,,,0,,Cruzamento,Bom,Não existe,Ilegível,Seca,Mal iluminada,Não existe,Placas Pare,,Dupla,Não existe,,
2019-12-18,07:32:00,SEM VÍTIMA,FINALIZADA,BOA VISTA,RUA DR LEOPOLDO LINS,124,,PRÓX. A ADLUX COSMÉTICOS,RUA DR LEOPOLDO LINS,124,PRÓX. A ADLUX COSMÉTICOS,BOA VISTA,,SUBURBIO,CHOQUE OBJETO FIXO,CARRETA DANIFICA FIOS QUE FICAM NA VIA DIFICULTANDO A PASSAGEM DE VEÍCULOS - TAMBÉM DEIXOU O POSTE NA IMINENCIA DE QUEDA E DANIFICOU O MURO DA RESIDÊNCIA LATERAL - APÓS A SITUAÇÃO O POSTE CHEGOU A CAIR NA VIA,,,,,,,1,,,0,,Longo da via,Bom,Não existe,Incompleta,Seca,Perfeito estado,Não existe,Não há placas,,Única,Faixa contínua,,
2019-12-18,07:48:00,SEM VÍTIMA,FINALIZADA,CORDEIRO,RUA GREGORIO JUNIOR,178,RUA HONORIO CORREIA,,RUA GREGORIO JUNIOR,178,,CORDEIRO,,CIDADE,ABALROAMENTO TRANSVERSAL,DOIS AUTOS,2,,,,,,,,,0,,Cruzamento,Bom,Não existe,Perfeito estado,Seca,Perfeito estado,Outros,Outras,,Única,Faixa seccionada,,
2019-12-18,07:56:00,COM VÍTIMA,FINALIZADA,BOA VISTA,AV VISCONDE DE SUASSUNA,923,RUA DO HOSPICIO,EM FRENTE A ESCOLA SIZENANDO SILVEIRA.,AV VISCONDE DE SUASSUNA,923,EM FRENTE A ESCOLA SIZENANDO SILVEIRA.,BOA VISTA,32,CIDADE,ABALROAMENTO LONGITUDINAL,COLIÃO ENTRE DUAS MOTOS. COM VITIMA. GM NO LOCAL,,2,,,,,,,,2,,Longo da via,Bom,Sem defeito,Perfeito estado,Seca,Perfeito estado,Agente,Outras,,Dupla,Faixa contínua,,
2019-12-18,08:48:00,SEM VÍTIMA,FINALIZADA,IBURA,LAD DA COHAB,,,AV. DOIS RIOS,LAD DA COHAB,,AV. DOIS RIOS,IBURA,,CIDADE,COLISÃO TRASEIRA,DOIS AUTOS,2,,,,,,,,,0,,Longo da via,Bom,Não existe,Não existente,Seca,Perfeito estado,Agente,Não há placas,,Dupla,Não existe,,
2019-12-18,09:25:00,SEM VÍTIMA,CANCELADA,SANTO AMARO,RUA TREZE DE MAIO,1008,,PROX. A CAPOTARIA AUTO MARCAS,RUA TREZE DE MAIO,1008,PROX. A CAPOTARIA AUTO MARCAS,SANTO AMARO,,,COLISÃO,DOIS AUTOS,2,,,,,,,,,0,,,,,,,,,,,,,,
2019-12-18,09:45:00,SEM VÍTIMA,FINALIZADA,IMBIRIBEIRA,AV MARECHAL MASCARENHAS DE MORAES,3563,,GERALDÃO,AV MARECHAL MASCARENHAS DE MORAES,3563,GERALDÃO,IMBIRIBEIRA,,CIDADE,ABALROAMENTO LONGITUDINAL,MOTO E AUTO (BATEDOR NO LOCAL),1,1,,,,,,,,0,,Longo da via,Bom,Sem defeito,Perfeito estado,Seca,Perfeito estado,Faixa de pedestre,Outras,60 km/h,Dupla,Canteiro central,,
2019-12-18,10:18:00,SEM VÍTIMA,FINALIZADA,BOA VIAGEM,RUA VISCONDE DE JEQUITINHONHA,,RUA DR LUIZ INACIO PESSOA DE MELO,RECIFE FLAT,RUA VISCONDE DE JEQUITINHONHA,,RECIFE FLAT,BOA VIAGEM,,,CHOQUE VEÍCULO PARADO,COLISÃO SEM VITIMAS,2,,,,,,,,,0,,Longo da via,Bom,Não existe,Perfeito estado,Seca,Perfeito estado,Faixa de pedestre,R-6a,,Única,Não existe,,
2019-12-18,10:22:00,SEM VÍTIMA,CANCELADA,IPSEP,RUA ITAJAI,162,RUA JEAN EMILE FAVRE,DE ESQUINA A CLINICA CENTER MAIS SAÚDE,RUA ITAJAI,162,DE ESQUINA A CLINICA CENTER MAIS SAÚDE,IPSEP,,,COLISÃO,SEM VITIMAS,2,,,,,,,,,0,,,,,,,,,,,,,,
2019-12-18,10:38:00,SEM VÍTIMA,FINALIZADA,DERBY,AV GOVERNADOR AGAMENON MAGALHAES,55,,EM FRENTE AO CEAM,AV GOVERNADOR AGAMENON MAGALHAES,55,EM FRENTE AO CEAM,DERBY,,SUBURBIO,COLISÃO TRASEIRA,COLISÃO SEM VITIMAS,2,,,,,,,,,0,,Longo da via,Bom,Não existe,Perfeito estado,Seca,Perfeito estado,Não existe,Não há placas,60 km/h,Única,Faixa seccionada,,
2019-12-18,10:43:00,SEM VÍTIMA,FINALIZADA,BOA VIAGEM,AV BOA VIAGEM,2388,RUA DONA BENVINDA DE FARIAS,POSTO 05 DO CORPO DE BOMBEIRO,AV BOA VIAGEM,2388,POSTO 05 DO CORPO DE BOMBEIRO,BOA VIAGEM,123,,ABALROAMENTO LONGITUDINAL,COLISAO S/ VITIMA. ENTRE CAMINHÃO DO LIXO E UM VEICULO PARTICULA,1,,,,,,1,,,0,,Longo da via,Bom,Sem defeito,Perfeito estado,Seca,Perfeito estado,Faixa de pedestre,Não há placas,,Única,Faixa seccionada,,
2019-12-18,11:51:00,SEM VÍTIMA,FINALIZADA,CASA AMARELA,EST DO ARRAIAL,3863,,BANCO BRADESCO,EST DO ARRAIAL,3863,BANCO BRADESCO,CASA AMARELA,,SUBURBIO,ABALROAMENTO LONGITUDINAL,COLISÃO SEM VITIMAS,1,,,,,1,,,,0,,Longo da via,Bom,Não existe,Perfeito estado,Seca,Perfeito estado,Não existe,R-6c,40 km/h,Única,Faixa seccionada,,
2019-12-18,12:11:00,SEM VÍTIMA,CANCELADA,AFOGADOS,RUA COSME VIANA,,RUA PADRE TEOFILO TWORZ,E/F A TUPAN,RUA COSME VIANA,,E/F A TUPAN,AFOGADOS,,,COLISÃO,COLISAO ENTRE AUTO E MOTO S/V,1,1,,,,,,,,0,,,,,,,,,,,,,,
2019-12-18,12:40:00,SEM VÍTIMA,FINALIZADA,PINA,AV ANTONIO DE GOES,,,EM FRENTE A PRF,AV ANTONIO DE GOES,,EM FRENTE A PRF,PINA,,CIDADE,COLISÃO TRASEIRA,COLISÃO SEM VÍTIMA,3,,,,,,,,,0,,Longo da via,Bom,Sem defeito,Perfeito estado,Seca,,Agente,Placas Pare,60 km/h,Única,Faixa seccionada,,
2019-12-18,12:46:00,SEM VÍTIMA,FINALIZADA,,AV ENGENHEIRO ABDIAS DE CARVALHO,807,,EM FRENTE AO EMPRESARIAL ABDIAS DE CARVALHO,AV ENGENHEIRO ABDIAS DE CARVALHO,807,EM FRENTE AO EMPRESARIAL ABDIAS DE CARVALHO,,,CIDADE,COLISÃO TRASEIRA,COLISÃO SEM VÍTIMA,1,,,,,1,,,,0,,Longo da via,Bom,Sem defeito,Incompleta,Seca,Perfeito estado,Não existe,R-6a,,Dupla,Canteiro central,,
2019-12-18,13:17:00,SEM VÍTIMA,FINALIZADA,PAISSANDU,AV GOVERNADOR AGAMENON MAGALHAES,,,EM FRENTE A PARADA DE ÔNIBUS Nº 180178 PISTA PRINCIPAL SENTIDO OLINDA,AV GOVERNADOR AGAMENON MAGALHAES,,EM FRENTE A PARADA DE ÔNIBUS Nº 180178 PISTA PRINCIPAL SENTIDO OLINDA,PAISSANDU,,,COLISÃO TRASEIRA,COLISÃO SEM VÍTIMA,3,,,,,,,,,0,,Longo da via,Bom,Não existe,Perfeito estado,Seca,Perfeito estado,Não existe,Não há placas,60 km/h,Dupla,Canal,,
2019-12-18,13:49:00,COM VÍTIMA,FINALIZADA,ROSARINHO,RUA DR JOSE MARIA,900,RUA CAPITAO SAMPAIO XAVIER,E/F AO PORTAL DA PICANHA,RUA DR JOSE MARIA,900,E/F AO PORTAL DA PICANHA,ROSARINHO,,SUBURBIO,ABALROAMENTO TRANSVERSAL,COLISAO ENTRE AUTO E MOTO COM UMA VITIMA,1,1,,,,,,,,1,,Cruzamento,Bom,Não existe,Perfeito estado,Seca,Perfeito estado,Não existe,R-19,30 km/h,Dupla,Faixa seccionada,,
2019-12-18,14:31:00,SEM VÍTIMA,FINALIZADA,MADALENA,AV BEIRA RIO,879,RUA JANUARIO BARBOSA,EM FRENTE AO EDIFÍCIO QUATRO ESTAÇÕES,AV BEIRA RIO,879,EM FRENTE AO EDIFÍCIO QUATRO ESTAÇÕES,MADALENA,,SUBURBIO,ABALROAMENTO LONGITUDINAL,COLISÃO SEM VÍTIMA,2,,,,,,,,,0,,Longo da via,Bom,Não existe,Perfeito estado,Seca,Perfeito estado,Não existe,Não há placas,,Dupla,Faixa seccionada,,
2019-12-18,14:55:00,SEM VÍTIMA,FINALIZADA,CURADO,AV PROFESSOR LUIZ FREIRE,163,,COLEGIO MILITAR,AV PROFESSOR LUIZ FREIRE,163,COLEGIO MILITAR,CURADO,,,COLISÃO TRASEIRA,COLISAO ENTRE DOIS AUTOS S/V,2,,,,,,,,,0,,Longo da via,Bom,Não existe,,Seca,,Não existe,Não há placas,,Dupla,Faixa seccionada,,
2019-12-18,15:28:00,SEM VÍTIMA,FINALIZADA,JORDÃO,RUA DR ALVARO FERRAZ,71,,MIDY CELL,RUA DR ALVARO FERRAZ,71,MIDY CELL,JORDÃO,,SUBURBIO,ABALROAMENTO LONGITUDINAL,COLISÃO SEM VÍTIMA,1,,,,,1,,,,0,,Longo da via,Bom,Não existe,Perfeito estado,Seca,Perfeito estado,Não existe,Não há placas,,Única,Não existe,,
2019-12-18,15:59:00,SEM VÍTIMA,CANCELADA,GRAÇAS,RUA AMELIA,,,E/F A DROGASIL,RUA AMELIA,,E/F A DROGASIL,GRAÇAS,,,COLISÃO,COLISAO ENTRE MOTO E AUTOS S/V,1,1,,,,,,,,0,,,,,,,,,,,,,,
2019-12-18,16:17:00,SEM VÍTIMA,CANCELADA,JOANA BEZERRA,AV DES GUERRA BARRETO,,,AO LADO DO FORUM JOANA BEZERRA,AV DES GUERRA BARRETO,,AO LADO DO FORUM JOANA BEZERRA,JOANA BEZERRA,,,COLISÃO,COLISÃO SEM VÍTIMA,2,,,,,,,,,0,,,,,,,,,,,,,,
2019-12-18,16:30:00,SEM VÍTIMA,CANCELADA,JORDÃO,RUA JOSE MARTORANO,,,NO TERMINAL DO JORDAO BAIXO,RUA JOSE MARTORANO,,NO TERMINAL DO JORDAO BAIXO,JORDÃO,,,COLISÃO,COLISAO ENTRE AUTO E ONIBUS S/V BATEDOR DA MOTO 27/19 NO LOCAL,1,,,,,1,,,,0,,,,,,,,,,,,,,
2019-12-18,16:36:00,SEM VÍTIMA,CANCELADA,CORDEIRO,AV PROFESSOR ESTEVAO FRANCISCO DA COSTA,121,,MERC FRUTE NOSSA SENHORA DAS GRAÇAS/ HOSP GERTULIO VARGAS,AV PROFESSOR ESTEVAO FRANCISCO DA COSTA,121,MERC FRUTE NOSSA SENHORA DAS GRAÇAS/ HOSP GERTULIO VARGAS,CORDEIRO,,,COLISÃO,COLISÃO SEM VÍTIMA,2,,,,,,,,,0,,,,,,,,,,,,,,
2019-12-18,16:42:00,COM VÍTIMA,FINALIZADA,TORRÕES,AV ENGENHEIRO ABDIAS DE CARVALHO,3311,,EM FRENTE AO PLANETA SHOW/ CIDADE,AV ENGENHEIRO ABDIAS DE CARVALHO,3311,EM FRENTE AO PLANETA SHOW/ CIDADE,TORRÕES,,CIDADE,ATROPELAMENTO,COM VÍTIMA,1,,,,1,,,,,1,,Longo da via,Bom,Sem defeito,Perfeito estado,Seca,Perfeito estado,Não existe,Não há placas,60 km/h,Dupla,Canteiro central,,
2019-12-18,16:49:00,COM VÍTIMA,FINALIZADA,AFOGADOS,RUA SAO MIGUEL,,EST DOS REMEDIOS,SOB O SEMÁFORO 053,RUA SAO MIGUEL,,SOB O SEMÁFORO 053,AFOGADOS,53,CIDADE,COLISÃO,01 VÍTIMA CONDUTORA DA MOTOCICLETA,,1,,,,1,,,,1,,Cruzamento,Bom,Sem defeito,Perfeito estado,Seca,Perfeito estado,Faixa de pedestre,Outras,,Dupla,Faixa seccionada,,
2019-12-18,17:00:00,SEM VÍTIMA,FINALIZADA,JORDÃO,AV MARIA IRENE,25,,LOJA SERRA MILITAR,AV MARIA IRENE,25,LOJA SERRA MILITAR,JORDÃO,,SUBURBIO,COLISÃO TRASEIRA,COLISÃO SEM VÍTIMA,1,,,,,1,,,,0,,Longo da via,Bom,Não existe,Perfeito estado,Seca,Perfeito estado,Agente,Não há placas,,Dupla,Faixa contínua,,
2019-12-18,17:03:00,SEM VÍTIMA,FINALIZADA,ESTÂNCIA,AV DR JOSE RUFINO,2626,,PRÓXIMO AO VIADUTO DA BR 101,AV DR JOSE RUFINO,2626,PRÓXIMO AO VIADUTO DA BR 101,ESTÂNCIA,,CIDADE,COLISÃO TRASEIRA,COLISAO ENTRE DOIS AUTOS S/V,2,,,,,,,,,0,,Longo da via,Bom,Não existe,Perfeito estado,Seca,Perfeito estado,Não existe,Não há placas,,Dupla,Faixa contínua,,
2019-12-18,17:12:00,SEM VÍTIMA,FINALIZADA,MADALENA,AV BEIRA RIO,879,RUA JANUARIO BARBOSA,EM FRENTE AO EDIFÍCIO QUATRO ESTAÇÕES,AV BEIRA RIO,879,EM FRENTE AO EDIFÍCIO QUATRO ESTAÇÕES,MADALENA,,SUBURBIO,ABALROAMENTO TRANSVERSAL,,2,,,,,,,,,0,,Cruzamento,Bom,Não existe,Perfeito estado,Seca,Perfeito estado,Faixa de pedestre,Placas Pare,40 km/h,Dupla,Faixa seccionada,,
2019-12-18,18:08:00,SEM VÍTIMA,FINALIZADA,SÃO JOSÉ,RUA IMPERIAL,,,EM FRENTE AO POSTE B 018862,RUA IMPERIAL,,EM FRENTE AO POSTE B 018862,SÃO JOSÉ,,SUBURBIO,ABALROAMENTO LONGITUDINAL,ENTRE AUTO E CAMINHÃO. S/V,1,,,,,,1,,,0,,Longo da via,Bom,Não existe,Perfeito estado,Seca,Mal iluminada,Não existe,Outras,60 km/h,Única,Faixa seccionada,,
2019-12-18,18:15:00,SEM VÍTIMA,FINALIZADA,ARRUDA,AV BEBERIBE,1303,RUA BOLIVAR,POSTO DO ARMAZÉM CORAL ACHAQUI,AV BEBERIBE,1303,POSTO DO ARMAZÉM CORAL ACHAQUI,ARRUDA,,CIDADE,ABALROAMENTO LONGITUDINAL,ENTRE AUTO E ÔNIBUS. S/V,1,,,,,1,,,,0,,Cruzamento,Bom,Não existe,,,,Não existe,Não há placas,,Dupla,Faixa contínua,,
2019-12-18,18:28:00,SEM VÍTIMA,DUPLICIDADE,JORDÃO,RUA JOSE MARTORANO,,,NO TERMINAL DO JORDAO BAIXO,RUA JOSE MARTORANO,,NO TERMINAL DO JORDAO BAIXO,JORDÃO,,,COLISÃO,COLISAO ENTRE AUTO E ONIBUS S/V BATEDOR NO LOCAL,1,,,,,1,,,,0,,,,,,,,,,,,,,
2019-12-18,19:06:00,SEM VÍTIMA,FINALIZADA,MADALENA,AV ENGENHEIRO ABDIAS DE CARVALHO,,RUA JOAO IVO DA SILVA,PRÓX. AO POSTO BR,AV ENGENHEIRO ABDIAS DE CARVALHO,,PRÓX. AO POSTO BR,MADALENA,132,CIDADE,ABALROAMENTO LONGITUDINAL,ENTRE 2 AUTOS. S/V,2,,,,,,,,,0,,Longo da via,Bom,Sem defeito,Perfeito estado,Seca,Perfeito estado,Faixa de pedestre,Não há placas,60 km/h,Dupla,Canteiro central,,
2019-12-18,19:12:00,COM VÍTIMA,FINALIZADA,SANTO ANTÔNIO,RUA SIQUEIRA CAMPOS,,AV DANTAS BARRETO,E/F AO ANTIGO PRÉDIO DO INSS JK / SICREDI.,RUA SIQUEIRA CAMPOS,,E/F AO ANTIGO PRÉDIO DO INSS JK / SICREDI.,SANTO ANTÔNIO,141,SUBURBIO,ATROPELAMENTO,AUTO PASSEIO E PEDESTRE. C/V,1,,,,1,,,,,1,,Cruzamento,Bom,Sem defeito,Perfeito estado,Seca,Perfeito estado,Não existe,Não há placas,,Dupla,Canteiro central,,