data,hora,natureza_acidente,situacao,bairro,endereco,numero,detalhe_endereco_acidente,complemento,endereco_cruzamento,numero_cruzamento,referencia_cruzamento,bairro_cruzamento,num_semaforo,sentido_via,tipo,descricao,auto,moto,ciclom,ciclista,pedestre,onibus,caminhao,viatura,outros,vitimas,vitimasfatais,acidente_verificado,tempo_clima,situacao_semaforo,sinalizacao,condicao_via,conservacao_via,ponto_controle,situacao_placa,velocidade_max_via,mao_direcao,divisao_via1,divisao_via2,divisao_via3
2019-12-20,09:19:00,SEM VÍTIMA,FINALIZADA,ESTÂNCIA,AV RECIFE,,,APÓS A ENTRADA DO MAKRO,AV RECIFE,,APÓS A ENTRADA DO MAKRO,ESTÂNCIA,,SUBURBIO,ABALROAMENTO LONGITUDINAL,COLISÃO SEM VITIMAS,2,,,,,,,,,0,,Longo da via,Bom,Sem defeito,Perfeito estado,Seca,Perfeito estado,Outros,Outras,60 km/h,Única,Canteiro central,,
2019-12-20,09:25:00,SEM VÍTIMA,FINALIZADA,BOA VIAGEM,RUA CAPITAO ZUZINHA,22,RUA VISCONDE DE JEQUITINHONHA,SOB O SEMÁFORO Nº 433,RUA CAPITAO ZUZINHA,22,SOB O SEMÁFORO Nº 433,BOA VIAGEM,433,,ABALROAMENTO LONGITUDINAL,COLISÃO ENTRE CAMINHÃO E AUTO PASSEIO,1,,,,,,1,,,0,,Cruzamento,Nublado,Sem defeito,Perfeito estado,Seca,Perfeito estado,Agente,Não há placas,,Única,Não existe,,
2019-12-20,09:38:00,SEM VÍTIMA,FINALIZADA,ARRUDA,RUA DO MACHADO,,RUA ZEFERINO AGRA,PRÓXIMO A PARÓQUIA SANTO ANTÔNIO,RUA DO MACHADO,,PRÓXIMO A PARÓQUIA SANTO ANTÔNIO,ARRUDA,,SUBURBIO,ABALROAMENTO LONGITUDINAL,AUTO E CAMINHÃO,1,,,,,,1,,,0,,Cruzamento,Bom,Não existe,Perfeito estado,Seca,Perfeito estado,Faixa de pedestre,Placas Pare,,Dupla,Faixa contínua,,
2019-12-20,09:51:00,SEM VÍTIMA,CANCELADA,CORDEIRO,EST DO FORTE DO ARRAIAL N. DO B. JESUS,1486,,APOS A IGREJA CATOLICA,EST DO FORTE DO ARRAIAL N. DO B. JESUS,1486,APOS A IGREJA CATOLICA,CORDEIRO,,,ENGAVETAMENTO,TRES AUTOS,3,,,,,,,,,0,,,,,,,,,,,,,,
2019-12-20,09:59:00,SEM VÍTIMA,FINALIZADA,CASA AMARELA,RUA CONS NABUCO,639 C,,,RUA CONS NABUCO,639 C,,CASA AMARELA,,,CHOQUE,COLISÃO S/VITIMAS ENTRE UM MICROONIBUS E UM AUTO,1,,,,,1,,,,0,,Longo da via,Bom,Não existe,Perfeito estado,Seca,Perfeito estado,Não existe,,30 km/h,Dupla,Não existe,,
2019-12-20,10:25:00,SEM VÍTIMA,FINALIZADA,MADALENA,AV VISCONDE DE ALBUQUERQUE,,,ESQUINA COM A RUA DR. ARTHUR GONÇALVES ( AO LADO DO HOSPITAL D' ÁVILA),AV VISCONDE DE ALBUQUERQUE,,ESQUINA COM A RUA DR. ARTHUR GONÇALVES ( AO LADO DO HOSPITAL D' ÁVILA),MADALENA,,,ABALROAMENTO LONGITUDINAL,COLISÃO SEM VITIMAS,2,,,,,,,,,0,,,Bom,Não existe,Perfeito estado,Seca,Perfeito estado,Não existe,Placas Pare,,Única,Faixa seccionada,,
2019-12-23,15:18:00,SEM VÍTIMA,FINALIZADA,BOA VIAGEM,RUA RIBEIRO DE BRITO,405,,,RUA RIBEIRO DE BRITO,405,,BOA VIAGEM,,,COLISÃO TRASEIRA,COLISÃO SEM VITIMAS GM,2,,,,,,,,,0,,Longo da via,Bom,,Perfeito estado,Seca,Perfeito estado,Não existe,R-6a,,Única,Faixa seccionada,,
2019-12-20,11:21:00,SEM VÍTIMA,FINALIZADA,CORDEIRO,AV ENGENHEIRO ABDIAS DE CARVALHO,,AV GENERAL SAN MARTIN,FUNASI / COMPAZ,AV ENGENHEIRO ABDIAS DE CARVALHO,,FUNASI / COMPAZ,CORDEIRO,58,SUBURBIO,ABALROAMENTO TRANSVERSAL,VEICULO OFICIAL EXERCITO E AUTO,2,,,,,,,,,0,,Cruzamento,Bom,Sem defeito,Perfeito estado,Seca,Perfeito estado,Faixa de pedestre,Não há placas,,Dupla,Canteiro central,,
2019-12-20,11:24:00,SEM VÍTIMA,FINALIZADA,GRAÇAS,AV RUI BARBOSA,356,,EM FRENTE A CONCORDIA FREIOS,AV RUI BARBOSA,356,EM FRENTE A CONCORDIA FREIOS,GRAÇAS,,CIDADE,ABALROAMENTO LONGITUDINAL,COLISÃO SEM VITIMAS,1,,,,,,1,,,0,,Longo da via,Bom,Não existe,Perfeito estado,Seca,Perfeito estado,Não existe,Não há placas,,Única,Faixa seccionada,,
2019-12-20,11:30:00,SEM VÍTIMA,FINALIZADA,SANTO AMARO,AV GOVERNADOR AGAMENON MAGALHAES,,,EM FRENTE A REITORIA DA UPE,AV GOVERNADOR AGAMENON MAGALHAES,,EM FRENTE A REITORIA DA UPE,SANTO AMARO,,,ABALROAMENTO LONGITUDINAL,COLISÃO S/VITIMAS ENTRE DOIS AUTOS,2,,,,,,,,,0,,Longo da via,Bom,Sem defeito,Perfeito estado,Seca,Perfeito estado,Não existe,Não há placas,,Única,Faixa seccionada,,
2019-12-20,11:42:00,SEM VÍTIMA,FINALIZADA,JOANA BEZERRA,AV BEIRA RIO,,,APÓS ACADEMIA DA CIDADE,AV BEIRA RIO,,APÓS ACADEMIA DA CIDADE,JOANA BEZERRA,,SUBURBIO,COLISÃO TRASEIRA,COLISÃO S/VITIMAS ENTRE UMA MOTO E UM AUTO (VEICULO OFICIAL),1,1,,,,,,,,0,,Longo da via,Bom,Não existe,Não existente,Seca,Mal conservada,Não existe,Não há placas,,Dupla,,,
2019-12-20,11:45:00,SEM VÍTIMA,FINALIZADA,CASA AMARELA,AV PROFESSOR JOSE DOS ANJOS,,AV NORTE,SOB O SEMÁFORO 364,AV PROFESSOR JOSE DOS ANJOS,,SOB O SEMÁFORO 364,CASA AMARELA,364,SUBURBIO,COLISÃO TRASEIRA,COLISAO S/ VITIMA. ENTREI DOIS VEICULOS,2,,,,,,,,,0,,Cruzamento,Bom,Sem defeito,Perfeito estado,Seca,Perfeito estado,Faixa de pedestre,,,Única,Faixa contínua,,
2019-12-20,11:56:00,SEM VÍTIMA,FINALIZADA,SANTO AMARO,PRC GENERAL ABREU E LIMA,,,ESCOLA TECNICA ESTADUAL ALMIRANTE SOARES DUTRA,PRC GENERAL ABREU E LIMA,,ESCOLA TECNICA ESTADUAL ALMIRANTE SOARES DUTRA,SANTO AMARO,587,CIDADE,ABALROAMENTO LONGITUDINAL,COLISAO S/ VITIMA. CAMINHAO E UM CARRO PASSEIO. GM NO LOCAL,1,,,,,,1,,,0,,Longo da via,Bom,Sem defeito,Perfeito estado,Seca,Perfeito estado,Agente,,60 km/h,Dupla,Faixa contínua,,
2019-12-20,12:58:00,SEM VÍTIMA,CANCELADA,BOA VIAGEM,RUA BARAO DE AGUA BRANCA,,RUA DUQUE ESTRADA,PROX. DO LE PARK,RUA BARAO DE AGUA BRANCA,,PROX. DO LE PARK,BOA VIAGEM,,,COLISÃO,COLISÃO SEM VITIMAS,2,,,,,,,,,0,,,,,,,,,,,,,,
2019-12-20,13:05:00,SEM VÍTIMA,FINALIZADA,IMBIRIBEIRA,AV MARECHAL MASCARENHAS DE MORAES,2097,RUA PAMPULHA,RENAULT SELECTION,AV MARECHAL MASCARENHAS DE MORAES,2097,RENAULT SELECTION,IMBIRIBEIRA,534,CIDADE,ABALROAMENTO LONGITUDINAL,COLISÃO SEM VÍTIMA,2,,,,,,,,,0,,Longo da via,Bom,Sem defeito,Perfeito estado,Seca,Perfeito estado,Faixa de pedestre,Outras,60 km/h,Dupla,Canteiro central,,
2019-12-20,13:37:00,SEM VÍTIMA,CANCELADA,BOA VISTA,RUA DOM BOSCO,871,,EM FRENTE A FEDERAÇÃO PERNAMBUCANA DE FUTEBOL,RUA DOM BOSCO,871,EM FRENTE A FEDERAÇÃO PERNAMBUCANA DE FUTEBOL,BOA VISTA,,,COLISÃO,COLISÃO SEM VÍTIMA,2,,,,,,,,,0,,,,,,,,,,,,,,
2019-12-20,13:39:00,SEM VÍTIMA,FINALIZADA,BOA VIAGEM,AV CONSELHEIRO AGUIAR,1980,,PADARIA AUGUSTA,AV CONSELHEIRO AGUIAR,1980,PADARIA AUGUSTA,BOA VIAGEM,,CIDADE,ABALROAMENTO LONGITUDINAL,COLISAO ENTRE DOIS AUTOS S/V,2,,,,,,,,,0,,Longo da via,Bom,Não existe,Perfeito estado,Seca,Perfeito estado,Não existe,Não há placas,60 km/h,Única,Faixa seccionada,,
2019-12-20,13:57:00,SEM VÍTIMA,FINALIZADA,ILHA DO RETIRO,AV JOSE GONCALVES DE MEDEIROS,,,CRUZAMENTO COM RUA SENADOR FÁBIO DE BARROS,AV JOSE GONCALVES DE MEDEIROS,,CRUZAMENTO COM RUA SENADOR FÁBIO DE BARROS,ILHA DO RETIRO,,CIDADE,ABALROAMENTO LONGITUDINAL,SEM VITIMA,1,,,,,,1,,,0,,Cruzamento,Bom,Não existe,Perfeito estado,Seca,Perfeito estado,Não existe,Não há placas,,Dupla,Faixa seccionada,,
2019-12-20,14:08:00,SEM VÍTIMA,FINALIZADA,BOA VIAGEM,RUA ERNESTO DE PAULA SANTOS,316,RUA VISCONDE DE JEQUITINHONHA,,RUA ERNESTO DE PAULA SANTOS,316,,BOA VIAGEM,304,SUBURBIO,ABALROAMENTO LONGITUDINAL,COLISAO ENTRE DOIS AUTOS S/V,2,,,,,,,,,0,,Longo da via,Bom,Sem defeito,Perfeito estado,Seca,Perfeito estado,Agente,Não há placas,40 km/h,Única,Faixa contínua,,
2019-12-20,14:28:00,SEM VÍTIMA,FINALIZADA,MADALENA,RUA SPORT CLUBE DO RECIFE,,,SPORT CLUB RECIFE ( CAMPEÃO DE 1987),RUA SPORT CLUBE DO RECIFE,,SPORT CLUB RECIFE ( CAMPEÃO DE 1987),MADALENA,,CIDADE,COLISÃO TRASEIRA,COLISÃO SEM VÍTIMA,1,1,,,,,,,,0,,Longo da via,Bom,Sem defeito,Perfeito estado,Seca,Perfeito estado,Faixa de pedestre,,,Dupla,Faixa seccionada,Canteiro central,
2019-12-20,14:32:00,SEM VÍTIMA,FINALIZADA,CASA FORTE,RUA LEONARDO BEZERRA CAVALCANTE,366,,MUSEU MURILLO LA GRECA,RUA LEONARDO BEZERRA CAVALCANTE,366,MUSEU MURILLO LA GRECA,CASA FORTE,,SUBURBIO,COLISÃO TRASEIRA,COLISAO ENTRE DOIS AUTOS S/V,2,,,,,,,,,0,,Longo da via,Bom,Não existe,Perfeito estado,Seca,Perfeito estado,Não existe,Outras,,Dupla,,,
2019-12-20,14:45:00,SEM VÍTIMA,FINALIZADA,BAIRRO DO RECIFE,RUA MARIZ E BARROS,,,CRUZAMENTO COM AV MARQUES DE OLINDA,RUA MARIZ E BARROS,,CRUZAMENTO COM AV MARQUES DE OLINDA,BAIRRO DO RECIFE,,,ABALROAMENTO LONGITUDINAL,COLISÃO SEM VÍTIMA,1,,,,,,1,,,0,,Longo da via,Bom,Não existe,Perfeito estado,Seca,Perfeito estado,Não existe,R-6b,30 km/h,Única,Outros,,
2019-12-20,14:57:00,SEM VÍTIMA,FINALIZADA,BOA VISTA,AV GOVERNADOR AGAMENON MAGALHAES,2805,,EM FRENTE AO EDIFICIO HENRIQUE DIAS,AV GOVERNADOR AGAMENON MAGALHAES,2805,EM FRENTE AO EDIFICIO HENRIQUE DIAS,BOA VISTA,,,ABALROAMENTO LONGITUDINAL,COLISÃO SEM VÍTIMA,1,,,,,1,,,,0,,Longo da via,Bom,Não existe,Incompleta,Seca,Perfeito estado,Não existe,Não há placas,,Dupla,Canteiro central,,
2019-12-20,15:02:00,SEM VÍTIMA,CANCELADA,MADALENA,AV VISCONDE DE ALBUQUERQUE,241,,EM FRENTE AO BANCO ITAÚ,AV VISCONDE DE ALBUQUERQUE,241,EM FRENTE AO BANCO ITAÚ,MADALENA,,,COLISÃO,COLISÃO SEM VÍTIMA,2,,,,,,,,,0,,,,,,,,,,,,,,
2019-12-20,15:45:00,SEM VÍTIMA,CANCELADA,SÃO JOSÉ,C SANTA RITA,595,,EM FRENTE AS TORRES GEMEAS / SENTIDO RECIFE ANTIGO,C SANTA RITA,595,EM FRENTE AS TORRES GEMEAS / SENTIDO RECIFE ANTIGO,SÃO JOSÉ,,,COLISÃO,COLISÃO SEM VÍTIMA,2,,,,,,,,,0,,,,,,,,,,,,,,
2019-12-20,16:11:00,SEM VÍTIMA,FINALIZADA,JAQUEIRA,RUA ANTENOR NAVARRO,138,,LIVRARIA JAQUEIRA,RUA ANTENOR NAVARRO,138,LIVRARIA JAQUEIRA,JAQUEIRA,,CIDADE,COLISÃO TRASEIRA,COLISÃO SEM VÍTIMA,2,,,,,,,,,0,,Longo da via,Bom,Não existe,Perfeito estado,Seca,Perfeito estado,Não existe,Não há placas,,Única,Faixa seccionada,,
2019-12-20,16:34:00,SEM VÍTIMA,FINALIZADA,BOA VISTA,RUA DOS COELHOS,300,,IMIP,RUA DOS COELHOS,300,IMIP,BOA VISTA,,SUBURBIO,ABALROAMENTO LONGITUDINAL,COLISAO ENTRE AUTO E AMINHAO S/V,1,,,,,,1,,,0,,Longo da via,Bom,Não existe,Perfeito estado,Seca,Perfeito estado,Não existe,Não há placas,30 km/h,Dupla,Faixa contínua,,
2019-12-20,17:14:00,SEM VÍTIMA,FINALIZADA,PINA,RUA SAO LUIZ,591,AV HERCULANO BANDEIRA,AO LADO DA FARMÁCIA DO TRABALHADOR,RUA SAO LUIZ,591,AO LADO DA FARMÁCIA DO TRABALHADOR,PINA,,SUBURBIO,ABALROAMENTO TRANSVERSAL,COLISÃO SEM VÍTIMA,1,,,,,1,,,,0,,,Bom,Não existe,Perfeito estado,Seca,Perfeito estado,Não existe,Placas Pare,,Dupla,Não existe,,
2019-12-20,17:29:00,SEM VÍTIMA,FINALIZADA,CIDADE UNIVERSITÁRIA,AV CAXANGA,,,EM FRENTE AO GOLF CLUB,AV CAXANGA,,EM FRENTE AO GOLF CLUB,CIDADE UNIVERSITÁRIA,,SUBURBIO,COLISÃO TRASEIRA,COLISÃO SEM VÍTIMA,3,,,,,,,,,0,,Longo da via,Bom,Sem defeito,Perfeito estado,Seca,Perfeito estado,Outros,Outras,60 km/h,Única,Faixa seccionada,,
2019-12-20,17:34:00,SEM VÍTIMA,FINALIZADA,BOA VIAGEM,RUA RIBEIRO DE BRITO,,,EM FRENTE A PADARIA RIO TÉJIO,RUA RIBEIRO DE BRITO,,EM FRENTE A PADARIA RIO TÉJIO,BOA VIAGEM,,SUBURBIO,COLISÃO,COLISÃO SEM VÍTIMA,1,,,,,1,,,,0,,Cruzamento,Bom,Sem defeito,Perfeito estado,Seca,Perfeito estado,Faixa de pedestre,Não há placas,10 km/h,Única,Faixa contínua,,
2019-12-20,18:10:00,COM VÍTIMA,FINALIZADA,SÃO JOSÉ,C SANTA RITA,,,PRÓXIMO AO ARMAZÉM AGEMAR.,C SANTA RITA,,PRÓXIMO AO ARMAZÉM AGEMAR.,SÃO JOSÉ,97,CIDADE,TOMBAMENTO,ACIDENTE DE PERCUSO COM VITIMA,,1,,,,,,,,1,,Longo da via,Bom,Sem defeito,Perfeito estado,Seca,Perfeito estado,Não existe,Não há placas,,Dupla,Canteiro central,,
2019-12-20,18:18:00,SEM VÍTIMA,CANCELADA,TEJIPIÓ,AV DR JOSE RUFINO,,,E/ F AO 4 BCOM,AV DR JOSE RUFINO,,E/ F AO 4 BCOM,TEJIPIÓ,,JABOATAO,COLISÃO,COLISAO SEM VITMAS,2,,,,,,,,,0,,,,,,,,,,,,,,
2019-12-20,18:35:00,SEM VÍTIMA,CANCELADA,SANTO AMARO,AV CRUZ CABUGA,,,AO LADO DO SHOPPING TACARUNA E E/F A PARADA DO BRT,AV CRUZ CABUGA,,AO LADO DO SHOPPING TACARUNA E E/F A PARADA DO BRT,SANTO AMARO,202,,COLISÃO,COLISAO SEM VITMAS,2,,,,,,,,,0,,,,,,,,,,,,,,
2019-12-20,18:37:00,SEM VÍTIMA,FINALIZADA,GRAÇAS,RUA DO ESPINHEIRO,,RUA AMELIA,,RUA DO ESPINHEIRO,,,GRAÇAS,195,CIDADE,ABALROAMENTO LONGITUDINAL,COLISAO SEM VITMAS,2,,,,,,,,,0,,Cruzamento,Bom,Sem defeito,Perfeito estado,Seca,Perfeito estado,Faixa de pedestre,R-6a,,Única,Faixa contínua,,
2019-12-20,18:58:00,SEM VÍTIMA,FINALIZADA,PAISSANDU,AV GOVERNADOR AGAMENON MAGALHAES,,,AO LADO DO HOSPITAL MEMORIAL SÃO JOSÉ,AV GOVERNADOR AGAMENON MAGALHAES,,AO LADO DO HOSPITAL MEMORIAL SÃO JOSÉ,PAISSANDU,,,COLISÃO TRASEIRA,COLISAO SEM VITIMAS,2,,,,,,,,,0,,Longo da via,Bom,Não existe,Perfeito estado,Seca,Perfeito estado,Não existe,Não há placas,,Dupla,Canteiro central,,
2019-12-20,19:01:00,COM VÍTIMA,FINALIZADA,PINA,AV ENGENHEIRO DOMINGOS FERREIRA,890,,,AV ENGENHEIRO DOMINGOS FERREIRA,890,,PINA,,SUBURBIO,ATROPELAMENTO,,,1,,,3,,,,,4,,Longo da via,Bom,Não existe,Perfeito estado,Seca,Perfeito estado,Não existe,Não há placas,60 km/h,Única,Faixa seccionada,,
2019-12-20,19:26:00,SEM VÍTIMA,CANCELADA,MADALENA,AV BEIRA RIO,825,,E/F AO EDFC RIVER TOWER,AV BEIRA RIO,825,E/F AO EDFC RIVER TOWER,MADALENA,,,COLISÃO,COLISAO SEM VITIMAS,2,,,,,,,,,0,,,,,,,,,,,,,,
2019-12-20,20:26:00,COM VÍTIMA,FINALIZADA,IPSEP,RUA JEAN EMILE FAVRE,1717,RUA DAVID PERNETA,E/F A PANIFICADORA VILA DO PAO,RUA JEAN EMILE FAVRE,1717,E/F A PANIFICADORA VILA DO PAO,IPSEP,,SUBURBIO,ABALROAMENTO LONGITUDINAL,COLISAO COM VITIMAS,1,1,,,,,,,,1,,Esquina,Bom,Não existe,Perfeito estado,Seca,Perfeito estado,Não existe,Não há placas,,Dupla,Faixa seccionada,,
2019-12-20,21:19:00,SEM VÍTIMA,FINALIZADA,TEJIPIÓ,AV DR JOSE RUFINO,3726,,POSTE Nº H 033925,AV DR JOSE RUFINO,3726,POSTE Nº H 033925,TEJIPIÓ,,SUBURBIO,COLISÃO TRASEIRA,COLISAO SEM VITIMAS,2,,,,,,,,,0,,Longo da via,Bom,Não existe,Perfeito estado,Seca,Perfeito estado,Não existe,Não há placas,,Dupla,Faixa contínua,,
2019-12-20,22:10:00,SEM VÍTIMA,FINALIZADA,COQUEIRAL,RUA GENERAL MANUEL RABELO,,,SEMÁFORO Nº 285,RUA GENERAL MANUEL RABELO,,SEMÁFORO Nº 285,COQUEIRAL,285,SUBURBIO,ABALROAMENTO LONGITUDINAL,COLISAO SEM VITIMAS,1,,,,,1,,,,0,,Longo da via,Bom,Sem defeito,Perfeito estado,Seca,Perfeito estado,Faixa de pedestre,Não há placas,,Dupla,Faixa contínua,,
2019-12-20,22:50:00,SEM VÍTIMA,FINALIZADA,IBURA,RUA EXP FRANCISCO VITORIANO,,RUA VALE DO CARIRI,,RUA EXP FRANCISCO VITORIANO,,,IBURA,,,ABALROAMENTO TRANSVERSAL,COLISAO SEM VITIMAS,1,1,,,,,,,,0,,Cruzamento,Bom,Não existe,Não existente,Seca,Mal iluminada,Não existe,Não há placas,30 km/h,Dupla,Não existe,,
2019-12-20,22:55:00,COM VÍTIMA,CANCELADA,BOA VISTA,AV CONDE DA BOA VISTA,,AV GUARARAPES,,AV CONDE DA BOA VISTA,,,BOA VISTA,,,COLISÃO,,1,1,,,,,,,,1,,,,,,,,,,,,,,
2019-12-20,23:32:00,COM VÍTIMA,FINALIZADA,IMBIRIBEIRA,RUA ANTONIO FALCAO,80,,E/F A MUNDO CABELEREIRO E LAFITTE.,RUA ANTONIO FALCAO,80,E/F A MUNDO CABELEREIRO E LAFITTE.,IMBIRIBEIRA,,SUBURBIO,ABALROAMENTO TRANSVERSAL,COLISAO COM VITIMAS,1,1,,,,,,,,1,,Longo da via,Bom,Não existe,Perfeito estado,Seca,Perfeito estado,Não existe,,,Única,Faixa seccionada,Canteiro central,
2019-12-20,23:40:00,SEM VÍTIMA,FINALIZADA,BARRO,AV DR JOSE RUFINO,2642,,PONTE,AV DR JOSE RUFINO,2642,PONTE,BARRO,,CIDADE,COLISÃO FRONTAL,COLISAO SEM VITIMAS,2,,,,,,,,,0,,Ponte,Bom,Não existe,Perfeito estado,Seca,Perfeito estado,Não existe,Não há placas,60 km/h,Dupla,Faixa contínua,,
2019-12-21,00:35:00,SEM VÍTIMA,FINALIZADA,CORDEIRO,AV ENGENHEIRO ABDIAS DE CARVALHO,,,SEMÁFORO Nº 375,AV ENGENHEIRO ABDIAS DE CARVALHO,,SEMÁFORO Nº 375,CORDEIRO,375,SUBURBIO,CHOQUE VEÍCULO PARADO,COLISÃO ENTRE DOIS AUTOS S/V,2,,,,,,,,,0,,Longo da via,Bom,Sem defeito,Perfeito estado,Seca,Perfeito estado,Faixa de pedestre,Não há placas,,Única,Faixa seccionada,Canteiro central,
2019-12-21,05:40:00,SEM VÍTIMA,FINALIZADA,AFOGADOS,RUA MOTOCOLOMBO,,RUA PROFESSOR AUGUSTO WANDERLEY FILHO,TROCÃO,RUA MOTOCOLOMBO,,TROCÃO,AFOGADOS,39,SUBURBIO,ABALROAMENTO TRANSVERSAL,COLISÃO ENTRE DOIS AUTOS S/V,2,,,,,,,,,0,,Cruzamento,Bom,Sem defeito,Perfeito estado,Seca,Perfeito estado,Faixa de pedestre,R-6a,,Única,Não existe,,
2019-12-21,02:04:00,SEM VÍTIMA,FINALIZADA,AFOGADOS,RUA DA PAZ,,RUA NICOLAU PEREIRA,,RUA DA PAZ,,,AFOGADOS,73,,COLISÃO FRONTAL,COLISÃO ENTRE DOIS AUTOS S/V,2,,,,,,,,,0,,Cruzamento,Bom,Sem defeito,Perfeito estado,Seca,Perfeito estado,Faixa de pedestre,Não há placas,40 km/h,Única,Faixa seccionada,,
2019-12-21,08:06:00,SEM VÍTIMA,FINALIZADA,GRAÇAS,RUA AMELIA,,AV RUI BARBOSA,MUSEU DO ESTADO DE PERNAMBUCO (MEPE).,RUA AMELIA,,MUSEU DO ESTADO DE PERNAMBUCO (MEPE).,GRAÇAS,48,,ABALROAMENTO LONGITUDINAL,COLISAO S/ VITIMA ENTRE VEICULO E UM ONIBUS. GM NO LOCAL,1,,,,,1,,,,0,,Cruzamento,Bom,Sem defeito,Perfeito estado,Seca,Perfeito estado,Faixa de pedestre,Outras,40 km/h,Única,Faixa seccionada,,
2019-12-21,09:16:00,COM VÍTIMA,FINALIZADA,IMBIRIBEIRA,RUA JULIO VERNE,71,RUA ENGENHEIRO JOSE APOLINARIO,SINDICATO DOS TAXISTAS,RUA JULIO VERNE,71,SINDICATO DOS TAXISTAS,IMBIRIBEIRA,,CIDADE,ABALROAMENTO LONGITUDINAL,AUTO E MOTO,1,1,,,,,,,,1,,Longo da via,Bom,Não existe,Perfeito estado,Seca,Perfeito estado,,,,Dupla,,,
2019-12-21,09:32:00,SEM VÍTIMA,CANCELADA,JARDIM SÃO PAULO,AV RECIFE,,,EM FRENTE: IMPERIO EQUIPAMENTO,AV RECIFE,,EM FRENTE: IMPERIO EQUIPAMENTO,JARDIM SÃO PAULO,261,CIDADE,COLISÃO,COLISAO S/ VITIMA ENTRE VEICULO E MOTO.,,,,,,,,,,0,,,,,,,,,,,,,,
2019-12-21,10:29:00,SEM VÍTIMA,FINALIZADA,GRAÇAS,AV CONS ROSA E SILVA,1715,RUA JOSE CLEMENTINO,AO LADO DA FARMÁCIA DROGASIL,AV CONS ROSA E SILVA,1715,AO LADO DA FARMÁCIA DROGASIL,GRAÇAS,,,ABALROAMENTO TRANSVERSAL,COLISAO S/VITIMA. VEICULO E MOTO,1,1,,,,,,,,0,,Cruzamento,Bom,Não existe,Perfeito estado,Seca,Perfeito estado,Não existe,Placas Pare,,Dupla,Não existe,,
2019-12-21,11:21:00,SEM VÍTIMA,FINALIZADA,DERBY,RUA DAS CREOULAS,294,,EM FRENTE AO MACUNAÍMA,RUA DAS CREOULAS,294,EM FRENTE AO MACUNAÍMA,DERBY,,SUBURBIO,COLISÃO TRASEIRA,COLISÃO SEM VITIMAS,2,,,,,,,,,0,,Longo da via,Bom,Não existe,Perfeito estado,Seca,Perfeito estado,Faixa de pedestre,R-6a,,Única,Faixa seccionada,,
2019-12-21,11:25:00,SEM VÍTIMA,FINALIZADA,BOA VIAGEM,RUA SETUBAL,542,,EM FRENTE AO EDIFÍCIO PLAZA VERSAILLES,RUA SETUBAL,542,EM FRENTE AO EDIFÍCIO PLAZA VERSAILLES,BOA VIAGEM,,SUBURBIO,ABALROAMENTO LONGITUDINAL,COLISAO S/VITIMA.ENTRE DOIS VEICULOS,2,,,,,,,,,0,,Longo da via,Bom,Não existe,Não existente,Seca,Perfeito estado,Não existe,,,Única,Não existe,,
2019-12-21,11:50:00,COM VÍTIMA,FINALIZADA,VÁRZEA,AV AFONSO OLINDENSE,962,RUA APULEU VIEIRA,PROX A LOMBADA ELETRONICA EM FRENTE A IGREJA BATISTA DA VARZEA,AV AFONSO OLINDENSE,962,PROX A LOMBADA ELETRONICA EM FRENTE A IGREJA BATISTA DA VARZEA,VÁRZEA,,SUBURBIO,ABALROAMENTO LONGITUDINAL,COLISÃO COM VITIMA,2,1,,,,,,,,1,,Longo da via,Bom,,Perfeito estado,Seca,Perfeito estado,Outros,Outras,,Dupla,Faixa seccionada,,
2019-12-21,12:12:00,SEM VÍTIMA,FINALIZADA,ALTO JOSÉ BONIFÁCIO,RUA ALTO JOSE BONIFACIO,682,RUA DA TAPA,,RUA ALTO JOSE BONIFACIO,682,,ALTO JOSÉ BONIFÁCIO,,SUBURBIO,COLISÃO FRONTAL,COLISÃO SEM VÍTIMA,1,,,,,1,,,,0,,Longo da via,Chuvoso,Não existe,Não existente,Molhada,Perfeito estado,Não existe,Não há placas,40 km/h,Dupla,Faixa contínua,,
2019-12-21,12:23:00,SEM VÍTIMA,FINALIZADA,TAMARINEIRA,EST VELHA DE AGUA FRIA,655A,,EM FRENTE A QUITANDA DO BAIRRO,EST VELHA DE AGUA FRIA,655A,EM FRENTE A QUITANDA DO BAIRRO,TAMARINEIRA,,CIDADE,ABALROAMENTO LONGITUDINAL,COLISAO ENTRE AUTO E MOTO S/V,1,1,,,,,,,,0,,Longo da via,Bom,Não existe,Perfeito estado,Seca,Perfeito estado,Não existe,Outras,,Dupla,Faixa contínua,,
2019-12-21,12:30:00,SEM VÍTIMA,PENDENTE,CORDEIRO,AV CAXANGA,2421,,EM FRENTE A TOP CAR,AV CAXANGA,2421,EM FRENTE A TOP CAR,CORDEIRO,,CIDADE,COLISÃO,COLISÃO SEM VÍTIMA,2,,,,,,,,,0,,,,,,,,,,,,,,
2019-12-21,12:51:00,COM VÍTIMA,FINALIZADA,SÃO JOSÉ,AV SUL,619,,E/F A MINEIRO RODAS,AV SUL,619,E/F A MINEIRO RODAS,SÃO JOSÉ,,CIDADE,ABALROAMENTO LONGITUDINAL,COLISAO ENTRE AUTO E MOTO COM DUAS VITIMAS,1,1,,,,,,,,2,,Longo da via,Bom,Não existe,Perfeito estado,Seca,Perfeito estado,Não existe,Outras,,Única,Faixa seccionada,Canteiro central,